{
  "exercise_type": "lunge",
  "form_score": 58.53465477415062,
  "form_quality": "poor",
  "risk_factors": [
    "excessive_forward_lean",
    "knee_valgus",
    "insufficient_depth"
  ],
  "recommendations": [
    "Keep your chest up and maintain a neutral spine",
    "Push your knees outward to prevent inward collapse",
    "Descend until thighs are parallel to the ground"
  ],
  "joint_angles": {
    "hip_angle_front": [
      179.5024936817515,
      179.62346864517144,
      181.521342531645,
      179.2227798790509,
      183.62044352481843,
      180.58787115978407,
      178.28936202023564,
      180.78502779113444,
      169.08069810821962,
      154.85950031602948,
      140.3632292961505,
      129.64924733241264,
      118.53287087482104,
      102.24721687289777,
      88.82204437442518,
      89.63767375458168,
      88.57908744630689,
      89.6410330020132,
      91.68250897239076,
      88.79054199424176,
      90.76699372515475,
      87.39297194906779,
      103.39036732193759,
      117.91017094051517,
      129.9346145433968,
      143.33234962785085,
      156.2021556315217,
      169.75696901691347,
      91.68019918112981,
      101.48420179416098
    ],
    "knee_angle_front": [
      172.01400913510898,
      163.1687541370284,
      165.49598656874593,
      160.69975548167332,
      168.09776284561457,
      163.31464545773088,
      163.34461429117434,
      162.91799558817934,
      145.40085218512846,
      140.6312651499603,
      128.925349527058,
      110.31498781719709,
      101.66789468978645,
      89.79234005850158,
      73.98498174827265,
      79.0623555216859,
      78.18645918447064,
      80.42118901418408,
      80.11095388309742,
      70.34580083932599,
      77.50566503548605,
      69.31787278447781,
      84.3420779697521,
      108.59843164092277,
      111.23878402900655,
      121.6043430246701,
      142.06551749506096,
      148.90147795568623,
      66.88275981157808,
      85.83957918344802
    ],
    "hip_angle_back": [
      179.7282275461292,
      179.04389991609602,
      180.8390224915381,
      185.33003610197778,
      179.97030178538944,
      179.24036317547558,
      179.02380876437002,
      178.89642789689262,
      181.0427991988413,
      177.35877134091675,
      179.20266342316083,
      177.0961164589978,
      178.36558577676712,
      182.3368045176105,
      182.49716140754055,
      182.16167301248532,
      178.15943789976515,
      178.11021775614157,
      181.12428529736462,
      179.37892209141663,
      177.6053981618959,
      180.89727386948968,
      183.78386503105554,
      182.5572124921697,
      179.9389898048347,
      178.29886666682356,
      179.93067256450237,
      179.6891929813656,
      178.92771950311578,
      179.19364508812765
    ],
    "knee_angle_back": [
      177.5787127056686,
      179.9961163082355,
      180.16247218168854,
      176.61953513355814,
      183.11362611823833,
      180.01904513717903,
      182.97218070974586,
      179.20490220177084,
      165.79624900454112,
      152.0768029809246,
      141.7267413525022,
      127.8151185227453,
      116.09878634724643,
      101.74768696598824,
      91.18587943660391,
      91.08480026094108,
      91.77306404165886,
      92.7062453361669,
      87.13758928551874,
      90.97751913944832,
      93.43857328542744,
      88.75223958441268,
      104.81640617253346,
      115.11320783487413,
      131.40836692256593,
      141.98962862147937,
      156.38524789908584,
      166.68894393093154,
      91.10342502472425,
      105.52185369013606
    ],
    "back_angle": [
      18.936500989403413,
      22.362114644688308,
      26.313201313155297,
      23.63221016862627,
      30.728869847058156,
      23.859711853123382,
      30.152121202732708,
      24.66300505226467,
      25.82725122248267,
      13.726160861599222,
      32.345004276423026,
      30.297976188540396,
      14.943333716649601,
      15.412433165768423,
      22.105944729669947,
      19.595851431125244,
      22.617850713206064,
      21.437732857842356,
      16.801995017614246,
      20.00603695695825,
      21.621187443028205,
      25.07340632434615,
      28.737578072206063,
      26.410209292374265,
      14.355545491198136,
      17.158750025759872,
      14.688442292144021,
      14.367361630420664,
      21.39628739027778,
      14.277035886070514
    ]
  },
  "num_frames": 30
}