{
  "exercise_type": "bench_press",
  "form_score": 98.55055745878298,
  "form_quality": "excellent",
  "risk_factors": [],
  "recommendations": [],
  "joint_angles": {
    "shoulder_angle": [
      90.24483126271278,
      92.60759956451945,
      89.84689580509644,
      88.9267417799363,
      86.85351535603941,
      90.68989095916658,
      86.11302906253768,
      89.85236513049213,
      90.18067206710097,
      89.64088997116376,
      89.54928561029638,
      90.44413041001027,
      89.70212233252067,
      87.42832591644053,
      88.39169896934074,
      89.87008733992073,
      92.33966820017807,
      89.1742904589165,
      88.87339384253148,
      90.71722517022476,
      90.93153341681504,
      87.61559351288133,
      90.69742857347246,
      87.12080473509678,
      90.1922660020209,
      88.93297516735295,
      88.40992992655951,
      92.94218354332135,
      92.49001584299592,
      91.7521086195517
    ],
    "elbow_angle": [
      88.52202720682244,
      88.19689672945677,
      83.06153074077487,
      82.03758595886579,
      80.55624337986973,
      76.17454919021837,
      69.54701685562036,
      70.89707355081218,
      66.525260657511,
      60.56435289202437,
      60.69440683734988,
      57.78748404384916,
      53.669475225845275,
      52.816099829152336,
      48.205383727605785,
      48.694321598567846,
      46.623431065423745,
      51.20196616048489,
      54.76666683138024,
      57.49290760602972,
      57.9785845609903,
      60.852661544670376,
      67.59269028725735,
      69.12566585118641,
      71.74131534342992,
      75.69476863446157,
      78.81100976867937,
      80.40276632464331,
      84.2933264925675,
      89.99593768351049
    ],
    "wrist_angle": [
      180.10807770305308,
      178.18577673793183,
      175.75713914177783,
      179.67588033856524,
      186.0089724827806,
      181.9799921442745,
      180.89707334240305,
      179.30177580708903,
      177.75819424598433,
      181.25961422633517,
      182.9812862560378,
      178.14153479734804,
      179.64890611870422,
      177.6769291141815,
      177.00650442379498,
      178.40977912472206,
      178.78934128730998,
      179.47528053961645,
      180.15487275228142,
      180.69406732465407,
      180.68893380168896,
      181.9906433916565,
      180.24810190384864,
      178.89625830986606,
      179.28603031241974,
      178.54673738104333,
      182.2926391470996,
      180.10831448018754,
      179.86375959689258,
      180.41371955201953
    ],
    "back_angle": [
      2.6942683807097563,
      -2.0025919260498237,
      0.08278629434448813,
      -0.21454063102582357,
      -1.7909926661284141,
      1.0575210730298719,
      -1.2140792774117797,
      -0.7702238607463302,
      -0.033000686462724894,
      1.766722115659862,
      4.131152522879269,
      -2.015285339993479,
      0.46685483898209934,
      1.1905553922452268,
      1.485179480143693,
      4.130428653739429,
      -2.0440501231125636,
      -0.1558745319428932,
      2.0903326608013537,
      2.6093160322236746,
      -0.6198891037769799,
      -3.7045664913083183,
      -1.316760436132048,
      -1.4903109079770112,
      -1.479956212942119,
      2.2554481231445034,
      0.04980832901230831,
      5.033245537749097,
      0.2539430869131131,
      2.222207460754045
    ],
    "hip_angle": [
      98.52130735633494,
      87.71216668190452,
      89.7418294273779,
      88.67796764411295,
      89.4741816279314,
      83.64198588236872,
      88.61803786237815,
      91.94194075733944,
      90.48545773653815,
      88.80887712021067,
      88.69143958353288,
      86.04594555605202,
      89.6844547184441,
      89.24199979472453,
      83.52329289165063,
      89.67713074320949,
      87.71359353345217,
      90.08912912580674,
      90.588540797735,
      89.43490468053187,
      93.57504082288511,
      89.58759850088343,
      87.18775804414555,
      90.05253502392993,
      90.59856659881814,
      90.62779245247516,
      91.53768216546393,
      89.20071189880098,
      89.35861645902196,
      89.36624446979988
    ]
  },
  "num_frames": 30
}