{
  "exercise_type": "bench_press",
  "form_score": 34.91501945609719,
  "form_quality": "poor",
  "risk_factors": [
    "excessive_forward_lean",
    "knee_valgus",
    "insufficient_depth"
  ],
  "recommendations": [
    "Keep your chest up and maintain a neutral spine",
    "Push your knees outward to prevent inward collapse",
    "Descend until thighs are parallel to the ground"
  ],
  "joint_angles": {
    "shoulder_angle": [
      87.70315945722007,
      91.47947892670628,
      89.38392628356867,
      89.40565845093592,
      88.55314877196186,
      90.07037684367751,
      88.93728019822831,
      86.31353553541707,
      85.87026023769678,
      91.78348978418687,
      92.6301688274313,
      88.80301723400221,
      88.82315642242617,
      88.908899975483,
      92.51482761511593,
      88.1044400339359,
      91.77719337385119,
      87.1510971144836,
      93.10079206079337,
      91.1689540296617,
      92.58088654791882,
      90.47152891858998,
      91.6601083842899,
      89.91813723857099,
      87.59173193011125,
      88.83826251573642,
      90.71163122461482,
      90.4090288756617,
      91.32168521083133,
      86.17561552254398
    ],
    "elbow_angle": [
      70.84664106445466,
      75.66300943600467,
      78.58623298519856,
      62.563434038584404,
      61.196938888361494,
      59.28047787955257,
      58.712084023375525,
      54.742306490779754,
      54.363469462214276,
      47.75013741845537,
      39.08248795876162,
      45.37107830245177,
      37.92377384531822,
      39.64917212378599,
      28.36136549297733,
      28.643525295496545,
      37.30804139240794,
      37.46990041404139,
      46.165803250960295,
      44.28176404391474,
      44.333674681339005,
      48.535386194212315,
      52.16480122600584,
      59.667164402505556,
      54.8796211348412,
      63.83153750820079,
      65.97847094568317,
      62.712501732006984,
      64.50523208580604,
      77.59305314829328
    ],
    "wrist_angle": [
      176.52923258649116,
      180.9855818099743,
      180.47968096623936,
      177.27537159343072,
      178.92432898928556,
      180.16811816202932,
      180.84223381123954,
      183.82804783009064,
      178.72186004645303,
      183.9656466861836,
      177.9677367435529,
      180.82094797353503,
      178.8542414852534,
      183.67142471057318,
      180.38778459539282,
      180.2499112581531,
      181.27039376552813,
      180.4437176221405,
      176.8340164079449,
      181.88986231324998,
      182.23051295953732,
      178.61378336134712,
      179.30170952954484,
      180.1872745377106,
      181.81519206358783,
      181.26804537481766,
      180.89567669521364,
      180.20834129058946,
      182.2126467999173,
      181.59349910575858
    ],
    "back_angle": [
      19.14479790201201,
      17.619198406726923,
      21.24830051267776,
      22.254454573406942,
      27.55579825914725,
      25.05708824420398,
      21.1451033357869,
      16.376407576456792,
      27.531126224708323,
      21.471417817616203,
      16.578995702732886,
      13.339375116349997,
      24.377090580909652,
      15.781664366744579,
      20.28030576737061,
      15.318269163846988,
      18.887409557439113,
      24.115130398988665,
      20.32548976909003,
      17.093391523366922,
      19.77066425733646,
      14.325050537711828,
      19.329755954441232,
      34.12448506484892,
      20.971743602260975,
      22.580438779187674,
      22.63577139776361,
      25.467153975908293,
      24.243430958746625,
      24.954444236049532
    ],
    "hip_angle": [
      92.50350739043418,
      92.54832081298895,
      90.4391554577546,
      90.29749693249344,
      91.69560189499602,
      90.62760251911735,
      88.59159164369575,
      90.32904743819776,
      88.20653557047557,
      88.06981810228332,
      88.65234148773567,
      90.74510901305884,
      88.91905768425964,
      90.16775139599704,
      94.75908115501754,
      89.84096704208893,
      91.32641534506077,
      90.94723232316161,
      92.05740022967657,
      89.35630794285854,
      90.3399319751707,
      91.4292589424193,
      88.76658655019688,
      89.76521945684922,
      89.17846501321249,
      93.34994185270706,
      89.31229726592294,
      90.22399393242718,
      91.94704589267343,
      91.45001288784
    ]
  },
  "num_frames": 30
}