{
  "exercise_type": "squat",
  "form_score": 90.85841739336558,
  "form_quality": "excellent",
  "risk_factors": [],
  "recommendations": [],
  "joint_angles": {
    "hip_angle": [
      179.0622075260217,
      179.71276849158227,
      181.26529860290526,
      178.87096603565286,
      180.19458812176168,
      178.72226866438558,
      179.20525025463445,
      181.9813899475223,
      165.7646963956782,
      154.10959574700232,
      141.61544623221968,
      125.56754118885861,
      119.72038570654901,
      102.71856046701168,
      90.80900371534739,
      87.0043767051724,
      94.66299017834389,
      86.57181592046658,
      89.45909137808364,
      90.21717447033738,
      88.90189462472189,
      90.76936431588959,
      102.32621970666533,
      115.80753268285186,
      129.40977051020508,
      140.1442498291986,
      152.7982590252529,
      166.81415176618026,
      91.46687828855298,
      104.19433752122215
    ],
    "knee_angle": [
      179.0556732549443,
      181.58309010600996,
      179.71438365889347,
      182.764957205704,
      177.55867995985008,
      177.33537631733557,
      181.85459936791523,
      181.99688619810007,
      165.0856791948185,
      154.67385766995247,
      143.2701258479561,
      127.93395235526401,
      113.86165914273616,
      101.91898342717289,
      89.17092431454793,
      91.54732895728075,
      90.72578452853027,
      92.27884835126027,
      90.28065025572307,
      92.87564590647048,
      90.78075172570338,
      91.98116617991653,
      102.44862041376496,
      118.5014179466346,
      128.95278165896443,
      142.56106593600248,
      151.18886709670983,
      165.26378626687438,
      86.66455238213939,
      100.81797719209868
    ],
    "ankle_angle": [
      87.38145231926087,
      90.93647875436596,
      91.33871583692161,
      92.89618558344132,
      92.53554657326099,
      90.98547782098744,
      87.24603595527937,
      89.7382917351185,
      86.91612851025818,
      82.77925037546635,
      82.19622144033411,
      78.49448353496594,
      75.29715696401273,
      73.44164438051706,
      67.73062104292995,
      71.51526153334297,
      73.21132535611699,
      70.99928164251408,
      72.0467046772435,
      71.03549698156829,
      69.44003547477016,
      66.5742369117538,
      71.4652470739755,
      75.73784937369736,
      78.55153576543441,
      81.2788942360894,
      84.36672130544507,
      86.05121852052349,
      71.46159529907582,
      69.48488004017013
    ],
    "back_angle": [
      1.0030625527661545,
      -0.6074201527716783,
      0.49089948207309636,
      -2.4921034915791305,
      -1.3072590480226263,
      0.5929137037200292,
      -0.8770942098714809,
      -1.5014093023854822,
      0.20868883954566955,
      -0.8613927849842764,
      -1.4475022616295825,
      2.3658561411584547,
      0.7311017495872859,
      -1.2177768848363824,
      3.7319388926808057,
      -1.8684855907922169,
      -2.0507221899488077,
      -0.5578657826811558,
      2.1271171305477337,
      -0.2875826852329039,
      -3.2594125166263694,
      -3.2407521435845936,
      -0.8186264454380112,
      -1.14333843544063,
      -2.7849192329564714,
      -5.178848629226584,
      -1.1230549292821959,
      -0.9260540601979744,
      2.4108234640165644,
      -1.1746374902845222
    ],
    "shoulder_angle": [
      43.7428077772524,
      47.57508952973463,
      44.54805126628711,
      43.62235590659126,
      44.47823929659151,
      43.95747807627592,
      42.52789936379505,
      40.721455125112236,
      43.22481786105468,
      47.41162379948946,
      44.008039039918515,
      45.857199305936,
      42.62338134454432,
      44.39231000903642,
      42.586193953119675,
      43.30575861766082,
      46.54140537528039,
      45.43649961880916,
      46.06365972578113,
      46.585961461798114,
      44.24893580917206,
      43.17876244238057,
      41.83768343119107,
      45.596459293849335,
      44.71993247193329,
      45.232800084505904,
      44.60305175312361,
      44.393925899735706,
      43.093144457556434,
      43.5284134231378
    ]
  },
  "num_frames": 30
}