{
  "exercise_type": "deadlift",
  "form_score": 95.48305878421321,
  "form_quality": "excellent",
  "risk_factors": [],
  "recommendations": [],
  "joint_angles": {
    "hip_angle": [
      43.259825149695935,
      43.147132420940764,
      46.78979923538248,
      43.798746283289326,
      46.82172873570972,
      44.81916598605735,
      44.01239518512973,
      42.297271934847544,
      41.27114617631882,
      46.63745438948068,
      44.63327985679558,
      60.04399318798686,
      73.18513054851857,
      87.69505131031931,
      98.83779420195124,
      111.20652246663927,
      123.29653187520368,
      139.30006933624307,
      154.5788622457399,
      164.16015455840443,
      181.81644989773602,
      165.52759905383238,
      155.6643360937722,
      138.23300063633252,
      121.95802678328428,
      114.75390700785493,
      99.68233610805137,
      81.83010184557598,
      69.8843343468617,
      62.189058807189156
    ],
    "knee_angle": [
      91.14623245060832,
      87.95714497961316,
      92.3067040656394,
      90.40440290716933,
      92.70332082176435,
      92.48601192572151,
      87.88632465850624,
      90.93661447687138,
      88.98233801908798,
      89.54147287658225,
      90.45284387663848,
      97.96381113433404,
      107.70986528732408,
      120.26283842738302,
      126.46545306774405,
      134.8633581843885,
      143.6256051307092,
      154.32202056034964,
      159.43458664290506,
      174.91106730508,
      179.83140826804035,
      175.70767125412678,
      161.73936634004934,
      151.57685173230826,
      143.4091240667675,
      136.81836526337366,
      123.03486328038304,
      114.04131896113046,
      110.61786999004256,
      98.10913571125934
    ],
    "ankle_angle": [
      89.20530033381958,
      89.31774412995487,
      88.31130700498221,
      89.47496445585067,
      90.99784455325162,
      89.73660798887778,
      87.50007672938061,
      86.44998249951055,
      90.14072435369455,
      89.19173936286117,
      88.59986031207188,
      88.46037042865824,
      91.30353926484483,
      87.69306324906138,
      91.04401211900571,
      93.83850327635619,
      87.0938220854795,
      89.71915017282008,
      88.59097798374589,
      88.61422338064773,
      94.03399963832558,
      88.2439316880523,
      88.56910026303093,
      91.00406464652869,
      88.11380233619018,
      87.08859087597494,
      89.08797470459272,
      87.51350020240861,
      88.51443816106263,
      90.9444593819259
    ],
    "back_angle": [
      2.158252287799316,
      1.0763445242336132,
      0.8490058722230412,
      0.036409733664978315,
      2.354199304800791,
      -2.380719428400055,
      2.009921307322631,
      1.9850795818990414,
      0.027133885193372807,
      -2.027821336985265,
      1.3434416701948428,
      4.224712852143547,
      -3.308132809762672,
      -1.742251207098438,
      0.2944533567572082,
      -2.012529053487394,
      1.6389742010321091,
      -0.21240500766085488,
      2.648177377557415,
      -0.061275595007845254,
      -0.2689452944434314,
      -0.5481986453585941,
      0.5792478210544534,
      0.45154607805256264,
      3.95690567801522,
      1.7763554102455743,
      2.841252348366337,
      0.6301605024067098,
      -0.2591382698894524,
      0.04581970063485322
    ],
    "shoulder_angle": [
      88.39579242941215,
      88.77886814905926,
      89.7874967130681,
      92.00065647067842,
      90.55829657002403,
      91.23306932142144,
      93.02254059870594,
      92.74921639795465,
      92.45594553125466,
      87.95216078651235,
      89.37120120143071,
      92.94866701037134,
      92.18303782406292,
      92.14023917550084,
      93.45940029717963,
      87.01186229536026,
      89.2829963491139,
      89.20250890353971,
      91.99659794227094,
      88.84963935730873,
      93.09782283836702,
      88.79473036139198,
      91.46708232110798,
      90.66515007080393,
      90.28565832949981,
      91.9852521232356,
      86.0608556696061,
      89.16227344782304,
      89.9785970570241,
      92.07626000950174
    ]
  },
  "num_frames": 30
}