{
  "exercise_type": "bench_press",
  "form_score": 98.86016937971893,
  "form_quality": "excellent",
  "risk_factors": [],
  "recommendations": [],
  "joint_angles": {
    "shoulder_angle": [
      94.40142071515729,
      89.16223500011661,
      87.88694844906165,
      89.83869253018665,
      89.98806191820712,
      90.37148511055447,
      88.79905191489839,
      91.97928395557186,
      92.60611155376976,
      89.352598275614,
      86.69338805533816,
      90.15453862570736,
      90.63131751725322,
      89.24037143934461,
      89.55327809029532,
      86.41473390956021,
      92.44530638272768,
      89.4196760356315,
      92.95765259740239,
      85.88571962473581,
      90.65825869486928,
      90.7572746533541,
      86.68695055794625,
      86.87392214862041,
      90.3769435710631,
      87.5725919541915,
      91.57458094810114,
      89.3714764213013,
      90.509265547363,
      87.47388372778204
    ],
    "elbow_angle": [
      90.3952564032648,
      85.59585128675523,
      85.19070026007357,
      82.39508724142253,
      79.03889394078942,
      74.71375088740788,
      72.93336190470089,
      70.01485751788024,
      66.70796434629679,
      68.34913904145324,
      61.429976976911924,
      60.50438638622346,
      57.489849313652876,
      51.932963084753645,
      43.97173189599974,
      45.67939604093671,
      43.151873592206925,
      49.76145812571172,
      50.194075554617335,
      57.33045077740086,
      59.0120301420733,
      62.36273061524219,
      63.24202843969467,
      70.58292532662186,
      69.5326525353278,
      74.35984274042124,
      79.9312784405642,
      83.31723681457214,
      85.05944083357575,
      88.79358076218573
    ],
    "wrist_angle": [
      181.5750163471317,
      176.3695007774209,
      182.15198269946995,
      178.4651328344678,
      182.00675061374693,
      178.25119345812416,
      181.34887714503444,
      177.0676571479439,
      181.05965501697926,
      178.0974890364712,
      181.07006057358086,
      178.83298865238237,
      176.96306186406267,
      183.0344405977552,
      182.25115635907105,
      180.03089156158717,
      177.26159140694293,
      179.85441354437233,
      179.95362349198325,
      179.2657257265894,
      182.41612682801406,
      180.62799945721082,
      179.17638697606913,
      177.18496034685728,
      175.56500256565053,
      182.1538770080489,
      182.48038918805906,
      174.17392110454006,
      179.90862834148183,
      181.81871227137748
    ],
    "back_angle": [
      -2.0266658523396166,
      -0.7314803711350739,
      2.0380631719334734,
      3.084121419567076,
      1.3996820490089812,
      -1.997364166756475,
      -1.7602671642720644,
      -1.3833355196345658,
      -0.4071404868012489,
      4.5292004729255835,
      0.9070926698158082,
      -2.2163501289609853,
      -0.5596059446350057,
      1.4764923232028033,
      1.735817968344009,
      1.1737083927258103,
      5.808657122675723,
      2.0292801702119654,
      0.4972680461124539,
      -0.18224897528817588,
      0.6385916440151774,
      4.22182905406258,
      -2.1445136887504397,
      1.7524718918838427,
      2.5064031675531897,
      -6.354060093830256,
      1.988931147092914,
      1.9797272590535608,
      0.6404297639891301,
      2.6531833726106284
    ],
    "hip_angle": [
      91.0090068715247,
      91.59867067340517,
      89.44594749623711,
      89.57837342250808,
      89.86588455411847,
      89.4790980441556,
      85.99763374787335,
      87.0479734444938,
      90.70399405072975,
      89.59405510370077,
      89.230169994519,
      87.14144780670436,
      87.63477140133459,
      90.31093342709426,
      89.49041857895797,
      89.73013978381579,
      92.17497451094555,
      86.10098627240568,
      87.62283684679238,
      88.74044064267386,
      91.42720038801494,
      90.2439500108964,
      88.17616418503238,
      91.8995954030789,
      93.07170669583427,
      91.8378581885177,
      88.12460282565691,
      92.10059057514583,
      90.56423930731535,
      90.136817094645
    ]
  },
  "num_frames": 30
}