{
  "exercise_type": "overhead_press",
  "form_score": 91.80656923555162,
  "form_quality": "excellent",
  "risk_factors": [],
  "recommendations": [],
  "joint_angles": {
    "shoulder_angle": [
      92.26338161883142,
      99.50431893010426,
      101.00307079999074,
      111.21922161751415,
      112.25161853937433,
      119.93634608291205,
      126.07630772375632,
      132.99381390687617,
      139.6280519486607,
      142.80695229248462,
      148.03083367900112,
      155.91356944789595,
      162.0047236422908,
      168.06478856863868,
      176.3312045970484,
      180.49209168026766,
      173.1379575169736,
      166.94628999111143,
      162.87386514320232,
      154.89244365493138,
      146.35555678928006,
      142.39898676809432,
      139.35381289587045,
      130.73613875655195,
      126.94180313259393,
      122.26548178953108,
      114.18888152755366,
      110.5598634506376,
      102.46306208823974,
      96.83276904135442
    ],
    "elbow_angle": [
      87.90148211075875,
      97.17529014410012,
      102.10152651526556,
      106.88519440711188,
      113.60632590026009,
      125.80647372212962,
      127.93230076600129,
      134.4702644938803,
      138.85537660320387,
      146.0336363027186,
      149.71937325673468,
      157.88283909810465,
      158.6898437474295,
      169.7645416319302,
      168.09192304638046,
      181.03541027055994,
      172.33463917208434,
      165.21610250302896,
      161.63982053615473,
      155.99429075633887,
      147.14485722484372,
      143.42137739890882,
      136.8902070648309,
      130.38460706948752,
      122.4096753669799,
      120.12505932526712,
      114.8394846916059,
      106.09351485569782,
      98.74903305884159,
      95.2032748419913
    ],
    "wrist_angle": [
      179.80163367873692,
      179.9829652904116,
      183.69944175572542,
      182.56300091981043,
      182.06003659882052,
      178.0729999593428,
      181.94694731738892,
      179.38416719658423,
      179.66619542907796,
      176.89346210619448,
      179.37532631732637,
      181.92613721766563,
      181.04779083532367,
      180.24820708613808,
      182.57105556915826,
      180.35099954487092,
      177.65586304384615,
      178.63719216631958,
      183.4615527563236,
      179.11481373650224,
      176.3586060622475,
      175.81728976644786,
      177.30169653890835,
      183.1629465404001,
      180.35810802139042,
      180.3030704130307,
      182.47854046907307,
      179.23562234018655,
      181.86252633229557,
      181.67819490377033
    ],
    "back_angle": [
      1.8515329404150602,
      -2.8197604395281455,
      -3.5091876311071912,
      1.244932361251338,
      -1.7274222918572772,
      0.30091980717247696,
      0.569549471256467,
      -0.5948073426482844,
      -0.7500057304352902,
      3.2771158513998815,
      -1.2348054953373782,
      2.384265011957347,
      -1.8173037117769153,
      1.7983268264397703,
      0.09595409752914814,
      2.562137702891943,
      1.8195699642473577,
      -3.594122945923623,
      -0.45817472711621304,
      -0.9261721434549012,
      -0.2758364771111033,
      -1.360706305261882,
      1.872543022215255,
      0.3484981960119664,
      0.6398178569398553,
      1.715705892609921,
      0.5483778149062922,
      -1.0268040638409646,
      -0.804281791190119,
      -3.4695982177533162
    ],
    "hip_angle": [
      179.32617821524323,
      179.6991269662895,
      178.79486791460056,
      177.4800844076164,
      180.46253271625338,
      179.27337133960012,
      183.84502221670166,
      181.3942084649504,
      180.08179726016996,
      181.376297580054,
      180.79682536948295,
      182.35507796519602,
      180.53299466182244,
      179.384203127299,
      175.83348509439838,
      177.21724086882796,
      177.41385413328484,
      181.2388101833994,
      177.2018255159044,
      178.86328161232976,
      177.44656127223777,
      179.82028427730694,
      179.4083847369512,
      180.18461544007826,
      179.16026899976436,
      181.83424110363387,
      177.34017018061132,
      180.79072459589304,
      174.77195641703423,
      180.3880949873008
    ]
  },
  "num_frames": 30
}