{
  "exercise_type": "lunge",
  "form_score": 92.6956013345917,
  "form_quality": "excellent",
  "risk_factors": [],
  "recommendations": [],
  "joint_angles": {
    "hip_angle_front": [
      181.10802012711574,
      176.7842871023828,
      180.41433204668033,
      177.419189088239,
      180.26804641143704,
      183.44567636385568,
      183.03267538336198,
      176.778053494332,
      162.47972746876113,
      154.92178823055806,
      139.80864886582427,
      128.4195298626201,
      120.17605043243198,
      103.06333158274899,
      90.14160587005858,
      87.23229865103188,
      87.08778398980493,
      89.72215634596827,
      90.823287430766,
      89.70585169563448,
      93.61351759498729,
      89.18794237908935,
      102.4572162444369,
      112.982083895185,
      127.50800058955943,
      141.69614503622816,
      152.232060927101,
      169.1327286625063,
      93.63364638427642,
      102.58756036293254
    ],
    "knee_angle_front": [
      180.84975784169336,
      183.5695567465102,
      175.86022180576555,
      179.2521658767553,
      178.80535208538484,
      180.1457133501903,
      182.01524905527594,
      179.20790995394321,
      166.64699414778727,
      153.1694334637587,
      140.29285214570265,
      129.2640991125738,
      119.99640388636533,
      102.71093798537959,
      90.22814020683631,
      90.36286361665312,
      90.63208657083315,
      91.16070272580232,
      90.783559239692,
      90.14479468320134,
      89.26388955764753,
      88.99601137761671,
      104.12550789656484,
      114.8256665769591,
      130.45552652616976,
      140.06076229320365,
      158.19720550648367,
      167.43184069808686,
      88.45359039483154,
      103.40276782615489
    ],
    "hip_angle_back": [
      179.41770804533016,
      180.24737971881567,
      178.41626232398306,
      177.832496663231,
      178.74640053618785,
      182.30839432734305,
      179.8395951020355,
      178.7524936288111,
      179.867792278731,
      179.75034401278614,
      178.04009711034033,
      180.36545524579316,
      178.05846498914147,
      179.27289001815427,
      181.1022381780543,
      183.331749094143,
      180.80691063207672,
      181.09012277619044,
      181.71354163827198,
      184.11576327968038,
      181.0508695640036,
      181.4692422633229,
      181.47097807763762,
      178.93537585556814,
      179.05225297586608,
      180.35568606009292,
      181.29788077246596,
      178.03985518051763,
      181.60628452420679,
      182.26160047055689
    ],
    "knee_angle_back": [
      180.76806516952402,
      176.9202342306107,
      179.2601096197754,
      179.81906072097428,
      181.9048369795012,
      182.68443956763122,
      183.3665928299697,
      180.06036979837896,
      166.85584924701897,
      152.9357974328544,
      142.70431632479975,
      130.41541169448945,
      115.46354456099382,
      99.40980035418302,
      94.42891424091698,
      89.67098452589818,
      91.76506972368111,
      89.40883170495466,
      91.27536994375413,
      91.91182844288618,
      89.81292019754805,
      88.71390005245954,
      97.99157244788029,
      115.08628976764909,
      127.1167045206944,
      142.38384586227372,
      156.001589575693,
      168.32263288365078,
      87.99789354458674,
      103.53078163323049
    ],
    "back_angle": [
      0.8117730837321184,
      3.3359529664406065,
      -1.3548339230052346,
      -2.9265973445968263,
      -6.089474367012882,
      -0.13659568347642073,
      1.7800735115686483,
      4.4584942520532,
      -1.3762427355530926,
      0.47892816310800523,
      0.08969673204188941,
      1.4099727235819428,
      0.4132848557825874,
      1.694847060641035,
      -4.50555773470406,
      1.1697022617611235,
      -0.09725842263065713,
      1.7151632254335536,
      -0.5179645797412875,
      -2.421636635440072,
      -1.838735745769717,
      0.30663513826626027,
      -0.7682663805309841,
      2.018212936043632,
      -0.4003122782062937,
      0.9643997498835635,
      -0.6550861794052523,
      2.1848574359869,
      4.3002469059615835,
      3.088880959400171
    ]
  },
  "num_frames": 30
}