{
  "exercise_type": "squat",
  "form_score": 77.06163637017033,
  "form_quality": "good",
  "risk_factors": [],
  "recommendations": [],
  "joint_angles": {
    "hip_angle": [
      181.56952584339368,
      180.2361872297852,
      181.97724776068335,
      181.1668034939629,
      180.3768269400858,
      179.5798870322801,
      178.71318406067508,
      181.64809104609722,
      168.1585912126323,
      154.10236072098687,
      139.66415667952,
      131.7390844739951,
      115.0361198369377,
      103.0948320262974,
      88.28007140066806,
      91.23453020504363,
      89.0854527243639,
      87.61427783825144,
      90.71758527083296,
      91.25808258367103,
      91.99226419568662,
      91.75156568442,
      104.79997624172668,
      116.57543969190364,
      134.5159299502584,
      140.77605286416755,
      155.82763467144107,
      163.2269197689634,
      88.8465383736025,
      102.72687442645284
    ],
    "knee_angle": [
      181.44629074261837,
      178.19033184044122,
      179.59156343723902,
      177.74721718976818,
      183.18328076687752,
      178.94290473941643,
      179.95786387406358,
      182.50251254035481,
      165.48553161281018,
      153.29370988066034,
      141.99169202393603,
      127.02523581938223,
      114.97573690290635,
      104.51280538743273,
      91.56453507792988,
      91.18506088567831,
      98.3353565113352,
      92.85868369732736,
      90.18700206711992,
      89.42523378887176,
      91.30181417269641,
      88.66048256873343,
      105.2757764226854,
      114.20254099113602,
      126.60936862719828,
      140.7726461742913,
      154.310174474667,
      166.48102599483192,
      92.77412332654627,
      100.79063703816817
    ],
    "ankle_angle": [
      88.2029886481574,
      88.35190755828168,
      88.55797523719765,
      88.51541786030546,
      92.70762869257337,
      89.23302216926432,
      88.11668435808451,
      89.8270115538615,
      84.15449897304555,
      81.42746776126636,
      81.11574582825021,
      82.85232645794352,
      77.57904564717936,
      72.34719840859279,
      73.2203693395763,
      69.89458547192244,
      71.02546537512947,
      73.13474169839799,
      68.21360866894156,
      69.17202574426634,
      72.80138289935248,
      70.11292159627274,
      71.98285763364711,
      74.89130150786822,
      78.95161978676747,
      82.28320523735862,
      85.14529957179982,
      88.69699747996906,
      72.56970351251843,
      73.04242417571767
    ],
    "back_angle": [
      4.763701462810392,
      0.26877376734863945,
      3.2667540016211527,
      6.73811595527747,
      2.771171156088715,
      2.0496632908433816,
      0.18956038518954665,
      7.8484208462973335,
      3.5247926247481502,
      2.790955365390995,
      1.4722039413398451,
      6.659308956697934,
      4.0237109890663545,
      5.1470921733705906,
      4.09063931407621,
      5.621387435576727,
      3.2646390569435226,
      7.106084238450238,
      0.8559715447934801,
      -0.4290465843811897,
      2.2530201315288494,
      6.425579327793759,
      2.3138555913497303,
      6.382424161075676,
      2.7772270345819106,
      0.8450015159612871,
      -2.9533513397649864,
      4.773995639559114,
      0.9584084974186429,
      7.009651150567116
    ],
    "shoulder_angle": [
      42.85218913628035,
      41.22766224467438,
      43.15337842816038,
      45.859573736774955,
      45.00820816997383,
      48.75119623113635,
      46.73090837058429,
      43.10426278709874,
      43.54672267278039,
      49.72694478401386,
      41.91789925739075,
      44.99180036635352,
      44.83001619995693,
      44.349322685522004,
      44.89466067283003,
      46.7866032933367,
      44.13994617354455,
      44.600395632290684,
      42.35406023583339,
      43.50233881609425,
      42.7720152789703,
      45.78163404250162,
      43.77636220689439,
      45.88813111264493,
      48.31619627035104,
      46.808537920682994,
      43.52686836776557,
      46.03822642460625,
      45.220779397048496,
      46.68241294774305
    ]
  },
  "num_frames": 30
}