{
  "exercise_type": "deadlift",
  "form_score": 42.22744595187671,
  "form_quality": "poor",
  "risk_factors": [
    "excessive_forward_lean",
    "knee_valgus",
    "insufficient_depth"
  ],
  "recommendations": [
    "Keep your chest up and maintain a neutral spine",
    "Push your knees outward to prevent inward collapse",
    "Descend until thighs are parallel to the ground"
  ],
  "joint_angles": {
    "hip_angle": [
      44.57638098620801,
      45.17802324461088,
      49.61994861883502,
      42.707436787704836,
      44.48003219044271,
      44.52711374324445,
      44.701216257947934,
      43.973918279333354,
      45.24505764357778,
      45.36649201100605,
      46.65704839108652,
      59.44812724733008,
      75.14776734530446,
      84.04456169321267,
      97.86266651450434,
      112.49544174646118,
      126.17656689420944,
      141.77612762098138,
      151.45114708234337,
      166.53477850485035,
      179.5350949234075,
      165.86320196225674,
      158.5311753132737,
      139.14134084376133,
      124.80581400012206,
      114.77151742753759,
      95.45651705144977,
      83.06736441636923,
      71.14739870680695,
      60.24356762650724
    ],
    "knee_angle": [
      88.18792344467927,
      89.76496437805534,
      89.02962952345234,
      89.19682276725143,
      89.46246750175813,
      90.62469304528058,
      90.2775637655453,
      89.05320637588042,
      87.40911360888131,
      88.33817493814647,
      90.52292642804942,
      96.04250848900831,
      106.4453808010652,
      115.79588399258608,
      128.731551079994,
      131.03519755310177,
      142.60113826696406,
      152.2308630387606,
      162.35680499083497,
      169.88130601232493,
      180.00023008432285,
      170.8917894502669,
      163.53186180492256,
      156.970003400523,
      141.6094340855128,
      133.75429477063312,
      127.26940528600151,
      115.70343886933756,
      109.81629092667275,
      101.02344155763123
    ],
    "ankle_angle": [
      93.30334837714842,
      89.5093183965777,
      88.35238233247091,
      92.41272832404069,
      88.94234082443255,
      88.24398426526785,
      89.15151241230716,
      89.29987202577313,
      93.15620295399742,
      87.19402457443161,
      93.8086200999575,
      94.62526096458296,
      88.97963714536561,
      90.97540517388434,
      92.83926533208157,
      88.13374023806018,
      92.32450972077442,
      88.29881172995402,
      86.2228980249179,
      91.83371816465718,
      89.81027357994724,
      89.88859097560272,
      87.89538855886418,
      91.86692571233927,
      88.40843088366654,
      89.20490775249732,
      85.75857728951412,
      92.00156154328131,
      88.12620035724802,
      86.6960753489631
    ],
    "back_angle": [
      38.14943477538317,
      23.339585363218617,
      27.267404179954607,
      36.149328738732336,
      17.956804521259304,
      33.39852802623293,
      33.8080194044665,
      30.764349712164627,
      23.607352903447467,
      32.81116376326865,
      28.824765940333265,
      34.14486410083674,
      40.88681680290572,
      24.80130838547751,
      28.77574405804133,
      25.04586295521593,
      31.016721529199618,
      35.033806033995816,
      36.39755989164804,
      22.34943364010151,
      34.53074490295052,
      24.797841121935665,
      32.78369786988347,
      36.72051223714186,
      33.23996493486873,
      33.971283796123366,
      20.77296928221453,
      21.684223192798378,
      35.90475044391983,
      38.60918309148219
    ],
    "shoulder_angle": [
      87.39281823566266,
      91.2897334609066,
      89.92086422096496,
      88.54740656518102,
      90.89726624998607,
      87.5258765819041,
      91.37506001923299,
      92.0643105720174,
      92.02714469015443,
      88.92099758062692,
      88.94286440318723,
      90.55422682413146,
      90.35186507930705,
      89.69630524546058,
      88.3922218229012,
      88.62073081760575,
      88.96133480487963,
      90.08267006051076,
      89.95209539165825,
      89.17236692117018,
      90.9895792525627,
      87.72105190493636,
      86.1260887098613,
      90.87762633401555,
      87.87092362548876,
      91.19199564207403,
      90.19559956288593,
      88.59835359412301,
      88.16493114563596,
      90.3969735231082
    ]
  },
  "num_frames": 30
}