{
  "exercise_type": "lunge",
  "form_score": 30.031706118250366,
  "form_quality": "poor",
  "risk_factors": [
    "excessive_forward_lean",
    "knee_valgus",
    "insufficient_depth"
  ],
  "recommendations": [
    "Keep your chest up and maintain a neutral spine",
    "Push your knees outward to prevent inward collapse",
    "Descend until thighs are parallel to the ground"
  ],
  "joint_angles": {
    "hip_angle_front": [
      181.2824315017471,
      181.18711670064536,
      180.19059097429493,
      178.93497250370783,
      180.41322544499204,
      180.80979252049391,
      180.8863090463198,
      177.74271174664926,
      165.11651521411977,
      157.39264048149013,
      139.62293629469852,
      128.10620806732962,
      113.24577044259574,
      104.4966196249244,
      90.6213833419522,
      89.07435009073323,
      90.0601022674389,
      89.17858553056503,
      92.40926321436449,
      87.67936725118524,
      86.84063568639354,
      88.40282095795664,
      101.64122174686783,
      113.71885823731779,
      126.62810072742633,
      142.3951177070397,
      155.64142971110607,
      165.69309122645873,
      88.69702500617252,
      102.02302082002075
    ],
    "knee_angle_front": [
      165.77111458949705,
      158.77424530245074,
      168.4471644292536,
      165.19788771972358,
      162.4324370625331,
      164.5268580631299,
      166.0325689440454,
      159.64054936506926,
      158.20507673213604,
      140.95209368200804,
      129.51434973494554,
      116.7847272725915,
      100.41686140601188,
      85.15658079868535,
      75.53626373493358,
      73.04771128431408,
      77.09144149224961,
      77.09496701977675,
      84.10248711441807,
      73.77895958401527,
      76.8964879126911,
      77.82939204643161,
      90.45254093398745,
      105.86431055518025,
      109.68443361033653,
      124.82196278542655,
      136.52943375194096,
      154.4425971049428,
      77.97975583742793,
      95.66515535515165
    ],
    "hip_angle_back": [
      179.5605800514552,
      180.22974000906092,
      182.33306208642543,
      179.638044381712,
      178.24956364279623,
      181.59346701529807,
      180.2227650666032,
      182.84406799692502,
      178.69169054352452,
      184.60743232551675,
      178.67452033490233,
      181.47111784835982,
      182.53170373436052,
      180.85082322269463,
      178.52074790682155,
      184.16399244138623,
      181.21678220495454,
      182.07609534665212,
      177.74017939786182,
      181.06665726688948,
      176.56831486205604,
      180.39546106513916,
      183.17796343075432,
      178.1241238066845,
      175.33200789172005,
      180.40506901810815,
      182.25844160468648,
      177.56262701523474,
      180.80095460236046,
      176.20758642029958
    ],
    "knee_angle_back": [
      181.75630314692415,
      179.76857869328109,
      183.12789790744807,
      179.4604608971444,
      178.00840684584603,
      180.22066885191,
      181.94746450260746,
      180.2160719032285,
      167.61460974968492,
      152.20498241306163,
      140.886116802022,
      128.39871164350035,
      116.06929458238288,
      103.86723046644161,
      92.33054224531625,
      87.36271280173438,
      92.78521862507648,
      91.59014776687769,
      89.97312967862301,
      90.24978017238912,
      90.62571565203922,
      89.47524310617133,
      104.11154261390334,
      112.54235541993641,
      130.22620490909955,
      142.36078545914182,
      154.3391455294468,
      166.9093461340253,
      90.24399233591507,
      103.77620376257967
    ],
    "back_angle": [
      20.352074981921948,
      20.85037682614254,
      24.161500531407054,
      19.534618004578814,
      24.511748349216695,
      28.432613562288736,
      21.949414365689513,
      19.86578120252689,
      30.399858202118928,
      14.957708799110678,
      26.2086227012429,
      27.02257209618196,
      17.002105735218066,
      25.448783210554968,
      18.713495626174574,
      26.252850798680125,
      21.478582578613132,
      25.232609168466883,
      24.63683670031675,
      22.79052351904409,
      19.89260483437477,
      17.82850575938781,
      18.082846617161863,
      21.52147594218055,
      21.342331622888164,
      17.433437915627547,
      26.758513152496814,
      21.050618103479007,
      26.24545600789077,
      19.503620750977138
    ]
  },
  "num_frames": 30
}