{
  "exercise_type": "bench_press",
  "form_score": 86.86570631241335,
  "form_quality": "good",
  "risk_factors": [],
  "recommendations": [],
  "joint_angles": {
    "shoulder_angle": [
      92.23481790134946,
      88.60822189761095,
      89.21066192987078,
      90.74303301905782,
      94.85773470611107,
      88.66759452797203,
      86.9543934268879,
      91.76746980122468,
      90.9807334619815,
      91.41048266827866,
      86.68033322378706,
      89.05692790063611,
      87.6178984685097,
      90.0558017631576,
      88.87537807637989,
      89.06197019338016,
      92.1350917731395,
      94.18707041910942,
      88.95158987830001,
      90.71858575220847,
      90.07852626589491,
      89.1694832373424,
      91.34114167580857,
      87.73323404598767,
      84.84007795883898,
      89.47680188201318,
      91.41558361148988,
      94.31108188042138,
      90.01433650410986,
      89.64682810896987
    ],
    "elbow_angle": [
      90.15988116208734,
      84.63848667564652,
      85.46094288921242,
      82.0135447279879,
      78.71372470695869,
      72.46715357313954,
      70.16341415317788,
      67.88365749709001,
      63.85764317237537,
      60.186675511856805,
      59.09076555603052,
      54.682775967446815,
      56.01085377997075,
      48.9996136603153,
      47.458427586861156,
      44.11672917719357,
      48.52883754585089,
      47.97773133554098,
      57.35139938187345,
      54.98363004350866,
      60.64698676676155,
      62.59211015518288,
      65.86105901618429,
      70.15932371261954,
      72.77287874176378,
      75.55184324928057,
      78.13050841004645,
      78.48822815651573,
      82.11945901423296,
      84.4192163419369
    ],
    "wrist_angle": [
      179.4856749691497,
      179.38393322952246,
      182.95960124271332,
      180.89683954996553,
      179.39559890549376,
      181.38595598859,
      181.8972021878777,
      179.01657323169934,
      179.52635358715736,
      178.2145755998468,
      179.41650691235978,
      183.61163565699974,
      180.5529011953318,
      180.60373301791975,
      176.89898795358226,
      180.36529891170468,
      179.29090081620132,
      183.96750975127907,
      181.00282904160792,
      178.23963480108435,
      177.83152829199867,
      179.11588048285162,
      182.89941380836134,
      178.7139941187019,
      176.6625096955005,
      176.94072562662888,
      177.82610187531046,
      178.59122635387203,
      177.4211786144791,
      181.5920881876466
    ],
    "back_angle": [
      1.1349514867883372,
      1.1408916833202778,
      2.4628855722332172,
      1.5632890543141138,
      0.6327647359339982,
      -1.872342841490987,
      -0.4494478485803655,
      -0.47994253078202037,
      1.9762641625766146,
      3.817916957678585,
      -2.605174422822546,
      -0.3623860237072151,
      -1.3598137689288265,
      1.680626413915013,
      1.7112301854644605,
      1.6325091535356906,
      -4.150061692395287,
      1.6160786144716326,
      0.9536733522124051,
      4.911718620956557,
      2.270585757456059,
      2.6196668346076684,
      3.8409637442245645,
      -3.4941236250156065,
      -0.700708114121544,
      -0.5958287430853493,
      -0.8575699339654645,
      0.9661815967097832,
      4.068426047704544,
      2.2339306665004584
    ],
    "hip_angle": [
      90.44237014059377,
      91.4729419601418,
      90.06842515528199,
      89.29472281024377,
      89.87413815393542,
      90.42971940823901,
      94.09985829816922,
      91.48770921217618,
      92.26708359155218,
      88.48891157831515,
      91.19090252175386,
      91.18664269876861,
      88.04766852389012,
      90.57765538229917,
      90.62239503455118,
      91.94877718684494,
      91.98294372479333,
      88.92383241738462,
      88.01456696041411,
      88.47846795335154,
      89.45454707719877,
      88.0625674018551,
      92.09642120847973,
      91.0856453169235,
      87.60791605141574,
      90.34570100872523,
      89.15940106656568,
      93.2689418818798,
      90.75290786275315,
      90.84732870628395
    ]
  },
  "num_frames": 30
}