{
  "exercise_type": "squat",
  "form_score": 99.68651426374633,
  "form_quality": "excellent",
  "risk_factors": [],
  "recommendations": [],
  "joint_angles": {
    "hip_angle": [
      183.57744536075467,
      182.80493195929034,
      183.2548659460927,
      178.10157058474036,
      180.10856433817142,
      182.83421328885112,
      184.05524176217634,
      178.79634434125208,
      166.27092813203313,
      155.485574827143,
      138.3985649945659,
      129.9437752350845,
      118.19099651635193,
      103.09720368386976,
      86.4701893494219,
      90.65762823203173,
      92.65304724876583,
      90.2930546125429,
      89.60731574725163,
      92.5892087736415,
      90.57638661092814,
      91.11440384519302,
      100.82246243758543,
      115.95215282076816,
      126.59535082076049,
      141.31999774018902,
      154.08840002532958,
      165.34703005116415,
      90.05345621375892,
      102.55947466556283
    ],
    "knee_angle": [
      181.39604113374438,
      178.2144563364094,
      179.45985523052417,
      179.6690451306032,
      180.69349998770804,
      181.30362090744603,
      180.73367816575046,
      176.40670816660102,
      167.40790964650054,
      152.25265441346798,
      143.7049204327826,
      124.8794955228499,
      117.70910437341237,
      100.69822155166707,
      90.1072265273179,
      91.7557779913265,
      87.53772084658203,
      88.79262925575878,
      88.52811229248438,
      92.54408636525305,
      91.86871773570849,
      92.46057790685876,
      102.88329776707033,
      118.69715460424851,
      127.09825160255555,
      138.98822658585556,
      156.27008462504486,
      167.62714046531696,
      89.69229383978573,
      101.17580122443232
    ],
    "ankle_angle": [
      90.07381251211555,
      88.60610051324389,
      85.5558910861939,
      85.64879450720082,
      90.28236334725094,
      90.6812870660508,
      93.62753004081344,
      90.19473108752861,
      88.74775758269745,
      86.5005188242379,
      80.72905706688243,
      79.69099805685224,
      76.29056507328166,
      72.63654597255112,
      67.45343647342365,
      68.40389550783789,
      68.91258091298882,
      68.25798435593474,
      68.13031410366551,
      73.23078916335525,
      70.50046922130936,
      69.93808031894943,
      70.7387165222667,
      74.21071873374663,
      79.05517743251778,
      84.15359769599789,
      85.9483893900401,
      88.43245519773726,
      66.69473290201707,
      73.75040275042362
    ],
    "back_angle": [
      -1.4603095505060002,
      2.114567484249008,
      -3.385337686999572,
      -0.9433515695033303,
      0.6511859331613341,
      1.2833745860256436,
      -1.1193267758598962,
      -0.11794593649128633,
      2.424218228638597,
      -2.600315920701904,
      2.483346008992073,
      -0.7278367678860036,
      2.088490253801308,
      4.425018063944978,
      0.948045613203306,
      3.723779320946279,
      -0.09423548727724082,
      2.7794511990882453,
      -0.9780652536979847,
      -0.26989076336285794,
      2.0798066404868356,
      -1.2475944660055174,
      -0.7247135916158819,
      -2.2097010691139416,
      -2.0433479758201853,
      0.8274060511624328,
      -4.247475724160704,
      -0.9682355709130185,
      -2.088759604954852,
      -2.373681944513215
    ],
    "shoulder_angle": [
      46.88308428551127,
      44.996233639746215,
      46.21977722881818,
      42.782454074511435,
      49.541332625703035,
      43.70409058320589,
      47.063322170756635,
      45.11770923521504,
      44.688625954005886,
      40.91926913572471,
      46.96581539707899,
      42.45570674720713,
      44.6687327325278,
      47.13282588344612,
      45.57095996528388,
      46.83047115632511,
      42.015607976377325,
      44.11942081391025,
      41.33837109126375,
      45.37029030737583,
      42.74075207548264,
      44.10993915075316,
      45.75759863613676,
      45.722309661330435,
      45.97731416882958,
      45.8338917905279,
      46.91105481114048,
      43.4216673263643,
      43.60868738486012,
      45.85271519665828
    ]
  },
  "num_frames": 30
}