{
  "exercise_type": "deadlift",
  "form_score": 83.25665215090683,
  "form_quality": "good",
  "risk_factors": [],
  "recommendations": [],
  "joint_angles": {
    "hip_angle": [
      47.73735509405251,
      44.115196954924336,
      45.036256411784656,
      46.10884585836198,
      44.634445720727605,
      43.86812003516956,
      47.90462613353922,
      42.739138290808945,
      44.2159863346049,
      47.61580042828205,
      45.87934694198597,
      57.92145742859798,
      72.13495976427124,
      85.40182069775895,
      101.00004216240558,
      110.71472628585057,
      128.38932438748188,
      140.61191456999043,
      154.03124793621654,
      166.55261912603882,
      180.54955693367225,
      166.6488132361576,
      152.05437015085374,
      139.81599109052786,
      122.48936381554513,
      108.55998964599182,
      98.63701873913374,
      85.52120205251907,
      73.20651519674769,
      59.279098073474735
    ],
    "knee_angle": [
      86.66145365681989,
      86.77863535469353,
      89.90438014223226,
      91.71165237628135,
      91.92854454471602,
      86.66865166684364,
      86.71763855980163,
      91.80992207873818,
      91.34754804125951,
      88.41109607661603,
      88.28950827809665,
      96.97955082309615,
      107.06773819973418,
      117.08820599755026,
      127.73013034004022,
      132.94199653775328,
      145.2902869740261,
      151.63581258447675,
      163.34476023055177,
      170.5130318767694,
      178.93526997422924,
      170.04798445127327,
      158.20089772037795,
      156.45058929501448,
      141.31585457623672,
      138.18662872903525,
      127.20520112955427,
      114.06076205068457,
      107.38866176252765,
      103.98944911520734
    ],
    "ankle_angle": [
      92.09152536986852,
      90.41831704044851,
      92.07149679302759,
      90.0494221238063,
      91.55708201714319,
      87.43849613833704,
      91.28322959715037,
      90.42480194397793,
      89.24100889997948,
      87.64111159477406,
      90.50680606432306,
      88.84500461144884,
      90.4262165666182,
      89.29642740559905,
      89.55711702400939,
      90.3187815611028,
      91.69247654923075,
      88.13750553778422,
      88.513801126749,
      90.6099661924467,
      86.61140702659335,
      89.12600035583762,
      87.24298936541467,
      89.10446255444451,
      90.53738874810347,
      94.57194737270137,
      87.01537371203045,
      89.10800477813058,
      91.54185177218831,
      89.9670790297387
    ],
    "back_angle": [
      2.5229162902277027,
      6.164940409924006,
      4.9607978858940145,
      3.0776136616568146,
      3.5823068331959345,
      5.000022452085682,
      0.009820710781244649,
      3.8104255292376163,
      6.868121795059072,
      4.6133826138214395,
      7.044648750481801,
      5.701139741397394,
      9.385675696076655,
      0.5614774858981,
      4.973707340694488,
      9.498852870284,
      6.054155650911782,
      8.499552345138603,
      5.884931193887402,
      2.520498362936743,
      4.880848126268631,
      5.686626636743608,
      5.634550748097906,
      1.3814118960127917,
      9.067990553385757,
      5.549995857392645,
      8.06589098588138,
      8.501784931566997,
      6.389351081923984,
      6.980753361199706
    ],
    "shoulder_angle": [
      92.62288706890803,
      94.44080442114172,
      87.32060089293552,
      87.96797316825725,
      89.21312790386627,
      87.56016812563533,
      93.1098846766663,
      92.47278805415499,
      89.64025500843859,
      88.71314804414347,
      92.0431411595216,
      92.85618512923347,
      93.11329515602847,
      93.6710760037761,
      90.9627258959974,
      88.01029316805432,
      92.96675694796687,
      88.73846838865995,
      89.86556366594284,
      90.49550934869987,
      89.34171914108909,
      89.22525685395821,
      90.9722052149485,
      89.05578318705425,
      92.89102727914928,
      92.71688830252567,
      89.97463561828165,
      88.51101173963308,
      90.3560066392868,
      90.73538327870011
    ]
  },
  "num_frames": 30
}