{
  "exercise_type": "bench_press",
  "form_score": 93.07452441070481,
  "form_quality": "excellent",
  "risk_factors": [],
  "recommendations": [],
  "joint_angles": {
    "shoulder_angle": [
      87.4956253633208,
      90.59265396026379,
      88.26997795348173,
      90.21109629495717,
      88.9336747155177,
      90.23691645339615,
      92.01920847478978,
      89.44956111182051,
      88.96194654181106,
      91.81802250008022,
      91.63970257566451,
      85.57838767208122,
      90.32594549268543,
      93.0598705127206,
      88.8622471858376,
      87.15305853536712,
      90.55661371049658,
      88.16500902638893,
      88.50460191083802,
      87.39676620728508,
      90.34212474980707,
      91.51158682872054,
      88.97764072484159,
      92.28237582851155,
      89.77216083928282,
      86.08650368779162,
      85.1446701850454,
      87.52105543514044,
      90.79536499050609,
      89.64964565590456
    ],
    "elbow_angle": [
      87.27004144206882,
      85.91476939048736,
      85.25508740028053,
      83.63590897678918,
      77.07432722944668,
      74.69967904050925,
      72.78382740707626,
      70.36648043540018,
      63.54769831808039,
      62.15369132805771,
      60.797744278871505,
      53.21834002820302,
      55.466887306774886,
      49.518144009384805,
      49.336330946579444,
      44.08453104622045,
      48.43023528885101,
      50.19763905388156,
      56.34688489323462,
      53.37033357891733,
      61.029818140443886,
      60.75178831390323,
      65.55863357582288,
      70.17632585611555,
      71.58698283466344,
      73.03883031943091,
      79.97054068463106,
      79.72107558977116,
      81.96561955714814,
      87.71144158532998
    ],
    "wrist_angle": [
      178.81717990814715,
      180.71741989590075,
      178.46896533017753,
      179.05996105323678,
      178.7080683196142,
      177.29024638892125,
      181.47657265211288,
      181.44510745126877,
      181.04014255859383,
      179.5417009807131,
      181.01422365955293,
      181.55792232604833,
      177.77963150254394,
      179.69244812358548,
      179.9911461953228,
      179.62113399942658,
      177.07469403398335,
      178.8163127946518,
      179.66645741063613,
      181.39065945715745,
      180.00164550029652,
      177.02853278395793,
      181.11984776453227,
      179.55775008378254,
      176.22513704610813,
      182.29280881952056,
      179.89427688352092,
      181.70482262220926,
      180.14093625392786,
      180.72837792279108
    ],
    "back_angle": [
      0.9074555734703738,
      -1.2515146038922995,
      -0.7763166122421281,
      -0.03303260979420453,
      1.3005938237788512,
      -0.8259488086608411,
      -1.6212720749807241,
      0.8091864961900931,
      0.5002630889797893,
      0.9227097011994401,
      -0.5776030591597421,
      -1.3723324661617622,
      -0.6713423194544201,
      -4.463039987951912,
      1.2240703912467508,
      4.956820633787393,
      0.8811716926694472,
      0.38747275792350255,
      -0.45221527689864877,
      -0.1866760630392633,
      1.0079638669070474,
      -0.6600528204495981,
      3.2083980275538937,
      0.39123059004128125,
      1.3700993830716424,
      1.2217725621810616,
      1.7696029466610623,
      2.0162397296120322,
      -1.5351881223350181,
      1.4293118200370494
    ],
    "hip_angle": [
      91.31414371872567,
      89.70881462750333,
      90.95470649069368,
      91.26908393004118,
      91.49269898178484,
      87.19227027883068,
      90.88851438557458,
      93.18682491115486,
      91.31425463503064,
      90.94634809135553,
      91.03561254887455,
      88.11025948163203,
      89.92348999922224,
      92.00696196018725,
      90.10655350492017,
      91.3902931856212,
      87.8534797455536,
      88.83189483915682,
      92.11662399912586,
      93.88440264796624,
      92.1273486807731,
      91.37350038287194,
      91.08844633800699,
      89.65668887976686,
      90.16542496972322,
      88.59158817785867,
      90.20079048555584,
      87.41474889884742,
      92.30149521212665,
      91.95415232869232
    ]
  },
  "num_frames": 30
}