{
  "exercise_type": "lunge",
  "form_score": 83.32122230477124,
  "form_quality": "good",
  "risk_factors": [],
  "recommendations": [],
  "joint_angles": {
    "hip_angle_front": [
      179.6003700294795,
      178.98183401698563,
      179.39047596934367,
      180.76950455039656,
      177.9267520026004,
      181.14731289615392,
      180.61469242418536,
      181.86670275371927,
      168.46370110422157,
      157.4335681114514,
      141.35578377857817,
      129.45460957960182,
      115.58532607393195,
      99.65632143288498,
      92.98361478393595,
      93.92213028844908,
      95.78421776274055,
      91.00114136426612,
      89.75077145302238,
      90.32285633726153,
      94.73485475925855,
      90.03874513580944,
      104.63827999128945,
      120.32211085982426,
      125.46884814933219,
      141.0768658838211,
      153.58034904709865,
      165.2397178939087,
      87.70771476957265,
      102.34012164424566
    ],
    "knee_angle_front": [
      179.97180237430976,
      180.86326488126574,
      177.74164878918057,
      177.3036975861667,
      178.49323934018787,
      179.15075675507256,
      179.3524404398372,
      180.07966718339043,
      164.64207921118978,
      149.80892605491806,
      142.1580536458352,
      128.2587841613986,
      116.69338832989642,
      100.56267492957434,
      91.47689262454901,
      89.84811942519033,
      92.84858066372114,
      90.63657145849577,
      93.4210332530294,
      91.82232982467303,
      94.75683195301485,
      89.30273228186552,
      98.94934736820895,
      114.5625224609847,
      128.93398599301753,
      141.96674971729894,
      157.00820853187338,
      171.6718608630433,
      89.98487631647855,
      106.40541690440041
    ],
    "hip_angle_back": [
      180.13527108185045,
      181.03323734669195,
      179.71908384414786,
      177.97299579240007,
      178.24911627436012,
      183.21959223157748,
      182.0284314634151,
      182.6205312268417,
      175.65011284903326,
      182.35801905582076,
      182.14252817878793,
      178.5695424247331,
      174.28100989287472,
      178.83862059437257,
      180.84496692723175,
      179.5019942587892,
      181.74188233126043,
      179.80716529019293,
      179.40173559436064,
      181.69432786525374,
      183.08015773530087,
      180.98716978025496,
      180.2456879505069,
      179.22104295857073,
      179.8729451655564,
      179.5111716754956,
      179.32823777078235,
      180.83907717569383,
      180.4502923187689,
      180.47210999195568
    ],
    "knee_angle_back": [
      181.9350283540037,
      181.2318975028885,
      175.7691793820651,
      180.49938124875302,
      178.21133056743335,
      178.46873276744842,
      181.21383870838,
      180.7723216408918,
      165.25767602864343,
      153.26413310949584,
      141.7978735928563,
      127.99753240818401,
      112.90791886094316,
      103.29680336891857,
      92.85999127407739,
      84.32781761924804,
      90.68669696283042,
      92.56603528059703,
      87.68066148089115,
      89.8232390025355,
      89.73456369501388,
      86.57242668755529,
      103.10620987137023,
      116.32436826934129,
      127.61769043496271,
      140.80216584778728,
      154.83656484115065,
      165.9489874410483,
      87.22852541136601,
      101.11904937876932
    ],
    "back_angle": [
      -2.3061948060112973,
      -0.04921376293353463,
      1.0041928650347354,
      0.12727123945184365,
      -0.6272833905245302,
      0.6838129104606107,
      1.6389713685678589,
      0.9226174495757304,
      0.8165447555205432,
      2.84940763243204,
      2.256460555694116,
      -2.055469069997061,
      4.390500418813585,
      -1.8445351626085658,
      -1.813864149607609,
      -2.1409751587913854,
      -1.9228500676046336,
      -1.5459627741143502,
      2.0012308541363533,
      2.461837861956733,
      0.21205943925768286,
      -1.318470695686507,
      -3.079070511380435,
      3.841280261963832,
      0.8785247120381062,
      1.6336013194643761,
      1.476569477353785,
      0.33002955296321923,
      -0.5649636909329876,
      -1.1885044893027807
    ]
  },
  "num_frames": 30
}