{
  "exercise_type": "deadlift",
  "form_score": 71.36252250059954,
  "form_quality": "fair",
  "risk_factors": [
    "moderate_forward_lean",
    "minor_form_deviation"
  ],
  "recommendations": [],
  "joint_angles": {
    "hip_angle": [
      42.69467425754324,
      45.56719043890426,
      44.418905671826835,
      43.94466655223316,
      39.37002708787939,
      45.14165391684229,
      47.69287220869818,
      45.462728085258036,
      47.021615313745876,
      44.55637708867046,
      44.42031226130897,
      56.103791229807506,
      75.08124391541011,
      86.9295672525483,
      99.06038876786532,
      114.52997150052778,
      125.68027969658397,
      139.06584772239896,
      153.98438313054638,
      164.03697670987287,
      181.68051413810576,
      170.14066807203963,
      156.85252406675303,
      141.69377382168548,
      123.42039752462594,
      113.88292549365617,
      100.3474019000977,
      85.94557631810618,
      72.54766509825892,
      57.578412724828226
    ],
    "knee_angle": [
      86.36039976747159,
      90.74058289626792,
      87.84663926572554,
      88.13542892526708,
      90.90955723530719,
      89.03189804361378,
      90.80080329819138,
      88.92300607213822,
      88.94428168773135,
      87.76701333044436,
      92.03670708474505,
      98.58700546935492,
      107.37377112525272,
      117.32826305002348,
      129.59001662112885,
      132.39238962429363,
      141.8164775673269,
      154.31027457172823,
      159.67336822858076,
      172.61752866319313,
      178.80900973178072,
      169.14923554985964,
      161.73542245112537,
      154.41222251862104,
      145.78568730404785,
      133.85371232689948,
      124.48269172315896,
      114.08564346547435,
      105.11403660956259,
      97.79906892894562
    ],
    "ankle_angle": [
      91.32101875955571,
      88.58297295491104,
      89.1811990870239,
      90.77838884595575,
      87.33685408520574,
      90.07012290864282,
      90.62173926853184,
      92.97517650936211,
      90.39567778837139,
      90.34022356326321,
      87.42927424262238,
      88.36268386264676,
      89.13881475393634,
      89.31704289289806,
      90.33512251667771,
      93.60941035004817,
      88.53691195355155,
      90.08846502115343,
      90.56098107197147,
      89.8476286429167,
      87.8769205709008,
      91.1183652343722,
      87.45097990668238,
      90.77764688790077,
      89.99940041862541,
      91.17195167231127,
      90.52616097834499,
      89.40757352835192,
      90.90076752747798,
      90.89819427215532
    ],
    "back_angle": [
      9.804559008636547,
      17.096220858687342,
      19.2776413722734,
      12.296482780000687,
      16.354124337407022,
      7.355051417503431,
      14.353383180257051,
      16.72502762833583,
      10.760358301296291,
      13.879026506223118,
      15.352118768305411,
      12.450047219110568,
      10.544568937523158,
      17.635368820489365,
      15.406814229278075,
      18.164716470104654,
      16.96069440613796,
      10.294522819258816,
      18.150062902214945,
      18.740185784610155,
      14.862645571187281,
      12.039841607565783,
      10.129437083311826,
      15.815655234968494,
      14.948917008523566,
      20.30195072256643,
      12.333994323185594,
      11.819419276441508,
      22.159232902080294,
      17.345194246628665
    ],
    "shoulder_angle": [
      86.99785273700088,
      90.67541300798135,
      92.52352479375858,
      93.03401331841322,
      89.4762096460443,
      91.2717650644075,
      89.96266778779099,
      92.23020475445007,
      89.19681947574067,
      88.34738596337448,
      94.27986054260253,
      88.11634403208475,
      91.68344231852235,
      89.17825577593402,
      88.34581789364368,
      91.15920075635152,
      90.26299985479388,
      90.67543438872785,
      88.72461996381642,
      87.70705317127164,
      92.496182140394,
      91.26052042442498,
      91.040933477467,
      88.7345235856454,
      89.4413152844681,
      91.33979139669425,
      93.20189258838714,
      89.68159531942081,
      87.89212817048997,
      89.85702888511523
    ]
  },
  "num_frames": 30
}