{
  "exercise_type": "lunge",
  "form_score": 83.63073884644938,
  "form_quality": "good",
  "risk_factors": [],
  "recommendations": [],
  "joint_angles": {
    "hip_angle_front": [
      180.87628812762304,
      179.080080615898,
      181.33583749569274,
      177.57827575629716,
      179.0713382445105,
      181.4526814338704,
      181.39242651268796,
      181.13649971779702,
      165.55700689673722,
      154.7535437979886,
      140.49090563941226,
      130.2463101754076,
      116.17542857446401,
      101.4535319747059,
      91.09403330174783,
      90.38350885530528,
      85.3402743865131,
      89.22341381547844,
      88.86715146272228,
      91.43747682482393,
      90.19779206741889,
      85.18694803450025,
      98.00087204212299,
      117.54593218907436,
      131.17215868469424,
      139.14248499092494,
      154.03663731198557,
      168.444516936321,
      90.77540493727267,
      103.6129142548504
    ],
    "knee_angle_front": [
      181.33708851571907,
      177.35071659618876,
      179.74278265717328,
      183.51796818811187,
      179.20506953340913,
      177.89891429607516,
      181.87182541624787,
      180.29727655276426,
      167.24480683641224,
      157.02136738459964,
      140.15915025595672,
      129.07748985115205,
      114.71163999885454,
      100.44347040849497,
      89.12896485979675,
      92.71960187645256,
      89.06121062950834,
      93.04475205040363,
      88.99887794654836,
      92.29034927609757,
      92.71053258398032,
      89.82197938396787,
      102.60016743223997,
      114.59170924769589,
      127.13779080988259,
      143.0745687402626,
      152.57130112191984,
      164.9709989695732,
      88.64627729027181,
      101.96334038434259
    ],
    "hip_angle_back": [
      179.4396932004011,
      178.15517920349194,
      179.89857757232264,
      179.91446651671785,
      179.92057855360568,
      185.00125984675682,
      177.3243879357924,
      178.08761996443303,
      180.21614859430025,
      179.37395848918138,
      182.3992742807767,
      179.89530431049198,
      179.31502759924336,
      177.1294823363891,
      181.56197065692933,
      180.16665176970142,
      178.9520189156613,
      180.93654326487655,
      180.6044564748136,
      178.9838381040354,
      177.7532040916439,
      183.07379488914958,
      180.27643469007728,
      182.6092801936055,
      180.60828098820423,
      182.69890252142272,
      180.09630953990722,
      182.91657742486765,
      177.75746186105135,
      180.4376155136786
    ],
    "knee_angle_back": [
      176.19161869873957,
      180.1154839488044,
      180.7172377980268,
      177.47868217801349,
      180.28407702948837,
      179.86206073193145,
      178.99428367273435,
      180.86836059579556,
      167.51311384831985,
      157.3898186461995,
      138.18583110180612,
      126.53991874644021,
      115.1422251048362,
      99.50442513461398,
      87.84994939522373,
      90.94824061047201,
      89.46018148087465,
      87.32902691175006,
      86.48306169715225,
      93.6053412868225,
      89.46861725324129,
      89.1521797443297,
      103.56869610723312,
      117.72137752854347,
      130.53843513621663,
      143.8472204170349,
      152.44985266348723,
      164.44925066059344,
      90.24144206045703,
      101.30840422245872
    ],
    "back_angle": [
      -1.6892640403988415,
      -0.7755740022158712,
      2.648014850842734,
      2.1599194431516464,
      -1.8395063118586144,
      -2.8535503575215357,
      -2.551620923517834,
      -0.1795529153455123,
      0.218865386169087,
      -1.9998633143639861,
      2.337676639397706,
      0.9032464310255724,
      5.0429530524967605,
      -1.3326689982721998,
      -0.4572027166575582,
      2.243392493215349,
      -0.7249739238944874,
      -0.34692702063764014,
      0.18058820638622514,
      -1.1953466459776811,
      0.6680224298989432,
      -1.032881540737478,
      4.046602982947906,
      -3.7350458942307787,
      -1.815787216784167,
      -2.907315507587809,
      0.6080185371302154,
      -3.4197681201191337,
      1.913975825200474,
      1.9943166221741888
    ]
  },
  "num_frames": 30
}