{
  "exercise_type": "bench_press",
  "form_score": 90.5010738079886,
  "form_quality": "excellent",
  "risk_factors": [],
  "recommendations": [],
  "joint_angles": {
    "shoulder_angle": [
      89.24871785883498,
      93.49118295652629,
      87.05257030032311,
      90.88713592966482,
      90.74000369990091,
      88.7969112070485,
      87.00440844349912,
      86.91719225516292,
      90.17212319124968,
      87.17563720849314,
      92.50694277993843,
      90.66014594223537,
      91.96177662542077,
      87.55184515819211,
      93.96083438318401,
      89.76317031719027,
      93.11097109912815,
      90.11537391558204,
      89.48047772119985,
      89.7921235930796,
      90.46356882746674,
      88.82650380684436,
      91.68007912909097,
      89.17844750212981,
      87.6096033575351,
      87.077813856656,
      88.29601225565371,
      90.30119639574087,
      92.87733937576863,
      86.76479007874524
    ],
    "elbow_angle": [
      88.78141748898959,
      88.59272904887962,
      86.1417583240799,
      79.85900581138931,
      76.47375834576417,
      75.89622731427893,
      75.53710181556126,
      68.20730699753145,
      68.1737463227275,
      66.07482988126488,
      58.953786849406654,
      56.984530068893804,
      51.92216862511688,
      52.870131516677866,
      46.37367700636147,
      43.84503957270211,
      49.07649436392047,
      52.70971754670007,
      51.838035398532455,
      59.15498646661915,
      59.133766539384524,
      68.18647369027495,
      65.54950781198757,
      66.85167465953707,
      71.06582024240491,
      74.82108823345672,
      76.48101797950231,
      78.68705870470446,
      83.53836207365359,
      86.72300696498849
    ],
    "wrist_angle": [
      178.9147261148002,
      180.03619971134472,
      182.15419901251943,
      177.4651634355347,
      179.31295482042492,
      174.6043187941661,
      180.49654048819787,
      180.16137261588938,
      180.9728269377496,
      177.15956776259546,
      178.59918014017,
      175.00647369283982,
      184.15379572760475,
      178.29333940508897,
      179.32929053769612,
      180.04562163833603,
      180.97726474385772,
      183.05192686660965,
      179.1186029622168,
      179.59807955434934,
      177.64773427279192,
      179.96370293715344,
      180.21926677993523,
      180.0590329596011,
      181.767545216873,
      181.65327358464268,
      179.28685602141604,
      175.20622950213735,
      178.2670277386704,
      179.88193906484724
    ],
    "back_angle": [
      -1.795752502057693,
      1.3591386332496662,
      -2.433172764483785,
      0.19049810994910502,
      -1.373001496834388,
      2.910926309969472,
      2.5370459249168213,
      -0.11620617036747957,
      3.6054275241401808,
      2.687390272121637,
      4.717966845275537,
      -0.9498412853304273,
      1.696811552312915,
      1.5070908334834243,
      -2.556126857368084,
      3.42003873409916,
      -2.116477161907293,
      -0.75718792937332,
      -2.4671065210453844,
      0.19046764856070028,
      3.840363610664582,
      1.3833718666206598,
      -4.607251692440235,
      3.189090670379322,
      0.003029954074975832,
      0.4627767262283541,
      0.13378558444990324,
      -0.5722111247964762,
      0.7979625839760037,
      -2.8316189436447727
    ],
    "hip_angle": [
      91.81461611600298,
      89.35704465936821,
      91.11357827416074,
      91.8132002203367,
      87.81817189357704,
      90.38455673364264,
      87.73567251027617,
      89.14376394424998,
      90.45236294749863,
      89.70726072482876,
      93.02671928010496,
      91.73634599434466,
      91.02329694623042,
      88.46596083472927,
      87.78878756171758,
      93.04765831816536,
      90.63914723442232,
      89.35399678270853,
      89.92460289698498,
      90.05899018323427,
      89.41535505158373,
      88.35563704450762,
      90.03542149954393,
      90.10308343934534,
      89.296583765907,
      89.22210417777174,
      88.37367817977253,
      89.94742529967638,
      90.5075120633863,
      98.59133484515326
    ]
  },
  "num_frames": 30
}