{
  "exercise_type": "lunge",
  "form_score": 70.62679895772685,
  "form_quality": "fair",
  "risk_factors": [
    "moderate_forward_lean",
    "minor_form_deviation"
  ],
  "recommendations": [],
  "joint_angles": {
    "hip_angle_front": [
      180.99365809356874,
      179.46860304524,
      183.23321068389305,
      180.17141771538985,
      182.40697095303682,
      176.8954493820928,
      181.3758839537934,
      181.52958133516586,
      162.74481667434833,
      157.2429570294324,
      141.56097715982338,
      131.19346067122484,
      117.05261194356123,
      102.1324842968154,
      90.09727651453514,
      90.4316786773934,
      91.0115521901633,
      90.99936685315201,
      88.56299607440727,
      90.02671435509728,
      88.39171825764828,
      87.76938617706139,
      106.50753699564025,
      117.29837495739163,
      124.29327623358913,
      141.68914339146883,
      157.05665462478964,
      163.69691463931557,
      88.87013896111428,
      104.50037730437695
    ],
    "knee_angle_front": [
      177.06809425830443,
      178.3102172189125,
      182.496527819649,
      179.09939916618802,
      179.87226728672823,
      177.60233997625673,
      176.2324939289728,
      176.6900942897233,
      167.02609276022702,
      152.56515089776994,
      139.49240552390253,
      129.6419149277358,
      120.04176084566198,
      103.24560516959318,
      89.1740877324562,
      87.37214059823584,
      88.91953845649938,
      87.31667005783693,
      86.24521769423123,
      90.59836248743395,
      89.82932332312602,
      90.42232515367411,
      104.91233651241346,
      114.64006550714822,
      125.74581568417503,
      145.3154964600011,
      154.53560142611008,
      168.84803375704752,
      89.38433361337333,
      105.1834311287872
    ],
    "hip_angle_back": [
      181.13568860890135,
      181.63009390352994,
      177.8287209320624,
      179.36297245333878,
      178.4073339415529,
      184.64760190622775,
      181.56443432425326,
      178.67285160068457,
      180.09688794710888,
      183.94842166269106,
      180.56543502939834,
      180.7653327635026,
      179.53363967380471,
      177.47994746415984,
      185.02799221700593,
      178.52674849724553,
      180.00751287045057,
      184.06116868491105,
      182.28413373808823,
      181.43768733837106,
      179.29081557324542,
      183.16338580346118,
      178.3632652487274,
      180.15139657259724,
      179.46329402295268,
      178.38642920648365,
      181.00868056517524,
      178.908056422705,
      180.33513114433705,
      180.9885852347544
    ],
    "knee_angle_back": [
      178.2405441621726,
      184.44636997740704,
      181.11018515833712,
      178.0829786856635,
      178.78100284001974,
      179.00602752134054,
      176.4624819411347,
      181.26997479416434,
      164.94498671797106,
      155.32503309629783,
      142.83671106691193,
      127.40409291475552,
      114.44913848861295,
      102.50720457037629,
      88.1517763560379,
      85.17636670613238,
      91.6327150826674,
      87.81334990591843,
      92.19768433681283,
      89.5703899643637,
      89.33970053215121,
      91.84977867265918,
      101.04984190770485,
      114.79024589816412,
      130.25221157191922,
      141.11856409516795,
      152.01537304291855,
      168.21268754380216,
      87.47219562067386,
      105.43709462464201
    ],
    "back_angle": [
      8.33010853984451,
      6.5881253483366615,
      7.707023987040877,
      15.120670692855375,
      7.159138599904523,
      15.102693095454155,
      16.71607742859171,
      15.754599010529812,
      12.4110633483479,
      12.428318933320629,
      10.114032816739325,
      7.786525436737412,
      11.749167107920822,
      8.042036918310965,
      11.603705645754555,
      12.01525293328805,
      7.505446909873701,
      7.3391855285525605,
      11.401215482864515,
      14.412466646116505,
      10.174738066460298,
      6.154815739178478,
      12.191951233792217,
      10.05869321988194,
      15.299136169167033,
      7.575364929602069,
      11.995401638765092,
      11.887300037216797,
      10.414988167444154,
      7.158264992205549
    ]
  },
  "num_frames": 30
}