{
  "exercise_type": "deadlift",
  "form_score": 69.34010411725043,
  "form_quality": "fair",
  "risk_factors": [
    "moderate_forward_lean",
    "minor_form_deviation"
  ],
  "recommendations": [],
  "joint_angles": {
    "hip_angle": [
      45.11502380057161,
      44.128884745273986,
      45.42701366324172,
      42.643191912237874,
      41.36567692988732,
      43.68505269173957,
      46.218654680632945,
      44.52981475981918,
      45.51135497396412,
      43.149794178404484,
      43.71823013584316,
      59.18155367130217,
      69.90603529179512,
      84.57977146081491,
      97.58063338896696,
      110.33712811661628,
      128.1529215620158,
      141.58322820408785,
      153.97357954266337,
      163.7202462357062,
      178.63405415643882,
      165.85325154899965,
      155.83297963760572,
      142.47708931720524,
      127.10540184590185,
      113.96636775868845,
      100.1096894295927,
      85.5799762639705,
      70.66942359221775,
      59.82780319656632
    ],
    "knee_angle": [
      93.0499330250633,
      88.40113922923985,
      86.34771865909161,
      87.59164171089316,
      92.0813971195911,
      91.46318260453201,
      90.10034311242526,
      88.69455749566313,
      90.34026619338108,
      86.20018430889809,
      90.17086249779237,
      100.08083154028797,
      108.30264938404734,
      116.10645666726398,
      125.04972382122442,
      132.0554686505701,
      145.1585091199861,
      152.84597613357857,
      163.59029932068762,
      173.77025469633423,
      180.2057923228368,
      172.9586975440886,
      160.9918770501183,
      154.13516130243516,
      143.23798321596118,
      137.42582615345503,
      125.63824586954894,
      118.59134277840742,
      107.53427785983747,
      98.50622082342637
    ],
    "ankle_angle": [
      90.06299799941685,
      90.19278725981488,
      87.72862794819112,
      89.73064304323785,
      86.1431566753868,
      91.72783837120087,
      86.76281454437245,
      90.59968317406309,
      92.87385863842253,
      89.54531010063408,
      89.1493461754052,
      90.24451640878974,
      88.05155111666065,
      92.58162333396665,
      89.17711604542714,
      88.89709765344818,
      90.42396185741165,
      87.62125584208441,
      89.6332886155234,
      91.72966470787993,
      89.49804157683708,
      87.8243240844006,
      93.5945926162793,
      91.63880748652691,
      87.47201064866691,
      92.59635493808945,
      88.47104787955222,
      88.30692432745451,
      89.38397868480388,
      90.7343308635566
    ],
    "back_angle": [
      13.812924536735736,
      14.61190746786466,
      12.053224946236442,
      18.196933135973673,
      17.587898685306655,
      12.408398157318393,
      19.108536184588885,
      10.269675214672821,
      13.01378540732947,
      12.3710315260137,
      20.756447393536764,
      14.621425318611283,
      10.596183822418217,
      11.418997554988197,
      9.055731074831545,
      9.499514017529656,
      9.171211923893551,
      17.944845954628054,
      14.541100886706317,
      16.801880170187665,
      11.304351099755216,
      19.882839027159875,
      20.859803940015432,
      12.552919616199667,
      16.66545246390191,
      12.980223498906186,
      9.435319419789185,
      11.41801109318212,
      13.520466297622823,
      16.48050509845982
    ],
    "shoulder_angle": [
      90.72130348554298,
      90.3008785564202,
      89.55740535933764,
      89.1912445496391,
      89.33076268852811,
      92.24006447291245,
      89.84387826592224,
      90.01653842529527,
      84.51142970777215,
      89.55947676671182,
      89.53078063051807,
      87.29743751468177,
      92.84327258154208,
      90.39046822002648,
      96.81549929439548,
      91.0411298351083,
      91.46452678974084,
      89.47276726378409,
      91.01099659678532,
      95.30143875245949,
      91.72695133092917,
      87.2766951385313,
      89.30492937090307,
      89.8237308158309,
      89.19637090289419,
      91.03116007182118,
      91.20302663220937,
      91.15655917580753,
      89.33978199697684,
      90.18953863313996
    ]
  },
  "num_frames": 30
}