{
  "exercise_type": "lunge",
  "form_score": 44.94029233310323,
  "form_quality": "poor",
  "risk_factors": [
    "excessive_forward_lean",
    "knee_valgus",
    "insufficient_depth"
  ],
  "recommendations": [
    "Keep your chest up and maintain a neutral spine",
    "Push your knees outward to prevent inward collapse",
    "Descend until thighs are parallel to the ground"
  ],
  "joint_angles": {
    "hip_angle_front": [
      180.73096213670726,
      180.62142334052425,
      175.78155166970612,
      179.87276116767865,
      180.76366159600607,
      176.9541068016758,
      182.86835709958618,
      178.68685615300433,
      167.77851277263483,
      152.84414471444697,
      144.9895167350275,
      128.04868493509107,
      116.05077900580662,
      102.29309611870677,
      86.90847226887047,
      93.61773712404369,
      86.74674010242293,
      95.86915176297119,
      91.42511017030637,
      90.04422862871117,
      91.08402272218102,
      90.16589777479146,
      103.09236334430749,
      114.60681948132769,
      127.87652196653207,
      141.1545530844903,
      152.63833562137205,
      170.49239485726093,
      89.66094149507825,
      103.51199187600562
    ],
    "knee_angle_front": [
      157.9121930876643,
      158.6478763490254,
      165.69670435032123,
      169.56620212432878,
      168.87042398774398,
      167.293340457103,
      162.52417467500445,
      165.45563174809396,
      156.00090768382003,
      135.44394850295188,
      128.84705414325427,
      114.68304728314098,
      100.48823464092449,
      85.81103552316685,
      82.80469614972857,
      73.7352707775041,
      69.92578295457,
      81.05340581232653,
      77.0089831840844,
      77.66282085030478,
      72.47010184106816,
      72.91234772369211,
      89.10845358307796,
      103.76950558513586,
      114.50041494775787,
      126.83407176360707,
      140.95148870946332,
      149.22823744839388,
      75.22748442047146,
      87.57671808168477
    ],
    "hip_angle_back": [
      178.95458120397345,
      183.08380961560945,
      184.12439866560214,
      180.02517995224218,
      182.68168302535037,
      178.56560304722467,
      179.41570740639588,
      181.28395395052038,
      178.47460214897865,
      178.32877555504123,
      184.34012450308336,
      177.72368955768255,
      181.6379909066298,
      180.04823268259304,
      180.92943537580447,
      179.09894638315356,
      179.86034058839434,
      182.18913829884917,
      181.91264630664094,
      178.2034703690609,
      179.22884929636024,
      177.9944264038482,
      173.92279156487388,
      179.18626873500907,
      180.84557244165887,
      176.88313674244276,
      178.96427660820174,
      181.5457759034561,
      182.37897778020184,
      180.8524398382295
    ],
    "knee_angle_back": [
      182.5556919898136,
      180.75852341575998,
      183.0935102845612,
      179.82885583893983,
      180.67163498293874,
      178.3313138987401,
      179.92256922928252,
      183.3494830927958,
      166.79714357778806,
      156.75962894039765,
      141.48291579375066,
      134.20173875831804,
      116.69824906038289,
      100.20470566030497,
      90.98382391724394,
      90.71523720978364,
      91.70406745098215,
      90.12789507384814,
      89.80613743296934,
      93.03060229888776,
      91.58626352164576,
      89.3517738844864,
      102.37356642463067,
      113.37396761994421,
      132.45774241047533,
      143.0603658857664,
      154.10147568324095,
      168.4177601246611,
      92.6589112457952,
      104.64878369560509
    ],
    "back_angle": [
      21.367485526697745,
      19.350309534511606,
      14.89419098680535,
      21.508629017582845,
      31.19636750978796,
      20.080150984546087,
      17.147376117754963,
      28.106265520240285,
      27.86632617769377,
      14.9140423735156,
      28.002812900330984,
      18.38291058278887,
      29.116449353815998,
      18.707225742951955,
      23.843911725058806,
      26.89585839913276,
      28.4280664460448,
      25.44376021296424,
      17.73249425614667,
      21.933138038386033,
      23.936390842440794,
      26.48470970211408,
      15.72726487717504,
      25.007227229804833,
      21.74662534386612,
      22.56819916877941,
      21.755434892000935,
      27.432181696933878,
      28.205546661499742,
      12.847592847201838
    ]
  },
  "num_frames": 30
}