{
  "exercise_type": "squat",
  "form_score": 85.77761911872514,
  "form_quality": "good",
  "risk_factors": [],
  "recommendations": [],
  "joint_angles": {
    "hip_angle": [
      179.3440504913863,
      175.7674782209936,
      181.92275779064985,
      176.74158338276354,
      180.63835795266914,
      179.82740306532676,
      178.83279266353213,
      178.95018897302475,
      169.52607753155144,
      154.67000317825185,
      141.00469596383866,
      124.60384222790267,
      116.61061206006768,
      101.32732929526223,
      89.22567597834822,
      90.25268543730941,
      92.72705883993609,
      89.3628318049119,
      87.32849051937133,
      92.17145232296977,
      91.68524065327175,
      91.90947571297838,
      102.53883902494826,
      114.76639709647587,
      131.97544244383008,
      138.30146092171012,
      158.4704934200104,
      167.23702810815726,
      88.53006041866344,
      99.73513372975651
    ],
    "knee_angle": [
      176.83591234150776,
      179.23969650694352,
      178.45629613085774,
      182.36227449018466,
      182.99712899552276,
      179.9344829445725,
      174.91544985518405,
      177.51163500084965,
      166.73825149993456,
      154.34605573034733,
      141.24469804752755,
      129.93900795373207,
      121.11945298762936,
      102.37527726840602,
      90.81599105624267,
      89.85841669638761,
      90.47165867658984,
      91.99476667287982,
      85.5458193507111,
      91.07408992261004,
      93.04260552615484,
      90.58981746062199,
      102.03280208278322,
      116.90952645853132,
      124.96101454759494,
      138.17678829931737,
      155.82546004093325,
      170.132493982819,
      91.52504451369094,
      103.56562564619605
    ],
    "ankle_angle": [
      89.93331043216216,
      90.41489596600631,
      88.08358817572021,
      91.148141337364,
      91.98723951941545,
      88.32032625102963,
      88.55606309946214,
      92.26447954285608,
      87.30744983897243,
      85.1236643941212,
      83.79606926122874,
      77.48344263841939,
      74.45530271202047,
      69.90682279206693,
      69.44472235466738,
      73.17223255274823,
      68.1952824233807,
      71.44476621494557,
      72.32922064700853,
      68.75473766830932,
      69.4242528093085,
      68.13294001122303,
      75.18827692959789,
      73.91383576664326,
      79.70502323640459,
      79.77526203980716,
      86.6768960904666,
      90.41017067885477,
      74.08623201079372,
      74.80888633558469
    ],
    "back_angle": [
      3.9606756580952647,
      6.064516576519149,
      0.7358940786849448,
      1.0192744393564488,
      2.38015298978793,
      5.447719762221963,
      6.535849027762458,
      4.566932724902088,
      -0.764607769507605,
      3.138212440340115,
      0.13237502382365784,
      -1.4397302404316792,
      0.3860921383843565,
      0.4573751051390331,
      4.082372698132412,
      4.23868261549959,
      -0.5264882689282534,
      0.38690324426011635,
      0.05924052024738424,
      5.5715851122416336,
      3.371309717834904,
      3.4372050176581923,
      0.4260930048345813,
      4.301465009509435,
      7.0380245979296285,
      -0.12648615866118307,
      4.926728371772178,
      3.1064997651553075,
      2.7193125510808196,
      -1.6434513522620158
    ],
    "shoulder_angle": [
      43.875474167887404,
      43.63959301045211,
      47.18438591602774,
      42.84978102856492,
      47.69055265704828,
      43.46241162300822,
      44.87170972349443,
      46.09793964774213,
      43.82982299634886,
      44.262435673487715,
      43.23644329716938,
      46.07368987723857,
      44.3587685808554,
      45.5621556604127,
      45.235464500839676,
      43.35560820798843,
      45.82320878946202,
      40.52874718320789,
      42.27080237686007,
      44.08433568721199,
      46.441862875787976,
      42.74334796036016,
      46.87256430948951,
      48.146753831304274,
      45.329782664172825,
      43.7154132520877,
      45.30029343176342,
      46.27675381241924,
      40.21185136637818,
      44.325006462147606
    ]
  },
  "num_frames": 30
}