{
  "exercise_type": "deadlift",
  "form_score": 72.84448284000311,
  "form_quality": "fair",
  "risk_factors": [
    "moderate_forward_lean",
    "minor_form_deviation"
  ],
  "recommendations": [],
  "joint_angles": {
    "hip_angle": [
      43.322179609461664,
      44.50056934386435,
      44.88706851057993,
      45.34330518617618,
      46.94111349610236,
      45.696433801807125,
      45.96983800022901,
      43.77335999431873,
      42.17844326229264,
      45.87748303828337,
      42.828251985391624,
      60.7240105896674,
      72.96281489506863,
      89.55919295135524,
      102.70446686728708,
      111.41328235728488,
      129.77320980703658,
      138.3665500098436,
      151.90400812282218,
      164.68033826450258,
      179.18782534429826,
      165.90379242563864,
      153.9929237856594,
      140.18805929383117,
      125.57991937775783,
      113.59607447456712,
      98.47787989830991,
      87.87950129133779,
      71.77142923453026,
      55.87605709498349
    ],
    "knee_angle": [
      91.2269268082108,
      91.30486807366117,
      88.41705872107973,
      89.59789432185404,
      90.34820417649689,
      88.55911453604578,
      91.54724146657036,
      91.84363437512921,
      90.5871362575068,
      91.2402381843252,
      88.66229873502424,
      99.71018124117327,
      109.20116604079797,
      116.38363712033791,
      127.49469328373246,
      137.44112812396892,
      145.05513276437574,
      153.44692231672272,
      160.9512519022666,
      169.26507624434723,
      181.16294788509853,
      173.1388318245116,
      165.14022689124323,
      151.3545779762539,
      144.1990664856284,
      136.02944948310892,
      120.33628401582041,
      116.72950448155774,
      107.54311617821354,
      95.95761868096149
    ],
    "ankle_angle": [
      91.99741829510441,
      90.6627476175235,
      89.11731560201156,
      90.89476549550992,
      91.07627113395321,
      92.66779872708801,
      91.24032029919732,
      92.80277709864318,
      86.38117125422188,
      87.93637846354761,
      90.7848546507579,
      88.65476202706903,
      89.8846703788305,
      91.70997088019848,
      94.85439611434116,
      93.43980464302949,
      89.50342080067624,
      93.08803735118292,
      91.19511755152674,
      90.37854106137834,
      92.50363424927428,
      87.79343614124011,
      88.28788395796461,
      88.27058447511018,
      90.69219235801879,
      86.07708356011106,
      91.04912484329913,
      88.9315344916874,
      91.76361494004644,
      90.63475251357127
    ],
    "back_angle": [
      10.160610138349325,
      17.799706208625704,
      12.60872497039171,
      12.245605073312984,
      18.17516386499034,
      11.175560274544178,
      13.110130774108063,
      16.055821111185423,
      18.88729647187104,
      16.53163994106614,
      16.725527085092963,
      14.825748399172888,
      14.575091461487128,
      10.99468344579152,
      21.092391402953385,
      13.823780655216561,
      13.457734023943768,
      10.798677524741633,
      14.24915391697977,
      20.38671811793048,
      23.469257287394395,
      15.006755256670337,
      12.193705194446217,
      11.457688116497547,
      9.112959096764348,
      10.845302679486167,
      15.981614704904768,
      16.768927369167113,
      16.244244530250295,
      11.30078560624037
    ],
    "shoulder_angle": [
      90.20798783507787,
      91.88124089780183,
      88.03431937517279,
      88.48264376003219,
      88.21552650508185,
      88.748496642728,
      90.7363185319482,
      91.03098224973415,
      91.56308859906096,
      90.76617244469331,
      92.56276123245432,
      89.37766162799575,
      87.26046083686722,
      85.57994878048602,
      89.8942996792026,
      91.6306016017856,
      88.53823421248467,
      88.42248060679978,
      91.73793157902576,
      92.18187271216685,
      91.04398882309432,
      91.52206323294416,
      88.79855733919382,
      90.7223826042863,
      90.91331302500379,
      87.18890044491849,
      88.65745902241758,
      90.74760201752711,
      89.02216137847476,
      91.35572858749917
    ]
  },
  "num_frames": 30
}