{
  "exercise_type": "bench_press",
  "form_score": 52.386545022212104,
  "form_quality": "poor",
  "risk_factors": [
    "excessive_forward_lean",
    "knee_valgus",
    "insufficient_depth"
  ],
  "recommendations": [
    "Keep your chest up and maintain a neutral spine",
    "Push your knees outward to prevent inward collapse",
    "Descend until thighs are parallel to the ground"
  ],
  "joint_angles": {
    "shoulder_angle": [
      87.18353047875829,
      88.93138234317281,
      92.2066758598161,
      89.80932878128077,
      88.57847568126654,
      90.44733539266795,
      91.56422242569069,
      94.01634644320248,
      87.6593318007167,
      87.62402845876134,
      92.37044577620425,
      90.35216320234976,
      91.15939158982113,
      91.83468478532969,
      86.98056584505734,
      89.2931717394622,
      91.184844824267,
      92.07353449676962,
      89.99369201701823,
      88.77790677877975,
      89.82870448227983,
      88.78106286926683,
      89.9009631303353,
      94.13352788432597,
      87.8861297223964,
      89.99739742845256,
      92.68032390419967,
      92.81775228871555,
      90.0603006302768,
      91.702422594707
    ],
    "elbow_angle": [
      75.09078995069858,
      75.02849822484579,
      70.10103930899616,
      66.80441783556034,
      60.3892341071561,
      60.201482349615965,
      57.01386464250474,
      49.91322322792444,
      56.70638467169489,
      42.30063243232343,
      45.28799187883666,
      47.18057093447398,
      36.98412148406697,
      34.472329715051,
      33.83632024323074,
      33.24513947780149,
      35.4469247696095,
      38.30108362901167,
      40.08266518137911,
      46.065873798134774,
      44.0928565513555,
      49.01228012970704,
      55.67557029637891,
      56.76273079113634,
      55.25569298781156,
      57.88234948196582,
      62.05929481377754,
      69.90131095705146,
      64.1196033809798,
      72.84207339060438
    ],
    "wrist_angle": [
      175.4577394748691,
      178.76289178178268,
      181.2717448503964,
      180.17706358986925,
      179.89064452019167,
      183.6574980940684,
      184.0470119383843,
      180.89923349741673,
      181.48918203587033,
      180.13276593756044,
      178.82276857688606,
      177.10602080180308,
      177.26276920314012,
      181.19910346457266,
      181.00535573276557,
      180.2523357641817,
      178.6848583141412,
      181.97634483762977,
      180.00848589858998,
      178.12019564912464,
      178.858092151457,
      182.94924507188188,
      182.29753301482393,
      181.55519432419555,
      179.40377705705092,
      181.33167350367845,
      179.91320137325425,
      181.40731061602816,
      180.1019392601221,
      180.62839475892386
    ],
    "back_angle": [
      16.36785308785951,
      24.241233656247907,
      26.182962664594825,
      26.49445993775119,
      24.600219615284352,
      24.514710431073972,
      30.641381967586668,
      24.874009436189823,
      23.743017637074477,
      18.283485207536835,
      27.31466548120278,
      27.83853542060096,
      21.87471631943982,
      24.700530019248905,
      28.360811781014267,
      30.965420539995048,
      29.151170006868792,
      26.13684799052948,
      28.803660489285996,
      26.51542921282391,
      18.164198736445904,
      18.035207435747495,
      25.555591352998142,
      26.329816427139853,
      14.271661631649913,
      21.182868671607515,
      15.76039520500589,
      27.642931086532986,
      14.946254071044207,
      21.28939430109044
    ],
    "hip_angle": [
      88.68799701967639,
      91.53801749698624,
      90.68444785046314,
      90.3717839194853,
      89.62945800149161,
      89.59181295131206,
      89.79798392590638,
      88.81551429666348,
      86.84190170124988,
      88.45380762119422,
      89.29887447347015,
      87.53894895944536,
      89.42911797968634,
      91.41430507193321,
      91.05991242407256,
      89.5346346612358,
      87.20692017456913,
      88.24672778614493,
      88.61959216757228,
      90.6040380160447,
      91.07956424583874,
      90.4422248439969,
      90.07474407483149,
      90.04138347247873,
      88.11631984711416,
      91.56238175917306,
      92.97924844669146,
      88.62884719996875,
      85.58914467582471,
      90.99338430339606
    ]
  },
  "num_frames": 30
}