{
  "exercise_type": "deadlift",
  "form_score": 48.78264657077302,
  "form_quality": "poor",
  "risk_factors": [
    "excessive_forward_lean",
    "knee_valgus",
    "insufficient_depth"
  ],
  "recommendations": [
    "Keep your chest up and maintain a neutral spine",
    "Push your knees outward to prevent inward collapse",
    "Descend until thighs are parallel to the ground"
  ],
  "joint_angles": {
    "hip_angle": [
      43.13953967082871,
      42.79503771433572,
      42.549324504719756,
      43.973466392769396,
      41.53715838577484,
      48.77993294195308,
      45.85426444621954,
      43.25000235638227,
      46.469629833680294,
      44.307200421640474,
      41.304478065443256,
      57.05656904928086,
      74.98787814889774,
      85.05741555186647,
      98.42720588571538,
      113.9026923035763,
      125.7317618429893,
      138.57586190384063,
      153.18978488120584,
      167.5916104496043,
      182.91567080729195,
      165.2629797150233,
      154.86019098827913,
      138.4792902725662,
      128.62063821273063,
      111.16832301104165,
      98.57754677675045,
      85.32282172677782,
      74.50749616675171,
      56.600590897108816
    ],
    "knee_angle": [
      92.75160630149495,
      87.36720816052406,
      89.43048915748375,
      91.5275449235653,
      89.17699551171135,
      87.1229413676706,
      90.29667058659433,
      88.40181725962017,
      90.47202232530559,
      88.90137442495369,
      90.4449140887138,
      100.60159893138393,
      106.57782339282178,
      118.5207868002215,
      125.95750947267022,
      136.78734502664256,
      145.94889361316731,
      154.35741385750987,
      162.0549212961553,
      168.71167313070006,
      180.1916662656763,
      171.257221966,
      161.00437595556954,
      152.1786415531312,
      146.3421180813896,
      134.70051439599467,
      127.05683073340349,
      116.35262849143929,
      108.31965798696056,
      101.97656641976367
    ],
    "ankle_angle": [
      92.07128245505368,
      86.93911278012412,
      92.62557123702933,
      91.20563120487425,
      90.77960720986559,
      89.69736299533747,
      87.02448864124055,
      92.847609996882,
      92.3824019599584,
      93.77238225982035,
      91.35412961527958,
      93.37742900311689,
      89.286069545995,
      88.97158793322188,
      91.29024018793888,
      89.46310233093713,
      88.76032797958672,
      90.06474161621345,
      89.75205074700054,
      92.43810875726672,
      90.39859711667108,
      90.22651711071089,
      90.07653888607581,
      90.00933366687042,
      90.74157415906618,
      89.64783353245751,
      91.08803646149535,
      90.71836056817497,
      88.55857629215997,
      94.08569343382402
    ],
    "back_angle": [
      33.10617529135338,
      30.917762277089384,
      36.813817934575795,
      41.14655499794129,
      20.268868375362587,
      30.961120181510214,
      33.30824487358887,
      20.983681731169277,
      28.581405197955913,
      36.48383241535352,
      18.799459901590136,
      38.6973540918128,
      32.578835804980066,
      34.274891937276294,
      24.11664756769664,
      29.988969540673562,
      34.40834956929247,
      37.23284658251268,
      24.47461937966791,
      37.30711533162183,
      30.49548140132611,
      40.504464060544244,
      25.279845931557244,
      20.783641097233527,
      27.21495169518079,
      22.811728277333025,
      23.87634661215396,
      19.22652002914193,
      31.70869434131933,
      29.831521020602256
    ],
    "shoulder_angle": [
      86.86795626846121,
      90.8573554486327,
      89.61451949861853,
      92.69796216372,
      91.76143503060212,
      92.64243692477065,
      90.47148023222218,
      91.02273427397556,
      87.73183441750032,
      87.50068038336654,
      91.53307044391892,
      92.7274403932568,
      88.95711145734826,
      86.3555200553966,
      87.74611517923539,
      91.96009369155264,
      90.56295249847189,
      89.2494571014497,
      88.53751924148942,
      91.1283202119995,
      91.40721622059813,
      88.85866036911828,
      89.150927911599,
      89.26489665169593,
      88.48445251346065,
      92.57158644007843,
      87.50420274466983,
      90.38545859931084,
      89.75539544124737,
      92.40559894115891
    ]
  },
  "num_frames": 30
}