{
  "exercise_type": "lunge",
  "form_score": 77.8051415706153,
  "form_quality": "good",
  "risk_factors": [],
  "recommendations": [],
  "joint_angles": {
    "hip_angle_front": [
      175.4116836387077,
      181.51262063797282,
      178.2683646433461,
      178.31465591121187,
      182.3520534560645,
      178.54833131194442,
      181.74914454035897,
      181.00308780979552,
      165.42294709659606,
      156.73057944000826,
      140.6388058316168,
      127.526455160815,
      117.30315596047296,
      103.98090626296703,
      88.44387997232397,
      88.72951859774086,
      90.96896103467517,
      91.53905575266621,
      92.83241466156709,
      90.07039454840117,
      92.38286582793789,
      85.55766339146894,
      101.89655438934865,
      115.23931770118475,
      128.052955139722,
      141.0449623141676,
      156.90749863603403,
      164.54670733685919,
      89.77989094560384,
      97.6521356866452
    ],
    "knee_angle_front": [
      183.03740943298106,
      179.78755206155654,
      179.59800291589787,
      179.9043189850552,
      180.25534289223074,
      174.3574718632123,
      178.8776782360226,
      182.3989448750912,
      168.8602980341323,
      153.81967749604075,
      143.44284323398304,
      128.18180292298877,
      111.53193691815392,
      104.33047632275212,
      89.0530142717242,
      91.37969464454184,
      90.53473518168498,
      89.50366971777406,
      89.7347760727692,
      90.09230122135688,
      90.78516181928578,
      87.20078596474836,
      102.2924846803908,
      115.43854337665786,
      125.38923887870119,
      143.4372983589668,
      155.0221666203535,
      168.9197936763872,
      88.68602848004545,
      99.61295713066337
    ],
    "hip_angle_back": [
      179.50579896600547,
      180.12947564698442,
      176.92929966081243,
      182.29395946792437,
      181.50758333928582,
      179.75302927261018,
      180.15135428010814,
      179.37079603583922,
      178.74157754175405,
      182.99810021073714,
      181.66932807541812,
      178.15801407402577,
      181.31136631866758,
      179.18920370869674,
      177.46753685491845,
      176.67162992938796,
      176.36625213548626,
      181.92539102141973,
      182.2450784372654,
      180.6120416165202,
      179.65861526682076,
      181.58006385067324,
      179.40381807449896,
      182.07115881042898,
      177.7037502722061,
      178.51181996378813,
      178.28549674712116,
      178.13511399071064,
      180.23826995184962,
      180.30064530343813
    ],
    "knee_angle_back": [
      179.70294259355762,
      180.67813892738045,
      180.19196489741088,
      177.4129454138241,
      181.551081041569,
      180.2705425923285,
      179.3343917288979,
      182.9769752346663,
      166.6420240426558,
      154.0087589717229,
      142.0400003865335,
      128.42323577577847,
      115.19113389166175,
      103.49171399384424,
      92.31106622196666,
      90.49276389358673,
      85.2051025951323,
      89.60978455766787,
      89.9800324320688,
      87.16730937582119,
      89.74967302555888,
      92.82661435134054,
      105.18091215161061,
      113.26528740367917,
      130.15988404752142,
      142.6667356566033,
      152.2878992242905,
      167.13188442315965,
      88.39847843931993,
      104.25604403957163
    ],
    "back_angle": [
      -1.0279164391982698,
      -0.34434053821870547,
      -1.3386191417310986,
      6.6538077945879115,
      2.0625697360968274,
      -1.6384183855793706,
      -0.5143680352948958,
      0.9111756157369864,
      -1.5333080231814984,
      -0.9661475586639553,
      -0.9493104072372337,
      1.0811693998421186,
      -1.5518402272106022,
      -1.746189344228329,
      2.8879967625647063,
      -1.4191519756068123,
      -2.580859889426555,
      -4.106671029358091,
      -0.9670895281236138,
      2.1220078970338494,
      -2.5182518951473134,
      0.05268702312374076,
      3.001753262874073,
      -0.6088277758267303,
      -0.82405905733959,
      -3.7256298507622816,
      0.7970615060041674,
      -1.0271465805396802,
      1.9845178467345268,
      1.182824937250992
    ]
  },
  "num_frames": 30
}