{
  "exercise_type": "squat",
  "form_score": 76.01708781950227,
  "form_quality": "good",
  "risk_factors": [],
  "recommendations": [],
  "joint_angles": {
    "hip_angle": [
      177.375257633745,
      177.46256714559092,
      181.10253141829767,
      181.4075814833834,
      177.43869506893313,
      180.99970047866807,
      182.41976496390356,
      178.07892301423436,
      165.32207440911483,
      156.28791783767196,
      135.5275425600061,
      129.47455357265338,
      117.80285024904677,
      100.3136944411183,
      87.06481830821154,
      88.35005124691793,
      87.3162423450315,
      88.02358751972623,
      92.66218380033426,
      89.69713831460531,
      86.50928156778309,
      91.73034552259114,
      104.16578760626992,
      116.39862939910239,
      126.64420661057234,
      142.92175649993015,
      153.46855850341154,
      165.2248063690626,
      90.85319377711136,
      103.62852415459334
    ],
    "knee_angle": [
      178.3591791536224,
      182.18824422203627,
      179.3384887662926,
      179.38422136205313,
      179.36095771277502,
      182.2505614335467,
      178.57137904738937,
      185.49977352891224,
      168.8515601829321,
      154.77793908547648,
      138.60891841889656,
      132.20559495330247,
      115.5773838845219,
      101.5297834832068,
      91.17365262138854,
      91.14561648774514,
      94.69376003817516,
      92.86438876026493,
      89.88850467245578,
      89.19630379135025,
      89.04121450389174,
      88.05636274742447,
      99.62773058511793,
      119.69763506803099,
      127.60760114753761,
      138.8287344479057,
      155.80610093929457,
      163.38281481208566,
      92.58291204416668,
      101.62363958980103
    ],
    "ankle_angle": [
      90.06148166199917,
      89.87216256597159,
      95.71113424335357,
      91.53250625502382,
      92.63259993519199,
      86.12741271065201,
      87.51407737083618,
      89.40453956658659,
      81.61610379628456,
      84.81245704382198,
      82.86069242662509,
      79.82685718387764,
      79.26528235452254,
      71.45747010118231,
      70.23068119954554,
      72.292271370044,
      70.5512154425423,
      70.83865434738568,
      69.36595512608065,
      65.94668934400241,
      71.2747391018729,
      70.95959837029478,
      70.64840429755593,
      75.6492846039287,
      77.3774220533923,
      82.33146905122086,
      79.95006329849824,
      89.29380239346341,
      67.3182430820203,
      70.86839167996808
    ],
    "back_angle": [
      1.965718003943325,
      0.9367148453464795,
      6.642224155782937,
      2.2044500667461056,
      -1.2515401325077968,
      4.910139504319389,
      4.42167515781535,
      5.758508670392711,
      -0.16823815008795287,
      4.365215680364246,
      4.259223617433044,
      3.0957754337667627,
      1.8239784689877274,
      3.5391557153790205,
      2.2641489754987436,
      0.49732337746949173,
      -1.3038210915758568,
      1.1309726490729304,
      2.059723132021932,
      0.4957105875152066,
      1.6037038477727625,
      3.4953440107111633,
      6.468321097285715,
      2.393513689722034,
      2.633828490213522,
      -0.05067589966390407,
      3.3138809234948257,
      2.5113333570716816,
      2.0728149470505115,
      1.2118589115109994
    ],
    "shoulder_angle": [
      46.14735887376666,
      46.98243282418157,
      41.96119782899878,
      45.04473405110346,
      44.6174745481942,
      47.24184094649273,
      45.499051072607244,
      46.17895283599868,
      42.798060549281765,
      46.13690069959983,
      46.84781599157285,
      44.10928192970084,
      48.02918749347812,
      44.49919888098802,
      42.76607096039741,
      48.96735865282061,
      43.30088774594499,
      45.97799189563761,
      45.165543315154515,
      47.445496958507704,
      47.41883911558228,
      44.627628478842084,
      46.254904121380775,
      43.08701744707168,
      47.02241593121735,
      47.544329885625054,
      46.02648318400885,
      45.224069822060656,
      42.534052487281144,
      46.48185903771118
    ]
  },
  "num_frames": 30
}