{
  "exercise_type": "overhead_press",
  "form_score": 86.04462820794024,
  "form_quality": "good",
  "risk_factors": [],
  "recommendations": [],
  "joint_angles": {
    "shoulder_angle": [
      87.56204044991506,
      92.58133351402776,
      103.08436693819844,
      104.68321033550502,
      117.7239341809595,
      120.0208700051875,
      123.9583959167827,
      136.57336700170129,
      138.85092068454895,
      143.1631450173486,
      148.94579149052555,
      158.28765092132164,
      158.8055765572994,
      169.31189963511622,
      176.04085684438095,
      177.67753376268186,
      174.60562953142306,
      167.04100912547216,
      162.4130257344134,
      153.98493461526252,
      150.6576368885228,
      145.4948445512843,
      139.4177087610572,
      133.12731167940925,
      127.45279414164092,
      123.1895980088919,
      114.26016070873916,
      106.17117765251182,
      99.41307800061882,
      95.73749208500327
    ],
    "elbow_angle": [
      89.53017209420743,
      94.53095326652632,
      101.05615025439123,
      108.62044426266347,
      117.67010130928692,
      119.98122448118554,
      128.04031947516182,
      130.37149323093993,
      136.7045703757622,
      140.88218079889535,
      152.74483816110185,
      155.6093117726553,
      159.6058690933379,
      168.70122949146426,
      175.47549730625585,
      179.23498532252975,
      170.8576954201506,
      168.10269796427428,
      160.00115622517694,
      156.64198471059413,
      153.68084362877664,
      145.10800150465246,
      139.87890367806014,
      131.30919641884407,
      124.8692853474555,
      118.33690599832761,
      115.34869999822342,
      107.07504507015366,
      104.68030421954245,
      96.91536740955758
    ],
    "wrist_angle": [
      180.87008722740055,
      178.3289026514346,
      179.50550269811947,
      178.0995636321346,
      181.2147770321098,
      177.31910348202624,
      180.2841569692142,
      179.25879166295488,
      182.91352339245083,
      180.44578290250686,
      179.31467921324017,
      179.8208840289237,
      181.71133176737177,
      179.05485171568108,
      180.93317901224307,
      179.4119737353783,
      178.69963462996,
      180.46934961734988,
      181.24230726610972,
      179.9998770402,
      179.76780980034795,
      179.26011865083055,
      178.34444941422075,
      178.58134343846535,
      177.9880304764838,
      177.5862027295786,
      179.78891298786036,
      183.12142312512302,
      178.11044510634184,
      181.0470741847124
    ],
    "back_angle": [
      -1.2966561985433664,
      0.3644541317153452,
      -2.626312932987378,
      0.6240075833400545,
      -3.1281393211619717,
      -0.8856980684932968,
      1.0191516096676507,
      -1.7278621524936966,
      -1.6165879176283178,
      0.06075732052987556,
      -0.8570777929639255,
      0.8597722725893524,
      3.1864107382898927,
      0.3985879741313254,
      -3.2561053276649776,
      -2.6644605321946178,
      -0.9495385348554943,
      2.9341368162113515,
      1.0082081183932279,
      2.5191578015710245,
      -1.6456808112202232,
      -0.22493315016843346,
      -3.1126532223139387,
      -0.5730350310172934,
      0.8159928053038529,
      1.3039073331191096,
      1.906633919182497,
      -2.01084367017104,
      -1.4316489202040141,
      0.007060686298368048
    ],
    "hip_angle": [
      178.89844648136284,
      180.25553139597687,
      181.74296712933548,
      179.63104168415458,
      181.352331083372,
      178.28080043419538,
      180.808718476751,
      183.39337188659852,
      182.17760405403953,
      177.6510513944677,
      177.73882936725934,
      180.57879084416885,
      179.26832610325948,
      180.2448290914746,
      180.975120843174,
      179.0323500965466,
      177.98578978174544,
      177.53515368566866,
      180.83083949270156,
      176.09457562493463,
      179.5465206077915,
      179.1504341376687,
      179.10844310999,
      177.2989222932044,
      181.34182346954958,
      180.95888335535238,
      181.78784392723767,
      178.4147699525717,
      178.71382359694186,
      181.8499283327813
    ]
  },
  "num_frames": 30
}