{
  "exercise_type": "squat",
  "form_score": 62.38287470842275,
  "form_quality": "fair",
  "risk_factors": [
    "moderate_forward_lean",
    "minor_form_deviation"
  ],
  "recommendations": [],
  "joint_angles": {
    "hip_angle": [
      177.69447805965999,
      181.15034379603296,
      183.04458179973267,
      181.43760418334355,
      179.33551172628566,
      179.74757331677137,
      180.26470774026095,
      177.85224328234548,
      166.81195067428158,
      153.41097558972984,
      139.84018234045968,
      128.04694871201607,
      112.86137858009876,
      101.27102485357157,
      88.32853055676229,
      89.91576026093394,
      88.07621101680041,
      91.01222564865802,
      90.43936985773311,
      89.7033318733386,
      89.65317589982025,
      88.99464838317029,
      101.94993057920838,
      113.54058971839697,
      126.69527328025191,
      140.410133528369,
      155.33909385825126,
      164.8376113800885,
      93.26995302859918,
      102.52624357460401
    ],
    "knee_angle": [
      175.1123827855577,
      170.06312431683483,
      175.04362887526273,
      171.98000619799078,
      174.42938770780376,
      172.79305551091744,
      178.26956592231878,
      173.56690093009763,
      166.56674171387687,
      153.3890719322753,
      143.10217068817934,
      115.678595993488,
      114.58716192059704,
      102.46678353893299,
      87.0345673822223,
      81.78652233237717,
      84.6118085479957,
      84.89797707717446,
      80.77723971015598,
      80.3303161182729,
      87.7316642631997,
      80.96039630731215,
      98.36596856606245,
      115.38128121859613,
      119.65031270495321,
      138.22809362585596,
      150.76420591346823,
      157.8029927796256,
      82.85814345237925,
      102.20224454878871
    ],
    "ankle_angle": [
      91.06555298516471,
      92.22946206812657,
      90.75365696219897,
      88.29996315450269,
      87.89799534971111,
      89.83310376594137,
      90.16209492834602,
      89.39249064866388,
      87.05667647707111,
      81.32196557988638,
      82.11537373456054,
      75.3743106298342,
      77.41383369122461,
      73.80134626357226,
      68.27179602769394,
      70.30024022282475,
      70.9932074342259,
      68.29878350373461,
      66.66181804437835,
      69.48898975755161,
      69.02449728357779,
      71.06857274989372,
      73.77356920334879,
      76.15953334004182,
      79.36337763322382,
      82.8913725588029,
      82.55541757501086,
      89.83900327871973,
      70.2580672849452,
      70.05415420277954
    ],
    "back_angle": [
      15.586619096732624,
      12.46452819770264,
      12.97846435065292,
      5.898200633884865,
      7.674059652811797,
      10.530060161104794,
      11.735675824085886,
      15.366734449170206,
      10.903133158971086,
      10.647863169812975,
      9.613024446146767,
      13.408893638937892,
      7.382091263901627,
      4.380183697181938,
      12.390132989391033,
      8.205429408631872,
      6.438193286585387,
      4.6676048899584766,
      5.764878615784273,
      9.462674692882922,
      7.2010816795158465,
      12.071299185423184,
      7.448779014144511,
      11.713427840014667,
      14.383157866631771,
      7.566047164906053,
      3.7722083300413853,
      10.507237057015505,
      7.623284186111097,
      15.389212564706046
    ],
    "shoulder_angle": [
      44.483700763457975,
      45.837523332640465,
      46.07915461636054,
      44.15489290862365,
      46.43273359906396,
      45.24071251170308,
      45.43521690389228,
      46.34549879307778,
      42.06305002226362,
      41.342639587343754,
      46.36986173319813,
      43.5531012300562,
      45.827259615962454,
      42.56650601814047,
      45.09868468820878,
      44.91368704082728,
      45.9999453380045,
      43.575669968489926,
      46.87187832975011,
      43.6033652747812,
      48.6470534163853,
      43.223497538890705,
      41.689150190662666,
      48.09994970742522,
      42.16089066079484,
      45.06519893641021,
      48.09485099147875,
      45.528249692306495,
      45.704074001432126,
      45.3625161832786
    ]
  },
  "num_frames": 30
}