{
  "exercise_type": "bench_press",
  "form_score": 66.56521318255338,
  "form_quality": "fair",
  "risk_factors": [
    "moderate_forward_lean",
    "minor_form_deviation"
  ],
  "recommendations": [],
  "joint_angles": {
    "shoulder_angle": [
      87.29304256659022,
      90.1771825801127,
      89.72660547227757,
      90.1040614138565,
      91.68333153781262,
      90.82187789594136,
      91.72160058313067,
      91.44036645677028,
      88.53459090976057,
      90.71603020075815,
      89.26855511350854,
      91.20290924700218,
      90.20936438073144,
      91.60878136378288,
      91.2451777014926,
      92.07443449734133,
      87.77332936941536,
      91.87956973089258,
      92.09119498676418,
      90.97382837330983,
      91.60572128772343,
      89.92252708882135,
      84.86662687737183,
      92.98295409943495,
      89.35024683911621,
      92.79523826797231,
      90.63310163755774,
      88.43013511128382,
      91.80701527695221,
      92.53994614733793
    ],
    "elbow_angle": [
      79.31054385244164,
      79.57061596057443,
      81.14370716829062,
      71.3818978440293,
      76.11035902104065,
      77.26007845477388,
      68.66019849284206,
      61.958838364452525,
      66.38774272674917,
      57.419689777165416,
      50.34483403590106,
      57.333708971743846,
      54.51794535734935,
      44.46750628338596,
      46.179504539870585,
      35.44192643075111,
      39.864500826349754,
      48.62113261007884,
      52.61160479124535,
      48.03124290990699,
      61.338410101861676,
      55.414833612099876,
      56.72602623710376,
      63.35659969794849,
      68.08753701188712,
      72.77406801640794,
      66.94946525537193,
      78.46555606040958,
      77.6287361690015,
      85.79126801904229
    ],
    "wrist_angle": [
      177.49107241484148,
      180.91021770457718,
      180.03887103549522,
      179.65274513022905,
      176.3527293907547,
      183.63544940331872,
      179.40259161888235,
      182.23321176240174,
      178.44327686147858,
      176.66168901231364,
      179.1443925704402,
      179.6309447506156,
      183.1590379784721,
      180.57150297741688,
      179.25225180406653,
      178.0146886021551,
      180.43562889872666,
      178.04738730399683,
      178.66475111695084,
      179.04006463495776,
      181.00695531895528,
      184.13734647247648,
      182.21095243736474,
      182.66074868222168,
      179.53676670133115,
      180.4489077653629,
      179.37225907872838,
      179.70510328644116,
      178.5423039756934,
      178.8571335227552
    ],
    "back_angle": [
      10.845229172148805,
      9.7530112427031,
      15.133581623994816,
      6.0488336281455375,
      16.17261592172881,
      9.259339515344475,
      12.551482531901133,
      7.773485033959652,
      8.712161575443174,
      13.879551851254211,
      8.547837018970053,
      4.326865620350581,
      8.9671178404026,
      7.770143299800113,
      12.41370701291788,
      9.993874395054219,
      8.841998217036805,
      11.212418854968718,
      7.735902073651179,
      9.416665346196343,
      6.203437180356877,
      10.015654634771806,
      8.398441529443154,
      8.855863962292092,
      3.2797045475908977,
      8.250830425559855,
      13.012313476135954,
      8.01601846461271,
      9.199459652510217,
      6.677847359795085
    ],
    "hip_angle": [
      90.6845135100153,
      85.49297666347937,
      93.59306113776356,
      90.85108926235509,
      88.96546385415323,
      93.03847401619565,
      90.08821227916378,
      86.85710540084528,
      91.26703390434264,
      92.21150292594449,
      90.13870372404854,
      90.13949352995422,
      89.3122278224113,
      88.8536773476297,
      89.30874904367681,
      88.89440545984918,
      91.08509122436199,
      88.92610101250177,
      90.46008694711479,
      90.69656594697241,
      85.53068838456498,
      92.28612045512378,
      89.74206195105376,
      92.23915518699216,
      90.42926672439943,
      89.63744708309066,
      88.97538820589264,
      91.65021580825896,
      89.44666292044843,
      88.66192075275117
    ]
  },
  "num_frames": 30
}