{
  "exercise_type": "overhead_press",
  "form_score": 81.70759596642841,
  "form_quality": "good",
  "risk_factors": [],
  "recommendations": [],
  "joint_angles": {
    "shoulder_angle": [
      87.76930672440918,
      97.96486571628212,
      102.90161594772235,
      107.53128805386572,
      115.11784849306403,
      120.1772854462166,
      130.91782541849196,
      134.330247925838,
      135.56879728132552,
      145.25802287655995,
      152.54913125547807,
      152.55743301321422,
      161.35838034577438,
      166.90894808774527,
      175.47316331118958,
      182.1809120649665,
      173.58058312527788,
      163.85033866901458,
      163.6017844837509,
      152.66530982574173,
      149.59434803228757,
      144.86154923658282,
      137.32665812664965,
      132.07163723154858,
      127.03470163232554,
      121.54647416762552,
      114.36587078240147,
      108.75619702776746,
      102.23936981756817,
      96.40114626579057
    ],
    "elbow_angle": [
      89.53596057754459,
      95.3026103142777,
      99.06557546287917,
      107.64373588041431,
      114.35093886712752,
      120.28160890947404,
      127.17145470680528,
      129.7649569229099,
      136.804968271204,
      144.73855679989342,
      150.43848994739815,
      154.7116350727669,
      163.8708804393463,
      167.6330463150117,
      172.22161066411292,
      181.5569442033741,
      172.30791388803485,
      169.88101661168304,
      160.3969353749237,
      154.64381377424766,
      150.5827861057971,
      144.51458912986396,
      141.17407550786672,
      131.86484704109148,
      123.73681005060367,
      121.36128461219417,
      114.95254984284784,
      109.10170719776464,
      103.78130561871761,
      94.94092877114822
    ],
    "wrist_angle": [
      177.87367788808416,
      179.4439533506544,
      182.58556273289537,
      176.13816840099156,
      181.1078749713937,
      180.52979735524957,
      182.39425319620213,
      178.89668825453296,
      179.61143880168663,
      183.35705694027877,
      178.95581677466436,
      179.31548160638258,
      179.8574932708698,
      180.3266328026726,
      181.40245018281777,
      180.29644969938485,
      178.96832222905113,
      178.39826717223815,
      178.42697237351044,
      183.68643916913584,
      182.8470046909995,
      179.72030804734388,
      177.81244897157788,
      181.51657494582366,
      181.06649153050614,
      179.47601801338823,
      179.00613778247111,
      182.0078268704618,
      182.79711731097782,
      181.68741094786168
    ],
    "back_angle": [
      -1.7128850223833278,
      -1.1180334995333567,
      -3.0241303236107675,
      -1.8637296847712461,
      -3.40463268320577,
      0.43115993773752403,
      0.4928463154469092,
      -0.43311923583773915,
      2.065987696514015,
      -4.576422090553521,
      -1.0278410032017424,
      -1.915929345441804,
      -1.4771110395020142,
      2.076405337342484,
      3.9626472184964494,
      -1.2804917821885926,
      -3.2786811282960504,
      2.503858449712503,
      0.8793903204635736,
      -0.880452639690122,
      2.2002217922841005,
      -1.6450197696976865,
      -0.14466510627900048,
      1.1772158832801063,
      -0.5105212407007436,
      0.4494970607240808,
      0.7776650888953359,
      1.6605537471102558,
      -0.9946647578512247,
      0.5907439924950618
    ],
    "hip_angle": [
      180.34580004648805,
      178.3398291610814,
      177.1644143424052,
      176.96437126196847,
      180.26258240419028,
      176.25441918755095,
      181.195937302815,
      182.31235497445888,
      179.10495302771298,
      179.13991695436033,
      179.4019958763105,
      182.58659253580944,
      180.78221913133942,
      180.61250469692078,
      178.1142152513401,
      184.56502758913388,
      181.99281431427178,
      177.94948587355907,
      183.26343883362884,
      180.1590482250825,
      178.19319276590056,
      180.3209971017352,
      179.68168659398418,
      180.6219803410942,
      179.280895692085,
      181.88372758682056,
      176.27743163634022,
      182.52397827805194,
      180.00021158165126,
      180.12420366213615
    ]
  },
  "num_frames": 30
}