{
  "exercise_type": "bench_press",
  "form_score": 38.87421618871342,
  "form_quality": "poor",
  "risk_factors": [
    "excessive_forward_lean",
    "knee_valgus",
    "insufficient_depth"
  ],
  "recommendations": [
    "Keep your chest up and maintain a neutral spine",
    "Push your knees outward to prevent inward collapse",
    "Descend until thighs are parallel to the ground"
  ],
  "joint_angles": {
    "shoulder_angle": [
      89.36521386445943,
      91.13156620232802,
      90.07980750128554,
      89.78878661407617,
      90.21960631040065,
      89.537140906251,
      88.99037646820258,
      87.8672336583358,
      87.27684974313449,
      89.95590740869771,
      90.95123717331563,
      92.26153653274683,
      92.34070588195645,
      92.29282032886923,
      89.26628300034554,
      88.78144092704795,
      93.00714845266641,
      91.91307958690419,
      90.68541631013106,
      89.4447562592099,
      90.77397225792194,
      90.76232882680151,
      94.17094635162543,
      92.46681952111231,
      88.52902109912647,
      87.66810667051398,
      93.88208349877743,
      89.03613693793254,
      88.2246792806589,
      90.17118046619451
    ],
    "elbow_angle": [
      80.20939861360772,
      77.12634483584989,
      73.31793380637826,
      68.99907574787122,
      59.05560521460408,
      58.11109001202527,
      57.69547551334972,
      57.5993138406429,
      52.93789472321665,
      51.94133525804028,
      51.117988854911914,
      37.549941339082494,
      42.372137904850526,
      33.87702325800333,
      29.9181687357874,
      32.11150137045435,
      30.286648496046606,
      35.7813226871086,
      46.22740876504217,
      42.24882018332844,
      51.02168144104825,
      43.35184663456753,
      48.4309421289116,
      54.333434355252685,
      59.32712822986101,
      56.83382638085085,
      57.64806405472645,
      71.27005562226293,
      69.24017526436697,
      68.6667684582285
    ],
    "wrist_angle": [
      175.7984371258938,
      182.87258834524428,
      182.73572935070987,
      178.2352021089304,
      180.25449447775765,
      178.2117118329334,
      178.43170394777513,
      175.48480282530926,
      176.21169054995397,
      177.59892618164122,
      179.65533432529222,
      183.71285435627274,
      180.74224380306848,
      180.3495678541369,
      177.52523888701836,
      181.36777133733966,
      184.03935746012823,
      180.87919629886952,
      183.07583698742212,
      178.7591245311658,
      181.71485878623525,
      181.0620958650233,
      183.3486925101432,
      180.44354029688085,
      180.41224126286957,
      177.91832201616066,
      181.34184072181853,
      181.81009801030459,
      178.02327438807532,
      178.28996850150807
    ],
    "back_angle": [
      28.811175216183607,
      21.020218359523636,
      31.60786683403667,
      16.85569923417125,
      29.35263222124486,
      20.656635799686246,
      22.61882939256447,
      27.16893775887683,
      30.790403795169794,
      22.864346504470888,
      22.836154390469034,
      14.079489291419128,
      22.08005612166238,
      28.166195579170378,
      28.825791341597743,
      22.196742289790055,
      15.43585557633331,
      22.334086318341008,
      22.535593921256964,
      21.58035777511639,
      24.46507511871666,
      22.560628774191784,
      29.420952117184896,
      19.521293663843192,
      26.87233661762508,
      17.123960005233446,
      17.42226134206562,
      30.109691182001843,
      28.275771220732583,
      17.19537664998316
    ],
    "hip_angle": [
      92.17150978252221,
      89.44594175969398,
      86.33894702835138,
      90.44589927458463,
      92.89780951934536,
      91.72599622910022,
      92.1127476513166,
      92.30839632993597,
      90.89209583260892,
      89.79060461107579,
      92.8301133959391,
      87.3398559409692,
      88.35704794863858,
      87.28725078344178,
      89.71061926955227,
      94.4050452334635,
      87.79100544648571,
      93.43080986879602,
      92.45996534583772,
      89.4053063103415,
      89.7472401833057,
      90.70207356218901,
      89.42322589882697,
      91.8735364189956,
      91.42309606330656,
      91.61266550180781,
      88.38653249331303,
      92.47273178378995,
      85.22231381933643,
      89.73845351675632
    ]
  },
  "num_frames": 30
}