{
  "exercise_type": "bench_press",
  "form_score": 51.77870458292767,
  "form_quality": "poor",
  "risk_factors": [
    "excessive_forward_lean",
    "knee_valgus",
    "insufficient_depth"
  ],
  "recommendations": [
    "Keep your chest up and maintain a neutral spine",
    "Push your knees outward to prevent inward collapse",
    "Descend until thighs are parallel to the ground"
  ],
  "joint_angles": {
    "shoulder_angle": [
      91.22412129905635,
      90.8256882885733,
      91.40380201109208,
      92.10950950038036,
      90.81751794751293,
      90.89924937684704,
      91.7726739256363,
      91.5522502574803,
      88.65516574957451,
      87.93626243692005,
      91.84918219287236,
      87.27361654731972,
      88.92448710121805,
      88.10448368062892,
      89.5958803927034,
      92.88754675583517,
      87.8727760822187,
      93.06386111272234,
      90.80356301235798,
      87.81189874412017,
      91.9794987886814,
      91.15841986539603,
      86.72456998098535,
      90.3700904835665,
      89.5877286417567,
      91.37433782655192,
      90.00317443531972,
      88.72681398736633,
      90.91962095836395,
      92.65939107184644
    ],
    "elbow_angle": [
      68.59351046663679,
      75.15720265263965,
      69.95260434086339,
      67.06151841666667,
      62.61771004084353,
      59.16227932308568,
      57.52599396770652,
      51.8906328919716,
      53.1146642525947,
      48.431571213956076,
      43.57008142395008,
      38.64032485185839,
      44.717681403889195,
      36.645970083809495,
      37.037101103412745,
      30.78571327408299,
      34.111513890904575,
      32.16057839641949,
      40.69074350691516,
      43.013205316620756,
      37.74282989035707,
      51.74258543229834,
      47.613267005100745,
      51.60027197522256,
      59.433493465824036,
      52.817500565677975,
      55.95939656303185,
      63.88716936615779,
      66.62742412032104,
      71.81593980041143
    ],
    "wrist_angle": [
      179.91263912712185,
      177.68328030620896,
      180.9964351440934,
      181.25082001297542,
      178.3003056197324,
      177.95663072578057,
      184.64433663088258,
      180.24478652422445,
      181.1243569640516,
      177.05512217307557,
      179.98771955749862,
      179.11645079077348,
      181.17784373769447,
      178.46313432103022,
      176.43080042310825,
      179.45170380200202,
      178.71666138806512,
      181.32712833636498,
      176.07113051434203,
      179.86957412460185,
      182.28249473835632,
      180.67133229630602,
      180.21082023068934,
      179.06993760043596,
      182.92023765290264,
      182.27570588693177,
      180.2217001751413,
      181.47786450838228,
      180.1457933677172,
      179.58399553455158
    ],
    "back_angle": [
      18.116635682920904,
      21.453014817935916,
      22.863917502006785,
      29.526701653759346,
      28.19054255582043,
      19.307387666697412,
      18.16395344218907,
      30.271826336156668,
      22.012463402914488,
      26.01593133768433,
      22.849780437950336,
      28.57883228936422,
      26.455748826716363,
      21.184234710672992,
      25.38929416322591,
      29.491389688946523,
      22.973189701095293,
      19.366921683536834,
      21.046310152914938,
      22.227722913675613,
      23.519759765750855,
      26.425343410300233,
      30.23372517445733,
      24.55521741519493,
      16.923922429884822,
      21.511411507692042,
      25.0517273164943,
      17.644541173027015,
      28.256236692257815,
      18.428694780585655
    ],
    "hip_angle": [
      89.36084268626388,
      89.71121389522509,
      84.76055868100593,
      91.99220282901473,
      92.7385145298941,
      88.60241874100936,
      90.8352328168005,
      91.39854526670116,
      92.9107699997484,
      87.30280760395729,
      90.74352320024676,
      89.90539537492174,
      92.97579092844,
      91.76379550546166,
      89.50054190502158,
      89.24049139145421,
      90.16164327129427,
      91.03578325061015,
      91.45162099008684,
      89.25714128436212,
      89.44790476303281,
      90.77510512765026,
      91.36405632788063,
      85.5628982261335,
      88.57286686711457,
      91.69700686162315,
      89.37946266946669,
      91.6518277786452,
      90.65363881950226,
      89.8798303791179
    ]
  },
  "num_frames": 30
}