{
  "exercise_type": "overhead_press",
  "form_score": 71.89375611074162,
  "form_quality": "fair",
  "risk_factors": [
    "moderate_forward_lean",
    "minor_form_deviation"
  ],
  "recommendations": [],
  "joint_angles": {
    "shoulder_angle": [
      87.01006449766963,
      96.47937443850346,
      105.6633438502249,
      104.87268183779865,
      114.72795883507196,
      122.96228957503905,
      125.95108068746696,
      130.93096164107348,
      138.9379815361587,
      142.48661872924467,
      151.97977982914674,
      158.84103592544975,
      164.23939936089815,
      166.70205913580338,
      174.599913830446,
      181.28123465356992,
      174.07862499512368,
      169.7891702271656,
      163.16039738438482,
      157.97016643372177,
      149.29691476096954,
      143.85183604208805,
      137.87275244434832,
      130.69045169397904,
      125.98139637618854,
      122.85258620674716,
      112.26223817458754,
      107.9439493852235,
      104.06826153876423,
      93.5153245488869
    ],
    "elbow_angle": [
      90.65311352045087,
      98.76913713206831,
      97.99481426827182,
      109.25542811669293,
      114.36660935884966,
      119.41155961084964,
      128.78002938100735,
      130.99763135384995,
      135.24330358437217,
      145.36748069926261,
      152.0478930905143,
      157.93749509632454,
      162.20705772440812,
      170.53125606469797,
      176.49572448360146,
      181.37100762166918,
      172.33048370782444,
      165.18866927376533,
      159.33987351780675,
      158.7235860393245,
      152.3969750860146,
      144.19708311925092,
      140.51473941553536,
      129.49469916080926,
      129.4675283752602,
      122.4462934494392,
      116.00548250315347,
      108.26985227156679,
      101.40782915157912,
      92.87380840888645
    ],
    "wrist_angle": [
      182.41967138959683,
      181.50673224823962,
      175.55573704070449,
      182.2047758928061,
      180.47027712706094,
      178.54940796881965,
      178.8984402777963,
      179.42550824374752,
      180.36452073445582,
      175.76730190704296,
      179.75926001563903,
      183.26609992659306,
      176.1559982828422,
      182.99090900155917,
      175.7902423311976,
      177.16620008378123,
      182.25964355873447,
      178.6818174210692,
      177.2080750283231,
      179.2171258112219,
      179.31341975686857,
      180.1943092348908,
      180.2208793540768,
      180.2664774734668,
      179.04296591890972,
      179.27174216676755,
      183.16469632546415,
      180.73467618967638,
      184.31789719275017,
      178.0838123126781
    ],
    "back_angle": [
      10.239226140974871,
      10.347848502358385,
      11.151459351408777,
      12.048895904627571,
      9.067637483162397,
      12.901137253084297,
      12.195388571666387,
      10.251667780710111,
      6.653662561829746,
      4.947589775760104,
      12.327061524413688,
      10.028181343283833,
      13.092619518005616,
      8.102080057923573,
      10.17757606221669,
      12.707976753340699,
      7.458294578225242,
      7.743248677772503,
      11.507232702625569,
      5.343132617370991,
      8.559886466096444,
      5.931847831775742,
      14.74598230851184,
      13.74077648478288,
      14.393733897857672,
      7.342225115138781,
      13.65548390667336,
      11.671024218654026,
      11.087109306989863,
      6.218075790870372
    ],
    "hip_angle": [
      180.0786547436098,
      178.57348034117274,
      180.7359259282076,
      180.23211880527487,
      181.0175023874262,
      180.23609813580774,
      179.68209845159726,
      182.2285047453863,
      178.46292615167164,
      179.62258275909676,
      182.71048362634485,
      179.54726324901833,
      178.21151194400747,
      177.60490279635133,
      179.052240800274,
      178.47715045176372,
      176.98002199741686,
      184.52364482469804,
      177.42795335609776,
      179.2848762870644,
      177.59024884400648,
      184.39608729892436,
      179.98831960551576,
      181.4869367662074,
      180.36619371962846,
      178.26565664690088,
      181.32094583261187,
      180.85122475323627,
      181.35619842464814,
      177.78936638977925
    ]
  },
  "num_frames": 30
}