{
  "exercise_type": "overhead_press",
  "form_score": 92.09420408620723,
  "form_quality": "excellent",
  "risk_factors": [],
  "recommendations": [],
  "joint_angles": {
    "shoulder_angle": [
      86.22712118154995,
      95.73014012734919,
      102.91168320163351,
      107.76192962253702,
      113.4274721366824,
      118.34025829667615,
      124.24234108637724,
      130.65563322016575,
      137.6308911186807,
      142.57265470350492,
      151.17997559276523,
      154.45496756748798,
      161.4902155700662,
      167.3118773271712,
      172.7323415453777,
      179.9106394383084,
      174.33231356480596,
      165.9658674160633,
      159.19605652314607,
      154.674191514087,
      152.23952761955513,
      144.0123333490318,
      135.8930877262773,
      129.93216526775373,
      124.96356903786844,
      117.06191592089999,
      115.41298229186457,
      105.7237190288993,
      102.64817022938902,
      97.37193219272773
    ],
    "elbow_angle": [
      89.66724425088596,
      95.07736799906132,
      102.68025337219802,
      106.60132637253918,
      112.53652367504932,
      124.09396871227514,
      124.08865559326766,
      131.3367464330405,
      137.62988163148603,
      142.20449867360858,
      148.95130512870855,
      159.6131475894619,
      161.62237129181028,
      168.72773920763848,
      172.73412748291176,
      178.78956346313393,
      174.40228560328777,
      165.80000481053816,
      161.8213953461019,
      155.6128158882153,
      147.8685673967611,
      145.56292264546786,
      140.05322942007484,
      133.3867517058499,
      125.35871299180782,
      118.5348681418738,
      114.0064738277852,
      108.69747299052237,
      101.03135582170401,
      99.35671827812335
    ],
    "wrist_angle": [
      178.70352072748253,
      179.805561960144,
      180.95208177884192,
      177.6333976408475,
      182.04035247302264,
      181.3327389547749,
      177.5395416098597,
      177.30539602122312,
      177.55477257442786,
      181.3559039367725,
      180.0150375323308,
      180.19989302075015,
      180.55598342313337,
      183.20901321519312,
      181.23514929343418,
      182.5752801633265,
      179.76602374784548,
      178.72239396159125,
      182.27246143340193,
      181.09250208207294,
      178.0069152265834,
      180.1238082681044,
      176.1768441142995,
      178.57367055788256,
      179.08530605548847,
      179.70855568629622,
      183.95068876314588,
      183.26291861379565,
      179.58406778753766,
      178.21954256420395
    ],
    "back_angle": [
      -0.682465817579891,
      -1.2641527060176563,
      0.41184037222828374,
      2.295682545200227,
      0.28725405967348916,
      1.1583634005369556,
      0.4583300885573776,
      1.174757297720316,
      -1.5798407562975636,
      -0.5833264784800598,
      2.4494901167248564,
      1.4984621644862084,
      2.2710545870189747,
      2.2786917882927535,
      -1.1482238330618202,
      0.15115168287597494,
      0.5587571383165785,
      -0.10600646042378485,
      3.63321761759768,
      3.2093604188155482,
      5.097931265649123,
      2.258241980221532,
      -0.05355254455948867,
      1.8711316732004974,
      -2.6540814594429434,
      -0.2823682049319544,
      -0.04165710703868027,
      -0.511501367532234,
      -0.9653092587658073,
      -0.3819560438018002
    ],
    "hip_angle": [
      178.23037739273886,
      181.4513731061225,
      179.02394229019737,
      178.0672822478393,
      181.62921296040662,
      180.38726963117017,
      179.8115045027507,
      183.90734063299035,
      181.41110243530045,
      184.08771713464827,
      180.79378254811593,
      182.38306533272774,
      181.69863945804926,
      182.64570827968979,
      182.47966464988116,
      183.89564507644923,
      179.91162232525087,
      180.60342541113064,
      181.57665282638033,
      178.7740123361587,
      179.11472825750207,
      181.29365751353015,
      181.0482670441151,
      180.79335163181614,
      178.23945105558622,
      180.05795344536048,
      180.1799756389451,
      176.92574974218257,
      180.32168715575324,
      177.12607046351587
    ]
  },
  "num_frames": 30
}