{
  "exercise_type": "squat",
  "form_score": 58.12979998494801,
  "form_quality": "poor",
  "risk_factors": [
    "excessive_forward_lean",
    "knee_valgus",
    "insufficient_depth"
  ],
  "recommendations": [
    "Keep your chest up and maintain a neutral spine",
    "Push your knees outward to prevent inward collapse",
    "Descend until thighs are parallel to the ground"
  ],
  "joint_angles": {
    "hip_angle": [
      180.44611268658036,
      179.27750530420238,
      181.45851811044304,
      181.4523213189641,
      177.60628765529805,
      179.70499516162468,
      180.35604453842473,
      177.4594231705991,
      165.93167635919718,
      153.58067874699933,
      140.69531710840485,
      128.70341419428473,
      116.59633234662346,
      98.29658818508847,
      88.41920129730059,
      93.07272732984109,
      92.6703941495969,
      87.0079116224953,
      93.5053650187368,
      91.71570223146631,
      88.35117719051684,
      91.02406409060563,
      101.76382133504535,
      112.21498192703687,
      124.28353907038998,
      139.4086613862939,
      155.97425053822866,
      166.33561082890182,
      89.91615613140048,
      105.84972288248899
    ],
    "knee_angle": [
      170.57088658861161,
      176.5467517963683,
      174.12542105590393,
      170.53786181015994,
      172.55017964473248,
      169.5124468688435,
      171.4405967826808,
      167.91156774524518,
      158.00015619116232,
      146.30717817571337,
      128.90518057977604,
      118.6288706388888,
      107.76742723410528,
      92.7231835573107,
      75.7453656899636,
      82.79973130022628,
      77.41742430483703,
      73.38599547068263,
      81.65090243134571,
      80.9296124728337,
      75.26648450661654,
      81.90458615648264,
      92.61058167789858,
      106.40203149598024,
      116.26038675561009,
      134.57730692103974,
      147.15079978737833,
      158.147417407838,
      78.73108963015795,
      87.2195193932728
    ],
    "ankle_angle": [
      89.14738932940797,
      90.50375712640255,
      91.2916273898183,
      88.49989801146071,
      88.82794720996633,
      87.46198874068843,
      88.58530524058033,
      91.38272528709707,
      85.93563239935239,
      81.83410716964873,
      79.88216645672202,
      77.93935367061336,
      77.16480371446815,
      74.60567956330857,
      68.78787135109611,
      73.41376005883585,
      70.78484736423182,
      73.77596236890267,
      71.24564594211613,
      68.73542245178093,
      69.31460594906864,
      69.44103918034128,
      73.49674505453119,
      75.7072389419591,
      79.01322873741985,
      77.43584288628374,
      85.51491270968828,
      87.30111532512593,
      71.52827856017691,
      69.62773592274341
    ],
    "back_angle": [
      21.384270268882283,
      17.43486918336156,
      27.218331656317467,
      12.222752159635512,
      17.967013174824174,
      25.452129051303977,
      12.518940223684286,
      9.245979145796005,
      17.257994123855397,
      19.09607898617018,
      12.224570666670697,
      29.44192395437812,
      16.039082489092028,
      16.714549982821232,
      16.373287409989157,
      20.311869650551674,
      29.72200754242958,
      19.596191355209964,
      26.91187299114645,
      26.938203098259688,
      19.315541968933527,
      22.78606699738936,
      14.130873746190844,
      30.48466718091165,
      18.15828019322057,
      16.252830753465705,
      20.158824358238466,
      11.431042811211867,
      20.900374467011304,
      17.164553681713322
    ],
    "shoulder_angle": [
      43.6477771214384,
      44.094875465219815,
      46.353090896168446,
      46.586941770783355,
      45.36156191913535,
      47.21499537762703,
      43.58680276984225,
      45.2017671490677,
      41.3861163380931,
      46.80840483974303,
      42.502643688637306,
      45.13064877846853,
      44.54974439486081,
      47.05626969215394,
      48.49553410654835,
      45.587158233230824,
      45.215810331484946,
      46.10573364903985,
      44.6988044239867,
      43.899804968945936,
      46.59944914970618,
      46.77351400773514,
      43.506833534543226,
      44.962202337837574,
      43.76243779412186,
      45.28864710179298,
      46.75718518814727,
      43.98590196259337,
      42.264170866437944,
      42.1041511730313
    ]
  },
  "num_frames": 30
}