{
  "exercise_type": "bench_press",
  "form_score": 79.22182613816237,
  "form_quality": "good",
  "risk_factors": [],
  "recommendations": [],
  "joint_angles": {
    "shoulder_angle": [
      88.47977873457836,
      91.1508534468247,
      88.71706689174412,
      86.37415945620104,
      91.7835349844963,
      89.77888953957047,
      88.76800900716279,
      88.95603763660736,
      91.03888860297236,
      87.97187307783575,
      88.06469080687104,
      88.73063578153771,
      89.28305102879001,
      88.60135060971628,
      88.82026906187146,
      88.84234642145526,
      90.71770386717392,
      90.28635200245172,
      92.31121325156909,
      90.57645224787836,
      87.32222688888287,
      89.48434593042613,
      89.60165705553915,
      87.90252884620082,
      91.38314131964502,
      91.62169316729677,
      87.6178216246376,
      92.48593528352451,
      89.53603636824927,
      88.73763084414358
    ],
    "elbow_angle": [
      88.87528129118176,
      89.0021890866459,
      86.29275245981039,
      80.10479410499671,
      76.68889637021252,
      78.33324439937512,
      71.4382396876642,
      67.68351636049732,
      64.66969250693995,
      60.2750450386563,
      59.038220383197654,
      56.59387140609688,
      50.70378622294121,
      54.34506431885677,
      45.6272123901217,
      42.05896557564844,
      48.8140998089623,
      50.97846223726682,
      54.40876457408297,
      59.37326208176301,
      64.02509863272698,
      63.372589580166235,
      67.0255063824481,
      68.98839646476948,
      68.24318200499492,
      70.87642012380178,
      78.05217554126457,
      80.45600657812311,
      84.84033818888146,
      87.87406816519322
    ],
    "wrist_angle": [
      177.4916791624462,
      182.0457276360615,
      179.59343981119957,
      179.05530279067384,
      180.48912446538316,
      182.2707229796433,
      177.55247647052818,
      181.186102286156,
      183.74828517796908,
      184.853799948891,
      179.86652164008208,
      177.6947947936941,
      179.2710492689612,
      184.81063385663035,
      181.73014413322394,
      180.17576663132957,
      182.04173478276803,
      180.35451193585047,
      177.39165266773807,
      179.11115247259949,
      178.32260927587555,
      177.49906842532909,
      178.51510749330387,
      180.88613024714732,
      182.61560928119044,
      180.12625161193318,
      181.29822359517874,
      180.7153557502592,
      177.38820782564767,
      179.07163351435017
    ],
    "back_angle": [
      -1.5502555312342108,
      -0.8913720062168449,
      4.084417285434137,
      -0.7905977578151867,
      0.6253960189529975,
      2.9997808217166257,
      3.9477003924380885,
      -1.5800971481371724,
      1.0004703727059594,
      -1.2666933015108255,
      0.18500684760756567,
      -1.6213801155337741,
      2.7086527783942875,
      -1.9320794470670262,
      1.0818750795520469,
      -1.488145868745426,
      3.566902233543113,
      -0.38822048964496064,
      -1.2367829427486925,
      1.6010547901082517,
      -0.9173232584204886,
      3.547527425220029,
      -1.4306094232260904,
      -1.9721461861933811,
      -2.400996143213515,
      0.47901751444509366,
      -0.7296986034084701,
      -0.6002293562299136,
      -3.8646432439847094,
      0.8454162356728671
    ],
    "hip_angle": [
      90.63884710169704,
      90.02071976072273,
      88.33213618567545,
      92.17401929193993,
      88.44123517414283,
      90.64534219434549,
      90.32466309043625,
      90.51942324929232,
      92.46203902915516,
      92.932835591546,
      89.54933043877263,
      89.13719625105213,
      88.6209694395152,
      88.54389409396194,
      88.53898461251804,
      90.36861826916463,
      86.74238240456737,
      89.52090726617989,
      92.22764252762697,
      90.00940052627915,
      89.4257328303272,
      87.73280613883004,
      88.51431437108998,
      89.03953483177371,
      91.71299324695592,
      90.11698869996708,
      89.56984157897584,
      89.46537032952357,
      88.07475560541698,
      92.96432729426971
    ]
  },
  "num_frames": 30
}