{
  "exercise_type": "overhead_press",
  "form_score": 86.5153245958519,
  "form_quality": "good",
  "risk_factors": [],
  "recommendations": [],
  "joint_angles": {
    "shoulder_angle": [
      91.2304651125128,
      94.60547104211214,
      103.86124513480245,
      108.81082399356076,
      116.18648719824644,
      119.8471939113186,
      128.0554295542064,
      135.1964651145479,
      136.88048751198784,
      147.17703698241266,
      148.11900654725704,
      156.46373473737475,
      161.19532981436294,
      170.23141720185814,
      172.03087225407364,
      179.8822289633588,
      172.87848939676397,
      168.30930079009158,
      163.6170267509902,
      157.72207684914434,
      149.9904842382174,
      144.921143787645,
      138.78244304571237,
      128.7314826333106,
      126.69190595355246,
      120.06528371564417,
      112.3971011311576,
      109.39704830134559,
      100.80192127957052,
      99.0171541337267
    ],
    "elbow_angle": [
      89.67781580310027,
      96.77032033306135,
      101.09977420631961,
      107.60607442659348,
      114.83198275273726,
      122.33751420662459,
      123.26179466525171,
      133.21319623568294,
      138.58719230936072,
      143.41062512932464,
      150.6946112713897,
      154.87893382814565,
      163.02672142266576,
      172.5607700170349,
      173.50000759103384,
      179.80895280261117,
      173.49030787659407,
      165.63959833505547,
      161.57430823605287,
      154.17005998189998,
      149.77846895203268,
      142.4564234920821,
      138.5245202842681,
      131.0482343638033,
      128.03529353056376,
      122.34076923634548,
      113.67072400874918,
      107.17546561670166,
      106.21898513242526,
      95.98114705301137
    ],
    "wrist_angle": [
      181.32492943968734,
      180.2565654455772,
      179.59347835115568,
      182.31498036840253,
      177.1151758228983,
      180.9624675507293,
      182.2161907962567,
      178.2666673201035,
      180.14717051940383,
      178.51515789808033,
      173.79111359525314,
      181.34946709472777,
      177.80893134469525,
      180.1166417866051,
      180.3319661974107,
      180.2257818928995,
      182.66276539956456,
      179.1898189771179,
      176.2543871813883,
      180.9586619308004,
      184.2666152049256,
      180.87536755223584,
      181.28542815727826,
      182.41081183395133,
      176.70711515832357,
      177.16497212656532,
      174.4416245514682,
      178.85359811949488,
      180.7478831628156,
      180.8210298136312
    ],
    "back_angle": [
      -2.3258149267451,
      0.6364607029819913,
      2.3707465766849554,
      0.9621092278635759,
      2.6266251727373957,
      0.04657061721644258,
      -2.3463921399938794,
      0.4183229826893233,
      -1.2852274111929751,
      -1.1662869448977882,
      -1.8399776200990907,
      2.173860135119069,
      0.09386090783406724,
      -1.516050585288254,
      2.3303168776742478,
      4.734160953282805,
      0.18760713636240225,
      0.07712446194312376,
      -1.543768804327163,
      -0.1427739265127791,
      1.677501938350796,
      -0.27830124100116427,
      3.2887077831566316,
      0.5689670384958847,
      0.09718209704211471,
      -3.7496174568012717,
      0.13162373444980033,
      -0.7337561170586929,
      1.4863445952831484,
      -0.1180466211332049
    ],
    "hip_angle": [
      178.92596867534508,
      178.8905154698564,
      179.32766323916277,
      178.7224839096087,
      183.26403369478643,
      178.9975963077368,
      179.3816104383486,
      183.00700960838114,
      179.44750522004298,
      179.1843176242646,
      181.5824831653245,
      180.33766552290268,
      183.18135256597444,
      180.7812693004397,
      180.00308582510596,
      181.05678008509702,
      180.33978128721523,
      180.45100498494946,
      179.86010224703324,
      182.48337358759574,
      182.24390428823935,
      178.4399148189191,
      181.5429341341227,
      181.48649899431143,
      185.24320542247636,
      177.32357891651495,
      182.15040224939375,
      179.56651518198555,
      179.20372041402396,
      181.63706508239514
    ]
  },
  "num_frames": 30
}