{
  "exercise_type": "overhead_press",
  "form_score": 86.78964409230112,
  "form_quality": "good",
  "risk_factors": [],
  "recommendations": [],
  "joint_angles": {
    "shoulder_angle": [
      93.95126266205637,
      97.68528492470209,
      103.68234997319412,
      108.18363284994997,
      113.42541475407268,
      118.56790302601873,
      127.65592809808352,
      130.76240420216246,
      140.9137809079317,
      142.8979557025673,
      151.49627915689305,
      156.11176343155097,
      161.97600929220724,
      166.02487565173786,
      172.54485376419123,
      183.93338944562458,
      174.91668793374419,
      168.16112195327307,
      163.85578548691512,
      156.62536628326865,
      150.90431982653186,
      144.917418060327,
      135.99128573379318,
      130.51529874164132,
      125.64294034969582,
      120.29723472911132,
      110.73905596958969,
      106.26910881984213,
      101.11941185198354,
      95.72497908482781
    ],
    "elbow_angle": [
      88.47703754703124,
      95.62192069176022,
      101.73863937920011,
      105.22637010636838,
      116.43072196483699,
      123.22591993712595,
      126.86294222788247,
      130.94018698499244,
      138.74919738746914,
      146.1122730923903,
      146.1541345278271,
      154.14311471903733,
      162.81086905352151,
      170.7063442708763,
      175.27255924982768,
      179.69487316791916,
      173.8086132902045,
      162.38802542866028,
      159.83938730074595,
      153.5197753156036,
      149.51997796040018,
      141.3848395579124,
      138.38444337105315,
      130.78261162817304,
      128.28668513491556,
      122.61618052374617,
      112.22944104523415,
      108.48100379828148,
      100.60217723342247,
      97.10653760742876
    ],
    "wrist_angle": [
      180.8933447917859,
      178.99814630844713,
      182.85680344700893,
      179.6571974968801,
      175.7766201028131,
      180.16377828138616,
      180.88594845864557,
      179.72130817847682,
      178.44961935092473,
      182.48536033067342,
      178.44702730253022,
      179.2766210464486,
      181.27678503041133,
      179.3718614647588,
      176.77841299111336,
      180.0725299101147,
      180.5352970299901,
      180.62557351168323,
      180.9244548969615,
      177.50462831026925,
      179.67315869770823,
      178.57854480867968,
      179.62766620047682,
      179.52731213989853,
      179.19047067762978,
      180.03079987340325,
      179.66155910095787,
      181.0101432449253,
      179.02579937786757,
      183.8581266356017
    ],
    "back_angle": [
      3.861653896179521,
      -0.10543027002319873,
      -1.036678493962944,
      -0.7000945922392626,
      1.8199923457144664,
      -3.880864459785041,
      0.9207495906787292,
      3.9399994867192367,
      0.996467005104294,
      1.1268836040003014,
      -3.2009177118943497,
      -0.4946492320795507,
      0.8771988462267087,
      -0.12201494731326969,
      -0.672378411686851,
      -2.2212689725800865,
      2.6257984276290185,
      -3.31895086052343,
      1.4677927769546764,
      2.0427110141414735,
      1.0137062053232435,
      1.9275997299702572,
      0.5692066790579503,
      -1.7871791429540493,
      1.3721964168229792,
      -0.4583030371179668,
      -0.3869104090709814,
      3.0965670538738155,
      3.008555848098981,
      2.0920202489520636
    ],
    "hip_angle": [
      182.491865719703,
      177.6079463870426,
      179.4491815266963,
      179.20738583191604,
      181.8555591690449,
      177.935247922047,
      181.88213318774243,
      179.07962753913637,
      179.70552388010947,
      177.13198137531762,
      178.0251900044205,
      181.36139590975458,
      177.86697122110616,
      181.67813931043256,
      181.55712035497925,
      177.31524200189716,
      183.59214012258622,
      179.93353567736352,
      180.8495375584183,
      179.61659295338376,
      180.39970708891227,
      181.23556799508953,
      180.26205290372422,
      178.0110149820208,
      181.06265496210085,
      180.24227145128378,
      179.9963323064199,
      182.0545947938353,
      181.22986558566703,
      179.5831211094965
    ]
  },
  "num_frames": 30
}