{
  "exercise_type": "bench_press",
  "form_score": 75.66109216021007,
  "form_quality": "good",
  "risk_factors": [],
  "recommendations": [],
  "joint_angles": {
    "shoulder_angle": [
      89.88236562631204,
      90.84199272680985,
      92.0296387101565,
      90.32491499727037,
      90.53474538704836,
      89.30372751780368,
      91.61747405112277,
      88.29426117618765,
      89.77751485100492,
      88.2222487705266,
      89.05822038301328,
      88.30268706585957,
      89.40634927817342,
      88.92117050648342,
      91.1769439153493,
      91.47235930550997,
      91.3890225286231,
      92.68889380392864,
      91.22117973576216,
      87.12389280296755,
      88.36770423887411,
      89.28492895147748,
      90.23611337793626,
      89.07762338014578,
      90.78759213453245,
      90.5239709038264,
      88.65487890951634,
      90.31844790636416,
      88.51187178543634,
      87.16435820057211
    ],
    "elbow_angle": [
      95.47733955365291,
      88.25315073476786,
      82.83554275005824,
      81.95558266075345,
      82.25168040317327,
      74.745073804282,
      71.17415586278004,
      68.10200160123351,
      66.99242614602271,
      63.238464628134956,
      60.66472515701204,
      51.8501215168187,
      54.19256954093119,
      51.47863818771368,
      45.97541775334657,
      45.26368581665825,
      47.68671733992625,
      52.797283928887566,
      56.10864129233625,
      58.43117254832525,
      58.21183577857926,
      62.91953736221281,
      67.68057344359423,
      71.90041555287921,
      68.4814551579037,
      77.40610788093312,
      77.64002547959328,
      83.34015889510269,
      85.52362925445175,
      88.24919880298975
    ],
    "wrist_angle": [
      178.8800066883653,
      179.49850148926387,
      181.27092581136003,
      176.693604160376,
      177.6245445760909,
      181.4685881259197,
      176.31181056978235,
      177.42417745757993,
      179.39103722848913,
      181.16137447571896,
      176.99834912716838,
      177.97416505016423,
      182.37731633856237,
      180.60180738231713,
      184.3366123145078,
      179.45164173739894,
      179.19673297506822,
      181.54317096010567,
      177.6600316507535,
      182.1313923494475,
      181.10740238519475,
      180.56486920290726,
      178.80607843706605,
      177.36312346194995,
      178.90578673852218,
      180.68575399196715,
      181.2144684636042,
      179.82894016305858,
      175.02226554995028,
      177.386330474868
    ],
    "back_angle": [
      -2.819414787338875,
      -1.0768409621438506,
      0.3623497684568926,
      0.5100918702993869,
      0.17971214706268396,
      -0.5786511363714885,
      -1.6623640834208617,
      -1.145223487250678,
      0.34102748561082724,
      1.0058448632133354,
      1.0233124240354836,
      -2.1507588398004014,
      -0.2118054859281503,
      3.958698082423218,
      -5.222707699846382,
      -0.5035650280668299,
      1.80899638385897,
      -2.4267616372905745,
      3.292663078082497,
      -0.16508746886428227,
      -1.9228115462750976,
      -1.1286602382612976,
      -0.8558013924928698,
      -1.9221519944003296,
      2.04443395541826,
      -0.5891929366128409,
      0.43555791859966136,
      1.4213115169880397,
      -0.3164402981296396,
      0.2358830977068079
    ],
    "hip_angle": [
      92.14409838651967,
      90.37435314688865,
      89.83429067972912,
      90.37058195626949,
      90.35771562286908,
      92.45833045070427,
      89.80526729230702,
      89.92350628207619,
      87.06121739865289,
      92.53444423231755,
      88.74915733060202,
      86.46238551379193,
      91.52058531640648,
      89.64344680032876,
      85.53573767309157,
      89.82063536562528,
      89.84677276781852,
      87.29912334966578,
      90.0936906600408,
      88.33489206002703,
      92.13859274339083,
      86.34901785733301,
      88.94917963278596,
      91.66457889223052,
      85.80541181830506,
      86.82111237555934,
      89.28900535264056,
      88.72358559990087,
      89.201334819016,
      88.19012463473625
    ]
  },
  "num_frames": 30
}