{
  "exercise_type": "overhead_press",
  "form_score": 71.14289660614025,
  "form_quality": "fair",
  "risk_factors": [
    "moderate_forward_lean",
    "minor_form_deviation"
  ],
  "recommendations": [],
  "joint_angles": {
    "shoulder_angle": [
      91.37359065534011,
      92.32225766332,
      97.95749364626005,
      108.61977566082604,
      111.82167793468922,
      123.37458098113817,
      126.76194169777709,
      130.33387477070917,
      137.68382130345287,
      141.39366218558374,
      148.47677950894263,
      154.0720542251543,
      165.55814945139713,
      172.091261705598,
      172.42177885497478,
      179.58759926602292,
      177.52854750613054,
      168.67097895375662,
      162.79183156241984,
      158.6418310018225,
      149.509127346057,
      142.59002002969956,
      141.03488969539782,
      134.88454175694667,
      126.028307479129,
      119.9708844924545,
      114.46202085562881,
      104.89802262306024,
      101.33338329130251,
      93.61435768839071
    ],
    "elbow_angle": [
      87.48403153173804,
      91.71405176774752,
      104.63751760018154,
      110.02060307383087,
      112.74445977761823,
      120.21745587459266,
      127.67052355709696,
      130.4971881430955,
      138.8297057056439,
      143.10166585604318,
      148.36711594864474,
      159.07690482202293,
      162.7081367985389,
      169.20595706419257,
      173.049884097887,
      178.87180253951007,
      172.45878511644474,
      167.040982041501,
      162.35039057648868,
      154.28133452781583,
      150.31309092016764,
      147.388312780924,
      138.85783351700823,
      131.88774976436,
      130.25848100449898,
      119.32528820932401,
      114.2977452814691,
      108.39458348315478,
      105.45442682740584,
      92.02687170602421
    ],
    "wrist_angle": [
      180.9016779690192,
      179.27839695269805,
      179.13705897858324,
      180.49806930003018,
      179.31147952184355,
      182.14262398312783,
      178.32207952449525,
      180.03300207974485,
      184.01268679138732,
      186.2497357754959,
      178.90612532162197,
      181.32027252170354,
      181.2907758826451,
      179.98770978411073,
      181.25213498851275,
      181.76123723307552,
      182.46400652198852,
      181.52329523229332,
      177.2994506004324,
      179.62274285423103,
      181.4329762235567,
      179.5596627623693,
      177.75721808804482,
      181.2763512407201,
      183.2940041360076,
      178.75588824555297,
      181.7975930190668,
      178.3001263033991,
      178.5483918463175,
      181.38549311140244
    ],
    "back_angle": [
      10.734369920563486,
      14.01525331082374,
      5.145820309872055,
      15.7648308432776,
      11.27581347421178,
      8.965241612261698,
      12.846842148763159,
      -0.4766175865276905,
      8.866443322195048,
      8.658446729716228,
      11.94807650369712,
      6.400064872338607,
      8.129931580416692,
      11.648287246432455,
      10.681680306063692,
      11.430536254774237,
      13.289746203317549,
      10.699190208080303,
      6.010073395566192,
      13.803694100870466,
      6.193088940977848,
      14.47025404997285,
      13.96061567301947,
      5.825251936645497,
      8.551894515873743,
      9.273041227928708,
      7.036820539849063,
      4.244468867186292,
      9.736534687125431,
      11.669819229102636
    ],
    "hip_angle": [
      177.656636836126,
      179.84587739934975,
      179.4618655283024,
      179.13470887277444,
      181.7562082341148,
      181.15292961041882,
      177.77961944759716,
      182.67942194056974,
      176.59697005955863,
      182.26719378484876,
      181.59996622267144,
      178.3579389486049,
      177.41078533695438,
      182.3090889136273,
      181.65822717226055,
      177.0187937851129,
      177.94087390505695,
      177.8910437607206,
      177.2120898429653,
      178.7626932754305,
      175.3314342469962,
      181.08934154158447,
      177.9479651978936,
      180.81835863868505,
      177.07887469919152,
      177.2484359751316,
      180.50371388181222,
      179.3284077740739,
      180.96620211307646,
      184.34131957332332
    ]
  },
  "num_frames": 30
}