{
  "exercise_type": "overhead_press",
  "form_score": 45.37335758857554,
  "form_quality": "poor",
  "risk_factors": [
    "excessive_forward_lean",
    "knee_valgus",
    "insufficient_depth"
  ],
  "recommendations": [
    "Keep your chest up and maintain a neutral spine",
    "Push your knees outward to prevent inward collapse",
    "Descend until thighs are parallel to the ground"
  ],
  "joint_angles": {
    "shoulder_angle": [
      88.9412388691278,
      96.92256127366552,
      104.20977338871259,
      109.3052684371321,
      114.0084617461756,
      118.79756491801602,
      124.56139309130882,
      132.13001771787867,
      139.4163986604577,
      143.88180576938754,
      152.84125663258502,
      156.80435408348404,
      162.09865237738103,
      165.95234644342065,
      173.91584896019174,
      178.85694831715034,
      173.2022782512314,
      167.88970677492847,
      160.69156135946642,
      156.28770445552416,
      150.44100869616938,
      140.73874590375522,
      137.42555779321714,
      132.7938828312903,
      126.66158764259647,
      121.33330559951904,
      112.64947143402287,
      111.68122138766043,
      103.37323901161851,
      96.8933347020351
    ],
    "elbow_angle": [
      91.43003874069274,
      93.67654165934404,
      100.74764775731927,
      109.6731741870373,
      114.02080990797276,
      118.66425708537717,
      124.37270196384952,
      129.92002112302941,
      137.64017053897476,
      143.4329804645849,
      150.0490894712319,
      156.26584596701076,
      162.14504097219333,
      167.5723597805192,
      172.28228088410253,
      180.48882548867292,
      176.38102121933565,
      167.6296201465548,
      160.3430497962139,
      155.13523945623788,
      149.6455936136588,
      148.35657982261952,
      140.13003058861202,
      131.45395702923335,
      129.80512472651574,
      115.34879506933056,
      115.571127091,
      109.99602398524745,
      102.7733130868896,
      99.70336263370235
    ],
    "wrist_angle": [
      183.28153817018932,
      182.2920098271077,
      184.77289826233653,
      183.92340238356172,
      181.72878076410458,
      178.2248059261519,
      181.61330349915178,
      176.6125759085506,
      180.7924355951131,
      181.1272513981246,
      181.22497030573584,
      180.74637043768914,
      177.23020364849356,
      178.98880060440794,
      180.52105118594005,
      182.56175897323598,
      178.5427725830967,
      180.37528931826054,
      180.05539004587132,
      180.88248268412912,
      180.68686417711137,
      181.7941650577728,
      179.31047291615573,
      181.80799692674134,
      180.22690207859654,
      181.41727758513292,
      179.11529059905223,
      177.2143981909514,
      178.9960664317628,
      180.7124557294141
    ],
    "back_angle": [
      24.678499476766657,
      21.245420296716357,
      24.638974091389358,
      23.686984600190428,
      20.277594930213418,
      24.267617424897214,
      21.136705733412718,
      21.546579896101157,
      16.661935369787265,
      21.14526913084377,
      19.970688794253096,
      24.84821444444188,
      26.51333457718328,
      27.038798488474196,
      23.078053161324156,
      16.716942057189502,
      24.891659106591245,
      20.317550375774854,
      15.25213348682437,
      23.407607956644295,
      25.160445918789932,
      30.801645413759175,
      24.551417486310662,
      15.45822901507999,
      16.479323590327645,
      25.71881345313472,
      24.25901693082011,
      22.591202362284527,
      17.793284086129,
      23.76077599477331
    ],
    "hip_angle": [
      182.70178080503823,
      177.20569211340435,
      180.22131006535545,
      179.61759710972262,
      177.8821962581204,
      181.05566898560366,
      180.51038887712787,
      178.4941918865658,
      180.40205835532535,
      182.74800401625546,
      179.53461343409475,
      179.44000290790424,
      182.84253402258665,
      182.0210903714206,
      180.14746830773265,
      179.22463370548982,
      179.45881582653848,
      180.13455359594872,
      179.26308099534597,
      180.4180973239503,
      180.15831171551883,
      179.7773061790119,
      177.88953243004553,
      179.09776257031558,
      180.65857702695718,
      178.50395955942957,
      181.14636722660182,
      180.24874881734314,
      177.7550568387491,
      177.83970523081962
    ]
  },
  "num_frames": 30
}