{
  "exercise_type": "lunge",
  "form_score": 67.72168273536944,
  "form_quality": "fair",
  "risk_factors": [
    "moderate_forward_lean",
    "minor_form_deviation"
  ],
  "recommendations": [],
  "joint_angles": {
    "hip_angle_front": [
      180.7483613137245,
      178.61550607812853,
      180.9510175716867,
      179.8816912463505,
      178.97701220645655,
      182.49861723228884,
      179.5971732923413,
      182.42417092075397,
      167.23963083871254,
      153.31700439576068,
      139.19152441349266,
      127.85321405715382,
      114.9565918506638,
      104.35285071849417,
      91.56389246251048,
      89.90691658952356,
      92.68956275360279,
      85.35575563581182,
      89.58896409132642,
      90.61964855418174,
      88.3145065232574,
      91.23708245584454,
      102.92718247558454,
      111.36233221115734,
      129.5929779025305,
      141.35028240187475,
      152.11967318348445,
      166.66600411642938,
      91.73686345751727,
      100.88758324166794
    ],
    "knee_angle_front": [
      178.04082810541232,
      184.01214125291224,
      180.0350427463698,
      177.73579853643358,
      179.65417693041803,
      182.3756410590673,
      181.39138040971918,
      180.6801302700417,
      166.74600910564206,
      155.6998972523853,
      140.66986199088325,
      131.73264980985581,
      116.52727231517102,
      104.8934781118252,
      90.26875646835823,
      92.19489575249638,
      88.58925182151226,
      88.95460654580344,
      85.27222473882266,
      88.54333378858236,
      92.87201002008197,
      90.44854333063259,
      101.60168623680357,
      116.88279697812864,
      129.68835681318637,
      141.51510689819517,
      152.23570443552154,
      164.90298380713273,
      86.48256367511344,
      103.39284425023904
    ],
    "hip_angle_back": [
      182.0670532395406,
      179.4015179278153,
      181.5173929326511,
      181.75144133644005,
      179.0034186793087,
      181.58664753775076,
      181.90726930290973,
      181.0938790113879,
      179.66826189325218,
      178.45697192322086,
      184.3479844747356,
      179.09014637510498,
      180.14792242037015,
      181.77705196364886,
      180.37414331654188,
      179.27753876699484,
      180.95832052309333,
      180.919569218531,
      177.9589805572427,
      179.33503971762406,
      181.9472742907448,
      183.56645978656263,
      181.34906854617216,
      180.89521270992782,
      178.41338474211184,
      179.34995382147343,
      179.0406602455231,
      179.48247564647744,
      180.10285349865657,
      181.802982782159
    ],
    "knee_angle_back": [
      182.60740670279225,
      182.89985026578813,
      179.54302800344607,
      179.44977274462678,
      182.031576109411,
      183.24958517997896,
      182.41711296183607,
      174.93785732732854,
      170.94891630002144,
      154.53976943209324,
      140.27166258782725,
      130.73505882507212,
      117.61075069149726,
      103.54342426888954,
      91.51641823644947,
      92.97326403635442,
      89.36588357027078,
      90.45761972343438,
      87.39960130300186,
      93.67187265087473,
      89.65585436318325,
      89.85211253409793,
      105.5996855420828,
      117.39425518578051,
      128.4090319847963,
      140.96947866820778,
      152.02270416233827,
      166.61493660143972,
      89.4168241262089,
      101.00480387114584
    ],
    "back_angle": [
      13.580098907954747,
      9.484378739411776,
      9.302679746547621,
      7.117470887603155,
      17.491544951059495,
      4.502936200443774,
      6.509250758929935,
      12.798171238417227,
      4.442381552609174,
      5.397855148928932,
      10.845762050985893,
      9.712185259778296,
      12.185277776250256,
      9.256727417587364,
      13.753034796984807,
      5.019659537936079,
      14.794892601102909,
      8.408214029467386,
      14.64936302088008,
      10.272035518901212,
      10.529958695419216,
      3.2511319488420214,
      3.949538397655253,
      14.63427680048163,
      9.743333304669212,
      4.3530661131936945,
      13.487262473272924,
      8.807141036525575,
      8.190173459095178,
      10.330486887419028
    ]
  },
  "num_frames": 30
}