{
  "exercise_type": "bench_press",
  "form_score": 68.62718275508026,
  "form_quality": "fair",
  "risk_factors": [
    "moderate_forward_lean",
    "minor_form_deviation"
  ],
  "recommendations": [],
  "joint_angles": {
    "shoulder_angle": [
      88.74962930622597,
      88.68924473380856,
      90.64148013208113,
      90.34276504451286,
      88.2422684310425,
      91.45984715458872,
      93.64979162871224,
      89.25734651709539,
      89.71668166423488,
      90.9127796055815,
      91.19929689361479,
      91.16793802570162,
      90.59609383484427,
      90.99853078400561,
      90.2919729698396,
      89.47233782696763,
      88.4324442295494,
      91.21994857197417,
      90.27554900192182,
      89.96744239085282,
      90.96083674210945,
      90.1822393035868,
      88.36791728558872,
      91.11122222837868,
      88.85081539450734,
      89.01653836999668,
      86.82880890700976,
      90.39197759710316,
      90.97121086436009,
      92.21868747022076
    ],
    "elbow_angle": [
      81.32847605398995,
      78.90336801576139,
      76.38793164913858,
      81.2472886883983,
      71.1174191939151,
      69.79464172976489,
      71.20887541805307,
      65.33701361220535,
      64.65258958729603,
      57.5169757115123,
      52.811292262445875,
      53.425990529731344,
      48.20675514011646,
      50.0333270699669,
      43.61626947318033,
      35.067764150881985,
      43.50780898135845,
      45.215882730723926,
      51.64598652681916,
      53.05387717450002,
      52.58292164984323,
      56.9608155114389,
      57.77024275687976,
      66.54162635927209,
      67.99881260454607,
      74.95872321017201,
      78.55097495844412,
      77.42149135853776,
      77.38617926786601,
      75.45340809674143
    ],
    "wrist_angle": [
      179.94704388331013,
      179.7118058289723,
      181.45683241990116,
      179.4645963024713,
      176.65712502226455,
      182.04601419454266,
      178.19030875602246,
      181.1656355607324,
      181.56218879563568,
      178.48201878070245,
      182.98272401924044,
      180.2431986587456,
      179.63797357334724,
      179.0127986964345,
      178.19888435137574,
      182.20609215007735,
      178.58409550590403,
      183.22845605658634,
      180.99030392605223,
      177.66085026813226,
      179.69107738244583,
      183.0289136684076,
      177.08178407856073,
      182.45615427027425,
      180.58398718236904,
      177.58721677365307,
      181.87283663430068,
      179.5853081414207,
      176.46392412556082,
      182.79964260378875
    ],
    "back_angle": [
      6.136812338990629,
      12.179944103597105,
      14.271056806814542,
      12.309155334328413,
      12.844656754075649,
      11.898422322316138,
      12.28177515677113,
      5.77521439767109,
      4.757522535650317,
      9.000641790698587,
      3.8451267935966795,
      9.366250883831164,
      8.009064544516338,
      13.649611170878766,
      14.931598395891173,
      14.848986034287469,
      13.448101174137014,
      6.612167113143203,
      15.731368388358645,
      9.277890987417301,
      12.051692753796786,
      14.515677325515144,
      11.05897654122852,
      11.318408807973903,
      9.554055341929768,
      5.036077886619035,
      8.044047931228171,
      5.272863239515335,
      5.319471637725979,
      14.564894559859075
    ],
    "hip_angle": [
      90.90694707708245,
      89.98859845294595,
      88.63944327663586,
      89.61746883285774,
      87.43031594386704,
      89.79666503774303,
      88.47683170163275,
      92.07034866890017,
      87.3588968775047,
      91.18935791350118,
      90.57218795611998,
      91.74519207262014,
      94.20476901484935,
      91.72953533122548,
      89.9938294585605,
      90.31478813989038,
      90.63083506283532,
      90.38788188701642,
      87.42820379926033,
      88.97094052480918,
      90.71227151843091,
      89.14531700477775,
      90.62884138678096,
      89.22158555439327,
      93.62986264995617,
      87.75927987886907,
      93.01063311857794,
      89.57960311202383,
      88.54618852856969,
      89.28995477271246
    ]
  },
  "num_frames": 30
}