{
  "exercise_type": "overhead_press",
  "form_score": 97.20037487876499,
  "form_quality": "excellent",
  "risk_factors": [],
  "recommendations": [],
  "joint_angles": {
    "shoulder_angle": [
      88.45285777884534,
      97.84189498558214,
      102.89474423230271,
      106.05691259931218,
      112.92695038892612,
      118.03762234873588,
      125.02661420012073,
      131.78962000105088,
      144.62520948915517,
      145.11078493503538,
      151.11981051901785,
      157.19393030946057,
      161.2257033041686,
      163.68709696668023,
      171.8084932528127,
      183.18729662830455,
      173.8262775102351,
      166.1704473175225,
      164.3559527175655,
      157.25535679773955,
      147.7740281255795,
      145.5388017867707,
      137.628515395193,
      130.47032691259847,
      125.4861861976572,
      119.51934860379173,
      117.07488603942213,
      106.73843640414692,
      102.02501116466803,
      94.91325406356212
    ],
    "elbow_angle": [
      91.43975949689138,
      91.24828309553342,
      101.45871354477636,
      107.6919359119965,
      113.39306537035692,
      119.77546924939713,
      126.33107666111209,
      132.64430090219125,
      140.4495277812547,
      140.5082110428509,
      148.7081242512789,
      158.82977779228,
      156.3696206669332,
      169.25425315500956,
      172.91940175442807,
      180.56073369923564,
      177.65153814214224,
      166.49865545301242,
      161.23878555792123,
      155.71773793011107,
      149.48815114094367,
      146.3952292723129,
      140.5024185785936,
      131.6300266877659,
      128.1030464597683,
      120.77177575804045,
      113.6629615747795,
      111.92770008653451,
      101.73457901594833,
      96.1386627471863
    ],
    "wrist_angle": [
      180.84187076541545,
      178.61517880132632,
      181.95275786546406,
      179.347717127256,
      176.91323795517744,
      178.58754366666744,
      179.86337093252024,
      180.81247962756433,
      180.09179805513588,
      182.33189256210346,
      183.56100127091972,
      180.22653049118256,
      182.92896620923156,
      180.56535969131627,
      181.0036117177468,
      181.26699855563047,
      180.30360195871512,
      179.0839974826283,
      180.55454240782674,
      180.7748887241899,
      178.37463190331033,
      176.40830756350417,
      179.2207836042685,
      181.01171342084328,
      176.31379618106365,
      180.95850866774484,
      181.74250177616764,
      182.86976929458575,
      181.63509655651046,
      179.8775973308854
    ],
    "back_angle": [
      -2.082757822202936,
      -3.2402202942550913,
      -3.704100797392374,
      -4.202483310126135,
      0.32142071136903416,
      -1.9593841642415708,
      -0.23748251532120632,
      1.063767572790215,
      -1.4286637922661911,
      2.190978850765073,
      0.4427958331747,
      2.4404872811346947,
      -1.5662020180741667,
      -0.5515664098982648,
      -0.02303992982349886,
      1.9281874271605723,
      0.22797822689169514,
      4.785164958909204,
      -1.3260077771664234,
      2.081861207970406,
      -1.0225972400453627,
      -2.547945439212901,
      1.1105108482037314,
      -0.4196508271458033,
      -3.7132383739888035,
      1.4776139092777445,
      0.5309741274044357,
      2.048671109764042,
      0.133151139732284,
      0.04156000549217231
    ],
    "hip_angle": [
      180.51303390855452,
      178.32722372102458,
      178.46258681162385,
      180.06721023063704,
      178.2685573236648,
      182.3438385118086,
      176.23260230499517,
      179.2590701618577,
      180.17393369155252,
      175.9396701624424,
      180.1008154838535,
      179.45238228581354,
      180.26583487382896,
      178.99866800884263,
      180.97264000456371,
      176.72056516720423,
      183.09087524745593,
      178.627460824029,
      177.56801588822435,
      180.71710328524952,
      181.2031291768015,
      177.87871552215577,
      180.35588302822723,
      182.71832778852337,
      178.4357655222796,
      182.60006176366008,
      180.4577104738694,
      178.26629802272987,
      180.8827136923404,
      180.99035333359538
    ]
  },
  "num_frames": 30
}