{
  "exercise_type": "bench_press",
  "form_score": 85.73964709252832,
  "form_quality": "good",
  "risk_factors": [],
  "recommendations": [],
  "joint_angles": {
    "shoulder_angle": [
      90.91689020556417,
      93.76313075523271,
      90.87727963357331,
      90.85405761736187,
      89.23104863907395,
      91.59306838532024,
      89.31280023723538,
      90.21275921979883,
      91.62061675366056,
      87.82955154970173,
      89.45718419289707,
      92.69828328044936,
      90.28712334830138,
      89.9497587834963,
      89.26574182920615,
      88.035982167144,
      90.14652870241929,
      89.17114077524296,
      94.62198838036561,
      88.89708925944812,
      91.03930622127086,
      91.15779673988476,
      92.38961859819304,
      90.47267946215,
      93.18177635873735,
      93.43143663520932,
      88.78791619553623,
      92.55922003834146,
      92.9099304107728,
      91.64971025009979
    ],
    "elbow_angle": [
      89.30500957196878,
      87.03561386680956,
      83.47044496700796,
      81.61310778299605,
      80.28784509238508,
      72.5953236572875,
      70.10008721156228,
      72.15515861153781,
      67.10433078740719,
      62.33335910171083,
      60.05592813670594,
      60.767333907418895,
      57.07609292261681,
      50.61829271346848,
      48.90666274776978,
      49.057682732700925,
      50.3717389111168,
      50.17992090582519,
      55.53404159071417,
      55.73094686814016,
      59.81805234114593,
      63.702761668606975,
      69.40736994477471,
      66.5808871532179,
      73.18605590545677,
      73.60024438692858,
      79.58917848087928,
      81.25314036478032,
      82.17249815102033,
      86.65412228562829
    ],
    "wrist_angle": [
      182.32339399471027,
      181.42489432078295,
      181.37718057134435,
      176.66337756826832,
      180.14870098556827,
      181.42352668721276,
      178.59769845159883,
      180.99847473199975,
      178.87655993570465,
      176.81143074349146,
      176.94216160909755,
      177.90441006694164,
      181.08278367298854,
      182.23419625138095,
      179.85379001918255,
      178.69487548418664,
      179.21817310786457,
      179.9196237050739,
      181.39684640875558,
      179.14176319555358,
      179.1898682638287,
      180.16822901418854,
      182.17761626851166,
      177.5116571863666,
      180.86658386055126,
      178.73824339190722,
      177.31505048231134,
      180.91201102873697,
      181.42333764693336,
      179.97674014981072
    ],
    "back_angle": [
      -2.4993030066313584,
      -1.0424358455298404,
      -2.626002438827227,
      0.7061192538320012,
      -1.0218515567915294,
      3.66627161729611,
      -3.4744173149138953,
      3.483288235751612,
      0.04215263663317691,
      2.664103885710049,
      -0.9217327683468713,
      5.014146657120441,
      1.8706632964598622,
      -2.890870479086619,
      2.3654994789315764,
      -2.4366092709423697,
      -4.141985469234034,
      0.818835097998427,
      -2.745064631824531,
      -0.1546470733221928,
      -0.3990877490735206,
      2.76036850092937,
      -1.5117636472268294,
      -1.7550092701876332,
      2.955105152340765,
      3.156064977364912,
      2.228244715493007,
      -2.2210185692883684,
      -2.7481525873300514,
      0.1874937116803974
    ],
    "hip_angle": [
      93.78465166331432,
      91.30299055723258,
      89.03170431138736,
      90.16800001049198,
      89.04775414336952,
      90.53021666238578,
      89.12181730657265,
      86.64150539472901,
      88.65753292809175,
      95.02904798323961,
      90.65270272720839,
      89.46690938439957,
      88.1959616515187,
      88.4635145653749,
      92.3416442341736,
      89.88068125683549,
      87.71852279466879,
      89.90896146817094,
      88.88223261239108,
      91.36387002388098,
      90.1617909362405,
      87.80819743790511,
      93.06587220220372,
      89.85757249676512,
      89.35162527153061,
      91.50376978575746,
      89.16777176872219,
      93.11534648698002,
      92.45901478091234,
      93.06861805580348
    ]
  },
  "num_frames": 30
}