{
  "exercise_type": "lunge",
  "form_score": 62.124783437344526,
  "form_quality": "fair",
  "risk_factors": [
    "moderate_forward_lean",
    "minor_form_deviation"
  ],
  "recommendations": [],
  "joint_angles": {
    "hip_angle_front": [
      179.56207816809032,
      178.50422230949965,
      179.188703379852,
      178.02527137722484,
      179.53117052206267,
      182.73800569081703,
      180.10579407231202,
      180.66812471789197,
      167.68742722638837,
      152.3995439872208,
      144.52331056475,
      130.00613054685337,
      112.19651916227839,
      106.21899950230672,
      85.8767682671788,
      89.52719597096407,
      89.57716508964944,
      90.62892467023414,
      89.95802577924651,
      89.53856739333916,
      86.31899770362222,
      88.81182411867083,
      101.77656131548882,
      115.2403112884133,
      129.96852192008453,
      141.653968643932,
      156.13207222169058,
      170.7872402567565,
      90.23338244337725,
      106.16082783088318
    ],
    "knee_angle_front": [
      178.51949745976017,
      180.37050772986382,
      180.07857614909412,
      176.036975578576,
      178.70315116943496,
      182.03799391446742,
      181.38891950671064,
      178.85149994481702,
      164.10421118901522,
      152.59097897837012,
      140.61220816082718,
      130.10300123912256,
      114.11935808858755,
      102.59247796990797,
      93.8261124652184,
      88.828626840375,
      92.49430378228006,
      89.26669649668474,
      89.57830716583696,
      88.67779426180881,
      89.3428175258411,
      88.88006883663186,
      101.07755160010893,
      115.80649842281048,
      126.72871224173315,
      140.8360785610223,
      154.07652463475253,
      163.9585682826151,
      91.20236986679359,
      102.25963866037952
    ],
    "hip_angle_back": [
      181.74078484255608,
      178.3400199453813,
      181.39093851133876,
      181.8646420720033,
      184.0350522304763,
      185.64860192596154,
      176.88168867817302,
      178.42241742649557,
      182.13171694853423,
      180.543937722811,
      181.8276205910432,
      179.9488405207595,
      179.98695463510063,
      178.89756028736969,
      178.61232753112998,
      177.23837495592215,
      181.20793200057713,
      179.01805888292205,
      178.78451255319803,
      177.62348151075633,
      178.67856618055333,
      180.86407987047062,
      180.2430515878749,
      179.84372670113504,
      184.06490296483457,
      178.4030211643013,
      178.53198123535867,
      179.0688179990583,
      181.33431253912238,
      180.74164976217216
    ],
    "knee_angle_back": [
      179.55962328855168,
      179.38290196510377,
      177.24013058900567,
      178.96837435955987,
      182.0673027666417,
      180.61796907580654,
      177.3259324865707,
      181.13484777532295,
      165.73601517255688,
      152.57819900425443,
      142.82296899150145,
      128.2041146204175,
      113.30287651283294,
      101.55432333159348,
      93.81443975453477,
      88.70401937340993,
      91.82210891525271,
      89.83060295599637,
      89.54408799542226,
      86.46725120235573,
      92.88662576894343,
      88.88681459020827,
      101.95152894952666,
      117.09764377287794,
      124.0995258482174,
      142.7525937735891,
      156.62888977619974,
      167.71673045161288,
      84.22827291755848,
      103.13340889394965
    ],
    "back_angle": [
      8.371117442120275,
      6.784297296693158,
      12.10851619513479,
      9.618014804678221,
      6.117791425371098,
      15.22832563140607,
      11.437143351733132,
      9.610836470870979,
      4.023187031812284,
      11.588788641659002,
      9.55722608630041,
      8.29708989362443,
      10.386231233169518,
      6.522334751941383,
      7.220180563997181,
      8.841734833638027,
      10.812479132547201,
      11.299396503079281,
      -0.2841945330612372,
      4.441713807545152,
      6.106331032114918,
      5.901746120942194,
      13.92960316211753,
      12.344124147915437,
      8.693563363163122,
      8.936838591275393,
      5.0843026437151275,
      7.080485253743389,
      7.026232284191735,
      6.319881490272338
    ]
  },
  "num_frames": 30
}