{
  "exercise_type": "overhead_press",
  "form_score": 67.72888363026074,
  "form_quality": "fair",
  "risk_factors": [
    "moderate_forward_lean",
    "minor_form_deviation"
  ],
  "recommendations": [],
  "joint_angles": {
    "shoulder_angle": [
      89.93246128188255,
      93.37880869727647,
      100.96797058053674,
      103.9900342257164,
      115.44003438955548,
      118.8853007645229,
      125.49307730447018,
      131.89420580914307,
      137.93944162323555,
      143.76658718445728,
      152.9010269504504,
      154.35448442649832,
      162.90961877313052,
      166.9851101322464,
      172.91214632076702,
      180.64088006501817,
      170.7755422898255,
      166.67808707417475,
      164.78113416275522,
      155.0613699612181,
      152.34517630607263,
      143.93498803863378,
      140.36843838281774,
      132.26769478976337,
      129.27889729279804,
      120.58742959802346,
      112.18499392807558,
      105.85821281796508,
      101.88433407522855,
      97.3562419606035
    ],
    "elbow_angle": [
      90.93061480721107,
      93.21304307663887,
      102.84575097058601,
      108.85595942214422,
      112.92784889211956,
      116.76005953145838,
      123.30440549468356,
      131.23784489114945,
      140.560272994596,
      142.20636367422674,
      153.1015136311159,
      156.32505991454514,
      164.27649957307915,
      169.0243673901487,
      176.06077120500336,
      178.5235685586439,
      176.4281144699479,
      167.08777675001355,
      165.45721587580195,
      157.59577562038695,
      150.71451226058775,
      143.24391638507888,
      132.5993371387918,
      131.17566186751048,
      121.01256982623782,
      118.75746799609115,
      114.52553696722256,
      108.60474754960671,
      105.16432840210946,
      96.82255107852403
    ],
    "wrist_angle": [
      182.0822111950009,
      182.95043714259825,
      180.06088580799576,
      180.50461549237102,
      180.56481260216634,
      181.55818572780845,
      183.34278090589012,
      177.81718954110067,
      176.65096833658362,
      183.02945692556497,
      177.31706749069926,
      180.3359327517473,
      178.5255732848021,
      180.38838842396058,
      179.89148092204735,
      179.19999937621867,
      184.93454505796362,
      183.64169184361896,
      181.36096313195713,
      181.6023376663852,
      178.04298810950894,
      177.63219973652465,
      183.50824441481907,
      178.0596310232812,
      178.06288281843374,
      180.17190945865,
      183.84168784748456,
      179.65894580633733,
      179.44273877329468,
      177.66769230651587
    ],
    "back_angle": [
      8.388634736979904,
      14.269225516434503,
      5.287055541996725,
      14.70554398557934,
      13.192925858324031,
      9.672858241909053,
      7.595106283493403,
      8.75464265575524,
      4.85101961925616,
      11.918182302858199,
      8.801633231429312,
      12.986810520717249,
      14.172264593753127,
      17.915544788558094,
      13.539012983277562,
      3.4995428806314424,
      8.756935691701504,
      4.9268352430026265,
      14.298804031235939,
      11.12115993686522,
      8.588479191217264,
      8.524610463394438,
      15.3222242864287,
      5.445201876425423,
      6.304225681383674,
      9.228466988605554,
      12.4188830593683,
      7.285980155861775,
      18.442342981057678,
      15.335919602489922
    ],
    "hip_angle": [
      180.28692438074063,
      180.57607373046102,
      182.57296259625377,
      178.73621276936422,
      178.92900982264933,
      179.3785811208682,
      177.88932928139755,
      181.59474661708546,
      180.38687304836503,
      178.20945237210645,
      177.5345950056879,
      182.03080748594004,
      179.69021843171402,
      180.85188397328585,
      179.60820184735894,
      182.305127543955,
      178.783817030365,
      176.73802702170917,
      181.37829646182666,
      177.52147327692475,
      177.40998630121626,
      183.23433047591536,
      178.71131570219987,
      178.60753238234633,
      181.58704469068437,
      181.91183960762407,
      181.48995668344796,
      180.485409390675,
      179.17963101348283,
      182.09352322669565
    ]
  },
  "num_frames": 30
}