{
  "exercise_type": "bench_press",
  "form_score": 70.56661970558464,
  "form_quality": "fair",
  "risk_factors": [
    "moderate_forward_lean",
    "minor_form_deviation"
  ],
  "recommendations": [],
  "joint_angles": {
    "shoulder_angle": [
      89.65810390479328,
      91.6130611321994,
      90.37049401480145,
      91.82213862043704,
      88.91936331609635,
      88.53277779571701,
      90.61355494006376,
      88.14234629640609,
      90.34485648415209,
      89.87601211128779,
      91.66570002958908,
      86.18265868041003,
      92.74578782599154,
      88.59598133893326,
      89.75663994443163,
      94.31892824949747,
      93.56655243258439,
      87.9234773504824,
      91.96407345145737,
      87.08129116521836,
      92.12360299974922,
      92.28613959154639,
      89.34455118218645,
      93.46289475137895,
      92.29064448316728,
      90.25727227688392,
      90.67388726125293,
      89.47743757361066,
      89.6214597897197,
      87.28617144107564
    ],
    "elbow_angle": [
      82.86256126398877,
      81.37677101559768,
      72.71512505985416,
      75.89023101610347,
      73.48142000946113,
      73.6863822930676,
      65.490546722006,
      62.41125302896407,
      65.46094469032381,
      58.82224316173125,
      52.6470190464713,
      51.372356516489816,
      51.10438806220505,
      44.275082217559465,
      42.64094383450193,
      48.507810413879355,
      46.80087999060599,
      52.05184984026647,
      49.21588535437515,
      50.544564240592834,
      54.64121687717266,
      60.16136461879875,
      60.681837793228325,
      62.28586581378021,
      61.87906088145224,
      68.04252723110157,
      68.29976782863947,
      79.12467424585168,
      84.78958574463175,
      76.00642951577014
    ],
    "wrist_angle": [
      180.91555291105698,
      182.0504481697151,
      177.729922545109,
      180.2662950782132,
      179.79126366460818,
      179.3828393959607,
      178.87355949261965,
      176.6973364623428,
      178.7819329159035,
      179.77248602072126,
      184.00444890017388,
      179.36667897810048,
      180.00599460622195,
      180.86776387355994,
      178.32843280646932,
      177.77066904630027,
      179.34698763056718,
      179.33870978642105,
      178.41513664774382,
      181.648112107072,
      179.5533600617363,
      180.2970926583456,
      177.13639474916792,
      178.77418426781122,
      181.3833720763325,
      183.0667366955889,
      181.5851995398569,
      178.4009520564684,
      181.87776139678382,
      177.22274202147202
    ],
    "back_angle": [
      8.960362453057861,
      13.77243730099016,
      13.704081583898985,
      12.69810474853653,
      9.790584693240744,
      6.867118470364537,
      10.838390730307697,
      11.40801734779445,
      7.780020534792989,
      8.069581958325346,
      12.138232629701347,
      6.462788925273584,
      11.26997110552891,
      5.855449237332924,
      12.348818369669305,
      11.679215738167226,
      11.119907585357849,
      3.8739675634731627,
      12.647265838713032,
      4.131646567818512,
      16.026635785745263,
      3.1372353871812955,
      9.959123466230757,
      14.889199542947145,
      7.52624619636726,
      5.271630033734597,
      8.169411871254136,
      12.926617000567997,
      10.90804356718317,
      10.300859283501683
    ],
    "hip_angle": [
      89.85912782613089,
      88.98269673172196,
      91.61048883853994,
      90.03004449761022,
      89.42258779523554,
      91.527547416898,
      91.11892372398079,
      88.50369392051185,
      90.23902108942649,
      91.2202417315616,
      89.47577468489764,
      92.4595393359687,
      87.3040234946328,
      87.59535114152891,
      89.16519406668262,
      91.08763058663828,
      90.64550529518903,
      92.14886045765066,
      89.19846264241839,
      88.5832051259481,
      90.8266990521059,
      90.24073321501574,
      91.41921954193195,
      93.65112217197432,
      86.08301248277512,
      89.26335252812002,
      88.57023475124431,
      86.93938866450524,
      91.65154651064569,
      92.66668964676828
    ]
  },
  "num_frames": 30
}