{
  "exercise_type": "lunge",
  "form_score": 87.63777493407622,
  "form_quality": "good",
  "risk_factors": [],
  "recommendations": [],
  "joint_angles": {
    "hip_angle_front": [
      176.7034619492855,
      178.36752768181455,
      183.17624164115566,
      178.23396198955413,
      178.33060190167103,
      180.12947476340582,
      181.13544494525618,
      180.0867233060471,
      168.29127929887275,
      157.09413477920933,
      139.63148504735605,
      127.85356052941181,
      111.29717318894936,
      103.36642576466478,
      87.31273255949155,
      91.75294692118933,
      91.81517307336436,
      89.28069862601315,
      87.68809022248875,
      90.02483535441792,
      88.09785032528836,
      90.26525654072108,
      103.56999667061544,
      112.54481878300047,
      128.80415230469782,
      144.57866826022777,
      156.63323983573866,
      169.73041487310437,
      88.26257997034507,
      105.2643591863661
    ],
    "knee_angle_front": [
      179.88435062069183,
      179.90290064746083,
      180.3278755789748,
      177.11282398779025,
      181.70386447131645,
      180.28344273934687,
      177.8579562923427,
      183.04495424303119,
      168.48450390812644,
      153.63701554056234,
      143.52137388463532,
      126.3507513891504,
      116.30898563904243,
      104.72953872214813,
      90.23957409600678,
      87.46866204901275,
      89.13139792577299,
      89.74673864320745,
      89.61080049990798,
      94.78031925100288,
      89.25749240737287,
      88.53792678564375,
      105.58112771208432,
      110.0059890698926,
      127.3194784667685,
      144.75684489956893,
      152.72818619520393,
      171.1292897427123,
      87.61387126411896,
      103.57166390658722
    ],
    "hip_angle_back": [
      181.29567751889593,
      176.73302112211434,
      180.41104436648743,
      180.07913663531355,
      180.22171253033568,
      179.25075261401332,
      181.12898967667763,
      179.1896159414801,
      184.06412026516122,
      177.43355537188168,
      178.7343518887542,
      181.99857282358707,
      179.9821525048912,
      181.41110240992495,
      181.69344568374444,
      177.64460422834367,
      178.80490441979984,
      182.74404999893247,
      178.6768674346363,
      182.75289611462864,
      178.99403222751877,
      180.02547495886148,
      179.1930832606974,
      181.1549338332572,
      178.6010582096199,
      178.42657986606133,
      179.40403127746694,
      179.98263093750987,
      180.6132055544317,
      179.46599180153484
    ],
    "knee_angle_back": [
      180.04120353415357,
      179.56037184694662,
      180.89891653459787,
      181.20896111483583,
      177.18192755855384,
      182.53561042885718,
      179.04610007035268,
      176.09851600919094,
      167.1215493071739,
      152.50760974767422,
      141.72071025435721,
      127.9396527760235,
      115.29923291512404,
      104.1227432645394,
      88.2126554503401,
      91.29987187069716,
      88.95454724058304,
      93.1540755477714,
      84.91240154475477,
      90.04518267266494,
      89.50395123086415,
      90.9729991550472,
      102.81598999465132,
      115.57000621500356,
      131.3106330953514,
      140.71959967974158,
      155.49806805142134,
      170.22599195292244,
      90.80405559587876,
      102.6869730959696
    ],
    "back_angle": [
      -2.172404601283482,
      4.2628392322007445,
      0.42598238488857154,
      3.175957803314306,
      1.6213731339409145,
      1.981461907378583,
      -0.51412755231169,
      2.1494621610375226,
      -0.5407378914758317,
      0.6318460696180646,
      -0.7423949887818831,
      -2.054331100298278,
      2.351016289637883,
      3.362652721207954,
      -1.9041588353853296,
      -1.9498651696760778,
      1.2022503616104474,
      0.029357886587218152,
      -0.2068299199189295,
      1.86849980613756,
      1.8032574089014743,
      1.1894056137575204,
      -1.5237014685378811,
      0.01909222269293475,
      -1.505626899175813,
      0.16184552454802453,
      -1.5964620319189302,
      -0.10119576999099732,
      -1.4394738941405778,
      -3.37269299251334
    ]
  },
  "num_frames": 30
}