{
  "exercise_type": "bench_press",
  "form_score": 75.00673018537934,
  "form_quality": "good",
  "risk_factors": [],
  "recommendations": [],
  "joint_angles": {
    "shoulder_angle": [
      89.95333195218073,
      86.65925846530723,
      87.56390478910461,
      90.1084002075667,
      93.86575212792951,
      90.79942880793881,
      89.22346536307795,
      86.67006270072923,
      88.96332742276596,
      88.89847702684094,
      94.79954152587672,
      89.00304107870687,
      89.78497049386823,
      91.05085213790606,
      88.19732269463263,
      95.59282101062378,
      88.11938900954817,
      90.60106242977176,
      88.6266250170132,
      87.82106246098922,
      85.15990805354376,
      87.06491351292071,
      87.52989020504715,
      89.72395698737687,
      87.83976622902419,
      89.24886167429047,
      89.06555047023791,
      87.10572533226907,
      90.98034255107812,
      90.91359165178613
    ],
    "elbow_angle": [
      95.01751159282604,
      87.51578248772853,
      83.86384011857794,
      80.20104047418646,
      78.18732017355862,
      78.20818110595475,
      69.37487998774925,
      69.46365087814891,
      62.426793652670774,
      63.653822725641355,
      63.98106993574778,
      56.391649395650724,
      53.22480720629683,
      52.98462596892408,
      46.95563898336499,
      44.5075550241126,
      49.12294830334902,
      49.98548824657738,
      53.743549157142226,
      55.05948117613274,
      59.30932098354731,
      60.712516075747814,
      70.07969353985078,
      70.8347530663861,
      69.82489158507501,
      77.4311192885543,
      73.49869318606905,
      79.99676264544202,
      81.49569520859397,
      85.51390872196905
    ],
    "wrist_angle": [
      179.3930570104357,
      181.01207855086864,
      181.0505038201431,
      178.2780825364727,
      178.25555382314127,
      180.25185196560946,
      181.26344170304475,
      182.51659269089515,
      183.95210229275438,
      181.8922187314342,
      178.5514127240092,
      181.68668252912693,
      179.78024006482548,
      178.79221439719734,
      180.11590752577226,
      179.1409956314607,
      180.0737120208299,
      177.60237148415567,
      182.43774672375386,
      179.42904205969927,
      177.9007223752744,
      180.97025676968184,
      178.98247233505987,
      177.23768932681276,
      178.10777570533438,
      178.07893164061053,
      180.64829819555428,
      180.9343702555246,
      182.44392703376835,
      179.28869671072545
    ],
    "back_angle": [
      -2.3701177110362086,
      -3.3542915811262244,
      1.513949077074809,
      2.991069358900727,
      3.5589706192892594,
      -0.894690323586702,
      -0.17957088513034578,
      1.6159874583984728,
      2.482268253866113,
      1.4825581228368754,
      -0.5539981581163681,
      -3.373013658248777,
      -1.0462000320542462,
      2.9395880594115416,
      -2.209382775648299,
      -1.0312518032221034,
      -1.9652156346827363,
      1.1818228471797998,
      0.6323286335748303,
      -0.4201088310327928,
      -2.160584562449417,
      -2.4633522964701715,
      1.9648357667459921,
      2.8237626984103485,
      -5.589401221289957,
      0.7614792095118966,
      0.6459381080007619,
      -2.3547948502625826,
      2.4085257302317973,
      0.6206631558529718
    ],
    "hip_angle": [
      89.8960822940274,
      90.11364952460649,
      93.08584361333585,
      90.58493039576385,
      88.23816917771572,
      87.65980253914152,
      90.4253141471725,
      94.18192133920681,
      90.62694431028211,
      88.7491491635393,
      89.54980644006659,
      92.13466057206381,
      91.59025620842503,
      90.16030335667693,
      88.64310330591755,
      89.41257374742392,
      88.6886130606386,
      91.39329541397201,
      89.52077983401196,
      87.96247829870191,
      86.7274769440358,
      92.28600941986431,
      92.73573161454902,
      88.3356417106001,
      89.93327861830089,
      91.75755079688697,
      91.98602658814424,
      87.4428467812737,
      93.89543886008015,
      89.90610905139874
    ]
  },
  "num_frames": 30
}