{
  "exercise_type": "deadlift",
  "form_score": 63.42103069090269,
  "form_quality": "fair",
  "risk_factors": [
    "moderate_forward_lean",
    "minor_form_deviation"
  ],
  "recommendations": [],
  "joint_angles": {
    "hip_angle": [
      41.58964188225415,
      47.0103296599719,
      45.670512639918165,
      50.04672361551017,
      44.19423056148938,
      45.747398512188084,
      45.8337403636812,
      47.360540257488694,
      45.43698229293789,
      46.17167995291817,
      45.874826215991796,
      57.93790501652981,
      69.09471964780049,
      87.0130087722383,
      100.92790024314208,
      110.51953880442765,
      125.75803266201049,
      140.02111938382498,
      150.01135319992324,
      165.1649055755616,
      183.43813107319113,
      168.9803540550129,
      151.90179783750733,
      140.35976685973998,
      126.49404665718424,
      113.37883005433956,
      99.05882610931894,
      90.13980135386396,
      72.32408845700995,
      54.79097641364531
    ],
    "knee_angle": [
      90.62282093472872,
      87.9228299567217,
      89.97619604175726,
      86.62638777378545,
      93.25567528172925,
      92.79974885318296,
      88.80017322052174,
      86.0500449950918,
      89.52342731871195,
      92.12998336207036,
      90.29421935411087,
      98.74117282623335,
      106.74464595564612,
      115.11206264214792,
      126.34623072765118,
      133.34406037806068,
      144.78360556252113,
      151.9961593948633,
      161.8754701173896,
      171.28795682140668,
      178.29625906466435,
      171.97852069611093,
      167.15373840573278,
      154.10642207542082,
      147.80107682972616,
      135.55660027651794,
      126.55608495144588,
      119.4647616216632,
      109.33412173756226,
      100.39944339002736
    ],
    "ankle_angle": [
      92.940623262066,
      88.099612469653,
      89.79293760681142,
      91.27865071849678,
      91.28387931821116,
      90.31012688666915,
      89.43923491686832,
      92.75373105238016,
      87.73987308758365,
      86.92179480382677,
      89.727332243401,
      91.30068053106575,
      85.11917348252757,
      88.78195081485805,
      91.15266012978317,
      90.60813832211382,
      90.1884668523947,
      88.2410909658391,
      92.00748367102635,
      89.84178440216655,
      92.9354404143984,
      92.68741246331405,
      88.47014772010856,
      86.11281800979596,
      86.00894389064158,
      91.74551007206206,
      92.59612779079524,
      86.36230773460862,
      89.74719550440047,
      88.47801884918248
    ],
    "back_angle": [
      21.333706458398506,
      9.752761865808756,
      19.327149088280606,
      11.872186611451166,
      16.895324549507677,
      7.317372318795082,
      12.567531310921355,
      15.557697183181109,
      11.81073600039178,
      13.02570346599868,
      13.526861639183743,
      13.124769458342364,
      12.313450357591543,
      22.202189253837357,
      14.30673063658778,
      19.81210335014312,
      14.433953602959765,
      15.556151119266111,
      13.654101541100653,
      14.360394468288542,
      12.19619573630993,
      16.728792992912098,
      10.130244704511448,
      14.684872322445786,
      11.864667430167623,
      9.509733496089165,
      9.51763627754358,
      10.013654235103585,
      12.06512344471878,
      17.71938213935114
    ],
    "shoulder_angle": [
      90.80369668714351,
      88.0674143510921,
      91.69800707618477,
      90.39445115496268,
      90.50904207585936,
      87.84131125064742,
      87.24992783442295,
      87.91856046737226,
      89.80917595374204,
      93.39657216711262,
      96.0872876912969,
      89.90346874218649,
      87.54711975967183,
      91.69803580882608,
      91.1149990695427,
      92.18959205380098,
      90.52443360738476,
      90.71135021580511,
      91.65610793849308,
      90.77707938181895,
      87.90301920510544,
      90.15498783365253,
      93.59609139627437,
      93.1269168494567,
      93.05762288339578,
      91.134451267072,
      89.82586031670493,
      89.67800618862381,
      88.07044067521763,
      92.33714885497042
    ]
  },
  "num_frames": 30
}