{
  "exercise_type": "overhead_press",
  "form_score": 63.73939821835174,
  "form_quality": "fair",
  "risk_factors": [
    "moderate_forward_lean",
    "minor_form_deviation"
  ],
  "recommendations": [],
  "joint_angles": {
    "shoulder_angle": [
      90.81467801242937,
      95.66663488524652,
      101.45881074439653,
      107.03850156590967,
      108.89101718703924,
      118.54763243313889,
      129.4145440640847,
      128.35951508268903,
      137.55347667778136,
      147.1578976367465,
      150.5380388437888,
      156.32400523115498,
      164.24654597670215,
      168.76341170780918,
      174.02106291519354,
      176.65797876255516,
      179.11862858779904,
      168.31269122384342,
      162.70738665344365,
      153.94918676813754,
      149.56304487037323,
      145.53601095712827,
      141.1055144733578,
      131.40152348662852,
      124.65713096839029,
      120.40588317207035,
      110.58445841713701,
      108.6559037292084,
      99.96089737602155,
      97.15200887818851
    ],
    "elbow_angle": [
      91.49347606367785,
      95.25979073062328,
      103.29715364755526,
      109.67028845254494,
      115.42284037281692,
      119.93386797920265,
      126.85297029190944,
      133.63072960363496,
      137.16267920074807,
      143.80204466398365,
      148.87613876708275,
      156.01407750371555,
      162.72575963695786,
      170.73814620677373,
      172.7114463443637,
      177.5169342491501,
      171.87691448523626,
      169.75506201950526,
      164.12753479051472,
      155.0237716676861,
      150.45471159453737,
      146.63239909153836,
      137.1964778356963,
      131.59681471328037,
      124.01568730902052,
      117.65421477279654,
      113.51605766671604,
      108.04976276970326,
      100.72599976405887,
      96.43171777551632
    ],
    "wrist_angle": [
      181.86074495214618,
      184.6614746288906,
      178.60300934182925,
      181.5103862314016,
      183.68414609446802,
      179.24740465470316,
      182.01364122957978,
      181.49348563659123,
      180.9294891369416,
      177.28727768531078,
      179.58476646197346,
      179.14081410142146,
      180.5666189238829,
      176.76808981841276,
      179.7491403580257,
      178.24799597122407,
      176.05261653731884,
      179.07360262437214,
      179.97584578023896,
      180.25813034778383,
      182.1839123288697,
      180.802198423798,
      176.05472745476092,
      177.27729554066585,
      175.95919955920388,
      180.3847481004957,
      178.95708538791416,
      178.9707240618878,
      180.59237056197392,
      179.18219834573014
    ],
    "back_angle": [
      4.722245809675168,
      14.024694643088143,
      11.120511469382206,
      11.574052532816204,
      3.338281685114087,
      15.45146852223594,
      12.868611458673971,
      14.396517859476065,
      12.19777061245632,
      4.50606292544107,
      4.766684807910011,
      4.56799007351789,
      11.51625529969109,
      11.257659294438188,
      14.176905425537395,
      5.5490676925809606,
      10.214148551510979,
      8.772596204097676,
      14.02089602738656,
      8.58238977468632,
      7.2396556689284575,
      7.761815090126565,
      9.582029899736819,
      8.078994277881861,
      10.324912572830714,
      12.438538096008259,
      5.6630745788287005,
      8.819489205354332,
      7.194436221177996,
      5.550911427549185
    ],
    "hip_angle": [
      179.40814826140155,
      178.4460152317188,
      178.88239693950433,
      184.19580459811678,
      179.79357605620757,
      178.24740240845549,
      180.35476457281652,
      184.0879622952064,
      182.87599336000892,
      176.55552411206241,
      181.60334855274317,
      181.96753572431436,
      180.82096473690567,
      178.5507162106115,
      181.17556884790787,
      180.38843490058625,
      179.56192974963352,
      182.12870518864196,
      182.88860629485757,
      184.00314123277883,
      181.49569326448267,
      185.26784334060977,
      179.3079656982333,
      183.20238234621416,
      182.25669367528096,
      179.11946291874997,
      179.38449813910356,
      177.1441611957106,
      176.31970831571175,
      176.44313724278032
    ]
  },
  "num_frames": 30
}