{
  "exercise_type": "lunge",
  "form_score": 35.712379957960344,
  "form_quality": "poor",
  "risk_factors": [
    "excessive_forward_lean",
    "knee_valgus",
    "insufficient_depth"
  ],
  "recommendations": [
    "Keep your chest up and maintain a neutral spine",
    "Push your knees outward to prevent inward collapse",
    "Descend until thighs are parallel to the ground"
  ],
  "joint_angles": {
    "hip_angle_front": [
      181.50683538717928,
      181.26814921872182,
      181.2365217453003,
      179.80999837962568,
      179.80907584623336,
      178.29314303667047,
      181.5586510532782,
      182.53999046759952,
      165.23172820557724,
      153.0306809124893,
      142.955279100328,
      126.63516167673643,
      114.00778732787406,
      103.63775230262877,
      90.91456465413022,
      89.9755507723795,
      92.19419982603172,
      85.96920852815065,
      91.77496040843174,
      91.13993943318715,
      89.73954892330006,
      89.93327698951263,
      104.68587140363724,
      115.26882363707817,
      131.52127479411885,
      143.86622334081304,
      156.0322828908634,
      166.194578224701,
      91.12824188509408,
      103.8601236414305
    ],
    "knee_angle_front": [
      168.6150745529104,
      166.0994220885427,
      163.44192599070624,
      167.8959386425069,
      170.49487229845522,
      168.6918192147548,
      161.56597660534393,
      161.56230681232154,
      153.8774119277763,
      143.92073841339297,
      121.79789526646687,
      117.79936055780524,
      102.10844051289797,
      92.48853444029774,
      75.97405780581575,
      76.445865525666,
      80.39107387104336,
      75.88200541354381,
      79.61370443983225,
      70.09262436756578,
      69.89296608741951,
      77.73562545752108,
      90.19872772641537,
      97.57201662373667,
      116.1597759940985,
      128.22176988062367,
      132.56037889597602,
      146.02497402818392,
      80.32647199508871,
      87.74351158495209
    ],
    "hip_angle_back": [
      179.24722986668706,
      181.00744248245945,
      182.86066785086032,
      177.90057491135718,
      176.77173735616654,
      178.43418528007422,
      182.29565745290725,
      180.5261598293256,
      180.70566932031673,
      180.0305627078436,
      181.34892570491968,
      180.2946620556371,
      181.30091567574206,
      177.46820042738682,
      177.86488119320578,
      176.52128638406487,
      180.75531860244797,
      180.91865630782183,
      181.12044854331342,
      176.0592683643541,
      176.3227909617516,
      178.97703119523644,
      179.77071185772135,
      182.06072316140506,
      179.72372990542294,
      178.6901326544927,
      178.5478801891189,
      180.6664337893244,
      179.6206857320896,
      180.04912747839242
    ],
    "knee_angle_back": [
      175.23524559716944,
      178.61396991443198,
      178.0348929047063,
      176.97430129810806,
      178.30214431447595,
      179.77986550251637,
      177.6392822566994,
      182.5353496959904,
      166.24931510173812,
      152.80165012825796,
      138.7595381248631,
      130.84907912671287,
      116.53740308490755,
      101.49707817128932,
      89.13917455167542,
      87.88030345564489,
      87.2257516429955,
      89.6636609995703,
      89.92903753962965,
      87.01840252776609,
      90.40141736751467,
      92.82461011545168,
      102.48602387342382,
      112.52662956211397,
      124.53778256184634,
      141.42736358978019,
      153.80999826684172,
      170.19521681906994,
      93.42087982523634,
      101.5126722257712
    ],
    "back_angle": [
      20.28645347212514,
      30.976295556542787,
      15.24833074578253,
      29.170756524094926,
      27.840653915510536,
      28.902022334510715,
      28.22492972773295,
      20.04474741058508,
      22.9881884004007,
      26.066176181514468,
      28.15488936245566,
      23.157500338576877,
      18.93256491439539,
      25.54969994741103,
      29.10150761016726,
      25.085538311241216,
      15.146961439919199,
      28.890905605508152,
      28.622179245695865,
      28.84400912980308,
      22.532293059058087,
      29.106467534116767,
      28.84156281209009,
      27.239563048348764,
      27.248581984094915,
      27.481399157916304,
      17.377016714173823,
      23.430153896884185,
      29.766838744578735,
      19.85139818029082
    ]
  },
  "num_frames": 30
}