{
  "exercise_type": "lunge",
  "form_score": 88.88184421282351,
  "form_quality": "good",
  "risk_factors": [],
  "recommendations": [],
  "joint_angles": {
    "hip_angle_front": [
      180.98219761623992,
      182.124507072026,
      179.30014772699573,
      179.35950484687075,
      179.64069524319123,
      178.92857042200387,
      179.80998931741928,
      181.0351510781968,
      169.90941746740654,
      155.0916056020047,
      139.8081096312139,
      128.89652356711898,
      112.88311013230111,
      101.95173569685923,
      89.56117324112873,
      89.96649769134233,
      86.67379911745736,
      90.39197430255055,
      91.62036400782299,
      91.33497991880728,
      90.58286481953357,
      90.14670945955693,
      99.47355117652829,
      116.0016830848166,
      129.51328915580103,
      137.1522890141489,
      154.97717369550088,
      169.36709822324696,
      86.86342974163561,
      104.13214328576849
    ],
    "knee_angle_front": [
      176.257034206839,
      181.1969849722482,
      177.41694417916838,
      181.19956006399704,
      179.76789330089173,
      182.620060331699,
      180.7988423829282,
      175.90745418830556,
      168.08501196699214,
      154.75742256879056,
      140.31063497176393,
      129.63078108069686,
      115.35574389182138,
      100.82511202629985,
      88.73406132565742,
      90.96548635406536,
      86.39830429854233,
      89.59926012897574,
      90.01578514843048,
      89.2472958419602,
      89.6305980065985,
      88.91382913334355,
      103.04732224537719,
      113.16057195738755,
      128.35224151529403,
      136.75323437000134,
      154.97817570561116,
      167.63772047645634,
      92.17120609280326,
      103.54681765625493
    ],
    "hip_angle_back": [
      180.86965494138255,
      180.63078258854244,
      180.3985790596992,
      181.5004347318057,
      180.04663243623386,
      177.6366743835862,
      178.630215130118,
      179.79827163279367,
      179.8755048025131,
      177.1327955384157,
      178.13554635126968,
      180.3517377098174,
      180.98231730829986,
      180.1665721375022,
      180.3954252806963,
      178.8429308361796,
      178.60297851554824,
      180.45611689543418,
      182.7784099131349,
      183.0407890728699,
      179.2863660304295,
      180.38450381579008,
      180.8306876557492,
      179.3461916188965,
      178.6171675780327,
      182.51209078213034,
      181.03151068474182,
      179.09470748079502,
      180.94767959287654,
      182.89802258436964
    ],
    "knee_angle_back": [
      176.77058508775588,
      179.06323001857797,
      178.19777809344586,
      176.73907336987207,
      180.85286652929543,
      179.03274009500257,
      178.3899800134229,
      181.78640291575792,
      168.30626108899034,
      155.454546941722,
      143.03891689060578,
      128.1682529714325,
      116.91825926641168,
      104.55814634134154,
      93.17009332158138,
      91.39069765821495,
      89.32244144580889,
      89.91842845944802,
      89.19871814738015,
      87.86882226383149,
      92.07804845566179,
      86.81359420007577,
      101.233853757273,
      117.709410535223,
      130.17795022242905,
      138.1954847392607,
      156.04130094171438,
      167.9997681869335,
      94.34229850812063,
      104.78506630645444
    ],
    "back_angle": [
      0.015519328424671245,
      0.7325715746111952,
      -1.4422339102052613,
      1.683243518393402,
      0.26304354590367407,
      2.7889253046195988,
      -0.3294485762925363,
      -0.24826557874639563,
      0.1641918394083974,
      1.6089063530739656,
      0.7509120859387931,
      2.2268373122576954,
      -4.054274206857665,
      1.7821462349869286,
      0.5324881372519452,
      -1.8745991182718555,
      2.974090608859645,
      0.15759908774559547,
      -3.247113124265254,
      -3.4460568130384934,
      0.10799860786869811,
      0.8088670146872465,
      -1.4517738265497917,
      0.1756178869196697,
      0.9985821882910065,
      -6.989418639539901,
      -2.478538012197559,
      0.8071030225153089,
      1.2092223645771443,
      2.300108228222843
    ]
  },
  "num_frames": 30
}