{
  "exercise_type": "deadlift",
  "form_score": 99.13117765150263,
  "form_quality": "excellent",
  "risk_factors": [],
  "recommendations": [],
  "joint_angles": {
    "hip_angle": [
      44.644309407774124,
      41.536580196795896,
      43.21967967026621,
      44.24682085483335,
      42.725079604674,
      45.45967963924602,
      43.26936890607557,
      45.301285004088164,
      48.25203213685369,
      47.33225965414695,
      44.74692873476313,
      59.10960052677684,
      69.42568357824344,
      82.03439009695663,
      98.01839738880457,
      111.01190605030538,
      125.80860626644127,
      137.79378027210623,
      153.70555926539168,
      166.66649555681633,
      184.12740063513468,
      170.79224503142922,
      152.86042343359912,
      139.67349454681312,
      124.6724013050298,
      113.73512483341041,
      100.96022010009784,
      82.97641914309915,
      73.81963228379108,
      58.498515751445964
    ],
    "knee_angle": [
      91.4419568359672,
      91.08897105390811,
      89.41001984875275,
      92.07047201255739,
      89.79179874861774,
      89.31744117723386,
      92.09191228501292,
      88.65977797636391,
      91.02142382525275,
      90.97535182378002,
      88.77972594993551,
      98.46004365451141,
      112.76238734379251,
      116.66024836053084,
      130.14609366589318,
      136.4309907936722,
      145.08703546012356,
      153.8215309014765,
      161.8829570518287,
      173.28858415381376,
      178.06004867322167,
      172.87338325400967,
      162.40226919639377,
      152.04306579114603,
      142.23831842034096,
      136.00695740172043,
      123.55859720813045,
      117.37303722962761,
      108.76460053457981,
      99.48656587472462
    ],
    "ankle_angle": [
      90.81322348034416,
      90.74046526203986,
      91.33883446909711,
      87.19279955343283,
      91.58807064320715,
      90.62286337485156,
      89.15151181517349,
      85.68058869981483,
      93.1112058853417,
      91.00133962698479,
      89.70669422549595,
      90.66168103187813,
      93.46847457519213,
      92.44704619912778,
      92.76697670738784,
      91.14578395137224,
      92.7843796314742,
      90.32882855405423,
      90.36153716861455,
      90.81510486243356,
      93.39132210129964,
      92.47383728405606,
      91.1622373165313,
      89.58449590700118,
      87.96504344639587,
      86.79782626869364,
      87.91219124864428,
      92.0339025805982,
      87.84846841660455,
      89.0164067484425
    ],
    "back_angle": [
      -2.165069590099511,
      -0.7784344107785374,
      -2.3051735257840362,
      1.7255095300198184,
      1.9065520865666357,
      -1.9220693469000698,
      -0.2194072086303201,
      3.9014768565387925,
      0.17841139742790174,
      1.6438605502415817,
      -2.879399568528903,
      1.344134321649388,
      -0.18960694284942547,
      2.4562631776111017,
      -2.9052218432911388,
      -2.3836818118944536,
      -2.432985894481249,
      -3.7560490699608846,
      -0.2399182260421866,
      3.4550025039231604,
      -0.7083289723056786,
      0.29328737187149645,
      5.016919584170652,
      0.8867108608499009,
      -2.4143440003002126,
      -2.672580764115,
      0.9161095702122048,
      -4.544216336453461,
      -1.1402488987729962,
      0.2845601498165386
    ],
    "shoulder_angle": [
      91.4152385531943,
      88.91440257279359,
      86.07747985677462,
      89.3780114725417,
      88.74634435538536,
      90.51818693471768,
      90.1141316535559,
      91.10010816579066,
      89.38476466367376,
      85.20854986302761,
      89.67029045409512,
      86.8340946271201,
      89.17389046925524,
      85.87925973250344,
      92.11348019475106,
      87.11101476529599,
      91.21929780451629,
      90.73379300356578,
      93.9176886126793,
      90.5256780682263,
      91.32547404429386,
      90.36403620914483,
      90.0743774736699,
      86.14958944579546,
      88.76871173374025,
      93.19470137758047,
      90.02014975562095,
      91.22681676112241,
      88.48406450862335,
      88.42596050119505
    ]
  },
  "num_frames": 30
}