{
  "exercise_type": "overhead_press",
  "form_score": 79.92389964912606,
  "form_quality": "good",
  "risk_factors": [],
  "recommendations": [],
  "joint_angles": {
    "shoulder_angle": [
      85.73648196860061,
      89.26479280484547,
      103.86949726802445,
      112.56347160376146,
      112.32495848304573,
      118.79435507554244,
      121.33914948384961,
      134.77839269858976,
      137.2008838431407,
      144.75285331488587,
      149.60864144397652,
      156.670016802619,
      160.2199797740124,
      167.54559909205503,
      176.78246765428304,
      177.9193321329845,
      174.6949546168953,
      168.81536284260096,
      161.1702523191314,
      154.72034893477957,
      150.80659808927373,
      143.92932006078752,
      139.72675923668808,
      129.7047540426031,
      126.08920932057771,
      121.72369221878637,
      111.83855017011749,
      107.80085379725723,
      104.6959975810523,
      97.9650951637832
    ],
    "elbow_angle": [
      90.01458815578746,
      92.26058514588803,
      100.54912813969187,
      105.73085454024643,
      111.96316398043268,
      120.92122008706332,
      125.604788175922,
      131.59933381435962,
      135.65603208179562,
      143.5091852424084,
      149.34838360532925,
      153.61975339807904,
      163.3167971497925,
      168.35853482928647,
      171.40811166685268,
      179.68229792426487,
      170.75360968919205,
      170.79738123152575,
      161.91028115634097,
      156.4906342437191,
      151.0910644728774,
      145.70095732613646,
      141.42283913035902,
      136.66851316521235,
      127.24424840168932,
      116.70003063563777,
      114.73404916927566,
      108.0902334425996,
      102.25977978594818,
      92.56904712812249
    ],
    "wrist_angle": [
      179.46577429747046,
      178.64372220267705,
      177.6848971352774,
      179.77474693008156,
      178.0365734559843,
      176.96938598537258,
      181.83537049692563,
      180.01385912562782,
      180.49691213730154,
      178.3530687367296,
      179.40965213293507,
      180.84665379773256,
      177.20964905708965,
      180.8743155953871,
      177.74767634077494,
      177.37014016760594,
      179.06192327976177,
      178.74732250949614,
      179.17856977828163,
      182.25980863617406,
      178.45319576430046,
      181.16353109839753,
      183.39131540091086,
      179.11017167769688,
      180.06731769589948,
      178.70571578266177,
      178.9906475688199,
      179.26719340298612,
      178.81486116873495,
      181.36923390410172
    ],
    "back_angle": [
      -1.1695038843247305,
      0.25045523193180635,
      1.2958141519982058,
      -2.3082929489323023,
      -2.4456427076772385,
      -1.1844091522705689,
      3.6935508667317665,
      2.8389756782413427,
      -0.7879239001531845,
      -1.2854552674949058,
      3.1789574175677746,
      -1.6271890369724806,
      -2.4117880330377925,
      4.089408719814611,
      -0.7340770852516603,
      -4.599929261451586,
      0.01005707267426892,
      1.4974254510949476,
      1.7499803435279397,
      -0.4451343045077252,
      1.7381301797183537,
      -1.345470246583332,
      -2.246953244969143,
      -2.908729057776812,
      1.0065012611772806,
      0.7497364364203503,
      0.7467668093570217,
      1.5040471426413013,
      0.8223572304580189,
      2.809896209768452
    ],
    "hip_angle": [
      176.79721410251548,
      179.5881351920377,
      181.17246424645677,
      182.38497001897105,
      175.20584446567125,
      178.15652926564962,
      183.72014386665884,
      183.30764944415324,
      180.8129606108374,
      181.39845655170518,
      177.62701991576935,
      177.718716612644,
      178.8844315583577,
      180.85157005296261,
      179.29735643488692,
      179.3071851776172,
      178.5986868079552,
      182.8396797630038,
      181.23358617743432,
      175.13060022015097,
      182.82102566127537,
      179.09497660641154,
      179.9162192660759,
      181.22608544686346,
      179.4031290640632,
      180.9059679355629,
      180.72031649268763,
      176.45025231408675,
      178.3661890172933,
      178.7733456289871
    ]
  },
  "num_frames": 30
}