{
  "exercise_type": "bench_press",
  "form_score": 76.36776650778194,
  "form_quality": "good",
  "risk_factors": [],
  "recommendations": [],
  "joint_angles": {
    "shoulder_angle": [
      84.58659525372177,
      88.11742703482714,
      90.37684130238927,
      92.21785454720336,
      88.84726845324519,
      91.12210777601102,
      85.36336629338555,
      88.29144328181509,
      90.17454560803239,
      87.42581566429064,
      92.65472578057954,
      90.85547494477973,
      86.46246158948402,
      92.2167658874456,
      89.91789936546996,
      90.91130400437719,
      89.15266044281334,
      92.00850302758684,
      93.1783246233732,
      87.6087849729864,
      90.07611140045437,
      89.05929125005302,
      86.84861461229593,
      87.88821626982539,
      89.72538887868802,
      89.16128616351264,
      92.96685755763698,
      91.31482513380811,
      89.88672801320918,
      90.3411685772667
    ],
    "elbow_angle": [
      90.46026195275702,
      84.9467335647454,
      80.79750032375424,
      80.96209340061685,
      73.81817807946904,
      73.10427065338489,
      71.34769165326368,
      67.84504209198693,
      67.98731299045214,
      64.24726759739991,
      56.6876889689714,
      58.96838268989026,
      50.09128126096654,
      51.50499780671177,
      48.3082636566943,
      46.583627908845806,
      48.973076839370364,
      49.642576726275045,
      55.34375531727826,
      56.244552396908894,
      58.005665226675994,
      60.69752901152127,
      65.9951067178767,
      69.36150882725663,
      73.4799773810269,
      73.07188864216621,
      76.31137673604756,
      76.59321899965023,
      85.40301304215848,
      82.87605238772136
    ],
    "wrist_angle": [
      181.03610125032395,
      180.69593317302335,
      178.2480509927447,
      178.99722407593308,
      175.50509231629195,
      181.00412964377142,
      180.0133319430563,
      178.82946164167947,
      181.60313775060376,
      181.32843504322813,
      182.83269622600608,
      182.28719667554225,
      182.8124544043296,
      178.94716324843884,
      177.43622091336874,
      176.7176238000427,
      182.84475676562806,
      177.91919529614333,
      176.36788145729662,
      181.50918066104518,
      178.73225588011428,
      178.87158476167536,
      182.3126074462953,
      178.57241218131497,
      181.29357608580588,
      177.95555479241588,
      175.63803791732747,
      179.3783587670059,
      179.6832905992547,
      180.40492406256777
    ],
    "back_angle": [
      -0.39630757063989597,
      -0.9442509746725398,
      2.5801044113694394,
      2.630668513367813,
      -0.8034741420650366,
      5.459062749481406,
      -0.9709070838212804,
      -2.1185291593648152,
      -0.829770117877603,
      -2.632251206815086,
      0.5191909309541087,
      1.5794585746020764,
      -3.9033904609970356,
      2.7580305564184946,
      0.7827220241224995,
      -4.994035610541733,
      0.7549400313346124,
      1.8829004374606153,
      4.051345816808485,
      0.92396759539892,
      -1.0423758359489146,
      0.37971707385439923,
      -2.4492568650229902,
      -1.6629763472893915,
      3.864601755969378,
      -1.9198603494406283,
      -0.10122854651350914,
      -0.6223620280688419,
      -2.8516138061247047,
      -0.943259676692588
    ],
    "hip_angle": [
      85.75807526521038,
      93.17143706551839,
      89.78721970922165,
      91.70100121595164,
      89.93273116451167,
      88.52236754355316,
      90.49219124318093,
      86.84433723697941,
      87.39045914675826,
      91.2092231455216,
      91.83971752460657,
      88.98098508986803,
      85.00861974260722,
      88.38385132862551,
      92.86365589926628,
      90.71549241550211,
      88.69440044424208,
      93.75836180892442,
      92.27375645180253,
      87.48367020363526,
      89.36243916068736,
      90.27057141377128,
      92.01666557137004,
      89.10194241264614,
      90.84616167993823,
      88.89145464466132,
      89.20344839718464,
      85.95080994451223,
      90.93495194010444,
      89.29567098869956
    ]
  },
  "num_frames": 30
}