{
  "exercise_type": "deadlift",
  "form_score": 91.88036754967736,
  "form_quality": "excellent",
  "risk_factors": [],
  "recommendations": [],
  "joint_angles": {
    "hip_angle": [
      46.77345784849084,
      45.113448495711374,
      46.637131220926676,
      40.85125765577857,
      44.65878026874531,
      44.67776661779399,
      43.423631639437076,
      40.98836900805867,
      44.30269674776785,
      46.357672643317635,
      45.588227236637245,
      60.230537199609685,
      70.61781743172892,
      83.66482020720855,
      100.09354334778878,
      115.20109401473691,
      127.28305845222566,
      142.06730103837984,
      154.24670272068613,
      163.31637572251324,
      178.48594364332158,
      160.6798240091538,
      152.04034670064203,
      135.2877145729799,
      127.72822010943472,
      113.29791370712594,
      100.41593876728983,
      85.60963033757847,
      70.51629335067832,
      56.39474022964153
    ],
    "knee_angle": [
      93.55014676856132,
      89.39380181436927,
      92.18095589210547,
      88.7463303712163,
      89.47405598976546,
      90.31107508830411,
      89.38635351511256,
      88.83104273582697,
      92.5665425675281,
      89.23316911077005,
      89.62112742378172,
      100.76754971187647,
      109.61259381425306,
      116.66468742469387,
      124.57603929368456,
      132.36396189863942,
      143.00495071308413,
      149.64702232104213,
      162.2316327689846,
      174.56120610834492,
      181.7141775377602,
      173.33783317837575,
      162.99181962397057,
      152.73337739460572,
      144.4502567156903,
      134.85568473026368,
      124.8793465775707,
      116.04089619217673,
      106.1171213918285,
      97.579016186437
    ],
    "ankle_angle": [
      89.20660136577149,
      91.52752713755837,
      89.55089032404597,
      90.06301238285752,
      87.21182795918457,
      91.24698608410708,
      90.04368102066731,
      89.3210017990422,
      86.86771035694399,
      89.68461302487093,
      90.33781696316274,
      85.43031187297562,
      92.43022413531004,
      92.5113197915981,
      92.42614205672363,
      92.74574449090086,
      88.62452267197378,
      92.17422575536574,
      91.37044178204113,
      89.7616916169626,
      90.48434814623398,
      87.30503280579742,
      90.07689332385043,
      93.67149507523351,
      92.06495001028756,
      88.88629506128932,
      90.81542315450847,
      92.67861950632124,
      93.12442821034767,
      94.36988667518985
    ],
    "back_angle": [
      -0.7564660722957894,
      -3.451412701568824,
      -1.418246195987365,
      -0.5492594916835395,
      -0.4655931700158568,
      -1.127475771344339,
      0.40068825647822903,
      -1.9517649131000698,
      -5.46376557075475,
      1.3695393615803604,
      -0.041681925806882056,
      -3.7406891034179535,
      1.7193574187480927,
      0.5462777003478999,
      0.36068785438673884,
      -0.8697382220592389,
      0.14092894208612367,
      0.018105047845165898,
      0.9980603836663168,
      1.8248634397829109,
      0.6001495423747268,
      -1.804203478973385,
      -0.9880072880718688,
      -0.03029039758485284,
      3.184121601584353,
      0.551028633204779,
      -0.05306230265412003,
      -1.383792896782898,
      -1.195411623953205,
      1.003409095316663
    ],
    "shoulder_angle": [
      88.42358873361643,
      91.24826066896875,
      88.86802102874071,
      92.20740704256029,
      90.00911348487072,
      91.65610703035284,
      93.12624596469496,
      86.99170365859739,
      91.56711147184103,
      88.78460310520987,
      92.58229826967236,
      88.38620004394694,
      88.93506618792112,
      89.51823294966952,
      87.79214208394487,
      91.19492112150012,
      90.98913831217207,
      92.82832395284981,
      86.15292687833502,
      89.88877197855246,
      91.54659778302675,
      91.1424078858164,
      87.44165824351204,
      89.36060819796381,
      92.56744538434171,
      88.78033636834363,
      90.61794915020454,
      89.37012829699924,
      87.55163503660413,
      87.68273760994404
    ]
  },
  "num_frames": 30
}