{
  "exercise_type": "squat",
  "form_score": 99.05865895778356,
  "form_quality": "excellent",
  "risk_factors": [],
  "recommendations": [],
  "joint_angles": {
    "hip_angle": [
      179.7513067803551,
      179.7355550857809,
      179.27744481008943,
      180.41240350262433,
      177.53730625286641,
      179.4991916005256,
      182.28314784940628,
      179.03996984439326,
      167.61417898708274,
      153.20566954970917,
      140.1605454603396,
      126.7445535282501,
      114.51318291080266,
      106.74611053910773,
      91.52895327608259,
      90.21463051639657,
      86.97726678809354,
      90.94210863329181,
      92.01261448663699,
      88.81016836002819,
      88.35187809647911,
      87.17394273356095,
      103.22335183837401,
      121.66944937625186,
      130.89910668924216,
      141.16554210293134,
      155.20381095434408,
      167.04115744729114,
      91.0992254370173,
      99.8034784034689
    ],
    "knee_angle": [
      180.4327367397966,
      180.22636024359144,
      180.90267077994704,
      179.4685254609496,
      177.977284580559,
      180.87030883773824,
      183.3888092884737,
      181.9046670451369,
      166.8016618965877,
      153.3045193284187,
      138.17452430301233,
      128.1051286603125,
      113.24954831268218,
      101.26052971769026,
      90.32310773373678,
      87.97828031695732,
      89.95533088588483,
      90.74183293618714,
      91.45490073606605,
      90.27289319463613,
      89.36716862817421,
      92.77482002116886,
      102.79509840693214,
      113.76029155005908,
      127.7776162166173,
      144.82112053912948,
      153.73288347257886,
      168.8002766666439,
      87.09352364322612,
      102.23075135368056
    ],
    "ankle_angle": [
      89.99222003777719,
      88.23760632567202,
      94.80375092332082,
      92.62282260083735,
      91.62336186825712,
      87.22947674022954,
      89.91390532988088,
      89.48548023872469,
      89.19278874837845,
      84.33276474785973,
      82.05907804091741,
      73.92493987721333,
      75.3513001294407,
      76.52508481925904,
      69.23233751815447,
      71.67782563834355,
      67.16092588060646,
      67.36585229108344,
      69.38441031486803,
      71.07181142717953,
      71.70982194387877,
      69.32681073143792,
      73.03380515366077,
      78.6768766870461,
      81.41171573824931,
      78.85750212530435,
      80.2508878257069,
      88.64138819037235,
      69.74671816227877,
      72.81011869065573
    ],
    "back_angle": [
      3.2771324996963846,
      2.738040530925716,
      -0.40914435522473946,
      -0.06500193609926255,
      0.5121431158697258,
      0.058261623092714473,
      -0.3286184975466688,
      0.9173902321987399,
      -3.6519332424931155,
      -0.7809114777635848,
      -0.3807618419824513,
      -1.6683102900288873,
      -4.203173871826353,
      -2.213976711447292,
      1.0740479890489931,
      1.2337940234301978,
      -0.0625428179301014,
      -0.9695318522417077,
      -2.0425027816698855,
      4.920057693800045,
      -1.9001756551818112,
      0.3805933029458881,
      2.4955099425787233,
      0.2111694466843578,
      -2.0662478650033456,
      -1.697764448607881,
      -1.0512184710157948,
      1.2788605299464295,
      2.06131429936279,
      -2.8146028994723546
    ],
    "shoulder_angle": [
      42.52850822241515,
      47.511899410843235,
      48.12364078689957,
      46.15702470723512,
      47.5603858849065,
      47.017517663289176,
      43.02431640571191,
      44.70818099296036,
      38.46814634007126,
      47.44510560452695,
      44.085895777935654,
      42.37632617153179,
      42.06079030720988,
      42.39678964894733,
      43.333100703246316,
      41.57012529229314,
      42.19700092825026,
      48.06121964965695,
      42.90897894631906,
      49.2811953795236,
      44.385399882066075,
      43.8068081684133,
      45.82934183540021,
      45.03483303563946,
      43.203860849626416,
      45.330144954902806,
      47.548238044930734,
      41.79952518393628,
      40.73220906173526,
      46.975718498474066
    ]
  },
  "num_frames": 30
}