{
  "exercise_type": "lunge",
  "form_score": 69.69553956206622,
  "form_quality": "fair",
  "risk_factors": [
    "moderate_forward_lean",
    "minor_form_deviation"
  ],
  "recommendations": [],
  "joint_angles": {
    "hip_angle_front": [
      181.58413044710537,
      178.38706937034712,
      177.6458759092486,
      181.32030487971292,
      181.29967154205443,
      181.01394612832667,
      179.7770797683222,
      180.5494165958002,
      168.32683569099308,
      155.17456850303728,
      142.2954778868376,
      129.0039942308008,
      117.23920878187504,
      99.84037297099829,
      87.97359754521077,
      89.69585749900882,
      86.53210911316926,
      87.39779262104982,
      88.92420970949448,
      91.19435515460148,
      89.25273277326072,
      91.07226724740136,
      105.62297506666228,
      112.31490361564079,
      131.4613539498522,
      141.3851086499671,
      152.95658280410444,
      170.69123481311155,
      87.62404539507716,
      102.13191800635997
    ],
    "knee_angle_front": [
      182.30389697044936,
      180.5264887238639,
      180.35823480579722,
      181.3195056513885,
      177.04945718930074,
      180.21600549802486,
      179.59781705320148,
      180.86052837538352,
      167.60707888233824,
      156.9294466339257,
      139.60439508460928,
      127.83547082823684,
      119.99702624928628,
      104.16363920451215,
      86.09094778554481,
      86.78427325594377,
      86.93993616317087,
      90.37831497139982,
      90.10738346111154,
      86.55141245652527,
      92.03997002515919,
      92.01018510848957,
      99.60136045194037,
      112.2400677902637,
      127.42676799934605,
      141.82893753858144,
      153.4210718052378,
      172.4726818468087,
      90.42964978173627,
      101.83885711792124
    ],
    "hip_angle_back": [
      179.7792436526734,
      179.90697912784805,
      182.36698032895984,
      178.5071926988319,
      177.70880409493273,
      180.13005224428701,
      177.78488665356713,
      178.452120963925,
      182.45107768785257,
      177.84079446255595,
      181.37555272619602,
      181.31595563513113,
      180.38667063684247,
      181.38742356943777,
      178.02263918141998,
      178.93689100160455,
      180.16937127413166,
      180.1078369162819,
      183.19845302612828,
      178.58326655866543,
      180.52086497348262,
      181.16985701676037,
      178.4147054875986,
      180.0783295404368,
      184.23118776392178,
      177.6731624136275,
      179.98365076004558,
      177.83650081181094,
      179.13706803868456,
      182.32967944561938
    ],
    "knee_angle_back": [
      179.09888380535216,
      183.45579195135073,
      181.0392831935691,
      181.47973491435536,
      178.68780585520454,
      183.439076302108,
      177.2455621993851,
      180.37761113769866,
      166.45789642145024,
      154.7407375626907,
      144.64354854282186,
      128.30692445513796,
      113.88955433485435,
      105.99844545461112,
      86.79380393292972,
      92.11090712657449,
      90.90849137163234,
      85.0460476334487,
      91.20880492761519,
      89.5645004772448,
      91.25253372180552,
      87.30856557943044,
      106.21510337786862,
      114.73734032500448,
      131.424665237587,
      138.70224077010505,
      155.20845268113158,
      167.97221586579,
      91.03699603567247,
      99.22219301436243
    ],
    "back_angle": [
      7.033024437309901,
      10.148124919391288,
      13.884641684855005,
      11.731450324479859,
      9.958597239695644,
      10.300673769254661,
      13.712702608837974,
      2.426165734156282,
      4.020461568544562,
      10.712583059833928,
      6.743916838774798,
      12.550995820315649,
      9.665669623786604,
      13.094183429847263,
      5.647110592356421,
      6.8413488194649945,
      5.604667965986376,
      6.399127219982347,
      12.315561673587126,
      7.844008920571836,
      15.072947773899827,
      12.556599720982597,
      10.499646536376021,
      14.760732896334146,
      13.299315015530912,
      2.390312718308107,
      2.6769025517361382,
      15.17662411772002,
      9.464871706240867,
      9.030322586270863
    ]
  },
  "num_frames": 30
}