{
  "exercise_type": "squat",
  "form_score": 36.270428445920146,
  "form_quality": "poor",
  "risk_factors": [
    "excessive_forward_lean",
    "knee_valgus",
    "insufficient_depth"
  ],
  "recommendations": [
    "Keep your chest up and maintain a neutral spine",
    "Push your knees outward to prevent inward collapse",
    "Descend until thighs are parallel to the ground"
  ],
  "joint_angles": {
    "hip_angle": [
      182.34413949691262,
      179.7791008953257,
      174.15570366791604,
      180.36018626042735,
      178.88886408131617,
      179.9797203767058,
      177.42331122418102,
      180.08491457249085,
      165.42019728464567,
      156.22251223060704,
      138.5553169039117,
      129.06349003360845,
      109.76670596363873,
      106.00036537455374,
      89.89899474953454,
      88.86230397283526,
      88.16999313579831,
      88.28738607095069,
      87.59446978396855,
      87.28752497954294,
      90.54643947814716,
      86.47449101198592,
      100.76097490732023,
      118.01729559608087,
      128.45607588568615,
      141.08020018233785,
      152.44345591502355,
      166.8206361104905,
      91.8363239507173,
      104.88964560065259
    ],
    "knee_angle": [
      169.90137896532528,
      166.1276288984825,
      174.86660272919693,
      167.0463271197432,
      167.9503660727076,
      162.84744718108433,
      167.32097337408635,
      170.78876805237277,
      159.19870913897594,
      146.81653892590322,
      137.41836993348616,
      121.85646605134058,
      104.8517089504572,
      89.71734010672834,
      78.03708536370932,
      86.59725190288881,
      78.72058207285205,
      77.54827183792058,
      83.324916120826,
      81.33671932113477,
      75.02521546868222,
      79.16783996311982,
      90.06828945248499,
      106.5174149837228,
      120.93268763390314,
      126.90139660946407,
      142.79234002464142,
      155.68275134779182,
      86.74872237282148,
      90.73338122398582
    ],
    "ankle_angle": [
      92.87688043675244,
      90.45950060762344,
      89.81796151962105,
      90.65034749190384,
      91.20989453577654,
      88.90811397809887,
      87.48609616618494,
      88.94697651493067,
      90.30513251041889,
      84.17873843268555,
      82.89226698896228,
      77.86520019331005,
      74.14848624611817,
      70.61817907143451,
      71.6845418710045,
      68.76617564946356,
      70.41466855311275,
      69.26803923044926,
      69.43346575365088,
      72.07246740426994,
      70.03978811766395,
      67.96198857667737,
      69.89264878999177,
      74.82327065082748,
      77.14629086913226,
      80.8021809403829,
      87.10247357061405,
      87.7775961046292,
      69.48914759618339,
      73.93307720975726
    ],
    "back_angle": [
      11.729835464484276,
      30.102255299800664,
      15.801763175990182,
      21.116463304698286,
      21.567070473456447,
      17.470598620587584,
      28.299854733674827,
      20.931758259746168,
      19.274320133742282,
      22.87485257661366,
      26.349753479560782,
      16.62565125574314,
      15.110566782022488,
      21.918155275460194,
      28.055048159560993,
      27.80996502385836,
      27.128510685291197,
      15.742428187712523,
      12.463281252240407,
      19.27912602336917,
      19.970597890075844,
      26.41204389554076,
      17.213336247839568,
      13.954318982577819,
      27.365614372953612,
      15.240807397314978,
      17.69735590257784,
      30.78877556857075,
      27.188502796525512,
      30.340515108554538
    ],
    "shoulder_angle": [
      47.90309679852194,
      45.27224206540058,
      49.16167425386011,
      45.07245368338035,
      45.18193332221838,
      48.14090463050178,
      45.21486170936226,
      42.31742317425782,
      44.875367344506444,
      45.83484507183192,
      42.74041698293067,
      46.258547627079416,
      44.41736417358325,
      44.03075750288665,
      43.31456625624039,
      42.93451865464897,
      45.94010389854592,
      46.74293003774293,
      45.546642806598086,
      44.38414043443798,
      47.290688401117876,
      44.097698708368995,
      43.74051289452403,
      44.26013673671718,
      45.85127211361639,
      43.49512516398174,
      48.014621514337136,
      44.71781610284675,
      46.555502588995644,
      43.22850047456479
    ]
  },
  "num_frames": 30
}