{
  "exercise_type": "lunge",
  "form_score": 70.00557825641691,
  "form_quality": "fair",
  "risk_factors": [
    "moderate_forward_lean",
    "minor_form_deviation"
  ],
  "recommendations": [],
  "joint_angles": {
    "hip_angle_front": [
      178.00551292125297,
      181.02363020060292,
      178.89582737958716,
      183.5681097804035,
      180.1484141728447,
      181.2690703645123,
      177.98373634896717,
      181.8567029020938,
      167.33743305103496,
      153.7925674781124,
      139.74038280668745,
      129.13073180350233,
      114.80304704296653,
      100.98355835000544,
      92.60605593065449,
      89.602272388594,
      92.7274278520884,
      92.10290261804055,
      90.81579207261112,
      87.6433172926553,
      87.87468835536939,
      90.3094472627067,
      108.53010094232236,
      115.60349000221397,
      127.81532013461147,
      141.0874791773874,
      153.2460744497296,
      170.91700472117532,
      85.09639853522465,
      102.60824226143609
    ],
    "knee_angle_front": [
      181.91942150081633,
      179.01283894968782,
      180.73421916897496,
      180.0625362124133,
      178.68261479974998,
      180.20687872760683,
      175.21443628666032,
      179.87958292535615,
      165.45742899499598,
      153.32153022568363,
      139.46017121184772,
      126.45610254722473,
      116.63665540194117,
      102.52158818627834,
      89.24490220789394,
      86.87987776503412,
      90.2550784205916,
      88.06212300081977,
      90.11422990574115,
      92.55256315464219,
      93.66834574028343,
      90.83406503017689,
      104.17135831452298,
      115.70565415286137,
      128.81091074270276,
      141.9553037887978,
      154.47633837387218,
      169.1891772691841,
      92.8361279552304,
      106.9844609449154
    ],
    "hip_angle_back": [
      179.80684657700624,
      179.53996792734924,
      177.9619426925996,
      180.25613643978127,
      180.8570871044705,
      183.13038537860047,
      181.14455981808217,
      178.97356164290707,
      179.5884910311776,
      177.47014455311023,
      178.0234321916405,
      180.9574617438438,
      179.0973941843041,
      179.1962267281969,
      183.94359289586717,
      180.37903207310268,
      181.250846670202,
      180.6696341572591,
      176.49896002703963,
      181.2749893240863,
      181.97267530678576,
      180.6118701609271,
      183.10300556480075,
      177.46492707072287,
      180.89761047439166,
      180.25369320096328,
      177.00981584009756,
      180.25453573235242,
      179.88122388762037,
      179.4805395303321
    ],
    "knee_angle_back": [
      176.0871595850199,
      180.85935876955023,
      177.56498898123834,
      181.58101389590072,
      179.90398142059794,
      181.1919092299917,
      183.19044762740566,
      179.91184054715748,
      167.16336295189802,
      155.45406066186194,
      142.11303870733855,
      129.11034467338087,
      116.9848903836694,
      104.05156155636728,
      89.76326220813367,
      92.82618019499719,
      87.5902927418748,
      91.3559851442821,
      93.9649626969299,
      88.66271520852825,
      85.10659826813642,
      89.79651743663892,
      103.6400147722415,
      114.30874451325099,
      128.72086243488752,
      142.1419969996617,
      155.26611995482662,
      169.04388176960808,
      90.52955516467425,
      100.37611852152203
    ],
    "back_angle": [
      15.021506623405038,
      6.329168717443472,
      15.008373014988246,
      9.655233826846043,
      9.101714776088263,
      7.009817183506873,
      11.54448408175456,
      12.426972417058819,
      10.552756046322855,
      7.522171317355274,
      10.016179020141218,
      11.659695599816203,
      9.758973968003726,
      15.544374257419369,
      8.820473694302237,
      11.591206195925373,
      13.705001373361055,
      6.814537254770908,
      8.929471481090069,
      3.663451216949194,
      8.609677667856626,
      8.404636025838748,
      14.270483241207547,
      13.563971276659327,
      6.239369442994951,
      14.2030581821238,
      4.643367481719083,
      12.308640596343905,
      18.87073948886013,
      10.913787821409311
    ]
  },
  "num_frames": 30
}