{
  "exercise_type": "overhead_press",
  "form_score": 76.53613703752329,
  "form_quality": "good",
  "risk_factors": [],
  "recommendations": [],
  "joint_angles": {
    "shoulder_angle": [
      92.09561493692736,
      96.14963200287413,
      102.88694035899405,
      109.47527346606762,
      112.94388131140646,
      120.67527368826467,
      130.011334264298,
      131.21666865724043,
      136.42310792984853,
      143.7781559095898,
      151.6385417019586,
      160.62540319328428,
      161.94399736495552,
      169.84244044146257,
      173.84281968583198,
      179.59478600398523,
      173.31851700966385,
      168.9803116311439,
      162.15869828747333,
      154.09018234906387,
      148.93910224152805,
      143.22019386624643,
      136.672441163648,
      130.89012039742158,
      125.7540295173144,
      121.77996524272997,
      110.33337508867426,
      105.50490869166335,
      102.79896924640752,
      95.27600204746865
    ],
    "elbow_angle": [
      86.80259055146607,
      96.30900180359629,
      103.91756478119832,
      109.1170889026125,
      112.9544228937022,
      121.51859423422151,
      124.97055551978006,
      134.86276967016738,
      137.78286390285888,
      144.35440347460522,
      153.74798944242644,
      157.22216957778264,
      163.35052238641885,
      169.91617560050005,
      170.87811784597227,
      178.80755125254333,
      176.10143257349827,
      169.787200242087,
      163.85950146496455,
      160.57712878880523,
      149.7032684190298,
      141.53068661698435,
      136.96995491824887,
      132.93552645160014,
      126.01288134955512,
      118.88169292274478,
      113.75804325318045,
      106.34752822378137,
      101.48547246666467,
      95.64637873287174
    ],
    "wrist_angle": [
      178.79769725924407,
      178.371056019337,
      181.1722571873259,
      179.24549881917847,
      184.31797951839144,
      180.14353053263753,
      182.70720085701163,
      180.45386336320234,
      181.271055191966,
      181.4182303290237,
      178.1590748601095,
      177.35230665395468,
      182.68741126929694,
      179.47933963038673,
      180.32442011773796,
      179.09409695590773,
      177.58778938457823,
      179.0930124967964,
      178.0724448337854,
      180.38934069781476,
      179.7399144127218,
      183.53138181350863,
      180.12052695773852,
      179.86636694188354,
      182.27254041992416,
      178.9758619251258,
      178.3962631427121,
      180.63839412635755,
      183.69593362408696,
      176.1129304897636
    ],
    "back_angle": [
      -1.2462624807189369,
      -1.2241599274622106,
      -2.1767919283030697,
      -0.3636099995299245,
      -0.7708781475495965,
      -2.2671025438218617,
      3.1801150656386126,
      1.1807385462498325,
      3.0059939684718695,
      2.550843895627004,
      -1.5641042032872121,
      -1.0664483211010922,
      0.7047481710607246,
      0.05545175197565997,
      0.4009389199092179,
      2.111089331521827,
      -0.7678288560486816,
      0.07193748763363159,
      4.470174475188521,
      1.7316824702201463,
      -1.0414560789834866,
      1.5350336010344474,
      -3.7161292482990054,
      4.564582824354448,
      1.936156072393659,
      -1.4574347341129685,
      -0.3028099497272889,
      -2.191399088243571,
      -2.2006564404352638,
      -0.0772146798460458
    ],
    "hip_angle": [
      182.06959692667368,
      178.25594938409537,
      179.99567164242484,
      180.23013585033698,
      179.8127924361891,
      175.83964088701416,
      181.21488253396413,
      176.76211522662246,
      183.34833624679422,
      178.48864867925494,
      180.15453282669176,
      176.3940946886602,
      181.26819352731303,
      178.0810762179465,
      178.54061061366133,
      180.63116833943147,
      180.44275791001343,
      177.51544032175764,
      180.60058503841813,
      180.74706431781524,
      177.55076059892312,
      180.99599731650542,
      181.38579955992523,
      182.43923262731172,
      183.4622613311365,
      179.18907917307513,
      179.20055940260846,
      178.95401948867942,
      183.4232901081217,
      179.3353267502786
    ]
  },
  "num_frames": 30
}