{
  "exercise_type": "deadlift",
  "form_score": 72.97737086300212,
  "form_quality": "fair",
  "risk_factors": [
    "moderate_forward_lean",
    "minor_form_deviation"
  ],
  "recommendations": [],
  "joint_angles": {
    "hip_angle": [
      46.00792065909224,
      44.8874937754547,
      46.36961648247041,
      46.42253585849976,
      44.27816799230955,
      45.705488938164095,
      43.796702832634935,
      43.40778119967246,
      46.71143563107911,
      43.149455329728376,
      44.05999767472076,
      59.585844290253256,
      72.1436746321068,
      83.35277968207355,
      94.92748514048792,
      111.26232220396494,
      124.53369048086769,
      140.5635308638944,
      153.65563251745675,
      160.79877291103793,
      179.6916797937493,
      167.25870300816547,
      153.9858350748884,
      138.24329021608995,
      128.4301173359941,
      108.67470579322651,
      97.4771386173413,
      85.90597202238018,
      72.03752740378795,
      61.05960960114061
    ],
    "knee_angle": [
      88.92811117045062,
      90.83782977613461,
      87.52235834382881,
      89.48961035386772,
      88.71473362537859,
      88.64935717005726,
      91.45294017240981,
      86.94698907490974,
      88.85833221862904,
      89.30443678165737,
      93.46543139989811,
      99.46660910771112,
      107.4542004797026,
      116.93680137413399,
      122.84255422626715,
      135.22547363261228,
      141.54980097149644,
      151.95629920890235,
      163.30739976112187,
      167.1224044125031,
      179.7953278769708,
      173.78175383928402,
      163.87297517994398,
      155.65472205047342,
      142.42367426613163,
      133.7892321542625,
      127.18788818015769,
      117.77084590317878,
      107.9926486287748,
      98.9564801966432
    ],
    "ankle_angle": [
      91.83710924018867,
      88.49479224954636,
      88.52289317105553,
      92.19861194696904,
      90.61725961440132,
      90.45641370400558,
      91.57450586499918,
      91.22626551463698,
      93.37160807316344,
      87.99753778104375,
      89.2601849994169,
      91.7940300218775,
      94.13068326971937,
      89.26489812032453,
      90.88936101462023,
      87.47815299476697,
      92.3958383558682,
      92.20610554907506,
      88.73061266473141,
      88.32818570463478,
      89.32770492461025,
      91.50768816980482,
      89.5562407631171,
      90.53779411423928,
      89.15427016064469,
      91.81051038578951,
      88.55437177035073,
      87.71511989380387,
      89.7498570713039,
      85.94080653126521
    ],
    "back_angle": [
      12.116482608114403,
      14.130956138762762,
      19.744255434438802,
      15.766172809416492,
      16.267906639121723,
      6.576239089565622,
      19.35355703230068,
      15.434291803903633,
      15.655735307688484,
      13.336412789314018,
      14.227658824923967,
      17.909533384006536,
      11.845751848359981,
      18.204738844135107,
      13.98885661903702,
      13.87375199780269,
      12.271103466744433,
      21.704091416799955,
      13.611901727102852,
      13.073555620551428,
      10.280312711702651,
      12.982156965454005,
      18.006634640953738,
      12.99010437085909,
      15.444225664394711,
      16.99084513268624,
      11.29671601254821,
      16.900097387953675,
      18.53001544621787,
      20.960991391626962
    ],
    "shoulder_angle": [
      88.57137563584452,
      86.72682138531609,
      87.0429591573671,
      92.29367145963457,
      89.11297528149606,
      90.33422455988485,
      90.05352070472654,
      89.64480088456736,
      91.32033465194999,
      91.56960928596631,
      84.94713088703492,
      87.76417707856011,
      87.28399930218418,
      89.61576251703084,
      91.61558018947072,
      91.1181402217189,
      90.10698496030307,
      88.4325401860226,
      91.44175997471088,
      91.37394567377821,
      90.49406950529287,
      85.58579780133593,
      92.76158738059972,
      90.23639808630782,
      87.66761183346784,
      90.96126761432697,
      91.2480708294289,
      87.96273281356527,
      90.74713646512754,
      88.64538238119378
    ]
  },
  "num_frames": 30
}