{
  "exercise_type": "squat",
  "form_score": 55.008099707224595,
  "form_quality": "poor",
  "risk_factors": [
    "excessive_forward_lean",
    "knee_valgus",
    "insufficient_depth"
  ],
  "recommendations": [
    "Keep your chest up and maintain a neutral spine",
    "Push your knees outward to prevent inward collapse",
    "Descend until thighs are parallel to the ground"
  ],
  "joint_angles": {
    "hip_angle": [
      178.0452192388028,
      180.62813632664054,
      180.41510064175606,
      180.68979158455818,
      176.04097424816507,
      181.45967864746112,
      178.13355633958878,
      180.0515597491299,
      166.00438320638204,
      152.88478209736456,
      141.57126718133304,
      129.61365931417063,
      118.9635609850828,
      99.45231407372296,
      89.44610873990496,
      92.72123793289103,
      87.09659821998946,
      91.71371457290988,
      92.01335969518568,
      92.06955175072507,
      89.22784848328315,
      92.06372518528309,
      101.87221783944291,
      117.28694622524073,
      125.37865933905414,
      143.02469825229392,
      154.60092381672155,
      165.54179352711546,
      91.43605388568008,
      103.10357077634558
    ],
    "knee_angle": [
      169.1588005592913,
      162.76678881735359,
      165.45478152803813,
      177.21039044940102,
      173.89862367004682,
      172.00806404850772,
      167.21292683420262,
      171.08072957755604,
      160.45919811165808,
      146.32072011298143,
      126.60187576745057,
      118.77960584207521,
      109.49203378454297,
      90.22236383045723,
      79.79930136855893,
      80.818764990337,
      82.49286669851543,
      78.38375897383763,
      80.919517235713,
      80.04987517382986,
      81.2187202501373,
      74.7472330219608,
      93.4170967001746,
      105.47835305489002,
      112.61693990734983,
      126.46918796605507,
      151.2790190365639,
      154.37782106108926,
      78.57484552217083,
      98.05565695613697
    ],
    "ankle_angle": [
      86.75175371753475,
      91.34061237611827,
      91.8469105538209,
      89.64258243119438,
      89.8198856167551,
      89.77936548700535,
      92.00951582922073,
      89.73522129369132,
      84.61295830703958,
      83.30779244600657,
      81.61526106491374,
      78.13035091219369,
      73.5357752026906,
      73.36196500817421,
      69.09159839123375,
      67.80021043057978,
      69.04932710856889,
      69.11799751521049,
      71.00731014926569,
      70.7399048623168,
      69.26546876057421,
      68.07271529588758,
      74.34718016445426,
      78.95148609866567,
      78.96708510464755,
      81.99439986872385,
      83.47300709275477,
      90.0858945948841,
      69.98167678635036,
      69.67905964908694
    ],
    "back_angle": [
      31.23306177070006,
      30.397814470821977,
      16.877064764010317,
      25.098210262293353,
      12.086598825054867,
      31.5167331361911,
      23.916120247024743,
      16.729084086057178,
      12.491372021494085,
      24.786119114042364,
      20.68722347264939,
      19.461227079666827,
      8.988804719281898,
      19.170792869276333,
      21.679974490478948,
      21.06125293135404,
      10.090717632018391,
      16.38099387624715,
      13.712924688489139,
      17.159371269768837,
      11.85574374617142,
      10.629240389148643,
      8.94807528843136,
      8.70524258938246,
      18.614505051609434,
      18.91612066616732,
      12.018408120306086,
      25.24662504900157,
      26.010980631794794,
      25.34314161940394
    ],
    "shoulder_angle": [
      47.21926591393327,
      43.527162180090365,
      44.93297247753294,
      44.98146041116154,
      42.9810280310345,
      44.97962979861475,
      46.204699865711,
      43.96373645710237,
      47.316045963490225,
      45.72430565144204,
      46.6225907424091,
      45.833340002053454,
      46.09590520721306,
      46.94896588348719,
      44.24504640805004,
      43.954201845983384,
      45.09217352280397,
      41.89800578189927,
      48.27071949032763,
      46.3262628118664,
      42.45068284300566,
      43.15392051193739,
      41.17031807160164,
      43.51191466737005,
      47.42784584699773,
      45.931035597017534,
      46.83696068264111,
      46.96079141699457,
      43.68911842622952,
      45.651064669157854
    ]
  },
  "num_frames": 30
}