{
  "exercise_type": "deadlift",
  "form_score": 63.31620831040121,
  "form_quality": "fair",
  "risk_factors": [
    "moderate_forward_lean",
    "minor_form_deviation"
  ],
  "recommendations": [],
  "joint_angles": {
    "hip_angle": [
      44.82832232444426,
      46.67235925801483,
      41.694492097983186,
      45.77222511684466,
      49.09705988048066,
      44.502218555434624,
      45.55986578385379,
      40.90769876147994,
      44.86333652715843,
      43.89888599703478,
      45.14301183172976,
      57.39467256223858,
      70.56984936003713,
      81.56621332123838,
      98.55142679448814,
      110.61224401705095,
      126.19590572926934,
      138.62291760521126,
      155.5261346616802,
      168.06193236791862,
      182.60788344023186,
      165.93584487181693,
      152.57924689236074,
      138.519095426871,
      129.60204439473023,
      111.74069961993015,
      98.61875484181056,
      84.80364696224979,
      71.890442056403,
      59.21711894427021
    ],
    "knee_angle": [
      87.46406917565184,
      89.45140505921297,
      90.47233316560116,
      89.18233174190044,
      88.72896880196257,
      93.0198724295247,
      90.33481357297829,
      89.00657665347866,
      92.62279960314598,
      88.49432555989074,
      91.95452190849254,
      99.96904147442157,
      110.67570451881679,
      118.73902201146603,
      124.69887869470766,
      138.89054213041962,
      141.2871383609862,
      157.42713060227774,
      165.20947359412418,
      171.41087992613453,
      181.00533056126602,
      169.7309864933475,
      160.76372656200525,
      152.0246477219606,
      145.35918441821275,
      135.94635557339822,
      126.98707888913744,
      117.29619411489563,
      108.65856902275564,
      99.58272212337522
    ],
    "ankle_angle": [
      90.94003809602536,
      90.70172327468075,
      90.35842482718739,
      88.19562298712863,
      89.20109290287738,
      91.80572815380656,
      87.74087290028656,
      86.87851046461057,
      91.27623218539244,
      91.91310645654231,
      92.66556710960229,
      90.71432745925019,
      87.16534075272547,
      91.12048934242789,
      92.34105996418401,
      87.07767003386155,
      91.07383882782753,
      91.9560290838785,
      88.16009332259807,
      90.78399996200338,
      90.28159437537516,
      93.73512012888773,
      90.88202541073177,
      93.26520571797171,
      91.80130668515335,
      88.35299531418005,
      91.43696018429348,
      88.87597482188397,
      89.74290307150801,
      88.90465134015389
    ],
    "back_angle": [
      11.447231395054137,
      17.88405644469814,
      9.325845569831618,
      17.58534016330436,
      16.048398528075662,
      11.573470482944098,
      11.48039693662348,
      16.700158028945975,
      15.732496933963402,
      18.443822421686363,
      9.809060165583201,
      14.96353320514384,
      20.800564458942617,
      12.930935174166978,
      14.012658050778834,
      15.826554059334647,
      15.43240836502862,
      16.9991644463445,
      15.298817610698139,
      18.914318798660677,
      17.758366452897057,
      16.557955751250343,
      11.957036091843246,
      9.068770667098573,
      15.644051643984048,
      14.831420163343857,
      10.685158384238996,
      13.81641855824929,
      10.833899938205757,
      12.335635650886106
    ],
    "shoulder_angle": [
      85.53052371328596,
      90.72954879927848,
      88.52581191343553,
      85.7918439813785,
      92.67987681321073,
      90.51338722284834,
      91.74672551964917,
      90.84438735109195,
      89.69601733969971,
      88.13362727021807,
      88.83502414691948,
      92.75697574379798,
      86.67995998129354,
      95.9385978560893,
      93.27986451715834,
      91.45619472872659,
      89.5671757613778,
      89.03584298085859,
      88.23072857348882,
      93.13529282151896,
      89.2160807864184,
      88.96918959039024,
      91.81430094584661,
      90.36182224331867,
      87.82755990091897,
      89.12120719379853,
      87.39711217267543,
      87.0581280352435,
      88.17515016801018,
      93.11721551401943
    ]
  },
  "num_frames": 30
}