{
  "exercise_type": "lunge",
  "form_score": 92.2160608913659,
  "form_quality": "excellent",
  "risk_factors": [],
  "recommendations": [],
  "joint_angles": {
    "hip_angle_front": [
      182.7292784965921,
      179.77215557879845,
      178.8689237660142,
      178.94048107864265,
      176.80159766084688,
      176.08779801476794,
      181.78710248710084,
      180.20703572899203,
      166.53928248410733,
      155.37978339460253,
      140.11801480630618,
      126.65885118485286,
      116.2498537702241,
      99.35998083246356,
      90.95524704394757,
      87.52927754106722,
      92.522922944062,
      89.80152092017731,
      90.88528966569889,
      93.03914269697373,
      91.70379085752023,
      91.40068788779496,
      102.65664833050202,
      118.46088000195883,
      129.07967197519585,
      140.31262951732143,
      155.23203169457958,
      164.5058963194604,
      89.47037157905335,
      101.49780413130411
    ],
    "knee_angle_front": [
      180.9285894098759,
      178.292546380156,
      181.44755413397615,
      177.26553288021506,
      179.00324831462405,
      179.31855233025433,
      178.58468920657583,
      179.82788316629086,
      167.55043878648013,
      151.9501186519414,
      144.52835070376702,
      130.41287645602984,
      115.57394310904567,
      99.7102868858147,
      92.36929516764403,
      91.09164532363319,
      89.04440960660543,
      87.72617332916299,
      89.0911321121338,
      88.14781661183935,
      91.55917485310866,
      88.79435586879917,
      104.98772954289763,
      115.39402172997113,
      128.2569995854889,
      143.1929857944441,
      154.3657913618859,
      167.19249443178597,
      89.39938212659726,
      104.18155473571943
    ],
    "hip_angle_back": [
      180.04417864153513,
      181.30648369691312,
      178.23725239397817,
      178.7115899226451,
      181.42615796416547,
      181.7265339230643,
      178.81026709126465,
      181.4257410007635,
      181.9162600938456,
      181.05714441115322,
      177.15327373730116,
      179.20225366584148,
      179.40227411140526,
      182.48504173418448,
      183.52558199623644,
      178.0238046877412,
      183.00557426713098,
      181.60863272949706,
      179.8411901308945,
      178.88877463962692,
      181.61143450658244,
      179.55359351439662,
      182.05777170976194,
      181.16228509270334,
      178.10490252855365,
      178.59760681921136,
      178.22347057316793,
      180.51821104044396,
      177.32542723687007,
      181.6052378855462
    ],
    "knee_angle_back": [
      182.64853361441052,
      177.8101735234834,
      176.59965927943284,
      180.8357292871958,
      180.12250295618978,
      178.93640173816968,
      180.23323680192647,
      179.4479715626456,
      169.66188470444618,
      155.75853728966683,
      139.27118076466735,
      129.58204036128245,
      116.50170816055036,
      100.30585689287906,
      90.36230721007969,
      92.86992583013692,
      86.3139962347292,
      90.34966181628371,
      90.61458773780662,
      91.49117534549958,
      91.10158362601139,
      91.99483657251427,
      101.72465198005305,
      117.85435038885505,
      125.94090337699178,
      145.06106455593957,
      155.76845358635177,
      167.52553931255878,
      92.99312095439254,
      100.43647108876269
    ],
    "back_angle": [
      0.916303036510667,
      1.023912181782453,
      -1.0968702886420798,
      1.459282837642475,
      1.3970606737425122,
      -0.07091853308885038,
      2.5085500468576565,
      2.782449749217655,
      -2.820769037276157,
      -0.38153307606666137,
      -0.815659940900186,
      -0.3522781394109853,
      -2.0467097119596,
      2.116612172600222,
      1.6026559442759003,
      -3.5828365499152475,
      -6.130737467382178,
      -3.5014513715927755,
      -0.5121102992929477,
      1.0327462354369763,
      2.4446359695667494,
      1.9208475908472462,
      -1.4613747810286633,
      1.3874262137977502,
      -2.257595218614276,
      -0.8773196907791965,
      3.7335254003342864,
      -1.8041967206632479,
      -0.9449447640923323,
      2.458682817198267
    ]
  },
  "num_frames": 30
}