{
  "exercise_type": "bench_press",
  "form_score": 98.94440566307942,
  "form_quality": "excellent",
  "risk_factors": [],
  "recommendations": [],
  "joint_angles": {
    "shoulder_angle": [
      90.90111000077748,
      88.9294540605002,
      91.68504314786072,
      90.4556115810812,
      88.55248579350862,
      86.17183952260349,
      93.08832164900633,
      90.77996048675564,
      87.56293862314006,
      91.18762519216834,
      86.92972501356428,
      89.17117738869788,
      88.10858404600963,
      88.84294173536924,
      89.633967514975,
      92.59882830685261,
      91.74756211975952,
      91.1277690238835,
      92.68676631714581,
      90.78992590699723,
      89.01762208356422,
      94.30863977345922,
      90.02692791389335,
      92.12334275930503,
      90.06024075903538,
      88.08392646670012,
      88.32997838424058,
      88.82514994375003,
      89.55703597596259,
      91.25019637521844
    ],
    "elbow_angle": [
      91.6912893393291,
      84.92142058779018,
      87.41135444291918,
      84.87651801428665,
      79.4101334754968,
      77.29954039692079,
      70.8157454782125,
      69.70844227487547,
      62.36283575189615,
      62.67029443508855,
      59.631985258900116,
      57.60910806980936,
      56.78567590868967,
      49.503467854262716,
      46.318243074084684,
      46.15704686268623,
      51.065725896130694,
      48.426816636822394,
      53.35523325994345,
      56.13729985605568,
      58.73960891415154,
      61.6242872992673,
      67.95673287805724,
      67.26965576834546,
      74.2283918761832,
      75.6590940460829,
      74.59410731808521,
      80.65483529000335,
      86.16723802939828,
      84.77379390061091
    ],
    "wrist_angle": [
      178.06228011283187,
      181.0141242231154,
      175.9155192000269,
      179.0594390114465,
      178.2289316628074,
      182.79263297793972,
      181.13596780911178,
      180.90205176098019,
      180.8839705008305,
      177.67058313739165,
      179.6683785053854,
      176.7070937830017,
      178.98435938393814,
      179.16290068242478,
      179.88743878035302,
      179.39239560181628,
      179.38865579180867,
      180.91142688158632,
      179.74378332374138,
      178.40336597391246,
      182.83306449199574,
      179.8966520362441,
      180.80484171120526,
      180.81009397407993,
      179.83969604345114,
      183.00563163486325,
      179.624695143121,
      176.27921760064783,
      180.44614524653448,
      179.02682707013105
    ],
    "back_angle": [
      2.4407172764442207,
      3.212447258930756,
      -1.7775615715487638,
      0.1321605167601029,
      -0.8169099979701907,
      2.401754553341958,
      0.664761606483438,
      1.4643032875022988,
      2.2790331525409226,
      2.1328504715046703,
      -0.3734312179191649,
      -1.047234718905982,
      -0.6469292959124215,
      0.19613389006491858,
      -0.362507165636113,
      0.5186457789398757,
      -0.5830363349221052,
      -0.8748682871776827,
      -4.655206429553161,
      -0.5908378747789751,
      -0.1952350018545118,
      -2.210094241862527,
      1.2389680110347465,
      -1.4568379999538648,
      2.2596384758440897,
      -2.178877167879716,
      1.5489701905374342,
      1.7726376190836788,
      0.6084815909915258,
      1.740016420084637
    ],
    "hip_angle": [
      90.74418324067855,
      86.412593163899,
      89.1687263013085,
      90.84430728636909,
      88.47113674425573,
      87.20103305771416,
      86.05627281647303,
      90.42737248190356,
      87.45271636173982,
      91.7584144326191,
      87.8153977055914,
      87.55472992942309,
      91.17816874397245,
      87.2240781529211,
      87.87776201552904,
      92.2105148984892,
      86.3325956673182,
      91.04013887010963,
      92.6328084148754,
      89.97585249669932,
      87.26085727176361,
      90.09395570743605,
      89.22013369417509,
      88.10930832731542,
      90.30733319751974,
      87.15540249737134,
      89.42339406796337,
      91.9966751807473,
      89.14719180588494,
      89.99426628404686
    ]
  },
  "num_frames": 30
}