{
  "exercise_type": "deadlift",
  "form_score": 99.8760246753188,
  "form_quality": "excellent",
  "risk_factors": [],
  "recommendations": [],
  "joint_angles": {
    "hip_angle": [
      45.39553091655461,
      45.02434828225619,
      44.22808905002568,
      45.03995255940966,
      43.57277059692434,
      42.01703202112632,
      43.79920814266146,
      46.288073463480636,
      44.700318924313656,
      45.06601644815377,
      47.47184119864732,
      59.2615187187711,
      75.56610009215015,
      83.7682283050996,
      98.3379406788175,
      112.29286830100162,
      125.26122820278265,
      141.0950575749252,
      154.74645921328792,
      163.63562671959906,
      181.9018266358044,
      168.2112028314723,
      152.43035688549344,
      141.17497824910475,
      126.67987231052943,
      114.0395256692569,
      99.05277237934159,
      86.35939373387068,
      74.30493059882414,
      57.75698031472191
    ],
    "knee_angle": [
      91.10168075169769,
      91.88031888481208,
      90.03754857819236,
      86.80745713666411,
      88.76122368659207,
      90.9301633567342,
      90.00388308384873,
      87.28488045842181,
      85.36473680178807,
      90.43584717039303,
      92.67132832239221,
      97.35380516437554,
      107.99909224657384,
      117.80096942808743,
      128.40985136186737,
      135.0581468970843,
      147.77895816319176,
      150.7263224706143,
      156.0283746845156,
      169.6650931144496,
      178.7358292552381,
      174.82978054904814,
      161.06888118369218,
      152.15131837952592,
      146.93324209898137,
      134.81720650508996,
      126.11347044042346,
      116.96067552912413,
      112.59641599745308,
      101.34799221065569
    ],
    "ankle_angle": [
      92.33075956113062,
      89.30580564192567,
      89.39726226068717,
      86.27556601470964,
      93.68671133719819,
      91.30281569799591,
      90.69398042128604,
      92.171839751661,
      89.09807318449404,
      90.93044391960444,
      89.33921671813015,
      87.96656915227953,
      89.79744877947786,
      93.338471624977,
      89.87391076012764,
      91.85539641463946,
      91.71564617080672,
      93.42120339244659,
      89.70297444425321,
      87.14519158047085,
      88.50364694827346,
      90.98894035013105,
      90.06358263764469,
      89.36998031380917,
      86.99035997428457,
      88.76764257799466,
      90.52496563376585,
      88.8399546674657,
      85.11978459398779,
      89.25293101475575
    ],
    "back_angle": [
      3.387153204108212,
      0.7890470405896243,
      0.16254223043790922,
      -1.4507788346944248,
      -1.2437280330707794,
      0.03199281387691752,
      2.835430850915073,
      3.2730183982779346,
      -2.3093908657534774,
      1.4229914622707684,
      -4.497802781044507,
      0.7159976750593066,
      -2.08733558956789,
      -1.190000575350612,
      -1.6386314392221784,
      0.5862116224689393,
      1.5298682887309183,
      -0.49294731538812403,
      -1.4815350455987868,
      -2.3977490116750486,
      -0.572451564764725,
      1.5285361230511116,
      -0.3536014645384726,
      0.7355906285799206,
      0.15194244934453005,
      2.725482353890331,
      3.2947141585789548,
      -0.7726007071267621,
      -2.1724162236188578,
      0.4589772280146528
    ],
    "shoulder_angle": [
      89.16407041210859,
      90.56038261426507,
      89.17912725158885,
      92.11444162800574,
      90.90164178858305,
      88.37798404466378,
      87.9894557136501,
      91.20915066273248,
      90.50637966944744,
      91.78676530551317,
      90.9760581278106,
      89.67759550158725,
      91.83759018587116,
      88.30131214064998,
      88.98476075324672,
      88.39515526627687,
      88.31618263981323,
      92.55109816613286,
      89.57119007388377,
      90.0402856781188,
      89.8398029404358,
      88.05865511839852,
      89.68607841309341,
      88.1469431535955,
      90.83638311747059,
      92.95901540352045,
      91.71705773812823,
      87.47141102609946,
      87.84274724364356,
      89.88453402565037
    ]
  },
  "num_frames": 30
}