{
  "exercise_type": "lunge",
  "form_score": 95.52944643841181,
  "form_quality": "excellent",
  "risk_factors": [],
  "recommendations": [],
  "joint_angles": {
    "hip_angle_front": [
      179.72186490857868,
      173.63386730287607,
      179.07248565071103,
      186.59730472874185,
      178.16512322430992,
      182.03404268015134,
      179.0357264439355,
      178.94404511175833,
      167.77553919349072,
      153.72065253723923,
      141.68228771831792,
      128.26078834479912,
      117.76274834403122,
      102.88780611912146,
      90.91594390833504,
      90.85352696672444,
      93.51811011554562,
      90.73391193220006,
      91.22199118825857,
      94.184416148806,
      91.54401190329972,
      92.85480895819609,
      103.26271919651467,
      118.0440462884753,
      128.35121954064377,
      142.18867580511073,
      155.3545791468926,
      169.68660419107195,
      90.87457065950326,
      101.8496252224039
    ],
    "knee_angle_front": [
      179.28177907004454,
      185.22163483140767,
      181.44915449806223,
      180.94973799789963,
      177.47267134518614,
      179.54707986769859,
      177.8390409560145,
      180.02849032737953,
      166.05407585328143,
      150.2025300052249,
      139.0959239739039,
      129.04642878964074,
      111.17513774949401,
      104.47989832506647,
      92.56153609257578,
      84.45152351806735,
      91.33900019509393,
      89.912640058541,
      91.5429881854253,
      90.75527028989579,
      91.90247064891845,
      89.8040706899231,
      104.74191278121567,
      117.47252612868913,
      127.23445161462058,
      140.11598240869554,
      156.55125122108248,
      168.16775763386278,
      88.20955308647004,
      99.56829849703303
    ],
    "hip_angle_back": [
      181.60311191545208,
      179.3212736165369,
      182.64209225110153,
      180.4318981737034,
      179.60920330424568,
      179.1140655956693,
      178.1984804018745,
      180.18171763549324,
      177.32620798939627,
      177.78034302748617,
      180.0453223877931,
      177.37290368273878,
      180.49815884241883,
      180.15188668419228,
      176.32737745535184,
      180.80023691075183,
      177.91444037513727,
      177.1878811365828,
      180.21169334706056,
      180.9392846176345,
      181.03083153250302,
      179.88124246426634,
      183.52988899137054,
      177.12174064225198,
      180.12406921882993,
      184.6567923248783,
      179.58624409026788,
      180.6897650279234,
      181.48829205986166,
      178.20860604832603
    ],
    "knee_angle_back": [
      178.13872212078246,
      179.3856627489056,
      177.86395375395654,
      179.2132751599251,
      179.21835690035826,
      178.88715631043323,
      175.25899670282342,
      181.91879148312808,
      167.62045932687147,
      152.99012688388206,
      141.5827712354368,
      131.17009334952732,
      117.54125095666663,
      100.82234301276362,
      88.86115536988844,
      90.49123610853508,
      89.97975358878442,
      87.58191026168902,
      87.51458942770913,
      91.9357326678498,
      90.46800366155516,
      89.41303796446442,
      103.86127322090576,
      118.32343376384728,
      130.56685755992208,
      137.02041535026981,
      154.4798221602674,
      169.1729619283115,
      89.32972226639492,
      105.35759149884133
    ],
    "back_angle": [
      -3.1245864295283163,
      1.6580810535142283,
      4.140113258327976,
      1.1044245547238802,
      0.2626981573147084,
      -0.5096936519889342,
      -1.195169122033347,
      2.1749351042704825,
      -0.5438986993318279,
      -0.8733948245418914,
      1.4024829185887329,
      4.760025088015197,
      -6.3241190619122465,
      0.8856950796531963,
      -0.8306602214500368,
      0.6013733218022855,
      -3.8970968732266758,
      0.040364278594418115,
      -3.2164647976182814,
      0.9021705387021937,
      2.3298750787160474,
      -1.3580027120713227,
      -0.5367395755028517,
      1.0588821790264882,
      -1.7991855115134843,
      -0.18482542852697673,
      2.837081463258835,
      -0.33211636899875935,
      -0.33171174560817623,
      2.31851570042393
    ]
  },
  "num_frames": 30
}