{
  "exercise_type": "squat",
  "form_score": 87.43267181377699,
  "form_quality": "good",
  "risk_factors": [],
  "recommendations": [],
  "joint_angles": {
    "hip_angle": [
      180.00977185499673,
      180.12880130612805,
      178.7466140315723,
      183.0897950401144,
      176.24465865071616,
      180.29315459136862,
      178.0031337849727,
      176.02006253893063,
      166.15358188942903,
      155.24857132238,
      138.40883656488847,
      130.23943396963938,
      116.79606508983873,
      101.85175690126414,
      90.58252294123474,
      89.45922686447373,
      90.91012591108748,
      89.0458047422221,
      92.91934108426798,
      89.8159113042946,
      90.74130429756626,
      89.59910018089327,
      100.61273131283527,
      116.85617677012142,
      127.2815172488713,
      143.25922516424174,
      153.2543019337163,
      164.834763773049,
      87.13214085092685,
      103.89940983650314
    ],
    "knee_angle": [
      183.21762937610333,
      180.10180304209803,
      178.69459541621342,
      179.28899755012108,
      178.29739743291628,
      181.26623989563242,
      181.54088309043777,
      181.5896578977395,
      166.69615744160436,
      153.83247286265095,
      137.75421810112908,
      126.99920190915803,
      118.30528485105772,
      101.01934744419026,
      92.35024795939526,
      89.40489113915869,
      90.04045601003115,
      86.7958937520381,
      87.7130982320904,
      89.6438304550177,
      92.01447811524177,
      87.21248187028809,
      101.37927567920106,
      116.6170379848115,
      126.85712801602634,
      143.513685626675,
      153.3944654445975,
      168.6110156232972,
      87.35140882529538,
      100.49354091452282
    ],
    "ankle_angle": [
      88.38924530690714,
      91.30250065050312,
      90.08446923780659,
      91.0850938967052,
      91.34683031304176,
      87.468394816939,
      89.18268965825841,
      90.34576425504899,
      86.92651093152011,
      82.39626263851989,
      81.3860290054419,
      78.53775872724701,
      75.98326394315987,
      73.04604158617673,
      67.44575762959127,
      72.24200474408443,
      66.87605929264512,
      68.62134681470879,
      72.4495520442866,
      71.72849614814871,
      70.52943358691535,
      69.79498622795624,
      74.11584446868885,
      76.54880120707628,
      76.66462009653053,
      84.35554765933192,
      83.80048075689459,
      85.95474130031,
      71.56954754998661,
      74.52509815468758
    ],
    "back_angle": [
      2.145322296759557,
      3.2850726522162135,
      3.4838321060809836,
      2.6327502126369335,
      -0.5695422327093,
      2.2334729740453763,
      -1.8643954035454149,
      1.1968049033880113,
      -1.8826828731229721,
      3.8319463506611395,
      2.9703703555155583,
      1.1515138559163125,
      -0.05384250157548126,
      0.15287058760821348,
      2.3102472673399443,
      3.4628859157318277,
      -0.9444833214027629,
      4.80647473486231,
      3.4946108424865248,
      -0.07965793858451153,
      4.571885930988929,
      8.723787522640741,
      4.534002554033129,
      0.734036169622208,
      2.186426607640383,
      3.0656555733945177,
      3.5774958509641763,
      1.7571641756526786,
      -0.46632023492340835,
      5.079353401376057
    ],
    "shoulder_angle": [
      44.82399495827797,
      46.480722277482286,
      46.09424153542928,
      45.30501780994777,
      45.252336696633236,
      43.49367749506057,
      47.218969167507915,
      44.67152611052482,
      44.810687514566915,
      42.64435736587883,
      45.1300659988905,
      45.09611459563293,
      44.81362750813591,
      46.10268310263241,
      44.17003106324064,
      45.16553209517469,
      44.95914368772547,
      45.56541990295863,
      45.67570811783358,
      42.332333987337805,
      44.895234373836296,
      41.772111735443566,
      44.40886891207718,
      48.269995905894454,
      45.12031450814084,
      44.867751447103416,
      44.26469852629833,
      45.45578613622977,
      43.70625089907008,
      44.641892840731366
    ]
  },
  "num_frames": 30
}