{
  "exercise_type": "deadlift",
  "form_score": 91.78693941031732,
  "form_quality": "excellent",
  "risk_factors": [],
  "recommendations": [],
  "joint_angles": {
    "hip_angle": [
      44.70676066062531,
      46.78423298952897,
      42.82254287332605,
      45.992628464556546,
      46.272510296923905,
      47.43743555315769,
      43.56007069497085,
      41.3200899156188,
      43.85287543978717,
      45.770368064527254,
      45.2402553897176,
      57.56626593774362,
      74.2857490753671,
      84.62419427023382,
      98.08080635147752,
      113.4089611029014,
      125.24527622700384,
      139.61566779102213,
      149.05384434796662,
      168.6947198158234,
      179.58674350776315,
      167.8519844853947,
      153.3094811099163,
      144.4576740869758,
      126.93270176012796,
      111.49160136985513,
      98.86962156987654,
      88.92295392326774,
      68.69597962406655,
      64.79359722798915
    ],
    "knee_angle": [
      88.6634060592253,
      89.53201708561706,
      87.57680952195905,
      88.1319202288704,
      87.80463704830143,
      89.25317534288958,
      89.74767455396157,
      87.71807696434946,
      91.73716819381202,
      91.11174296513688,
      92.2348212441259,
      100.5072919821761,
      108.53458551019749,
      118.11574305245779,
      127.56745415495914,
      133.47304852562718,
      146.0828027336452,
      155.387314267634,
      160.89192437850835,
      174.53207602607674,
      177.75753168611863,
      169.79545488983507,
      162.44799049391958,
      151.24914709572067,
      143.0824705192802,
      135.2081449957109,
      124.63411468067684,
      116.78584384893156,
      107.46635703992091,
      99.81330285387993
    ],
    "ankle_angle": [
      89.1045488566534,
      92.59241471430576,
      88.98912843668155,
      90.11930821294884,
      91.75834407511613,
      86.84026394541812,
      93.58590886399735,
      89.87546443866599,
      89.54786802620744,
      89.06271043290492,
      90.7003261741966,
      91.65240956612968,
      92.03877387599945,
      89.14140865720147,
      90.51460460656429,
      95.01093685706473,
      88.7229556938253,
      93.10964943596454,
      89.94741291768094,
      90.47231639635169,
      89.37337875759619,
      93.48408690821262,
      90.35727707444569,
      89.1734850098035,
      89.08614411133615,
      88.8069521988608,
      92.01463952680717,
      91.08996506593422,
      87.53912630663659,
      89.1667397754487
    ],
    "back_angle": [
      -0.4988900606894458,
      2.078161327818788,
      -0.3985564323372726,
      1.1505341292770903,
      -1.9093668614663,
      -3.356253657142216,
      -0.6274563104246434,
      -0.14199228435380806,
      -0.4535872387610979,
      3.267387157776885,
      2.4109911125524026,
      -1.8395328810125442,
      -1.5733928169332496,
      -1.7916373788894162,
      -0.6041410331935314,
      -2.3914059632923026,
      -0.9611405332192302,
      -3.270138851597262,
      -2.651048058253154,
      -0.9956968557453666,
      -5.003025687779623,
      4.621758181379816,
      1.3471103434654041,
      4.68017303846955,
      -1.0152420129293689,
      2.742385506827697,
      -0.014111397219026605,
      1.018516658437322,
      0.5624641184960361,
      -1.0128236203315115
    ],
    "shoulder_angle": [
      91.90579605209108,
      91.10879877972562,
      93.00084753404565,
      90.70665948508582,
      91.88731845886045,
      90.94423920952705,
      88.3644619147171,
      88.8158710696633,
      92.15843316280187,
      86.59401234709696,
      86.09118224326858,
      93.0427804601,
      90.16064472450724,
      94.95212016129152,
      92.96572110935163,
      85.90341797600726,
      87.51114180097129,
      87.29366352502025,
      91.47836336014542,
      94.15294095224216,
      89.05408750837469,
      90.4846312465828,
      90.66937941004723,
      89.30218061627926,
      90.71119021560231,
      90.13388116514962,
      87.04562641872381,
      89.18596362788207,
      88.15443584864913,
      91.12516405360576
    ]
  },
  "num_frames": 30
}