{
  "exercise_type": "squat",
  "form_score": 54.848911493690125,
  "form_quality": "poor",
  "risk_factors": [
    "excessive_forward_lean",
    "knee_valgus",
    "insufficient_depth"
  ],
  "recommendations": [
    "Keep your chest up and maintain a neutral spine",
    "Push your knees outward to prevent inward collapse",
    "Descend until thighs are parallel to the ground"
  ],
  "joint_angles": {
    "hip_angle": [
      179.0038831940894,
      182.5770318324737,
      180.38534249589193,
      181.34406440015462,
      181.05511803716055,
      179.69340711911917,
      174.9191029692525,
      180.926487818638,
      164.40456828075287,
      157.82457727908715,
      142.2256502736981,
      128.3049901447004,
      115.27340783212456,
      100.61530858762703,
      89.36848750214972,
      90.51300974060597,
      92.72796836851013,
      90.37613842208307,
      93.00046323646099,
      90.66700536824769,
      89.69859261285299,
      93.02315400827513,
      101.54657242989934,
      114.25372486796594,
      127.01878557223952,
      139.76050934300892,
      156.47732363589367,
      162.4277679170866,
      88.24318419545419,
      106.36543126104864
    ],
    "knee_angle": [
      162.51856087883823,
      168.59374200968097,
      170.4354424799589,
      168.17975310978676,
      164.76359127354897,
      172.74835487795963,
      166.0047600756942,
      175.37421759526765,
      162.14788681897366,
      148.27267488221534,
      131.0180154765128,
      113.81217736333234,
      102.40298976809814,
      86.67781237166082,
      78.66907672675083,
      86.92100748152099,
      78.50288159832128,
      83.75088579236447,
      79.27873994765037,
      83.2278650173732,
      80.47578962552531,
      75.68577510156486,
      90.56871747088441,
      99.5721528844606,
      119.37976453490106,
      125.21962327636214,
      147.76860861958104,
      158.45831541828153,
      78.61823638340178,
      96.41294008158806
    ],
    "ankle_angle": [
      91.48085765830737,
      93.23190734159174,
      90.45013374939184,
      90.99937881009576,
      90.69882569681745,
      89.79295418357916,
      90.54562578242265,
      90.8058902460652,
      86.8534766812841,
      85.50246620120629,
      81.57140582296915,
      79.07444769191804,
      76.46783235655433,
      76.51821778694881,
      67.16903239985035,
      66.46077544221582,
      70.7983716034654,
      71.17191306472125,
      70.6954079152671,
      72.26145418747002,
      70.92441343834452,
      68.74424217959708,
      71.7830655285546,
      73.36190090908961,
      78.35990141909524,
      80.32545921536932,
      84.11874220616562,
      86.53515515690914,
      72.36391861953898,
      69.07970459804557
    ],
    "back_angle": [
      25.395314775187444,
      19.51152846145102,
      15.041624438765911,
      17.040876268955316,
      11.255638321797349,
      30.277521902368477,
      17.854111869855142,
      10.802811757151531,
      26.710430960745516,
      15.85309043894372,
      19.08830036365915,
      25.593888876240165,
      19.704034260778094,
      15.69183732260005,
      14.273850767636343,
      24.72366950969118,
      18.612343282906412,
      18.616526717247325,
      29.740563853888855,
      27.696081308869186,
      21.962928892524992,
      11.063068360652622,
      32.53341926042538,
      31.56785887774483,
      13.261407888768021,
      17.711434488271365,
      29.61138431408093,
      16.423056198059903,
      28.50435190925902,
      24.87228156709854
    ],
    "shoulder_angle": [
      40.877883913002776,
      48.45607423118601,
      42.37775224758933,
      43.23495944537436,
      45.10079581848827,
      43.11434363856845,
      47.00612002532111,
      44.96373266673594,
      45.83613265808108,
      41.66871410959409,
      46.46308387253,
      47.61500520688156,
      46.91514177170378,
      48.07134721795801,
      47.452940448197616,
      43.98839699914687,
      47.70563162062848,
      45.46376247961995,
      43.56450429806531,
      45.11581391968419,
      45.366780607341646,
      43.846725394213294,
      45.10000917931608,
      45.54206088208032,
      41.838370514225225,
      48.29040905160046,
      45.534636941282145,
      43.46546118442071,
      43.966361968790316,
      40.89612209380248
    ]
  },
  "num_frames": 30
}