{
  "exercise_type": "deadlift",
  "form_score": 92.12837111044362,
  "form_quality": "excellent",
  "risk_factors": [],
  "recommendations": [],
  "joint_angles": {
    "hip_angle": [
      46.413461948255566,
      47.45260165047567,
      43.401099654850945,
      45.40839411685762,
      46.11570948590882,
      43.09900962373278,
      40.59525826174801,
      46.146675795920494,
      43.53144149619365,
      47.11621969055288,
      45.44101255914369,
      60.33205834380447,
      72.67105789107589,
      86.56593007542126,
      101.11574947791868,
      113.9825146654597,
      123.16770141348816,
      139.56274607397478,
      153.44026290359645,
      163.42236930397374,
      179.364175785241,
      166.04174475483714,
      150.17101035221683,
      139.1783565929562,
      127.05463244442124,
      113.96877254288158,
      95.18422800067583,
      84.12989464141033,
      75.39723463464327,
      57.09851554551857
    ],
    "knee_angle": [
      93.09131708257304,
      91.05930601118854,
      88.95914949835253,
      90.93125332729645,
      92.82555381322243,
      88.33932301893954,
      88.58150597146653,
      90.18114905450541,
      91.12534040764837,
      91.03628401936248,
      89.5902103317024,
      99.79886929684966,
      109.07171830679822,
      115.87930618639011,
      126.22863485263844,
      138.48457366671872,
      143.4827741420313,
      151.505077395726,
      163.10175618401945,
      170.33663304695656,
      180.2847327562849,
      168.96957777398478,
      160.39934376412486,
      154.5342566506491,
      145.51624110840447,
      134.80303937595403,
      128.27431192816178,
      120.01607602448766,
      108.03888142253402,
      100.13595935349551
    ],
    "ankle_angle": [
      89.72436258943524,
      91.68065538301231,
      92.43485328189594,
      89.70537852021322,
      89.50256903168173,
      87.53483091566578,
      89.07750946114547,
      89.53515754404279,
      87.87940666406408,
      88.94448463149335,
      87.40849865267042,
      91.25311417831477,
      89.35204309592964,
      92.23019655313114,
      91.52277042473857,
      89.77395963609311,
      87.30291062033699,
      92.10639104296754,
      88.72901973296845,
      84.55475767894458,
      88.40163603933092,
      89.48404409083847,
      89.77384527304517,
      89.31490067040862,
      90.86402028996062,
      87.89474656736618,
      94.20664893114846,
      88.54808618262057,
      89.81269094873613,
      94.40082164428394
    ],
    "back_angle": [
      -0.06701385471156732,
      2.7719115355228774,
      1.9830145137650745,
      1.8849993630604895,
      1.8726779412639283,
      -0.3408583452964281,
      3.0212255115383617,
      3.163865990773165,
      1.6459612807776323,
      0.01641041865314322,
      3.0950755877840623,
      -3.249940911381385,
      -3.664481732438968,
      1.9975507897009204,
      1.5690435195810932,
      -2.957970963375318,
      1.5919636092909486,
      0.11926771455694278,
      -0.8365393063833203,
      3.849356327533031,
      -0.8221705075150968,
      0.463791971446419,
      -0.2777551543448384,
      3.3808517514721554,
      0.8133854900118004,
      -0.25759572190284746,
      -3.4860085472726494,
      -0.8454479156595784,
      0.7131293331679212,
      1.3708360208235992
    ],
    "shoulder_angle": [
      90.61876597955143,
      83.56739697228745,
      90.1693414405353,
      90.80048109711181,
      91.45820454434725,
      90.65782423412705,
      87.15860068091203,
      89.1958345333123,
      90.26221103776572,
      89.88425895385822,
      85.60905996336263,
      88.09908755179117,
      92.0302029301913,
      88.83712762326859,
      89.50336521584208,
      90.09508567467708,
      88.04047849946396,
      87.37697368439486,
      94.10510689496304,
      86.91679105078596,
      89.97218791364088,
      87.14700920945135,
      89.23859310575632,
      90.74626315327781,
      90.12664206014595,
      92.17418684026738,
      90.65366445981309,
      92.62453353020082,
      92.39075588623145,
      90.03207974880736
    ]
  },
  "num_frames": 30
}