{
  "exercise_type": "lunge",
  "form_score": 38.8401472675269,
  "form_quality": "poor",
  "risk_factors": [
    "excessive_forward_lean",
    "knee_valgus",
    "insufficient_depth"
  ],
  "recommendations": [
    "Keep your chest up and maintain a neutral spine",
    "Push your knees outward to prevent inward collapse",
    "Descend until thighs are parallel to the ground"
  ],
  "joint_angles": {
    "hip_angle_front": [
      176.6470651272612,
      178.10779788976313,
      182.1601539215157,
      180.57293935901814,
      181.23001873363836,
      183.27827272032516,
      179.58193965358174,
      178.598231178254,
      169.08943954968612,
      154.2631932710279,
      143.15134515036394,
      131.75234539885852,
      114.2886367125664,
      99.36670203338142,
      88.4752676975668,
      89.26033102781646,
      91.49355617888624,
      90.15328889531783,
      87.91599721834403,
      89.54189553393472,
      88.91771295045307,
      89.11757709445895,
      105.07687430722133,
      115.65858185881558,
      127.15970910454682,
      139.26175484670216,
      155.1950959330084,
      167.6243197290304,
      90.40878182751875,
      104.34118184398118
    ],
    "knee_angle_front": [
      162.8217719694802,
      162.39184677690528,
      167.29664183317752,
      170.02247839331343,
      164.1323438835166,
      166.38289341273645,
      159.6978634758376,
      169.85655892927127,
      150.1442042728326,
      141.25797470385854,
      125.75733882794586,
      117.92362418715442,
      100.3035713580524,
      93.93272551408084,
      78.45424097547489,
      74.51958021302252,
      78.13257312737751,
      76.80711379693511,
      78.83244633714756,
      76.40144265158325,
      79.70463902476531,
      75.69802402534347,
      85.84943672796675,
      96.87820703364446,
      110.8073969697472,
      124.32996638229422,
      135.43559242798608,
      148.10030458375343,
      70.33572558966668,
      90.07968356428702
    ],
    "hip_angle_back": [
      180.27076471054923,
      180.95642731353172,
      182.75029012484734,
      178.02901322456,
      183.49934398634136,
      181.14984826865862,
      181.49243348101922,
      181.05251070410128,
      180.60161942911483,
      180.21642524732022,
      180.96461489851168,
      179.08034154104766,
      179.3564356455487,
      179.73528522077788,
      179.48837178784748,
      177.78084146443445,
      180.94068189921916,
      179.62566312293134,
      180.73021648183047,
      177.90639254074242,
      177.81339190990664,
      184.519314456875,
      179.87538772579245,
      178.87063507190484,
      181.53664719501694,
      179.54211806778514,
      180.7831250272542,
      179.40415781491728,
      183.25375423757967,
      182.25592982597976
    ],
    "knee_angle_back": [
      179.71367737614221,
      180.41579202195555,
      179.52052349335693,
      179.67010017042915,
      177.10179542776947,
      177.8311085849941,
      179.56821673093043,
      177.3870495044593,
      166.0993532757331,
      150.53662520840138,
      143.3810987753793,
      130.1048973918302,
      113.81185574837959,
      102.17423438360194,
      90.00180559992879,
      89.15088541689728,
      90.01256661294572,
      88.35343308590997,
      93.06237778950342,
      91.44173264731664,
      86.16328037221729,
      92.46423238104035,
      103.62566299202332,
      119.47702287524065,
      127.08831074743573,
      139.71384761891383,
      153.1006109198023,
      168.27712263329727,
      89.92196666753263,
      100.24130514955768
    ],
    "back_angle": [
      18.37337872256343,
      23.145261106622222,
      19.343681295993385,
      19.131912224752412,
      29.955674023401695,
      19.268180191937304,
      17.091840100367893,
      19.332953431055376,
      20.992682557389394,
      29.694200568861206,
      18.629079386956015,
      21.45424964436864,
      22.48215722151013,
      19.116006311598753,
      28.392043642244968,
      16.897652158456417,
      16.866558006077426,
      27.282606349743016,
      23.077225460033763,
      16.889345789427537,
      14.504511435736156,
      21.729187686387235,
      18.87793630423484,
      16.51735507591728,
      18.09347130560395,
      23.40278405306184,
      25.483482202348828,
      16.202837615038547,
      25.80779970797831,
      22.28732892906665
    ]
  },
  "num_frames": 30
}