{
  "exercise_type": "lunge",
  "form_score": 44.5321522088608,
  "form_quality": "poor",
  "risk_factors": [
    "excessive_forward_lean",
    "knee_valgus",
    "insufficient_depth"
  ],
  "recommendations": [
    "Keep your chest up and maintain a neutral spine",
    "Push your knees outward to prevent inward collapse",
    "Descend until thighs are parallel to the ground"
  ],
  "joint_angles": {
    "hip_angle_front": [
      182.3031339111748,
      179.67530752711636,
      181.00372546326383,
      180.0413032115176,
      184.84660413687823,
      179.7813474568643,
      180.73271468606427,
      183.11615667859883,
      168.52337918862287,
      154.54041034415653,
      138.68300601307874,
      129.21480409163743,
      117.1432428757521,
      102.84757090013876,
      89.29100342512632,
      87.44705026045844,
      89.5433529039515,
      92.58464433833245,
      87.38036733266371,
      91.04529290862726,
      88.52381095845112,
      86.39759827607,
      103.68686892566085,
      113.63132814743665,
      133.92065308939232,
      138.23223106040305,
      156.19523802614546,
      168.0431277477556,
      86.58840350170883,
      100.50659292555261
    ],
    "knee_angle_front": [
      166.7663137074862,
      162.66985070213988,
      167.77116643171667,
      166.77111387760002,
      167.97926121007444,
      169.98920719643039,
      168.75452679779121,
      165.0127766562419,
      148.3165625241342,
      144.21870800971473,
      132.2937997805988,
      116.25056860720616,
      97.81482121764631,
      88.6516831896489,
      80.19999767264432,
      68.54445021792613,
      73.32981958202093,
      75.64719204852568,
      76.31972944245274,
      81.05030330122493,
      72.04008410409959,
      67.40675514721464,
      87.68761542469437,
      95.4992143550534,
      112.24022230715906,
      129.118588124633,
      136.2490187856335,
      157.0232571257682,
      77.61703718834127,
      88.38825961028675
    ],
    "hip_angle_back": [
      179.51088495287155,
      180.03873229417502,
      181.42354717614828,
      178.5021657419686,
      179.7869076183604,
      179.73374268328126,
      180.0220362902705,
      181.74045716851862,
      177.67744881395726,
      177.02370626214832,
      180.27703349690609,
      181.17547093468596,
      178.3548859918145,
      178.70508534110144,
      182.08733585825192,
      178.82065927235277,
      180.51930617263935,
      180.901388007082,
      177.85320983665196,
      180.16475177613245,
      178.97851555885924,
      178.56714020728234,
      180.6284000627892,
      181.1814673298445,
      178.97168990932943,
      177.14346841523604,
      177.2504475509257,
      181.96922788122603,
      176.25830346828673,
      181.53778596480257
    ],
    "knee_angle_back": [
      181.6253824928374,
      180.39453244534843,
      182.86690430043305,
      179.6571883645055,
      180.53211807607002,
      183.77988976535622,
      180.95061300078484,
      179.5706432521757,
      164.17846182518073,
      153.9472927382412,
      144.21250252986738,
      129.27766200761565,
      115.4641547227832,
      102.931671831106,
      87.88090647389593,
      89.61857482522966,
      91.7246420560644,
      90.09191571774467,
      91.0960111127554,
      89.249859296576,
      89.47325617867317,
      86.42728904851184,
      103.73834390994162,
      120.02442797328808,
      125.63385488987032,
      143.19748832600175,
      153.76872076007766,
      166.95530968556275,
      88.12654216990708,
      105.43690712452432
    ],
    "back_angle": [
      17.130054289813764,
      22.898613702376974,
      25.61574173246387,
      17.944411906698186,
      28.607902497403057,
      20.15809138434862,
      25.159086823456175,
      17.726426313222163,
      23.47193396244611,
      24.304140691822823,
      29.783151914906625,
      19.14390796850861,
      26.43147372678817,
      32.41714184306201,
      18.980911241578887,
      25.782939283523906,
      26.954804820046174,
      20.499635751115154,
      21.903468363759078,
      26.128078742547164,
      17.84582341870862,
      12.92036685693357,
      23.64810059569215,
      19.081914038841266,
      31.327985383887057,
      25.283458743720296,
      16.6645045219692,
      28.227549404367142,
      22.966473279598763,
      21.984280989576554
    ]
  },
  "num_frames": 30
}