{
  "exercise_type": "squat",
  "form_score": 96.9783419735166,
  "form_quality": "excellent",
  "risk_factors": [],
  "recommendations": [],
  "joint_angles": {
    "hip_angle": [
      181.25750179091688,
      180.19971623064046,
      178.10102029617676,
      179.69506137627897,
      179.90314933874444,
      181.71622919434205,
      179.91145601760135,
      179.35913847369784,
      165.99105633724386,
      152.88246124022518,
      138.59875477135606,
      126.94344603320306,
      115.49802322790971,
      104.49120202613157,
      90.02837278186897,
      91.30071587303388,
      90.93231609388961,
      89.2511865715165,
      87.87653789331762,
      88.53239899457004,
      87.66458803259879,
      89.16209822176756,
      103.06970497741321,
      111.83724853252333,
      131.69054903378625,
      138.53322490002705,
      151.95563232163178,
      170.04052023337823,
      90.94508630178858,
      109.56462494356589
    ],
    "knee_angle": [
      180.4338533758655,
      181.60557716776916,
      178.19118471074825,
      179.5106967705063,
      178.77130592996244,
      179.89711879409168,
      182.17442510591223,
      179.43397133994736,
      169.1591762572495,
      154.89617096227462,
      139.95159729102247,
      127.16554123390885,
      113.94051741667482,
      105.2579658059535,
      88.92013418348866,
      93.43647485073411,
      92.0919916661843,
      93.61979748369036,
      91.79117203545326,
      90.38730039557937,
      88.04077960380233,
      90.34905994523555,
      104.24086282184668,
      112.63458613017619,
      129.1261768805725,
      143.35585102311822,
      155.5693141776085,
      165.59541765159926,
      89.70982876589667,
      102.06834862984394
    ],
    "ankle_angle": [
      91.89286525266623,
      92.1724721654937,
      90.04092686686276,
      91.06529440884127,
      88.44832614500504,
      88.27947015118872,
      92.19481636154379,
      89.31967806983687,
      90.42000898802048,
      85.58184201337136,
      84.79080616150729,
      79.44126530494403,
      73.0748969633145,
      73.52582271745044,
      68.55560528867836,
      65.85712781395436,
      64.54210412078788,
      72.43456848768734,
      71.56488312352677,
      71.0348286237168,
      67.04060581415975,
      69.57967534391732,
      76.00380789864455,
      75.20081373794957,
      80.59548083537628,
      83.24266674858262,
      86.46145542886006,
      86.04865721648783,
      70.93696455651626,
      73.40568965768624
    ],
    "back_angle": [
      -0.7445787072224893,
      -3.233057959066245,
      -1.5968034190336593,
      0.6329839074244202,
      1.2007514601289573,
      1.5886785381483923,
      4.868258213958723,
      0.3130649009466041,
      1.4900516820878513,
      -3.0311735314008024,
      -0.2745244610275903,
      -1.474439778035827,
      -0.3394999716077842,
      4.992502205854579,
      2.4445521495162064,
      1.9422827181866154,
      -0.4699478711715908,
      0.44936461027692437,
      1.067242480888026,
      0.5781808241719669,
      1.5675799010217366,
      -0.17478405288111512,
      -1.8171647169601015,
      0.2812836777247885,
      -0.6746916517442697,
      2.8201699541440233,
      2.786998040130278,
      1.9733633146595928,
      -1.6927166156465925,
      -0.6015838591468463
    ],
    "shoulder_angle": [
      45.84371144184549,
      43.324765271621196,
      44.8236669572288,
      43.584157343301094,
      45.84485307245831,
      47.1485838483784,
      48.818663726033755,
      44.53959233946779,
      44.19340986572963,
      42.743548783786935,
      42.99298056444472,
      44.93225049000214,
      43.80609299729715,
      44.49365599621661,
      41.60839655088113,
      45.95989208797945,
      45.95332838495646,
      45.82999766699936,
      48.21875737729029,
      43.50606837895846,
      46.494971914948316,
      48.463588266585276,
      43.41037352596201,
      43.624705623265086,
      47.39516608919167,
      44.86781845902009,
      46.27774348613751,
      46.36274092908217,
      45.09297733620839,
      42.32862849895888
    ]
  },
  "num_frames": 30
}