{
  "exercise_type": "overhead_press",
  "form_score": 63.3123244366204,
  "form_quality": "fair",
  "risk_factors": [
    "moderate_forward_lean",
    "minor_form_deviation"
  ],
  "recommendations": [],
  "joint_angles": {
    "shoulder_angle": [
      90.0002311457391,
      96.20669303774639,
      104.68026064952969,
      111.50468187402709,
      112.3709079378999,
      122.31032698603602,
      129.12113248633128,
      130.64658615301184,
      141.098189933554,
      144.47051296060994,
      148.6706849674537,
      152.6145338152061,
      165.28807430404814,
      169.63292589146153,
      176.1576253533746,
      178.96295928082418,
      170.8573463078716,
      169.90899913600157,
      161.76101161305522,
      154.21495507779912,
      149.91363256800975,
      142.83243119790774,
      136.1102286958729,
      131.43119177897444,
      126.57828432576042,
      117.3758704529352,
      113.90529823756484,
      107.56704709686947,
      103.99703275466828,
      96.7864698439652
    ],
    "elbow_angle": [
      90.67409326786066,
      94.09786608287328,
      103.34355441913216,
      111.41883265198054,
      112.63554606448645,
      119.5853112879162,
      125.14925057086569,
      133.34745103035104,
      135.01558153936043,
      144.41937619529176,
      149.77297645805245,
      158.78301978105557,
      163.80700117149314,
      168.83513663939306,
      174.45792104022703,
      182.19759923915515,
      173.97363541762874,
      165.74958934432138,
      161.57500817584585,
      155.4140048852753,
      150.27047066444914,
      143.37814501613684,
      139.553712612158,
      133.86886938311287,
      128.09596719330676,
      120.60112715416905,
      116.14923210230886,
      109.14363343674714,
      105.08913008662482,
      95.73798130295873
    ],
    "wrist_angle": [
      180.74103393716078,
      180.5235862809559,
      179.37696023270826,
      179.033757083867,
      176.969972466266,
      177.32935745201752,
      182.51207252724694,
      177.07972280588075,
      185.00170269533362,
      182.3936365775093,
      180.24243080556764,
      181.30539478672222,
      178.29712084752384,
      180.20047334292406,
      180.0337978386085,
      176.97760035129565,
      181.65470313264265,
      180.69797406380954,
      180.99135121891135,
      177.9851501836851,
      180.65548601753233,
      181.93865726029819,
      179.04887814782012,
      178.76490089135552,
      180.59808878147908,
      181.4653504788055,
      179.91212897601466,
      183.52326129706137,
      179.50055257814506,
      177.07402578583347
    ],
    "back_angle": [
      14.285517693533814,
      7.0127603490415025,
      6.743508334162292,
      11.56684186067745,
      13.489662995543705,
      3.6478901620609485,
      8.88647023474422,
      5.638809765537605,
      9.052796488557348,
      7.7392255415533855,
      10.167814528858006,
      9.787259037787031,
      5.2901794625619685,
      5.500806884848194,
      8.354540886720999,
      10.99962340383455,
      14.176452284736804,
      11.57931635365247,
      8.284817412216258,
      2.2497260688515746,
      11.65151261261486,
      8.926847611574061,
      8.248013946221892,
      10.04540092118182,
      8.77307278457484,
      15.378070002397449,
      13.103117072078067,
      7.0064878857402855,
      8.7849533534766,
      9.790873375732215
    ],
    "hip_angle": [
      178.5940479501321,
      181.88369938096784,
      181.3106830206758,
      176.19128079066084,
      180.13997583324394,
      181.3993967882481,
      180.17591756958075,
      176.455278047197,
      181.07784595026968,
      181.07060165463508,
      181.9033263432709,
      178.05959581685062,
      180.54582906640275,
      179.11163927489173,
      178.10075863925272,
      179.7602952816292,
      180.82262221072332,
      180.34171884876798,
      179.8780384275139,
      180.89204186064777,
      181.08818159372782,
      183.80561617016141,
      181.28934196451561,
      178.6803839422957,
      177.39611365844488,
      179.55964471520826,
      180.32667130743872,
      181.45569476514433,
      181.18524085510063,
      179.13167223294846
    ]
  },
  "num_frames": 30
}