{
  "exercise_type": "lunge",
  "form_score": 78.51355232564057,
  "form_quality": "good",
  "risk_factors": [],
  "recommendations": [],
  "joint_angles": {
    "hip_angle_front": [
      183.10348798475104,
      181.3775760349087,
      180.46705836968823,
      178.5800878595146,
      180.3621478744124,
      183.54713467195864,
      183.24318148743902,
      178.45034845459767,
      169.58707013869403,
      153.22971952755074,
      144.01549634315003,
      129.40922776045815,
      115.34111352751877,
      103.1480433249012,
      91.74475450273628,
      92.64628635420358,
      92.18683978636263,
      87.18758234346475,
      91.74064385183067,
      89.86177470237217,
      90.13076048195286,
      91.19524289581297,
      101.73416154193595,
      117.80940424604618,
      125.83785222338413,
      139.5920526808565,
      154.4806099554745,
      165.12843600078978,
      88.12469061173375,
      103.88187053786739
    ],
    "knee_angle_front": [
      183.70805432849758,
      180.15125062305464,
      182.08771290239096,
      178.63076463353585,
      180.97085408604337,
      179.57349945124795,
      180.978319029112,
      182.08972146800363,
      165.5769956135147,
      155.50875470493526,
      142.2273536440694,
      129.84561316761912,
      116.53362458145423,
      105.82496678546259,
      89.84982210781922,
      87.6875641400724,
      90.7096891163094,
      87.84726909158533,
      87.81893867027657,
      90.4386907637319,
      91.9764064524796,
      86.35791031829866,
      102.04133022151923,
      113.64493312398703,
      129.24746000979152,
      143.13560704800926,
      156.0899087824937,
      168.29332128740452,
      90.9059706324975,
      101.60878383480292
    ],
    "hip_angle_back": [
      177.9081212061434,
      179.73117293042634,
      177.2480091473882,
      180.37982889522578,
      182.2735132452776,
      178.75344952714704,
      178.91814996422883,
      174.73626406658627,
      181.35535780303934,
      182.28023796037652,
      183.86298559098168,
      176.52539341989183,
      181.3408703430061,
      176.96972273624152,
      179.8944015354258,
      177.0773626509537,
      178.0556933429212,
      178.7725781332334,
      179.23774544876542,
      176.21815938435878,
      179.6070608212373,
      180.97044674587576,
      183.24618670672186,
      182.69871256008793,
      181.0967451469213,
      180.54784444987493,
      176.45900262191964,
      180.43112078133277,
      182.06468190834158,
      181.28397976120317
    ],
    "knee_angle_back": [
      184.58621549616927,
      179.02961536559428,
      181.0812631952769,
      181.25477721968258,
      181.39926435263652,
      181.05371991059855,
      178.71738909088714,
      180.82878941102294,
      168.19353595731934,
      153.71218546597754,
      143.5260959656085,
      125.96846002841211,
      116.1093498182262,
      100.58364366284783,
      92.20364684937866,
      90.73020138440609,
      88.60307358306272,
      87.60580706504412,
      91.4688503173723,
      90.53562831181432,
      90.35957578928073,
      90.2494356916593,
      103.55015443446729,
      118.5213746449068,
      125.32642993597285,
      139.45074121630486,
      156.39537024503218,
      167.2322265666029,
      90.50442556283629,
      101.12200410055209
    ],
    "back_angle": [
      2.33825528266199,
      3.1966916781181456,
      0.2353767204586633,
      -2.9974955688216807,
      -1.2336142479009269,
      0.04565499440692185,
      -0.9403640276690469,
      -0.7677528166207861,
      3.0374083772988634,
      2.657766413027431,
      1.6892024632730118,
      -3.8894348451205922,
      -2.5170736147908164,
      0.819320636547438,
      -0.7327381103140314,
      -1.446771053975904,
      1.2290599070980517,
      1.1372153002490901,
      0.14862149463041158,
      -4.050198640496347,
      2.066743341225829,
      -0.15889509855130496,
      2.4106688421538234,
      -0.9429389698326192,
      -3.9107857521373264,
      -4.461838999208878,
      -2.1044751773774593,
      0.47150660851218595,
      1.6794430567672758,
      1.4037938142037556
    ]
  },
  "num_frames": 30
}