{
  "exercise_type": "lunge",
  "form_score": 68.88477286585429,
  "form_quality": "fair",
  "risk_factors": [
    "moderate_forward_lean",
    "minor_form_deviation"
  ],
  "recommendations": [],
  "joint_angles": {
    "hip_angle_front": [
      180.3197026869037,
      180.16330346006305,
      182.47613656188244,
      180.52706291864394,
      176.74001018144773,
      182.87578334579476,
      181.11803438731133,
      177.94848668315208,
      167.74256663942813,
      151.94338421593693,
      141.0389185416068,
      127.10238870699422,
      116.18992703462008,
      103.75053556545735,
      87.19710902328579,
      91.90387285091252,
      85.36090419325348,
      90.89423214502858,
      90.92812460929176,
      94.08208873160167,
      94.20984547382128,
      93.09034312727499,
      103.58047955128578,
      113.12311470771253,
      127.667751680414,
      142.4854537575988,
      157.88406692740054,
      163.34188225281116,
      86.82069903923313,
      101.91921229185192
    ],
    "knee_angle_front": [
      177.6943082576773,
      175.34165408765895,
      180.58566869409538,
      179.29373707671252,
      175.20007721554884,
      177.08014554290682,
      181.36249405535403,
      180.2810013302921,
      168.54125457054278,
      151.73085917343482,
      141.82644929606982,
      130.7962052038099,
      114.92746011161842,
      102.9935686625512,
      90.8998198175441,
      91.7797277595853,
      87.56475458877709,
      93.10157638525203,
      92.43161352159062,
      90.42165414569169,
      92.47896010451417,
      89.2759445368159,
      101.54007593171072,
      115.49060054458246,
      131.8042607926756,
      143.85566035407675,
      152.49353995638302,
      164.78676239035,
      90.30594492161542,
      102.53441106774348
    ],
    "hip_angle_back": [
      184.42756624697085,
      180.62733605969242,
      180.3294813611525,
      180.70062580740804,
      184.94652906977453,
      180.86240666532905,
      179.07952640653915,
      180.1600743778695,
      179.2651695020834,
      178.69367235584636,
      178.3097902028105,
      176.22238349562372,
      178.3379898449266,
      183.7473721861956,
      181.89647375231146,
      178.1087858688838,
      178.67892335236797,
      177.26142785188736,
      182.5726994934236,
      179.97529611988014,
      178.63067225638508,
      179.45594584278135,
      180.51631668686295,
      179.85904515992468,
      177.21843388727766,
      181.12386695758772,
      180.06231970241697,
      180.4161084692105,
      180.82060645955448,
      178.85981951606897
    ],
    "knee_angle_back": [
      181.30079766381317,
      181.35234275586427,
      177.78798789288197,
      177.7575006945155,
      179.52178418172474,
      179.57624947603324,
      181.67501321214465,
      178.0080020756199,
      167.0996832824815,
      153.77154285999237,
      143.5831201850753,
      129.66828367690974,
      115.66304947263015,
      104.56331804281588,
      93.00286151892422,
      97.25620632589803,
      91.81315882439107,
      91.00817915251538,
      91.24952169490582,
      92.09901880830928,
      90.88490896599114,
      89.49252039891785,
      101.92116102628518,
      116.84466864588772,
      128.74960811552052,
      142.8417678491323,
      156.40897196396574,
      165.38734937768143,
      91.69558516230823,
      101.9515468445759
    ],
    "back_angle": [
      6.1780938562650025,
      13.852697069976141,
      10.92175085563004,
      5.183226423754226,
      15.048451139326158,
      5.90287579172068,
      7.179322589079052,
      15.714398357351918,
      11.862737577654048,
      2.7671125620837773,
      3.212794338253005,
      8.317152030221367,
      7.4691482507954765,
      3.0703453960513394,
      7.5817093518974135,
      7.172871822268893,
      14.902534172527107,
      8.868621679809289,
      9.099223753840398,
      6.867586308342575,
      9.344320895893068,
      9.658532402680386,
      14.809275852160424,
      5.9554173760522815,
      12.984420645481755,
      6.830872393000344,
      6.856333886794715,
      14.026653433787821,
      7.459113105225155,
      6.12261140069001
    ]
  },
  "num_frames": 30
}