{
  "exercise_type": "squat",
  "form_score": 64.34919159961436,
  "form_quality": "fair",
  "risk_factors": [
    "moderate_forward_lean",
    "minor_form_deviation"
  ],
  "recommendations": [],
  "joint_angles": {
    "hip_angle": [
      179.8169390667776,
      183.45324640340277,
      180.59910536611946,
      181.72951584733568,
      177.77596330288333,
      178.58217079216325,
      177.89784943674545,
      176.46260876042453,
      167.83348791383176,
      152.56180336415812,
      143.73413241254562,
      131.332502835206,
      117.53909983936194,
      100.68729267913474,
      93.18599290972202,
      90.50039598987084,
      90.30113000259243,
      86.83873604810132,
      88.93040675413977,
      93.21006631491677,
      88.92959634622437,
      90.48451306678473,
      100.93096515490392,
      115.53788878162445,
      128.40819325644674,
      139.6754777658212,
      154.29532877126232,
      164.88145142173053,
      90.97228854237963,
      101.77746876739636
    ],
    "knee_angle": [
      179.74273074115823,
      179.12842007536216,
      178.5510604723404,
      176.07791737848444,
      174.23073146010262,
      180.48123193746514,
      175.60159078583888,
      171.19858947464337,
      158.91531912276488,
      152.7860523286434,
      136.57197017944367,
      121.39068036966418,
      108.76026671184394,
      101.10179258105701,
      84.71924046707609,
      83.2650051295298,
      91.31567695026982,
      82.16699442572981,
      87.78151375433417,
      90.51777108952494,
      88.2573452570024,
      85.06551398843742,
      97.14500198813118,
      111.46996600958774,
      128.34337695603628,
      134.06142044572644,
      143.89467684808076,
      161.62330847876206,
      80.65456959604317,
      98.24029016330353
    ],
    "ankle_angle": [
      90.09523816732776,
      86.33370704619725,
      88.21610571500682,
      91.38148083915907,
      90.0402611612637,
      87.88652747570121,
      89.43838742242148,
      90.029011333383,
      84.57016299054919,
      83.05503990187026,
      84.02433619150403,
      80.93033158913629,
      75.98368423867963,
      72.17692661986314,
      66.30325357893268,
      69.03898116639533,
      72.67217011986928,
      70.12556892662462,
      70.23263446796956,
      69.87228433788326,
      72.1626168238562,
      68.26178574391503,
      73.04024676831001,
      79.52510837204484,
      80.64709985709534,
      83.46643841224044,
      82.41607112835327,
      88.86324129891823,
      69.56288462348843,
      69.05151320701957
    ],
    "back_angle": [
      11.330977145555062,
      6.87221972011967,
      18.080674946673746,
      7.175435816319714,
      13.189486346615062,
      7.037233181408567,
      4.440053123042389,
      3.6347949846825154,
      14.337816935467115,
      11.985358470127728,
      8.316493431044648,
      14.461985571550912,
      8.915845376706674,
      10.80752733763796,
      8.464488548125459,
      11.481259788100916,
      6.7280632356303816,
      12.456132820013933,
      5.007955028662719,
      10.025774698675036,
      9.209905414576884,
      13.20143020494262,
      7.486545143672189,
      8.66365033423223,
      6.240132045053647,
      14.60102890571412,
      8.011275255378672,
      6.338342752459173,
      6.568375854874303,
      13.357187031030268
    ],
    "shoulder_angle": [
      47.2727479282322,
      43.57324002478669,
      45.942804084806326,
      43.10627714657391,
      43.14431219158474,
      43.348178635368555,
      47.596932523947984,
      46.99625315954353,
      48.32429847959755,
      46.92038644377951,
      45.813370217135116,
      46.53482903986118,
      46.29476440106267,
      45.18521039673288,
      44.092755175438256,
      48.29846540362609,
      46.81687588646341,
      45.705799458094766,
      46.073343547172776,
      46.09075551050926,
      46.16184852454464,
      45.91569945743973,
      43.85289633329806,
      46.48870749727783,
      43.48216837972721,
      41.41869309570045,
      46.03129858417818,
      46.093672191401296,
      45.09658355481657,
      46.81578592938653
    ]
  },
  "num_frames": 30
}