{
  "exercise_type": "bench_press",
  "form_score": 94.22379302685509,
  "form_quality": "excellent",
  "risk_factors": [],
  "recommendations": [],
  "joint_angles": {
    "shoulder_angle": [
      86.71504978802446,
      92.18178665105651,
      88.96378394776785,
      93.78489104138204,
      87.47012199212269,
      90.23849345014399,
      90.07455785179314,
      86.77956094599682,
      90.28221500855628,
      91.74629475665608,
      91.37433935431552,
      92.33400357800339,
      90.93847921841689,
      88.62033152216337,
      87.16793739822917,
      86.03738991519239,
      90.09928737385768,
      89.5064477216581,
      87.72401727005408,
      94.36560466141549,
      93.5168676422191,
      92.14016030628359,
      88.90777262825866,
      89.15893496227075,
      88.98687172767956,
      89.56818448767415,
      91.8035949176489,
      92.85495386835832,
      89.64828613175155,
      89.00390984680234
    ],
    "elbow_angle": [
      88.7632273491986,
      81.9412966559162,
      83.39833102257705,
      82.1684452173826,
      75.56398723835714,
      72.79910419006104,
      74.88425482482992,
      68.2469157901416,
      65.74977372813368,
      65.21545509717934,
      56.45601447685372,
      56.74807591343792,
      53.61901247450798,
      49.60104464343703,
      49.04122104680666,
      43.792154354732425,
      46.12646026422063,
      54.5518807699503,
      52.76140272995538,
      58.879371150770474,
      60.395504314098,
      61.80555272874653,
      69.17383708507003,
      71.72996980684319,
      72.66137438630872,
      75.65036328707082,
      78.78506838113616,
      77.15256392857715,
      81.60366660141977,
      91.60751228222057
    ],
    "wrist_angle": [
      179.64453302755788,
      178.2961367155429,
      181.04536417173978,
      181.81646894791862,
      181.64640616055217,
      180.69421001573,
      180.34346634281428,
      179.6385155871807,
      178.5625419356744,
      181.93079487619457,
      178.0097723356981,
      182.91475779583706,
      179.05656175817307,
      180.3611185510898,
      178.72419079186497,
      181.88762800591405,
      180.6684914406153,
      180.61096726169805,
      179.34292809043671,
      182.81119810959854,
      180.41886723661798,
      181.55403568844935,
      178.07509761893897,
      177.5499794480999,
      179.26616595362214,
      181.83044051335645,
      181.28406781355437,
      178.83432387016768,
      181.2021237306304,
      182.23581607178596
    ],
    "back_angle": [
      -1.0093165811780365,
      -0.9609703156449416,
      1.0102281903478312,
      -1.9452729427898783,
      -2.0282071346600477,
      -2.674691221824788,
      4.727901574953712,
      -2.2844760308838885,
      -1.2749236687048202,
      -1.1263427414885552,
      -2.615541531453841,
      1.5878172873089167,
      -0.12101674785159917,
      -0.15932965927431736,
      -4.171639646710167,
      -4.209548747835263,
      -3.0192343804317336,
      1.1274042781780824,
      -2.7100731049012454,
      -0.17634910448434044,
      2.7173840905310533,
      -2.043133372976503,
      -2.5424905783609453,
      -1.3560447367114281,
      0.13121310229624775,
      1.1162414079296008,
      -0.6702048564676443,
      4.688363168022537,
      -0.30273131554042226,
      2.3887155224821974
    ],
    "hip_angle": [
      89.78857812317608,
      91.1367553089832,
      85.10891585000942,
      88.41251044332265,
      89.82816149643959,
      92.33413073218348,
      91.74115375357734,
      89.74935788104344,
      92.15686909869406,
      92.7139214652571,
      88.72214124727968,
      89.43734464568216,
      91.06315824945086,
      90.35126973151105,
      88.60580572902192,
      93.40099889494712,
      86.47936047938693,
      91.10202657036989,
      87.20393023570203,
      89.7538525686487,
      90.40315797690322,
      88.87992993198753,
      87.61395245909976,
      89.67461405453913,
      89.26710576776959,
      91.80817182540518,
      89.50729741301751,
      90.72462956694373,
      92.32516233463721,
      91.40498541027947
    ]
  },
  "num_frames": 30
}