{
  "exercise_type": "squat",
  "form_score": 63.80678434633255,
  "form_quality": "fair",
  "risk_factors": [
    "moderate_forward_lean",
    "minor_form_deviation"
  ],
  "recommendations": [],
  "joint_angles": {
    "hip_angle": [
      183.89232250823798,
      179.72626646970116,
      182.84434475116842,
      180.47760005991685,
      177.53494624500323,
      180.54570465531194,
      180.12621873390185,
      177.0656927222605,
      167.71527293900255,
      152.8094930885623,
      141.48194966535735,
      128.67286910264636,
      117.82972907581575,
      104.03656065441773,
      90.03595757281586,
      91.47767584794552,
      90.32604754421733,
      87.58403402466047,
      89.30835353914243,
      88.78253326378966,
      89.34531864841259,
      90.48519585138305,
      98.72375428639133,
      116.53117411732916,
      128.0709017646046,
      141.6808835100664,
      152.60750936920294,
      165.60493468195338,
      89.61476069264069,
      101.7103126977895
    ],
    "knee_angle": [
      179.9782287324979,
      170.8526620629822,
      173.96189320255652,
      179.91742473747257,
      180.13028633206488,
      176.98947227544363,
      178.02915734232232,
      179.56201115051437,
      160.7180158143514,
      141.68642934293598,
      133.58574533415648,
      117.5908883195451,
      103.45746188541179,
      98.5635887493071,
      79.65441658332867,
      84.65263543052002,
      85.20177358135456,
      82.56784531285912,
      81.05852288742673,
      85.01925654650778,
      87.15979354146539,
      88.34803180312998,
      96.55036588943356,
      115.67339661625887,
      118.77104988443175,
      137.7484426530199,
      145.14147739517014,
      159.4415164815048,
      86.8106069699245,
      97.96953503919664
    ],
    "ankle_angle": [
      90.09215611743515,
      90.42744316820372,
      92.8337458743402,
      88.48026867520879,
      87.6585484453802,
      89.47013276707419,
      89.20540919396836,
      88.37650922373125,
      89.35681228295786,
      86.2184314602776,
      80.59629986230368,
      79.85248333939845,
      76.38752399394335,
      73.30413342796429,
      74.83147245232009,
      71.52100296366149,
      70.39881470296753,
      68.51837730686248,
      70.40275626905759,
      69.06616244734744,
      69.33659738819546,
      69.40363476382834,
      75.4966156945024,
      72.86881217528352,
      77.2198585014172,
      84.23717048787185,
      84.23410689024091,
      85.42669646431673,
      73.1072445454442,
      71.55443537287883
    ],
    "back_angle": [
      15.069672682190433,
      8.654335734784299,
      7.119299331433421,
      15.93838253530835,
      9.537076724806992,
      14.659644208529782,
      8.308905085982579,
      13.407564408132327,
      12.311596346750676,
      12.22002267608115,
      8.801814530323652,
      7.554751271899315,
      9.31574593473675,
      13.088144254858687,
      11.08918404200191,
      5.9366876611580475,
      6.638475112442842,
      5.500432461051671,
      14.488293021989982,
      10.163266461943728,
      8.296481211369267,
      7.20163911391452,
      10.879704954964485,
      19.120916020830844,
      9.887165711102911,
      7.121390420891468,
      11.481603019567125,
      18.112190309653272,
      7.371974760528193,
      2.1127703904171073
    ],
    "shoulder_angle": [
      43.60978286976976,
      44.78530718011402,
      42.8575674704208,
      44.71659795910521,
      45.68144869982188,
      47.21572300023094,
      42.981758292195764,
      46.8019298888543,
      41.69430589957143,
      44.791281370250594,
      43.45127625280279,
      46.333741760037626,
      44.91643735811454,
      43.77904869103702,
      47.21917766021348,
      44.40082021177605,
      44.310688858092426,
      43.74943734442487,
      44.0990538269583,
      46.203483014742865,
      45.78758781556275,
      46.75991670088524,
      43.656671142838974,
      47.288258802772184,
      45.35051125301806,
      45.08794889356375,
      44.607857031238105,
      42.56526096947743,
      44.61049269739745,
      46.021712668544396
    ]
  },
  "num_frames": 30
}