{
  "exercise_type": "squat",
  "form_score": 55.352380459546346,
  "form_quality": "poor",
  "risk_factors": [
    "excessive_forward_lean",
    "knee_valgus",
    "insufficient_depth"
  ],
  "recommendations": [
    "Keep your chest up and maintain a neutral spine",
    "Push your knees outward to prevent inward collapse",
    "Descend until thighs are parallel to the ground"
  ],
  "joint_angles": {
    "hip_angle": [
      180.28681839145776,
      177.191227020241,
      181.0427412381545,
      180.10915428604702,
      179.34309593858896,
      175.8547837250508,
      179.49451659523567,
      179.19832184715125,
      166.38548239440507,
      154.73876631135167,
      142.9587841493383,
      129.38954284815287,
      116.62411933728852,
      103.79585019904442,
      90.0068232111358,
      86.24060416435631,
      90.92685294925006,
      91.7952700472833,
      92.80358694734963,
      86.42675912262108,
      85.62385873818363,
      90.35979737955711,
      103.27168950967896,
      116.59703990558123,
      125.39146455089116,
      140.07663480988927,
      152.67166726677578,
      167.21190989747086,
      91.66915581182633,
      102.54550374012497
    ],
    "knee_angle": [
      173.64953059313694,
      172.397627160376,
      171.61548896963512,
      164.0881268428372,
      170.9349377989887,
      175.1832336360414,
      173.62913446686926,
      174.2487300229705,
      163.11116608949732,
      145.36540883730007,
      136.15442059212808,
      121.63131650382952,
      104.65448610357191,
      95.22193233523713,
      81.05061652298352,
      75.55389073387863,
      82.66905290412323,
      83.22482293641583,
      84.1542273263104,
      75.41801818993477,
      81.00716576811097,
      77.66706266455527,
      89.23046414520563,
      102.13815844964762,
      113.80451024576021,
      138.37638157473512,
      142.76783523587014,
      161.6858221820993,
      85.49532604396406,
      98.29409310057349
    ],
    "ankle_angle": [
      91.18679007701023,
      90.77202161840782,
      90.65083427603507,
      90.84350029958667,
      88.5909832653136,
      88.97520804814602,
      87.1720469528882,
      91.20272226437635,
      89.35055064968559,
      83.59445157335497,
      84.28677145817797,
      76.12440935725235,
      76.22458680628083,
      72.8355015038455,
      67.81909314723661,
      68.70596227600548,
      70.35370436557228,
      68.49438101755513,
      66.9208325837497,
      71.23135374950846,
      69.21975640459566,
      66.12332834202154,
      69.69899165325323,
      73.21328847078215,
      74.23421548606667,
      82.77180066126022,
      86.40836390701698,
      82.05157203146227,
      68.27688233306645,
      70.23743317262799
    ],
    "back_angle": [
      12.70514291743606,
      26.85866368938401,
      12.65311639204129,
      26.309870498444084,
      23.65467716447413,
      8.637130400423143,
      28.02899041945354,
      12.802508287596899,
      21.570710832154287,
      27.54164552892905,
      22.60428000651425,
      21.585464232983128,
      9.604842651004027,
      20.725709705688548,
      10.19208122000125,
      22.131662518995157,
      31.657822853993867,
      23.076488051302718,
      27.944483820053044,
      25.37110478452241,
      28.872853807445107,
      31.005118193782288,
      11.750080372796347,
      23.50228945933922,
      21.34712602594242,
      27.319606032343515,
      27.57416694704598,
      20.500589950395998,
      22.42684436389896,
      30.054207561093477
    ],
    "shoulder_angle": [
      43.931885481696554,
      42.79435035378266,
      45.08714080146826,
      42.18473260901782,
      44.1852306974313,
      45.604512579391624,
      44.58964667639389,
      45.29756390178865,
      45.4292927790879,
      44.05886812772087,
      47.7449826779362,
      43.70809253486879,
      44.27815624387664,
      47.26573148701488,
      43.63259873603113,
      43.213973046109636,
      48.602668647175186,
      43.94384004853063,
      47.58190665773749,
      47.3665679933831,
      48.355095227603464,
      41.244038507962905,
      43.232810857841415,
      46.28120242892438,
      43.08956549854698,
      47.67831434243094,
      43.518282042241786,
      46.6700758909382,
      47.951760473837005,
      43.64845650435209
    ]
  },
  "num_frames": 30
}