{
  "exercise_type": "lunge",
  "form_score": 61.29133746684418,
  "form_quality": "fair",
  "risk_factors": [
    "moderate_forward_lean",
    "minor_form_deviation"
  ],
  "recommendations": [],
  "joint_angles": {
    "hip_angle_front": [
      180.10834870386626,
      181.66831878542132,
      179.14648328044862,
      182.04244441060868,
      180.15992918534644,
      180.91842545494495,
      180.86073743735426,
      180.1235479644689,
      168.8614843021556,
      153.9973502085599,
      141.79255134005047,
      126.05949451238772,
      116.80192314119415,
      101.81342239649634,
      89.13469540040343,
      89.52792562533718,
      89.18750032891349,
      90.40124181086392,
      87.74100601101053,
      90.51029037235071,
      90.81358755270222,
      93.02192635613255,
      101.17937329564282,
      118.24145690794192,
      126.77920643945593,
      141.93743575110875,
      157.06539370995438,
      162.74225762613935,
      91.39545784286535,
      106.20196608330234
    ],
    "knee_angle_front": [
      179.53790661838735,
      178.7248219728117,
      180.9714754813462,
      179.83535150648075,
      179.92776732770324,
      182.95490665131842,
      178.48103504877866,
      179.08120703637633,
      163.50833789909007,
      153.46256071296636,
      140.57051667216098,
      125.02706612496964,
      116.79308824208773,
      103.78477142241593,
      86.39174231403771,
      88.55949549090883,
      91.97626487107038,
      86.47165720991526,
      89.6870244318288,
      90.41049687999481,
      88.88528390477357,
      89.62744162161127,
      103.08089472689987,
      115.13284720342337,
      129.4769040583907,
      142.89921799004907,
      154.66174270397056,
      164.1197787587057,
      90.13663952516748,
      104.25728636473877
    ],
    "hip_angle_back": [
      181.1008596975497,
      179.4652267863628,
      179.9196418593671,
      181.43781308287413,
      179.51728399407153,
      181.02702862759105,
      181.20180242649468,
      182.66458405416807,
      179.65943462712335,
      183.64914257174277,
      179.78339071308227,
      178.62889430727202,
      183.0522356629892,
      177.68658270151593,
      180.7470309722343,
      180.9801406409523,
      179.05382073686158,
      176.01147808070579,
      181.42449913706218,
      180.19078268193317,
      181.20072561353768,
      178.19669381615748,
      176.4146772437134,
      180.732996029149,
      177.56733291487961,
      179.58858392455016,
      180.15672567428467,
      180.63451989361667,
      181.40979566875825,
      176.6796279578207
    ],
    "knee_angle_back": [
      181.48221621622096,
      180.14662353940048,
      181.0070428860222,
      179.48922259295898,
      179.31397618402946,
      181.7058827899013,
      181.85193055709917,
      182.93034760528855,
      168.3543034003646,
      153.5950664143978,
      139.27522060263053,
      128.69771356703956,
      116.51215792679112,
      99.5826352802851,
      90.27611644330803,
      90.74026400868988,
      89.11412760318987,
      90.22183303956001,
      89.21383687884054,
      86.89265112304882,
      89.02829111316912,
      91.79741833956093,
      104.25365304516367,
      113.03439366202953,
      126.23079131265538,
      139.76135652453107,
      158.7785926070541,
      166.4134670631749,
      88.21507706472977,
      102.82073766426785
    ],
    "back_angle": [
      13.845246711868612,
      11.033011818154083,
      10.546367527609359,
      7.830232247211016,
      15.876361537497415,
      11.490573171874242,
      11.765890056235566,
      8.816043650450167,
      9.954318786964956,
      8.08675604187357,
      11.065794482774633,
      9.606730260394103,
      14.989997540236411,
      13.341222361169907,
      11.702404422014578,
      14.074163094090009,
      10.910510240838082,
      11.511056267668577,
      8.88321672830498,
      13.077159031035272,
      12.652135640766799,
      11.294744257099973,
      8.788042550775792,
      8.055380524405209,
      15.7130340485407,
      12.411813568461348,
      3.4334637142684956,
      9.630977607490957,
      7.429658668408808,
      8.052512691029811
    ]
  },
  "num_frames": 30
}