{
  "exercise_type": "deadlift",
  "form_score": 80.88580680870407,
  "form_quality": "good",
  "risk_factors": [],
  "recommendations": [],
  "joint_angles": {
    "hip_angle": [
      41.18477109965251,
      43.80036705799323,
      45.54389951977917,
      44.02277816973158,
      43.15357392791827,
      46.093119709758255,
      44.06446127216534,
      46.7062067971433,
      46.08788119732331,
      44.148650118735695,
      45.793404919622624,
      59.27385064781257,
      72.88070568735324,
      83.33523700989247,
      100.8783685812833,
      110.85500214145945,
      123.63183100758962,
      141.75169917451797,
      155.97946795922752,
      164.14108010395915,
      180.19576237825135,
      168.1837739713252,
      151.41878606522613,
      140.76388237219598,
      122.01178068627331,
      112.12346336966888,
      97.72734132939772,
      85.49608355562283,
      69.82857657996223,
      58.79486796532718
    ],
    "knee_angle": [
      89.49039540780937,
      91.67616558733458,
      91.11998280836818,
      91.61343072190691,
      91.74482452431043,
      90.96211206391088,
      86.54111966139493,
      87.2673717225994,
      90.87566559926218,
      91.04720856493219,
      89.66429546735237,
      97.68155314760051,
      104.54042060160356,
      117.2811056178654,
      124.95088326990972,
      136.2894196159607,
      143.11722731307236,
      153.70430041845697,
      161.73068538445824,
      168.2279539574902,
      182.7392777155703,
      170.66981408346226,
      162.54608588256312,
      151.30396362963916,
      147.1409199544208,
      136.8009991565507,
      124.00667668430901,
      113.14068376078015,
      107.51101111156845,
      102.63458140810877
    ],
    "ankle_angle": [
      90.55511846818298,
      86.78597437689032,
      88.92019631693327,
      84.73997144192165,
      90.81172230610049,
      87.91406705600969,
      90.75589298572156,
      91.00036782864473,
      89.55778616511228,
      92.71856776096998,
      91.03020928676635,
      91.13719344571494,
      91.37674150321493,
      88.96325577592616,
      91.61567717265117,
      86.48186230116747,
      91.40902266356377,
      92.03618297698492,
      91.11225335350696,
      91.8147582342564,
      91.91584495312291,
      87.30545615963425,
      89.7715546538624,
      87.7971072250562,
      87.72243363020347,
      91.18831075899216,
      87.67158695742191,
      89.94780825114887,
      86.30809521720425,
      88.26759267690007
    ],
    "back_angle": [
      5.71039258200056,
      -0.22736697991396015,
      8.345250772297668,
      5.856017529142406,
      8.746668001677278,
      2.9359036683757167,
      0.6582366717093913,
      -0.11995384467810499,
      0.4633800165961315,
      4.514602749160131,
      11.633046397787588,
      10.093725856444035,
      9.144374910263947,
      2.9047128535204867,
      -4.941958016317316,
      11.227958671296548,
      7.286145853570834,
      7.360341653140543,
      3.3470933392410944,
      8.729155905935498,
      3.4942126748724123,
      5.483810502517258,
      4.5294699802334035,
      6.750675478437598,
      7.255921665783081,
      13.888794377730061,
      6.866308132764395,
      6.4921674584489795,
      0.5798754749705186,
      2.6036215352740326
    ],
    "shoulder_angle": [
      86.7341666969702,
      89.76422389749125,
      90.99744358100271,
      91.1565701712664,
      89.66250734625748,
      87.6809118739443,
      90.3654474033313,
      90.71634155527933,
      90.50874277335281,
      91.60939422196215,
      85.04788842087385,
      89.78733284518545,
      89.17876362282031,
      90.30739257689694,
      91.59484822516164,
      89.39739600299848,
      91.3336447093735,
      90.4985380166052,
      90.03677479626403,
      91.03613793387328,
      86.91340914227419,
      86.15472813650001,
      91.5244049855262,
      94.4099454554413,
      90.40699717669195,
      88.50380856134626,
      89.61544726355108,
      92.8621894852215,
      88.85870709624143,
      91.64043280985388
    ]
  },
  "num_frames": 30
}