{
  "exercise_type": "squat",
  "form_score": 53.623098418963245,
  "form_quality": "poor",
  "risk_factors": [
    "excessive_forward_lean",
    "knee_valgus",
    "insufficient_depth"
  ],
  "recommendations": [
    "Keep your chest up and maintain a neutral spine",
    "Push your knees outward to prevent inward collapse",
    "Descend until thighs are parallel to the ground"
  ],
  "joint_angles": {
    "hip_angle": [
      179.88689040738183,
      175.54146539323477,
      179.25642301756682,
      183.06398131169593,
      180.96157021876098,
      181.68592184048396,
      180.8742788810776,
      182.3580600294106,
      168.79556074184495,
      156.24531382445022,
      141.6185202001782,
      127.52398182211779,
      114.59249505318176,
      103.56294809513844,
      91.62523406453387,
      94.07706243609442,
      88.87269349039126,
      92.59211181928217,
      90.813226634739,
      87.25620461950743,
      92.88014673985133,
      89.35242259435636,
      100.45327952782581,
      116.14765658772286,
      129.44168092547943,
      142.86493550190193,
      156.57864919348,
      167.95131722877719,
      89.62067964394276,
      104.55140778367807
    ],
    "knee_angle": [
      176.28948655704522,
      170.23893532497416,
      170.04882615624612,
      166.73567863219637,
      166.12738067998578,
      174.790157237883,
      169.28015123443646,
      170.86620431783288,
      163.39733820913497,
      146.65157484080441,
      128.02061841170263,
      126.36518758398643,
      102.99306350156682,
      97.3197592114983,
      74.04236577366522,
      83.41178937603678,
      82.28992540299247,
      83.6131800580573,
      82.2858060154061,
      80.08135054852904,
      78.79486254017228,
      82.14074336155362,
      94.9502179347575,
      104.20327905960897,
      119.26921717362352,
      137.0736470186588,
      146.879912882237,
      155.0917536736365,
      79.15474838196907,
      88.52327898415633
    ],
    "ankle_angle": [
      89.39522744142027,
      89.27216751861923,
      95.60385219861297,
      87.07804988269862,
      93.39929254115577,
      92.5596808554657,
      91.45285480688784,
      90.28755304460267,
      84.8267632255462,
      82.10333061641268,
      81.05247073119571,
      77.72195385071107,
      75.42080958689347,
      71.9062894949608,
      69.86679898929937,
      66.03805204240285,
      69.14282889027048,
      73.24566768334662,
      68.18706360747038,
      73.37968996462261,
      70.13229270819335,
      69.83505652740787,
      75.32391918746201,
      76.35701260552949,
      80.14101556833732,
      76.75153104135596,
      84.26564006224181,
      87.44043793464603,
      73.3319968390435,
      73.82978759662896
    ],
    "back_angle": [
      27.815670229205434,
      26.8895271061004,
      26.402098825372185,
      22.862763451309643,
      28.740906993798607,
      15.7456003460387,
      21.12112907130805,
      17.80184435540454,
      22.250490361749094,
      28.871705040498167,
      28.46168651839415,
      11.411018810301032,
      12.834216920627913,
      19.096593979078527,
      27.66742099067224,
      23.48709740691752,
      25.379520000279484,
      21.477785845470112,
      17.44239067187318,
      21.393176787187993,
      11.112851811022171,
      24.231113668947145,
      19.53007837319289,
      22.53130717252882,
      13.28699649542807,
      28.443709723794477,
      18.652483993636565,
      20.559344284433415,
      11.686071273173983,
      23.271586835086257
    ],
    "shoulder_angle": [
      44.49162761301619,
      43.95876776145106,
      44.94205097630851,
      47.87675296673378,
      43.03155273119179,
      45.856137288611855,
      40.87872901444884,
      46.028822637904184,
      42.5860232379072,
      43.5376883218653,
      40.44198863793547,
      47.080789933238314,
      44.19560430781462,
      43.312923728099825,
      39.963063339143005,
      43.70264402556105,
      44.78515625527409,
      43.04456922386046,
      44.577330340832624,
      46.15199611191242,
      44.93982849661538,
      42.87669708905421,
      43.00409158487442,
      44.48778157562127,
      45.44104076125802,
      44.178158636784126,
      44.8140263925082,
      43.79210555442574,
      48.230536726113485,
      45.4260857817815
    ]
  },
  "num_frames": 30
}