{
  "exercise_type": "deadlift",
  "form_score": 97.67814543693228,
  "form_quality": "excellent",
  "risk_factors": [],
  "recommendations": [],
  "joint_angles": {
    "hip_angle": [
      42.59861366031097,
      42.753064038851235,
      45.52513417048275,
      43.07209991941596,
      47.97565784797747,
      43.86793237395547,
      45.53279074886074,
      47.32995177539205,
      46.5039740709345,
      46.20632630892881,
      43.118828131597986,
      58.92084709439781,
      71.7130894012169,
      84.63151760923346,
      98.77940650402944,
      113.51150137721781,
      127.65632760240884,
      139.31427904600744,
      154.32649601957445,
      165.9733806826013,
      179.16666278599118,
      166.90573585838948,
      152.8543494896165,
      140.88733653759158,
      124.22755436096747,
      110.41988694747634,
      97.69333717807685,
      84.53160042266634,
      70.23252819788931,
      55.62985926834986
    ],
    "knee_angle": [
      90.1097840486551,
      92.88937069728172,
      89.02668099145751,
      92.05684923348336,
      89.92818421988282,
      86.89065502322978,
      90.65874584542988,
      84.87583864771445,
      88.77912192112697,
      90.12288057080164,
      92.62363122207833,
      98.34131680684276,
      106.63279294093273,
      117.4519970688697,
      128.69934351369054,
      137.69812123682468,
      141.950336391946,
      156.18503625439982,
      160.29199002136198,
      173.7051119884506,
      180.55132475517618,
      173.57780322913268,
      159.56041200925074,
      152.7543852857371,
      141.99645369940058,
      132.8544927549762,
      125.28108098209745,
      117.80451058007228,
      105.66780373549066,
      100.39969824901215
    ],
    "ankle_angle": [
      86.93632544575627,
      84.55561388247692,
      84.53135710114542,
      88.5905907108649,
      90.06323719913219,
      90.25557522772952,
      91.87614953709401,
      86.21176643074715,
      92.91698151904413,
      90.58978846960261,
      91.1966047407876,
      89.19180998844057,
      87.46245644800109,
      87.52275128912075,
      90.81430169732215,
      91.52705716687953,
      90.10449413228457,
      91.30131983598905,
      89.860975916655,
      92.80032448765988,
      91.72758086620279,
      90.39715116910519,
      89.18795028233717,
      91.45425716834049,
      89.67523605512667,
      90.04892029615627,
      92.13052677702325,
      90.64238285989889,
      88.88552598846509,
      88.06344599886586
    ],
    "back_angle": [
      -4.9784362398812805,
      -1.6782579203634362,
      -1.105824263202708,
      -2.7000062943835643,
      0.32209778590678007,
      0.4394080149905963,
      -1.7166141594729414,
      0.7812901656198148,
      1.5164716927906066,
      -1.7964642016199988,
      -0.5501244349048405,
      0.6820736744552479,
      -2.610681020828977,
      0.8556515445430146,
      -0.8372639277142496,
      -1.152086974904919,
      1.944087244908642,
      0.8942844324167875,
      -2.304710073881034,
      -0.6419397783532383,
      0.43292065952380226,
      -1.8290945270739276,
      0.5181010626525833,
      1.4099534737873807,
      -3.15119024569165,
      4.41190012496913,
      1.568839534191274,
      3.6787825705719044,
      0.8182769563950444,
      -2.349639678703831
    ],
    "shoulder_angle": [
      88.09423832941745,
      89.66009060065048,
      89.47842086192314,
      88.63603253284816,
      88.94477965489493,
      88.27006158213547,
      88.76676481148793,
      90.35645832945895,
      91.13057724122903,
      87.40481184152685,
      87.83068258775893,
      87.98747198172484,
      88.91087090427135,
      89.4351957860161,
      90.1020332163626,
      93.65812384097,
      90.85231350880859,
      90.45518122649818,
      85.20533912042006,
      88.42514191943262,
      89.2518014123661,
      89.57577052302467,
      88.84877025064958,
      89.61375236347604,
      89.15050833078361,
      87.2292647596239,
      89.00971318450982,
      86.38186463475884,
      90.3501646562923,
      87.07309959546056
    ]
  },
  "num_frames": 30
}