{
  "exercise_type": "bench_press",
  "form_score": 68.00001885935889,
  "form_quality": "fair",
  "risk_factors": [
    "moderate_forward_lean",
    "minor_form_deviation"
  ],
  "recommendations": [],
  "joint_angles": {
    "shoulder_angle": [
      90.12533199880674,
      87.4680993531569,
      87.23750491572655,
      91.07208782777562,
      89.68838905140487,
      90.54147183419909,
      92.72467365290886,
      89.05614393058244,
      91.90442855950258,
      89.4440195550065,
      91.26079720175379,
      90.54434147012586,
      89.57253862021425,
      93.94800332579472,
      94.02554392497593,
      92.0369441423536,
      90.07565449464785,
      95.51666524199955,
      88.60538651790516,
      86.3293524950447,
      88.70146312119223,
      89.75695882459225,
      89.76612310222384,
      89.7219738272913,
      92.56962659717064,
      85.18757294422846,
      90.50674643443828,
      90.25383581127136,
      89.31881711699077,
      90.76442371529222
    ],
    "elbow_angle": [
      79.66577302793716,
      84.51020555973847,
      72.60258375323251,
      76.82652742910467,
      68.38313347461602,
      73.62599566018348,
      69.98716360852497,
      62.69801728332463,
      58.4099370780832,
      55.321283175738856,
      55.63082889840069,
      55.96122450190098,
      44.35412339232966,
      44.98539350845182,
      47.715958346953705,
      34.57576463133444,
      42.77260496868724,
      44.333340616595144,
      47.51241691204705,
      53.75993388486906,
      54.92034779898803,
      48.841405174321,
      63.83748850063864,
      59.66242529480243,
      70.21616243904283,
      70.3742611595295,
      75.15674038853179,
      76.99755151685478,
      82.72824777311111,
      87.94748524179073
    ],
    "wrist_angle": [
      184.40851521033642,
      183.5207719589824,
      182.03421378274942,
      179.44544448954863,
      177.88967114103426,
      180.02845930990927,
      179.86506484817718,
      180.5832046282859,
      175.66841032103193,
      180.09207689426972,
      182.56093385808526,
      180.95799784120948,
      176.21053671916988,
      180.42063771221387,
      181.7160648780373,
      177.62635104200297,
      180.21256920460064,
      180.3111723977036,
      181.88923162038296,
      180.37774045161026,
      177.43958316219994,
      179.6824642841326,
      178.78688023222733,
      180.34026243815077,
      177.51271534733036,
      183.87754741223566,
      180.35788871362612,
      182.25779591099175,
      181.17127817147053,
      178.68911947339924
    ],
    "back_angle": [
      9.330385284089227,
      5.350276655369052,
      9.449037311612614,
      6.98267393122595,
      14.071397017862857,
      7.044046244841719,
      12.0284586873969,
      9.83117853023678,
      8.741253727835698,
      11.686286028601762,
      9.82263983359094,
      9.836533427054771,
      10.023009243339569,
      8.301897378813992,
      12.419291537381369,
      11.898953399967262,
      11.616382771800389,
      10.859792310437896,
      13.637250313012256,
      11.361342209359067,
      5.361412333733199,
      8.421236100418785,
      10.092507899549327,
      5.385816338373107,
      14.142466016097941,
      15.319833077646473,
      15.710356565539659,
      5.5094429226209165,
      16.627097727714784,
      7.0630683773602785
    ],
    "hip_angle": [
      89.7150278068632,
      91.18381162577576,
      88.68714878026692,
      89.44307519460305,
      89.66366757901375,
      87.32244834140305,
      88.52658755561434,
      85.15137875595296,
      91.11599447449801,
      89.33055250970251,
      91.6096356332187,
      91.46758545085952,
      92.97762229415022,
      90.01482097261368,
      91.78451526144914,
      90.38337208274123,
      91.60743936333327,
      93.53469403560209,
      89.97131316390379,
      89.91034075461866,
      90.03574013502295,
      90.04821189456099,
      89.63717528269592,
      89.6210126494306,
      92.15526863466359,
      90.27245718637667,
      89.77803273636184,
      92.01365023556473,
      90.24136621352821,
      92.53304462996037
    ]
  },
  "num_frames": 30
}