{
  "exercise_type": "lunge",
  "form_score": 99.71156488199917,
  "form_quality": "excellent",
  "risk_factors": [],
  "recommendations": [],
  "joint_angles": {
    "hip_angle_front": [
      179.5759393921175,
      181.23686606177964,
      177.25728415583058,
      182.8542324476192,
      179.87323408339256,
      179.76419376716385,
      180.4444279344934,
      180.04776905682368,
      167.1826094671935,
      156.09097646509815,
      140.58412544669196,
      127.62508479883529,
      118.447199163939,
      102.3576627390281,
      87.60785983157626,
      90.51867046247325,
      86.33316914485133,
      90.08953279187989,
      92.22485707138296,
      91.16957096378714,
      92.44722243719393,
      92.75274383591616,
      101.43896219138375,
      114.02605210734006,
      126.79977606003717,
      140.28413198319956,
      153.9936238378291,
      166.8014986018173,
      89.75321830195848,
      99.42726970868374
    ],
    "knee_angle_front": [
      179.62305446054768,
      183.62875383616745,
      180.069577640805,
      176.58216550458044,
      180.2339700554384,
      178.22829194445967,
      186.5852577862983,
      181.35153106936662,
      164.9413904389875,
      155.71135887199682,
      137.11969607071163,
      130.58432201831016,
      113.01441062285072,
      104.94956097943457,
      90.61473877697536,
      91.03970684192785,
      92.93687612177914,
      88.74255360483858,
      88.73665433164672,
      91.97302764294932,
      88.07753208904268,
      89.34507849639523,
      103.18112976297128,
      116.19317171343434,
      127.44730949795155,
      144.70794712112215,
      155.15830463908665,
      166.22914473490297,
      93.28642698791921,
      104.16717178473574
    ],
    "hip_angle_back": [
      177.84296561279382,
      179.33135570771253,
      180.59898457112146,
      180.87774016883452,
      178.78353365408415,
      180.08079267343305,
      182.54060406952485,
      181.43709402650646,
      180.3767587018255,
      180.97502117829958,
      176.7557795564951,
      178.74352893586098,
      175.10379425197354,
      180.94386568030635,
      179.19330747758397,
      178.96029517075115,
      184.11944260264022,
      180.22063448244455,
      179.32902063665188,
      181.43247551311325,
      178.41379833189674,
      179.5555700565889,
      179.9368775629609,
      180.4170904324873,
      180.4779027566885,
      179.0939269468197,
      182.05119962131985,
      180.43971051642475,
      180.15877244071908,
      179.75213145304224
    ],
    "knee_angle_back": [
      177.92735031210046,
      179.32808309981723,
      178.46862755554514,
      175.90589818561648,
      177.43367325527637,
      179.90910897290422,
      179.37981996562885,
      180.46748839609717,
      167.15396289883978,
      154.55741481580438,
      138.90636856668084,
      128.52148642582293,
      117.42083025498704,
      102.2370630738955,
      90.12497205411746,
      89.31762875018178,
      90.92875316456617,
      88.54875692473402,
      91.47271773800561,
      88.3017460261044,
      89.19528006014282,
      88.06594148380417,
      105.04182650005419,
      118.20657330950597,
      127.0764333279972,
      142.04316502732644,
      154.52080655464516,
      169.4848581135303,
      92.99874524485101,
      99.9912204422795
    ],
    "back_angle": [
      -1.1988068946176778,
      -1.2009572703439622,
      -3.1808363360955085,
      0.21609503352157905,
      0.03630738888622366,
      1.9096131535451584,
      -1.4338014506829448,
      -4.338134153998415,
      -0.7004076890232321,
      -1.6273535397259082,
      1.9462953581531988,
      0.4112582877128655,
      0.8316426983953911,
      2.1683656849206243,
      -2.4492020582378355,
      0.6791721758984696,
      0.3335830274031519,
      -0.7558984266973773,
      2.6231670856953846,
      -0.749203504177423,
      1.3141739530209566,
      3.289958472005532,
      0.6995649574150631,
      -0.4571460140467816,
      1.5715491916601296,
      -4.594223552091812,
      -4.7581206155030955,
      2.940874363495408,
      0.5420404976616805,
      -0.24373406886789725
    ]
  },
  "num_frames": 30
}