{
  "exercise_type": "deadlift",
  "form_score": 64.46752513546924,
  "form_quality": "fair",
  "risk_factors": [
    "moderate_forward_lean",
    "minor_form_deviation"
  ],
  "recommendations": [],
  "joint_angles": {
    "hip_angle": [
      43.09346377702045,
      48.18119799195067,
      46.23862164305577,
      44.88923430401528,
      47.30770901034794,
      43.267402544789924,
      47.67556633745815,
      47.17902732518026,
      45.36252643944039,
      45.979061941573974,
      46.11903954068658,
      54.45906035051749,
      73.08713319871106,
      85.4132499237453,
      100.57320491523664,
      113.0263673558971,
      122.54796848619601,
      141.8675826567697,
      153.55370805224078,
      166.89836177636025,
      179.34910419611103,
      168.4394756377033,
      155.6789569293911,
      135.50278753408813,
      126.83773965615349,
      112.98567307008013,
      100.63965915279861,
      85.4658801227049,
      70.93355459596717,
      60.91584453266689
    ],
    "knee_angle": [
      88.80597670909904,
      88.10772820401468,
      92.45741995115833,
      91.09564984850398,
      92.78081553095602,
      90.19121026172496,
      90.17181555876175,
      92.03609219183498,
      90.24359407443525,
      86.96007554838896,
      93.44447769697526,
      95.30112442651703,
      108.00425575892002,
      114.08576268605287,
      123.19688386276087,
      136.28149065688444,
      146.14652780780847,
      153.63230857030453,
      159.8128539428305,
      169.27434945223453,
      179.35443032591493,
      169.79169412591887,
      162.36668660741367,
      153.9145347122676,
      146.38471773716373,
      135.07719626114246,
      129.38558277505194,
      116.71908621254029,
      106.6609386601484,
      100.50929550787627
    ],
    "ankle_angle": [
      89.48415715023047,
      89.95879441382381,
      89.80492161537542,
      88.23868100767673,
      88.56555790246401,
      90.64673521424778,
      91.3224442090288,
      88.23088443939197,
      91.85026193170705,
      88.57536870173011,
      90.93947224663447,
      86.73747843188922,
      88.78274522466688,
      89.56038320650838,
      88.87770555926707,
      91.80833987434919,
      92.3190046886624,
      91.41863028000705,
      91.84256575304289,
      92.89945059350181,
      90.41016145061887,
      92.36331649604885,
      88.00214365687481,
      92.0527670413515,
      89.9252728455063,
      89.26520639106322,
      86.82112914016521,
      88.97886590615344,
      89.22373918584198,
      88.88415538914917
    ],
    "back_angle": [
      16.802491071424576,
      9.753842086039839,
      18.714961743260144,
      8.32507401025394,
      20.819974597092347,
      18.30745662425982,
      15.846546751419273,
      14.363434440205237,
      5.690782604486594,
      10.22322649163847,
      10.251237706764984,
      20.38230998537671,
      18.015518144254887,
      10.672906106465003,
      13.333166275479345,
      19.402220107983986,
      19.931770748567327,
      17.793539935754094,
      18.990626924142724,
      13.373008221907897,
      15.32781338249439,
      17.7080608179907,
      10.641258487620371,
      13.232629331504988,
      8.682293200370385,
      17.97976849064378,
      8.564928264619965,
      11.405309500360396,
      18.214374564920846,
      13.021527956708459
    ],
    "shoulder_angle": [
      90.00719172774083,
      89.30934730836371,
      85.71206060237061,
      86.66360821339492,
      90.56989578987763,
      90.35789372655285,
      85.46633802291633,
      89.12083299633254,
      90.03687966175008,
      89.32404156993363,
      88.56617497874308,
      91.8002656561328,
      91.55815261790623,
      91.46279056478922,
      87.29354016996588,
      91.29141929196209,
      91.47777599075185,
      88.9491411968884,
      89.5485033191844,
      90.90291131768345,
      88.96970341214376,
      87.67784042578498,
      94.95946931928124,
      90.47793985352294,
      89.26161591395474,
      89.39642363957651,
      92.65634395200571,
      91.91498142300853,
      89.18029514370919,
      87.21256357958809
    ]
  },
  "num_frames": 30
}