{
  "exercise_type": "deadlift",
  "form_score": 49.40403778115779,
  "form_quality": "poor",
  "risk_factors": [
    "excessive_forward_lean",
    "knee_valgus",
    "insufficient_depth"
  ],
  "recommendations": [
    "Keep your chest up and maintain a neutral spine",
    "Push your knees outward to prevent inward collapse",
    "Descend until thighs are parallel to the ground"
  ],
  "joint_angles": {
    "hip_angle": [
      44.749000385977894,
      44.9632429689194,
      45.72790788766789,
      47.831014492132184,
      44.67255343722628,
      45.065896200942134,
      45.46024564678367,
      43.52732515600111,
      46.353063584331274,
      44.44705084876066,
      46.11028658664661,
      61.522495653048935,
      70.25538243920326,
      81.7979961420615,
      94.7756661169791,
      112.50685496088855,
      127.35125002694875,
      139.88262612112703,
      155.69841082224065,
      165.0267144027106,
      180.993021866228,
      165.59994654996234,
      155.66182349243098,
      138.08158067026628,
      125.9275670096583,
      113.96789234259107,
      102.00515823176094,
      84.11513901229561,
      71.95268798344955,
      60.269518221031085
    ],
    "knee_angle": [
      90.73425626045967,
      85.01313452315317,
      91.23452633239852,
      92.16541040568715,
      86.24815396129237,
      93.29143579548168,
      88.41153434982411,
      90.50073535656594,
      91.79187092738978,
      87.70906466537537,
      89.18052116229049,
      97.3969432083769,
      105.32302128871518,
      120.19116057051079,
      126.42022884918461,
      139.63762666683354,
      143.37592382581263,
      150.81821487122258,
      161.29836560466148,
      174.9070703188563,
      180.85902886787488,
      172.94270115115933,
      163.72241041563095,
      151.8069449888827,
      145.59449518350567,
      139.37844550667972,
      126.06985352738137,
      113.77853406669786,
      110.81343357438492,
      98.40297408097881
    ],
    "ankle_angle": [
      87.15587561798618,
      88.65926294513679,
      88.00105389547545,
      92.8681410005621,
      90.30156953849236,
      92.46548759477609,
      90.61135864858005,
      89.43499114322503,
      89.67061927168342,
      87.71469949732597,
      89.81521392214454,
      90.64381576202562,
      88.29406730223627,
      93.02261637843753,
      90.63307876641885,
      86.96763162916605,
      90.70481871394965,
      93.77386500143494,
      87.32912564295388,
      92.6797004181252,
      88.63393364980325,
      90.32489121144276,
      93.28417358329659,
      89.72223297834854,
      89.80680679460127,
      90.13194955266903,
      92.28860603731485,
      87.64276185105705,
      89.82936979942059,
      90.61960860504921
    ],
    "back_angle": [
      32.30957828445662,
      24.219322308354375,
      43.6463068496517,
      31.994253327437324,
      22.32296668255021,
      33.124685247505944,
      30.376337527335945,
      16.167585681081988,
      40.61535382820292,
      37.2971454488005,
      35.03353359570028,
      38.247228273537395,
      35.51998404551707,
      22.036228362066932,
      21.256371814674175,
      31.365470711657775,
      19.375158696860257,
      23.694535143999047,
      15.948617959379618,
      41.728480763770165,
      29.32663231497882,
      34.216774932734836,
      28.418106922224183,
      28.47943375425237,
      31.2938280619516,
      37.32047434221446,
      23.310044907318247,
      38.65911961113982,
      33.15121962110668,
      35.84317746142601
    ],
    "shoulder_angle": [
      92.54854603457204,
      88.84229529150178,
      92.12150378287029,
      91.3608691885269,
      86.94281093406639,
      92.237920134571,
      91.87240719319834,
      89.63923351845362,
      88.79845078366645,
      86.28655951084492,
      86.39046715636674,
      88.45407983012856,
      87.32441455466927,
      91.32382323476176,
      91.84797559891439,
      90.28294593590994,
      89.75151733958259,
      91.99885543702757,
      88.9842644425596,
      88.67910539878322,
      90.80015267548114,
      86.82647453618866,
      87.59245191078998,
      91.69546924122764,
      89.92366302198873,
      90.10285416211646,
      90.10587672103564,
      87.59146430196375,
      90.362288838851,
      86.17802267123466
    ]
  },
  "num_frames": 30
}