{
  "exercise_type": "lunge",
  "form_score": 35.75496505245459,
  "form_quality": "poor",
  "risk_factors": [
    "excessive_forward_lean",
    "knee_valgus",
    "insufficient_depth"
  ],
  "recommendations": [
    "Keep your chest up and maintain a neutral spine",
    "Push your knees outward to prevent inward collapse",
    "Descend until thighs are parallel to the ground"
  ],
  "joint_angles": {
    "hip_angle_front": [
      183.15919600415293,
      175.1900250549008,
      180.75162752882227,
      183.59112857878378,
      184.08080188571012,
      181.15093991197168,
      180.4928055033128,
      182.01273881935847,
      166.14114029893284,
      151.75487568164243,
      143.74652576315566,
      128.04989514159823,
      115.30480987604014,
      103.2084835808044,
      93.72936790010806,
      91.29190746412043,
      89.23009798362101,
      90.57157309726595,
      87.46614060062663,
      89.30664270309998,
      89.72820727705442,
      91.40137111835598,
      99.23499745474278,
      116.02613855215783,
      129.59043242814067,
      140.03899794383446,
      158.3129038260076,
      167.7927526180895,
      90.19060788863561,
      102.42550722877533
    ],
    "knee_angle_front": [
      165.2983288362124,
      167.47419706434204,
      161.5996876818796,
      169.98735776102828,
      165.45845163787973,
      168.18837192603033,
      167.1456091439596,
      170.98621442588566,
      152.03853979015034,
      137.32804756864786,
      121.76043801164104,
      111.28654567206807,
      106.01128360036515,
      79.58686082370593,
      72.74964345436625,
      74.73410312020907,
      77.17651346087543,
      70.40672729955516,
      70.01671305049551,
      76.91839707563301,
      72.93611810659976,
      76.80676349195241,
      84.2982358876042,
      103.81380473061232,
      116.59400161519629,
      126.91084275860486,
      136.7570028760928,
      149.5139789311862,
      73.76212926519298,
      86.72164978738569
    ],
    "hip_angle_back": [
      178.8510355373187,
      179.09253342035908,
      183.0600984408913,
      182.16714384892992,
      179.55268821327076,
      181.92126477515816,
      180.4289153989506,
      182.0197148174638,
      183.010219338321,
      179.36241346458408,
      183.052731129548,
      178.4371022427512,
      178.28642990151621,
      181.8944769074922,
      182.82904819259016,
      180.2565830707462,
      179.07723369370663,
      178.28105476997405,
      180.38988831723532,
      180.76060895371623,
      178.28705838095635,
      180.3445725728646,
      178.53836526023778,
      179.28871188760345,
      179.95792502169738,
      181.45970367969218,
      177.49489492573827,
      180.6664105928906,
      178.13339166185645,
      182.39682497201986
    ],
    "knee_angle_back": [
      180.26843712052687,
      180.8069903697798,
      177.78408410459645,
      179.22251240298,
      181.49398989558622,
      179.6231867725409,
      182.1678429130437,
      180.4431515476299,
      169.29776283237283,
      154.46321724872743,
      142.71335532502448,
      128.15358758431407,
      118.90304751108245,
      103.83948807273258,
      90.77270656927703,
      87.13617439794481,
      90.75902425515798,
      89.2087910776273,
      90.37400019232948,
      89.77239065243619,
      92.70054825019962,
      92.4708955191473,
      102.57371198332382,
      115.4897643881578,
      129.45377845468735,
      142.8745151412167,
      155.456936828382,
      168.91499366480662,
      93.95149114259318,
      102.81506597303004
    ],
    "back_angle": [
      21.832556187274164,
      19.406258848169855,
      29.963513932534326,
      20.39998196971422,
      17.677980735572614,
      14.38705588104514,
      23.993756230931602,
      16.357246559591655,
      11.092365376071921,
      21.309403392268322,
      20.979186322536375,
      21.892309319933887,
      18.859820565825824,
      26.67029427614034,
      31.331210088260853,
      15.466936098880009,
      25.09571577821505,
      29.41085799272584,
      27.38045859047886,
      29.91033343736698,
      24.03034249283295,
      23.801119642143135,
      25.579789074326417,
      17.37547794329716,
      15.297540825836897,
      29.149679928464053,
      15.12094901548461,
      17.458921070446394,
      24.080223960148945,
      28.785326655967246
    ]
  },
  "num_frames": 30
}