{
  "exercise_type": "squat",
  "form_score": 78.51639844327045,
  "form_quality": "good",
  "risk_factors": [],
  "recommendations": [],
  "joint_angles": {
    "hip_angle": [
      182.19217898188867,
      181.60796754844745,
      177.89398492616624,
      179.4878535329399,
      178.5550375379227,
      181.58013596754222,
      178.9324993817059,
      176.00916070795867,
      163.81194395591902,
      153.1570160471954,
      139.05573196392578,
      129.61918562184061,
      113.40552812087601,
      103.73186706956459,
      90.03498562068297,
      89.79220410428042,
      90.3637665974556,
      93.28247936844468,
      92.28566952617696,
      90.39370797960889,
      89.11820054775322,
      90.11323685482449,
      103.2961726549437,
      117.41974031677795,
      131.96672248624054,
      141.33310468210496,
      155.15784398402806,
      166.26662556195572,
      91.51402858106223,
      106.72062473552755
    ],
    "knee_angle": [
      176.4593263256571,
      177.57863493866446,
      184.05215848915034,
      181.45858225526723,
      182.9659071538922,
      180.7539450948715,
      180.31329600326788,
      181.1028569707023,
      167.39114799902077,
      154.3147094671751,
      141.58544312535616,
      127.76133216271897,
      113.6639187060231,
      102.27751583452701,
      91.41210052610326,
      90.45243303511778,
      89.16317223699988,
      86.64971371584599,
      89.53440575141522,
      91.32595579997125,
      88.29879154955437,
      88.56237670255291,
      106.1882041109559,
      112.73372598150102,
      130.08856040877265,
      142.36043162022426,
      155.5399431591976,
      171.46789940199758,
      88.59392083426116,
      103.57135874632938
    ],
    "ankle_angle": [
      91.52379481109274,
      91.73789868248595,
      91.76315070402562,
      90.84306952216134,
      86.54903439168619,
      91.2688288490312,
      89.23171067359613,
      89.48788802528978,
      88.83953366104006,
      83.39068813099429,
      83.06004795850673,
      79.98051348284878,
      78.54643189892202,
      72.17055611929024,
      71.8855172213388,
      68.22442079761572,
      71.84758706475287,
      65.14664898693685,
      74.10176712637258,
      68.62344321192954,
      65.18461877039275,
      69.44293380176526,
      72.69531486114563,
      72.73899073639305,
      75.92560913529678,
      81.97375166160892,
      85.27606474930668,
      85.87247458825922,
      72.42316055511232,
      74.17816612375609
    ],
    "back_angle": [
      4.426607023870073,
      4.334602118244668,
      5.489990377435351,
      5.133695105529983,
      -0.5108920990598108,
      1.596804620468084,
      0.43628047073507786,
      0.8020655483606043,
      4.006938541912573,
      -1.7517490059035827,
      -2.8453057833916198,
      -0.1690429280454876,
      8.851670888986629,
      1.5615522974518907,
      1.7118292659329384,
      1.5014858679642193,
      5.027366873802272,
      4.295254854295938,
      3.6499937707305845,
      2.2576965607024855,
      5.079248725505039,
      1.2449919182675844,
      1.1189924975677887,
      0.533543848874733,
      0.4054578788037816,
      3.721350128794293,
      4.732779306783966,
      2.1323259322177277,
      1.72968739841922,
      3.0819868472223453
    ],
    "shoulder_angle": [
      42.30336827838279,
      45.43009913063773,
      45.4170907575417,
      47.42677670725051,
      45.180485447408905,
      41.40113198731641,
      46.449417210097565,
      43.99036542597056,
      44.11252071861935,
      45.003113704658446,
      47.27772016404807,
      43.545178636249375,
      42.89182150249315,
      47.911761169840595,
      42.191761201953945,
      45.55103709275611,
      47.113142869109254,
      46.46319803906575,
      45.679393875997285,
      44.37615252119209,
      45.75591064645739,
      40.60392575726107,
      45.44435247757944,
      43.994367482902014,
      44.62102472709256,
      43.140584541493816,
      47.105478563003416,
      44.77699445319651,
      46.8500463157421,
      46.04266854820193
    ]
  },
  "num_frames": 30
}