{
  "exercise_type": "lunge",
  "form_score": 37.86638701525314,
  "form_quality": "poor",
  "risk_factors": [
    "excessive_forward_lean",
    "knee_valgus",
    "insufficient_depth"
  ],
  "recommendations": [
    "Keep your chest up and maintain a neutral spine",
    "Push your knees outward to prevent inward collapse",
    "Descend until thighs are parallel to the ground"
  ],
  "joint_angles": {
    "hip_angle_front": [
      183.0593814806262,
      182.46686515513042,
      180.674825847765,
      176.87541229728694,
      179.39475551094486,
      177.25274787488965,
      180.59218166132305,
      180.32969155980373,
      165.06098027380673,
      153.50384920287476,
      142.10239006732036,
      126.69922377332271,
      117.58419576006669,
      104.44045620919744,
      89.90081052078511,
      89.18025081721929,
      88.44980764062812,
      89.4423428516642,
      90.54893672472254,
      88.72932581755101,
      90.25565105955982,
      92.97185338054557,
      102.21298348671226,
      113.48595434337757,
      125.65484444112806,
      138.80041914893792,
      153.22576445106654,
      171.54560451935617,
      87.27890637303715,
      103.5950062762652
    ],
    "knee_angle_front": [
      163.88502659350812,
      161.5618842524205,
      162.98045136142704,
      166.31085512326388,
      168.698052315182,
      162.9382161152554,
      165.7100083842288,
      170.21061649690094,
      147.11739400832334,
      141.3353784393086,
      127.27707343573363,
      114.95752664404903,
      96.10372699495728,
      95.15241643667308,
      73.54241705797953,
      73.4205036290579,
      78.07785844144702,
      74.3820099153541,
      80.98635229837394,
      73.94309723954653,
      69.38707732394165,
      77.32911730846324,
      87.87782680703012,
      99.77148259077944,
      113.02076492988566,
      126.53386437128124,
      138.5675621170411,
      153.8682799016372,
      73.69375311133719,
      92.33037537381485
    ],
    "hip_angle_back": [
      180.1724753916296,
      181.87107852781017,
      180.29768588853895,
      178.759221355428,
      178.33733497634918,
      183.30176271728132,
      183.45508578084588,
      179.6142804290907,
      177.82611260921672,
      182.33861719126276,
      179.37708145747177,
      177.80865577477837,
      178.7131924543935,
      177.27146133218724,
      179.07391900836993,
      177.48661923181615,
      181.86897521847314,
      179.53222596115893,
      178.33614580373603,
      179.67330071536836,
      182.8241533100081,
      181.85846001433057,
      181.47505286178244,
      181.8721773309726,
      179.34681445517026,
      176.08258594767668,
      177.71816393740372,
      181.06003163334904,
      179.8545990557274,
      182.31002944742536
    ],
    "knee_angle_back": [
      180.7983515099257,
      178.73517320462696,
      178.25380855264615,
      179.7015826957044,
      179.81061848148573,
      177.27657762479825,
      185.85067360625158,
      180.0526961785154,
      167.01865377257403,
      155.29677108516032,
      141.83027061747777,
      131.8923908879774,
      117.30758032364905,
      101.3200956970509,
      90.12169301669465,
      91.76228647656804,
      88.02947047368272,
      91.51702525225406,
      85.57635202130392,
      88.34127180042742,
      90.28095318809316,
      90.21623050266093,
      103.32136579934412,
      117.08706835033851,
      128.81468383598607,
      137.23981281735084,
      153.70943019920776,
      168.30397252485943,
      92.09081068688253,
      103.42181937747381
    ],
    "back_angle": [
      23.053197583774736,
      29.89813757773016,
      26.75583994080937,
      31.392833156790644,
      19.876957221657573,
      24.951236253632104,
      24.657154286651537,
      30.29688128845578,
      16.509291376578467,
      23.596825739417866,
      20.13139301375402,
      18.62023435165994,
      17.240691268599644,
      18.578654019444482,
      27.350068579349035,
      17.50962974775108,
      27.128601823399244,
      26.632093139895886,
      16.061105688414262,
      28.708818057303052,
      19.100119227848893,
      19.33909195977352,
      27.278833866578665,
      20.010691650833554,
      23.226713365741503,
      16.89644285369772,
      25.210750133391375,
      26.617744873703305,
      25.177858399358897,
      22.980660080427267
    ]
  },
  "num_frames": 30
}