{
  "exercise_type": "overhead_press",
  "form_score": 63.52749827453645,
  "form_quality": "fair",
  "risk_factors": [
    "moderate_forward_lean",
    "minor_form_deviation"
  ],
  "recommendations": [],
  "joint_angles": {
    "shoulder_angle": [
      91.35384612196296,
      94.75603274390488,
      101.84605326442524,
      106.32067129604329,
      112.06454547574901,
      117.5024042554409,
      122.05328912577427,
      130.45556284594966,
      140.73233400389987,
      146.88410011777117,
      149.5367016134253,
      156.60034122629486,
      159.78501211274985,
      166.01072225499894,
      174.67461081330038,
      178.83203138212542,
      175.8695221085723,
      176.11889575324506,
      162.99143111249563,
      158.7930741498584,
      148.09903030540886,
      144.12464076065098,
      139.8586292713591,
      131.20122402526712,
      125.13585895778246,
      118.41765057799003,
      113.1925029696396,
      107.4671577659981,
      101.55647178546643,
      95.97793300143867
    ],
    "elbow_angle": [
      89.37084202966365,
      97.81865407140229,
      101.76494967329731,
      106.25352233263514,
      113.89444549220255,
      121.29943358239579,
      122.58664041837126,
      133.12032782444675,
      137.28003789748573,
      147.3663797772206,
      150.97562720235973,
      155.9638904418056,
      159.01561796483287,
      167.4196852177253,
      176.3733173861595,
      179.38442042493674,
      174.18577134984545,
      167.15859044190447,
      159.8673603177371,
      157.86701656965735,
      150.4624227035024,
      144.02084229444563,
      134.4140019913936,
      135.03981908753315,
      125.29478228921967,
      121.62799985623973,
      113.4650127603053,
      109.6172258849078,
      103.52823163068079,
      96.90596427174162
    ],
    "wrist_angle": [
      180.41102461196127,
      179.07075404203565,
      176.32268345605283,
      183.16721047364712,
      180.8757215568341,
      178.87867215260334,
      183.40845265031192,
      179.2456831553444,
      177.55353789853797,
      176.03790158115285,
      180.19659852457184,
      176.74106433158954,
      180.8473515348729,
      180.31395992563031,
      180.8938084144972,
      180.9396549632372,
      179.77735686217432,
      182.53201280428402,
      180.5959685919414,
      180.32435684605912,
      179.27280532794882,
      182.00009596402424,
      173.8805252819861,
      180.26267819600815,
      180.553590586709,
      182.8719206457824,
      182.31412883991686,
      180.69554029499972,
      178.90688528877257,
      179.1758978604827
    ],
    "back_angle": [
      8.982221189817345,
      11.098867643959872,
      9.645353886622708,
      13.39383179122378,
      9.467613999652448,
      7.340557162256139,
      11.508198060705295,
      8.054315476722117,
      8.456794277820373,
      15.711136294013173,
      10.33021440923199,
      11.348776785819462,
      4.111506652626828,
      4.136027592480341,
      8.308026686246798,
      11.48598275004335,
      6.59676420257391,
      8.807789775426452,
      13.782052537571998,
      15.403050682686724,
      14.088051153891698,
      10.660538584788178,
      12.19047984433478,
      11.286276428272405,
      16.20887292504132,
      11.64464737331394,
      18.343586527908496,
      8.930363881228889,
      4.842827862571877,
      7.584615662539044
    ],
    "hip_angle": [
      179.61057330713015,
      177.0129523365385,
      183.14755979580664,
      177.7248158527618,
      179.8982640756113,
      182.48653579333347,
      182.32419265967556,
      176.97702379612426,
      180.1607028501215,
      180.68974259453043,
      179.35631639727785,
      182.66669499707115,
      177.9424372868419,
      179.23859746741633,
      180.73818263316232,
      177.67678061759221,
      180.3310485272823,
      180.88977853130575,
      181.10453617594126,
      177.421600074027,
      180.95419918964515,
      180.76582724170302,
      179.7862603613165,
      177.81655598661763,
      181.66852978343113,
      181.28459720887602,
      181.9431780759536,
      181.51415134969426,
      180.30181311777343,
      178.8712086951052
    ]
  },
  "num_frames": 30
}