{
  "exercise_type": "lunge",
  "form_score": 62.30493615317281,
  "form_quality": "fair",
  "risk_factors": [
    "moderate_forward_lean",
    "minor_form_deviation"
  ],
  "recommendations": [],
  "joint_angles": {
    "hip_angle_front": [
      181.83681528543258,
      183.47598704854562,
      180.8581009747499,
      179.74867766755395,
      178.79005213997,
      182.00138160591746,
      178.89004945665977,
      181.7479349163009,
      165.89864801577298,
      156.2297692623213,
      142.85956331383326,
      128.62639260724114,
      117.8540547582398,
      102.8970884220154,
      91.77640937271772,
      89.68260300531495,
      91.56602115615559,
      90.561811030383,
      88.34616133900045,
      87.357006014526,
      89.67072336933845,
      87.06225344801578,
      100.8745259370285,
      116.3659008491353,
      128.72800578066594,
      141.2320005833293,
      155.49376761087163,
      165.50377081611984,
      88.11370372035556,
      104.02959293851694
    ],
    "knee_angle_front": [
      178.11312177926334,
      180.06827414139357,
      180.27782373487625,
      178.53722820659303,
      181.89149728617318,
      179.58837458737207,
      180.08816660549928,
      180.3648125724169,
      168.3797814795696,
      155.31857072042493,
      140.63639941054942,
      126.70978714986269,
      114.10821518394046,
      103.16785134717759,
      88.34425835000377,
      90.00887764055757,
      90.45989471062619,
      88.85228350332378,
      88.11101200309683,
      91.37962418564898,
      93.57175128171376,
      89.90349267358111,
      102.80674689570985,
      117.28098970509356,
      125.71839023959608,
      143.48665915233462,
      153.829663942074,
      166.33437086111144,
      92.26671933459505,
      104.52369597774343
    ],
    "hip_angle_back": [
      177.6623049214689,
      179.63525941094173,
      177.75480645824786,
      178.49423654555017,
      179.31512985615205,
      178.78899912036152,
      181.33238056616307,
      178.42798385299844,
      179.03740696312104,
      179.31203372325507,
      182.27835144856684,
      180.50707863813153,
      179.0939603031023,
      179.13253751358187,
      181.6350936149007,
      181.2286860884925,
      179.57381414720314,
      183.62575583539126,
      179.36121885390844,
      179.57177444410115,
      178.21250595689898,
      179.4051831048193,
      177.6983885293244,
      181.7637540595444,
      181.59145708041618,
      179.75120149288261,
      182.29070130092902,
      178.3688069890676,
      181.17903041112905,
      180.4514919864089
    ],
    "knee_angle_back": [
      181.58873868132798,
      178.78687640662463,
      181.21408680823305,
      178.39687493099456,
      178.7064903790433,
      175.88793769784547,
      180.1255989922768,
      177.36676301848271,
      166.93623687576502,
      152.19987229108017,
      145.06418867113499,
      124.64416177243811,
      114.74227471337106,
      104.64856958726767,
      95.39883119595142,
      90.16610044514138,
      90.5206569131263,
      89.86896598854983,
      89.07157870481088,
      91.1437963304066,
      89.41020506197006,
      90.28914691949078,
      106.24085189948406,
      114.26059817057093,
      129.55519166766697,
      141.5393684635509,
      154.25999379881307,
      166.47969215535787,
      92.18832417276622,
      104.31280794800654
    ],
    "back_angle": [
      15.54311741920823,
      17.918103662118032,
      7.548712780115457,
      5.385703816355257,
      11.248938741148221,
      9.736741758512949,
      9.731069919378612,
      7.605694700070668,
      12.146169850417964,
      14.40125096834825,
      9.330650086386518,
      14.940919107923841,
      14.03066630313643,
      13.13669417128907,
      8.507461474163545,
      10.579782363963213,
      10.637871151988211,
      6.909004703770725,
      16.14807971708816,
      13.147870186517519,
      14.442452377727282,
      14.938206305620493,
      6.508750854140308,
      15.219943227791049,
      7.125922390376977,
      7.894326254711774,
      9.146415722798077,
      6.772520197716323,
      13.675772419975068,
      11.75422836355252
    ]
  },
  "num_frames": 30
}