{
  "exercise_type": "bench_press",
  "form_score": 79.29762869737807,
  "form_quality": "good",
  "risk_factors": [],
  "recommendations": [],
  "joint_angles": {
    "shoulder_angle": [
      89.84261050618808,
      88.87036925612865,
      92.28874041078465,
      93.11675726691104,
      87.93983490209546,
      90.41643746357181,
      87.95151280946844,
      89.83901063139393,
      88.67832891988215,
      91.12645822629634,
      87.3320324056383,
      93.70092482845865,
      90.0374854116012,
      87.04420111499061,
      89.53881856781013,
      91.91484320955462,
      92.73663370102341,
      87.0863811909484,
      88.44978520337227,
      88.45743888086315,
      90.85707122621214,
      92.96561863385662,
      94.62971274096392,
      90.82844523611598,
      89.34080960469191,
      90.45682188641943,
      91.6856987250604,
      91.60840373848114,
      89.93073395426471,
      90.32943740477943
    ],
    "elbow_angle": [
      89.33225597138099,
      88.46852848822509,
      81.52968281322039,
      78.494935544954,
      78.77136949240332,
      72.55530959166096,
      73.76309658270071,
      68.36749399359265,
      64.60737151232253,
      60.09890819093224,
      58.73350089917276,
      57.64729688921173,
      52.17705661012441,
      52.400532148979494,
      47.54756076207645,
      48.093107977793444,
      49.8072029293697,
      49.529129605520566,
      55.744542676065265,
      56.77898047846016,
      58.67076739149638,
      63.49006389225747,
      65.3444111940411,
      74.68874088481749,
      73.36159616050365,
      74.69103974434454,
      74.53350207686572,
      79.81350847533265,
      80.33172403275778,
      90.2914055781695
    ],
    "wrist_angle": [
      181.03102376059852,
      177.3479727519107,
      180.90984585373084,
      182.00123088395375,
      179.91028321709194,
      183.34868946734642,
      183.91664833059033,
      180.68681402810006,
      179.02592366736744,
      178.80008785045334,
      180.58892474869432,
      179.70308710341894,
      180.42918095088896,
      181.24765434350468,
      178.92769024176332,
      176.86694588990943,
      178.6791060145944,
      182.5837088215886,
      182.3476032159247,
      178.3780737365795,
      182.01373645322138,
      182.22457634584103,
      178.9820620301414,
      178.84993836076885,
      181.59486304807723,
      177.84735481342068,
      178.828259605579,
      179.4839372223336,
      179.26364994055402,
      177.18288531368947
    ],
    "back_angle": [
      2.2625581203354885,
      -0.07409528633176218,
      2.2318890313083743,
      -1.6395406876088086,
      2.1280333326058907,
      0.24363474786732883,
      0.7784519035581807,
      -3.76824828438145,
      -2.657529353696613,
      0.7909754617032296,
      0.5530087889900918,
      0.5756407492889072,
      1.495451901656707,
      0.3046280207227238,
      -0.9151656082272185,
      0.9669485107389361,
      0.37037641787777514,
      -1.700174058125377,
      -3.608438103352631,
      -1.2183544248148868,
      -0.39497271019953595,
      -0.9173370956715076,
      -0.6252411484825128,
      -3.1480898847073626,
      -1.7438427091721227,
      0.2566652892171595,
      -3.8301231902499318,
      -2.4245811517026956,
      0.26831300076874987,
      -1.2951358149014347
    ],
    "hip_angle": [
      89.0544731308215,
      91.32633868101382,
      89.92834287469341,
      90.40819293617379,
      93.59135591384995,
      90.7554778850912,
      88.93828072530503,
      89.84396737758907,
      93.37022598546042,
      89.77041537764418,
      85.47983429569393,
      88.41681062599812,
      91.22060825827292,
      92.12255534331265,
      91.39010900322775,
      90.24953360022432,
      92.86331636749375,
      91.91507229380741,
      89.45862532467021,
      90.03633411809837,
      91.0688492167199,
      87.51228715905843,
      95.15953528054408,
      89.79836398399554,
      89.3223367849393,
      87.00124105888086,
      91.21270577404057,
      87.85133986931788,
      87.82737295730682,
      90.09526406340045
    ]
  },
  "num_frames": 30
}