{
  "exercise_type": "lunge",
  "form_score": 37.2498074923068,
  "form_quality": "poor",
  "risk_factors": [
    "excessive_forward_lean",
    "knee_valgus",
    "insufficient_depth"
  ],
  "recommendations": [
    "Keep your chest up and maintain a neutral spine",
    "Push your knees outward to prevent inward collapse",
    "Descend until thighs are parallel to the ground"
  ],
  "joint_angles": {
    "hip_angle_front": [
      179.8724188818584,
      177.54239010920534,
      181.1011054598286,
      181.26622979093426,
      179.24352470839847,
      180.55018905228988,
      179.69775434923392,
      177.9965757112863,
      166.07027221892827,
      154.82795908035624,
      143.8742661616387,
      127.05243699713476,
      114.63313064648192,
      103.77384573956705,
      87.10768877446914,
      84.84469657084945,
      90.72126475566864,
      90.15200612444444,
      86.95466634789739,
      92.15508500120968,
      88.0406005557637,
      87.93810874329756,
      104.30770997399489,
      118.10544721779796,
      131.11918009560915,
      142.43000416696825,
      152.98157818487311,
      164.6390893375598,
      93.28526379168215,
      100.55126076549946
    ],
    "knee_angle_front": [
      161.32368557574705,
      161.70448651354417,
      167.5944146493184,
      163.99281090480235,
      168.53863684555608,
      169.5582118250607,
      163.10461113526281,
      167.22845935580517,
      146.15271530410442,
      139.5196937029838,
      133.53048624202358,
      116.82437539666101,
      104.8679278118315,
      89.9474517554901,
      73.01514880783981,
      76.58454972106516,
      70.58804304021025,
      69.78753167534525,
      79.49576439080452,
      69.74631141669879,
      73.7085401600523,
      72.74583338420626,
      83.83859258487608,
      100.0120813835596,
      112.36186290171054,
      130.82005914833428,
      135.78753953371552,
      156.7407154753636,
      74.79434403339607,
      91.71787827942636
    ],
    "hip_angle_back": [
      183.86489384727895,
      182.5844394159135,
      180.2655821496797,
      177.70243297636816,
      185.9623453468427,
      178.26167632927846,
      179.9936071884336,
      177.69181285573111,
      177.98298869640666,
      178.7361368981362,
      180.32854062794402,
      180.1852569947945,
      175.12095640350626,
      182.95325487668362,
      175.80679774047613,
      183.33007025659245,
      182.52077867063304,
      176.6230414724063,
      183.30737141352995,
      180.98920194196677,
      180.32179648227265,
      182.27891878884003,
      177.7248049051496,
      181.11146400835355,
      183.4058349703473,
      179.90679875864993,
      181.10094082653285,
      175.57912316751026,
      180.55044185802063,
      177.14697579822322
    ],
    "knee_angle_back": [
      181.19397552946606,
      178.50765217959025,
      182.46007933092744,
      180.98050277852548,
      179.90114883409606,
      180.2403113463894,
      180.3373920237627,
      182.93108979833406,
      162.32104944861638,
      154.5671267982248,
      140.36325129635966,
      131.2374910856517,
      117.1564661912369,
      103.73597984414948,
      89.31563496534773,
      91.04406546245798,
      94.81621879121423,
      90.95822974526088,
      85.32057644854697,
      90.93104204551202,
      90.89752798388048,
      89.16335370348058,
      101.69076437266199,
      117.13620326213342,
      126.73946569484679,
      142.00950149264088,
      154.78662249671842,
      168.22734725025035,
      89.24338079804605,
      100.59063418080962
    ],
    "back_angle": [
      23.390981435977384,
      25.406048851959866,
      28.057506827335068,
      23.665437472104834,
      24.999995650151735,
      14.445959727579304,
      29.344385934864768,
      24.018742932944622,
      30.643602753065938,
      29.78526022443679,
      24.503976797633065,
      19.002301570415316,
      15.023330038529126,
      18.03337835480598,
      13.794199293637403,
      14.26552602487512,
      16.436414762873042,
      28.01323719329485,
      25.759127624433365,
      17.33154556663822,
      16.331282025893437,
      21.498051296272788,
      25.374482014324755,
      25.27242211775531,
      22.806102314353467,
      12.587386051241564,
      32.19630564587652,
      24.077100683953567,
      23.019450369934418,
      21.204520586747943
    ]
  },
  "num_frames": 30
}