{
  "exercise_type": "lunge",
  "form_score": 96.33959433754667,
  "form_quality": "excellent",
  "risk_factors": [],
  "recommendations": [],
  "joint_angles": {
    "hip_angle_front": [
      181.19438204573288,
      180.1391541383169,
      179.66858462242396,
      185.19966984221557,
      178.810106433274,
      178.73895521234158,
      182.70436772991255,
      177.1134859363113,
      167.14811860101307,
      155.61212599468266,
      138.84281057532655,
      128.93235551801757,
      115.74275036541671,
      103.38163484564943,
      90.20796205724884,
      85.9429079875683,
      90.74401250879025,
      89.8757240536013,
      88.13003511938086,
      90.7957696320208,
      92.64306847732718,
      93.88843903589324,
      104.87277316748845,
      117.08075393161585,
      131.26780858331966,
      143.34240433655975,
      151.74964877622213,
      168.44744210953112,
      90.75470803334494,
      105.47967235280206
    ],
    "knee_angle_front": [
      178.2784359632448,
      181.4175279916934,
      182.47078002992723,
      178.98165656289834,
      178.03135714144324,
      180.5685676459881,
      180.67162372116888,
      179.64880679348428,
      167.93556432023885,
      154.21402435962935,
      141.94849736434938,
      129.2736823924655,
      112.45596742985437,
      103.00048916654838,
      87.41394273926149,
      86.20584678605866,
      89.67625752032944,
      92.73462135697184,
      92.30798102351021,
      91.87367803455855,
      89.65117299019393,
      90.50135332402735,
      102.09108639541859,
      115.91464085522782,
      127.52988981762918,
      142.0071404027677,
      151.40005247449406,
      165.25768015495518,
      88.67504683829786,
      103.66299201000876
    ],
    "hip_angle_back": [
      181.78766507732982,
      180.30577248812114,
      177.77476552581783,
      183.54037365923296,
      178.92678977799284,
      181.832545328053,
      178.31670750848895,
      178.1348250149884,
      181.12973677988927,
      180.23108139798956,
      180.33333306467992,
      180.26792815456537,
      180.63515888387786,
      180.77011210384833,
      177.9314237526446,
      175.5545827817911,
      180.73665117838254,
      181.87622542140727,
      177.92791436449477,
      177.05674866267304,
      185.01120069239346,
      178.4264711030105,
      178.74267850316457,
      179.75657299578904,
      178.09276470996627,
      176.3488724287389,
      177.09108140070649,
      180.08990781684676,
      182.51121770821374,
      182.32387676096448
    ],
    "knee_angle_back": [
      179.55725826781355,
      179.1962970633243,
      179.99405313647785,
      180.88231591755616,
      179.53513917339558,
      178.07841254505314,
      178.6395431109914,
      179.53894086715462,
      167.7478545543598,
      154.0760604144889,
      141.2535922393546,
      127.4133740006371,
      114.50186091331592,
      101.01734633883152,
      91.05032971087573,
      89.53722495971319,
      91.09582737103456,
      90.65699564872783,
      88.60508420505447,
      91.02411778582348,
      90.0771664526381,
      90.9603269438052,
      102.31183738366427,
      113.36466940506172,
      125.9414462931101,
      142.71954170671677,
      157.7739885673954,
      163.73961203498814,
      88.33246892838227,
      106.23898688461615
    ],
    "back_angle": [
      3.8433911360755375,
      -0.13108275157928947,
      2.5563383972558653,
      2.180731235773288,
      -2.019607504565389,
      0.2013472862349432,
      -1.2051731467604776,
      -1.3751664722206605,
      1.7290511586722352,
      -2.404111627278619,
      1.445871343956582,
      -1.6988546427621813,
      2.8966742705224164,
      2.2223608926279343,
      0.7982839998444936,
      -2.9339931366701473,
      -1.4981404815626083,
      -1.600279205752536,
      -0.8195860824459696,
      -0.12971699100111833,
      -1.4852481231470513,
      1.2002178639774874,
      0.5077367125450999,
      3.1422880820202965,
      1.080177407773887,
      1.5111944799092516,
      -0.22015366701473285,
      -0.9937597425871453,
      0.4010622265611251,
      0.7993497271970517
    ]
  },
  "num_frames": 30
}