{
  "exercise_type": "squat",
  "form_score": 99.66638008516193,
  "form_quality": "excellent",
  "risk_factors": [],
  "recommendations": [],
  "joint_angles": {
    "hip_angle": [
      181.14346327951068,
      177.88428761206026,
      176.13811036335565,
      182.3375614921974,
      181.3684545473398,
      182.05946703193487,
      177.46031088995645,
      179.21722503855963,
      166.38350286991613,
      158.82468553153925,
      142.60358745397562,
      125.813744186207,
      116.18755646765267,
      99.57661609117012,
      88.25499865323087,
      88.33384557357596,
      90.011724682619,
      91.00772559097965,
      91.99408713465196,
      89.70213101325012,
      88.44111868950333,
      88.87319316840954,
      104.55835871981905,
      115.4684869321356,
      127.93372292307328,
      144.47787431527374,
      153.64353120846297,
      164.30168127471828,
      86.13191506436026,
      100.90523322245951
    ],
    "knee_angle": [
      177.3943171651895,
      177.35084250788893,
      180.60450046064093,
      180.8748721079975,
      182.12254909655886,
      179.59098460738673,
      179.4148890490637,
      179.7597764305277,
      168.90591959519443,
      155.00157725206984,
      139.44790401358821,
      126.57231047499461,
      113.61595120769822,
      98.59381676162465,
      93.50011181349832,
      91.19135823295699,
      92.76014684831163,
      87.18890917860695,
      92.05217644752375,
      88.18344362102879,
      90.47524252953086,
      87.47643927110221,
      103.98845052817292,
      118.3472323391683,
      126.41674099610157,
      142.96381022431473,
      156.41522986377288,
      168.39500645695813,
      90.10098447481882,
      102.15605593463059
    ],
    "ankle_angle": [
      88.04946239959662,
      90.84629619281516,
      86.56376876242805,
      92.47210152107667,
      88.67254107366074,
      91.80589037580263,
      90.1233444944807,
      89.32576430294738,
      88.01778213116836,
      83.18893424217227,
      78.12054832669172,
      79.25268779273426,
      76.41847301291338,
      72.15380522850401,
      72.07224701227138,
      66.69061326472097,
      67.52329864235644,
      71.04212417979004,
      69.54126824267532,
      70.27924515244199,
      68.98583297227094,
      67.64080699446441,
      73.74609603706048,
      73.30346739307984,
      78.21148919573325,
      82.07651796271261,
      86.38386956215638,
      86.6052708974236,
      72.26769285294819,
      73.9570895274053
    ],
    "back_angle": [
      1.740247906031585,
      -0.15580203643097987,
      1.2852884524747796,
      -3.8492939143528426,
      1.7816055379976863,
      3.002146316157,
      0.8909910676339784,
      0.7235422186457466,
      2.850926479234186,
      1.1391436953132672,
      -1.7104740925518673,
      -3.5237243381862604,
      -3.200917555188994,
      1.7043845925963526,
      -3.4009326529385073,
      3.529893037314891,
      1.7646806486523028,
      1.1634412062959665,
      1.7935169412955025,
      0.7558099326237172,
      -2.6906722121145776,
      -1.2611488073705228,
      -2.8303643780510255,
      -1.584915982591894,
      -0.7656465683772605,
      -0.02668752286592556,
      0.8428382593657807,
      -1.3108870921174494,
      -0.3755713526379955,
      -3.4644021483553864
    ],
    "shoulder_angle": [
      45.99232360814543,
      43.3480041944285,
      44.01372610966279,
      46.83782826139653,
      47.94240003893244,
      45.8278320478576,
      45.865035386843125,
      46.22501844958819,
      45.183134275084704,
      49.625474122605056,
      43.09277021560905,
      47.55484298897519,
      48.6734431860268,
      45.5865370459575,
      45.552605823617974,
      43.64321982924785,
      46.75255465811694,
      43.42795743307736,
      43.33379995492018,
      44.75525899275826,
      41.41411583990974,
      44.968265812238315,
      41.76630641052317,
      40.43007209582418,
      48.066159487880086,
      42.517301489996974,
      46.97558075185905,
      45.5736462272564,
      43.90169441045425,
      46.72074398376418
    ]
  },
  "num_frames": 30
}