{
  "exercise_type": "bench_press",
  "form_score": 66.37423583942581,
  "form_quality": "fair",
  "risk_factors": [
    "moderate_forward_lean",
    "minor_form_deviation"
  ],
  "recommendations": [],
  "joint_angles": {
    "shoulder_angle": [
      89.86541346113752,
      92.77754737515595,
      92.79859196864747,
      93.61673283219721,
      87.60644705051139,
      87.85134739592864,
      92.86714895583954,
      90.25623321860344,
      92.33235291475478,
      93.48484559743635,
      92.32144251802455,
      91.84760751718304,
      88.80930304508435,
      88.07549274613181,
      90.19324352562043,
      88.92792982377354,
      89.44080276966403,
      87.90608232189786,
      88.33482148459929,
      87.10438088972211,
      92.7459663721663,
      89.2727228190064,
      89.76850996808484,
      89.54097678306493,
      86.98017716949077,
      85.7256575990919,
      92.65691638171079,
      89.9840514476579,
      90.87584141074207,
      90.97916688414443
    ],
    "elbow_angle": [
      81.997806766511,
      75.06834082461957,
      71.96957573532407,
      77.6276391220757,
      73.16722325688285,
      74.99751167998411,
      68.58543919360282,
      66.07683734635596,
      55.24258979240329,
      59.96070517230628,
      53.9738523083679,
      51.77596978314115,
      47.37217008024244,
      43.3516180921251,
      40.68059125291217,
      36.9763997307786,
      44.42495546971497,
      43.28741052722087,
      52.448178223534285,
      55.02162840027635,
      49.874381678594034,
      59.178220555590606,
      59.35531022689447,
      59.636346129232244,
      67.15145174589347,
      66.26106839621809,
      79.9759734500172,
      74.61339902290979,
      83.14607452348339,
      86.87898690366694
    ],
    "wrist_angle": [
      178.44628956809422,
      178.09724988815924,
      179.42267530431062,
      184.35240220667515,
      179.72220998230276,
      180.30198339561016,
      182.0515979608918,
      179.03144426660458,
      180.15569320888628,
      180.37686752242215,
      182.49338702464865,
      181.73142344166595,
      179.91515613381358,
      181.85650215644466,
      180.03336546254442,
      179.86379357028903,
      180.269015554093,
      181.86633354897663,
      177.33769685536856,
      180.73112655217258,
      179.10418378306161,
      181.05232014019728,
      177.50954034517488,
      179.60403987234778,
      179.13133235844515,
      177.94947653426922,
      178.2200769341157,
      182.17405365674477,
      178.04097752410738,
      178.94896676488585
    ],
    "back_angle": [
      7.988276086013564,
      12.042454899416924,
      7.078793043399499,
      14.601402121117895,
      16.515853753266892,
      6.158508158282438,
      7.643306180592974,
      6.24898841753636,
      6.969450705869234,
      12.751598852929366,
      9.279884551095803,
      9.429733354265174,
      7.949018556929745,
      8.827372098980517,
      10.060290004422114,
      8.120509275201263,
      12.209965006594283,
      14.679510993156725,
      5.827992103395767,
      9.628059212011474,
      13.883107203522616,
      14.247673965648081,
      5.9096932245484375,
      10.375576578011897,
      11.135424362506118,
      13.824443247711102,
      12.640781283711275,
      5.825994111165725,
      13.238509151837548,
      5.726297526361144
    ],
    "hip_angle": [
      88.35279519646065,
      90.99714192438478,
      87.3563503675977,
      95.41271022644794,
      92.0362140209477,
      94.19788442462118,
      85.78300226379298,
      90.87018161639845,
      92.97899176627597,
      91.23665423639005,
      89.2599706740312,
      89.50364643734896,
      89.54550664283903,
      87.27728200689346,
      89.27939201106953,
      91.29880034471297,
      91.6137129898467,
      87.94585561318408,
      88.9239083728421,
      92.02260950177595,
      88.59311062646655,
      93.18813469603927,
      94.76817344121682,
      85.35757437115299,
      89.520885319797,
      90.56282714398873,
      93.31607442411723,
      89.79126501635358,
      90.76829485070397,
      93.94527393203317
    ]
  },
  "num_frames": 30
}