{
  "exercise_type": "squat",
  "form_score": 56.779786653381976,
  "form_quality": "poor",
  "risk_factors": [
    "excessive_forward_lean",
    "knee_valgus",
    "insufficient_depth"
  ],
  "recommendations": [
    "Keep your chest up and maintain a neutral spine",
    "Push your knees outward to prevent inward collapse",
    "Descend until thighs are parallel to the ground"
  ],
  "joint_angles": {
    "hip_angle": [
      178.9790560634682,
      180.30222787947542,
      181.54301422680342,
      177.5560584951936,
      177.98358428331002,
      181.20510299942651,
      180.14060021320643,
      181.18023492371753,
      162.67683757398575,
      153.51775984332312,
      138.9058182899643,
      129.1086507686477,
      114.74687704169399,
      103.72341536804679,
      92.64843503619765,
      92.34768068208932,
      91.80030846581751,
      88.92114605306156,
      89.21259494571368,
      93.07402882595306,
      85.61481500302042,
      92.49768083816346,
      102.00253365810156,
      113.15422684095229,
      129.0895482328745,
      142.94035091538782,
      156.90478493183676,
      166.53033809777213,
      90.51377643937887,
      105.46190422678772
    ],
    "knee_angle": [
      169.7893055036671,
      173.71095662834188,
      171.79703037181235,
      170.53661420667729,
      167.85006239296612,
      168.76183372686103,
      168.8246286962648,
      166.5181162647119,
      161.67427143832026,
      149.0932502594092,
      133.08799665134242,
      121.4986127869965,
      107.59426748417019,
      97.31379554615025,
      72.3497430533412,
      81.8402250282121,
      76.37330938194833,
      84.95494695151935,
      77.43733976853244,
      85.35690150528576,
      80.82032773969821,
      78.87467786414659,
      93.88463709788358,
      109.37546858475159,
      115.0127073527503,
      129.57790254022208,
      146.16659392771786,
      156.375575372655,
      80.84914551454496,
      89.31876266259115
    ],
    "ankle_angle": [
      90.96723647977385,
      89.40063770597669,
      93.21813050857305,
      91.40890889098382,
      92.27512166051424,
      88.88156556404613,
      84.91840050361431,
      90.22433164104893,
      83.38456450877167,
      85.28821718176818,
      79.8757038267823,
      79.31657232389003,
      74.68691789295315,
      70.12191319884002,
      72.94515035554079,
      70.29097666743827,
      67.61356270373858,
      67.53988910452532,
      67.91408102995693,
      68.56255649769012,
      69.48530236788481,
      70.58717802558155,
      72.84034937118498,
      74.65011334214002,
      79.78070236543059,
      81.80202217173924,
      86.10899226445991,
      86.90334379889896,
      68.69997673116805,
      72.66928177733479
    ],
    "back_angle": [
      19.02872644379995,
      17.961586074217397,
      23.21212431381434,
      29.77698690841095,
      13.317988853084822,
      24.558536876890738,
      18.583246157298948,
      29.26944002932612,
      11.29814220457938,
      24.941136314852635,
      8.844448647284388,
      28.213648845148477,
      15.041940724662693,
      31.707456856384344,
      24.831884482973255,
      13.831487946069739,
      15.539835157504529,
      21.895370777958817,
      21.762683794166826,
      23.17513751860018,
      26.0654965937571,
      20.90931838387188,
      19.898635059065278,
      24.190275282617314,
      24.63635755177672,
      17.30425037399179,
      18.94072284263156,
      20.405039619089077,
      18.735468594353968,
      10.313030403630819
    ],
    "shoulder_angle": [
      43.679434007207036,
      43.99268927620007,
      42.464429137367524,
      45.83493150504272,
      46.63821422252917,
      45.02489844500231,
      46.31926892256778,
      41.63791016583425,
      46.26343855624726,
      43.7514229543783,
      47.51068188744777,
      43.485225757981354,
      45.093154716533434,
      41.164255744612035,
      44.1349946239528,
      45.38494138556323,
      42.82975971354426,
      42.40659236282696,
      43.597796436281236,
      46.672855462944604,
      44.593801890148356,
      45.91496166150448,
      42.24384679988929,
      47.23380314216188,
      43.57375878808053,
      48.42208588334093,
      47.748614462291755,
      42.71040673187174,
      44.010874181522155,
      43.27980259279872
    ]
  },
  "num_frames": 30
}