{
  "exercise_type": "lunge",
  "form_score": 33.774345058778884,
  "form_quality": "poor",
  "risk_factors": [
    "excessive_forward_lean",
    "knee_valgus",
    "insufficient_depth"
  ],
  "recommendations": [
    "Keep your chest up and maintain a neutral spine",
    "Push your knees outward to prevent inward collapse",
    "Descend until thighs are parallel to the ground"
  ],
  "joint_angles": {
    "hip_angle_front": [
      180.10050514360833,
      180.80616612953037,
      178.83790272652178,
      179.5740160085687,
      181.52016470322565,
      182.98708583957335,
      175.97656838611908,
      180.10167877250427,
      168.36808576172714,
      159.02171180828543,
      144.1459268332046,
      130.00302145757672,
      119.66894628940044,
      100.93835595991109,
      92.86372376165254,
      85.88945005928481,
      88.56437958426056,
      90.04240561639102,
      88.82525936302521,
      89.12448120327792,
      88.59165133799794,
      90.71152798144732,
      101.34109209966317,
      112.80424784488949,
      126.36974090936688,
      140.27268970446207,
      153.87783499927778,
      164.03849986124843,
      89.84771972546217,
      101.42077235540914
    ],
    "knee_angle_front": [
      166.7877662004257,
      171.86412540636724,
      163.57699097463302,
      164.75213269605268,
      161.99053564250164,
      165.34950588182852,
      163.6017681963955,
      164.54556714163238,
      155.87563128683442,
      145.3376343235109,
      132.38364701694675,
      110.30527057562475,
      97.40852283043037,
      84.02835998755782,
      73.63811807368495,
      78.35030973582812,
      72.06830158514026,
      67.79311118800987,
      77.02953735728852,
      78.1915622943645,
      80.70256416762535,
      75.98970105173609,
      84.07563824023374,
      100.36215802996003,
      115.75926051149129,
      126.37306959231715,
      142.2915395679632,
      151.12444881464015,
      80.6723935394538,
      94.86498545558813
    ],
    "hip_angle_back": [
      180.67979721083742,
      182.18027834658037,
      181.5442965395776,
      181.81542817342054,
      182.714594806078,
      179.60801812039165,
      178.11120586889237,
      177.45509533816866,
      178.60926364550767,
      181.69291033888783,
      184.1297095568146,
      180.29457585307432,
      183.1511257496822,
      176.4422040758754,
      177.40279565932735,
      180.19717154209096,
      176.23929003657318,
      179.09580112748878,
      179.55530790974834,
      176.7981914295852,
      179.66605401425858,
      179.91993825361655,
      179.85361837622202,
      182.04245805457342,
      180.98506058692686,
      176.93041549861476,
      178.43672268770698,
      181.00575120930378,
      178.07351376519094,
      179.40667613508126
    ],
    "knee_angle_back": [
      180.46805766301335,
      177.3339908093754,
      183.79654908697202,
      178.81209014656733,
      177.2597267135249,
      179.31463657968118,
      179.06091807140177,
      177.62518478861136,
      164.98562790778308,
      151.92478148306517,
      136.6095929844482,
      129.01097220189814,
      115.02855683921133,
      101.42395125988259,
      89.11078197358012,
      93.46347469764382,
      93.79365682406925,
      90.32522992183279,
      89.24145577188193,
      85.06382887546906,
      89.63290324673444,
      93.66803188937875,
      101.04192582802195,
      114.51121053317267,
      126.52040231595102,
      140.00845703813155,
      154.11117439655536,
      170.0371627543029,
      87.83315648127346,
      100.46592881109966
    ],
    "back_angle": [
      21.95260730031163,
      28.77859139545313,
      15.887318683482015,
      28.62538952572746,
      22.46860363250278,
      23.23118789919983,
      28.489698958364773,
      19.077896602994173,
      23.001943628602344,
      31.413900437237654,
      31.789776968582323,
      31.60977182788323,
      19.977967827838633,
      28.56820290851118,
      27.186805952163127,
      20.77576282675724,
      19.467407998111405,
      18.29424086196818,
      20.66821687632843,
      30.621021586000555,
      15.454454601841285,
      26.241549208069774,
      30.92392119766214,
      21.79118812658806,
      28.30891024867015,
      11.793194813994859,
      25.2082574020446,
      17.04431959637156,
      23.38709396713523,
      29.90896971988564
    ]
  },
  "num_frames": 30
}