{
  "exercise_type": "bench_press",
  "form_score": 70.49280543398945,
  "form_quality": "fair",
  "risk_factors": [
    "moderate_forward_lean",
    "minor_form_deviation"
  ],
  "recommendations": [],
  "joint_angles": {
    "shoulder_angle": [
      90.28663347547979,
      91.45669803269598,
      89.85335998263228,
      88.49907047603344,
      89.52683996187446,
      91.40491142839672,
      88.70170699987753,
      88.84397480225513,
      87.18460005212907,
      87.80155156163275,
      90.29802771137331,
      88.33878562137807,
      88.0905174398574,
      90.17199633608226,
      91.62552933146759,
      90.8935852014241,
      91.34281504526486,
      89.8968823871497,
      89.45866352365117,
      88.80628450721143,
      92.04965924960518,
      90.96229960785114,
      88.67934617188038,
      89.86850696008905,
      91.98407307544521,
      87.22249403392289,
      88.4013321373425,
      91.33882435664466,
      89.0969269297807,
      93.58082787807368
    ],
    "elbow_angle": [
      79.88072478017058,
      81.50474114835832,
      78.07205653578615,
      78.27181340706885,
      73.68466173559756,
      74.4767675988335,
      65.08087745732797,
      60.88219090901945,
      60.91001645469226,
      56.390838274856,
      47.47635122220877,
      56.374970730307545,
      43.62921516562982,
      46.899245973563566,
      40.61001105332785,
      38.0567160220544,
      37.73156173572257,
      48.08429506090729,
      47.32219625162966,
      51.32246767184236,
      51.40508591297785,
      57.791519901155674,
      60.3333273814576,
      60.71278172631029,
      69.1146742580606,
      67.2491609200747,
      72.11433795460512,
      75.48023839978094,
      76.31997168405763,
      80.15195338204447
    ],
    "wrist_angle": [
      179.0517035772728,
      180.06301414083867,
      181.8176717580731,
      178.96929058863054,
      183.118174153631,
      179.52796741798943,
      181.3514502644188,
      179.12628591312333,
      178.83776277552585,
      179.2866647188251,
      182.09722467110717,
      181.1244280898493,
      178.5782572247782,
      178.31876092646857,
      179.95753857012954,
      183.14658890134314,
      181.87778788981652,
      179.0300479337041,
      179.13075552024972,
      178.03715161620568,
      178.35386941390888,
      180.6634453663523,
      183.4081398414826,
      176.87507969805563,
      181.550933091541,
      176.6844936259914,
      179.3768163784785,
      181.20042645050367,
      180.8870616921902,
      178.91712837983607
    ],
    "back_angle": [
      15.307673324841954,
      9.80676606471552,
      12.521135850773513,
      5.819440041537406,
      10.308300763232747,
      14.538553999547801,
      10.51341060494368,
      11.222591104969721,
      14.563425478222982,
      8.215966277610082,
      11.737576565485433,
      9.27353950506794,
      6.398972532681762,
      13.936060053738082,
      7.654762081647057,
      9.992491730104796,
      7.295399251021644,
      4.088668716492245,
      15.168194822729209,
      8.307038667364264,
      8.1721023660326,
      10.459430043697548,
      4.725390476346375,
      9.960174182669924,
      11.559024841678008,
      13.814136986238646,
      9.198321628082756,
      2.932666984370032,
      12.825674335589719,
      10.43361083215498
    ],
    "hip_angle": [
      89.75085462392032,
      89.42514167045024,
      86.79436335670387,
      88.66811002012821,
      89.14047173117301,
      84.72323272907362,
      87.58384241935129,
      90.5769684804678,
      92.51353445822495,
      89.91208718613835,
      87.00512456347691,
      91.27650293986304,
      91.62337442331673,
      87.66002541247222,
      89.30439552373132,
      91.12212678256748,
      91.04319391780975,
      90.19830893822736,
      87.28283152695764,
      87.73433601307313,
      90.54870599185948,
      90.78309857261839,
      89.88619173843925,
      89.75527421134538,
      91.97458429682023,
      93.2225987529956,
      91.09653418423355,
      91.4773442174454,
      92.49776732702993,
      89.99961805465709
    ]
  },
  "num_frames": 30
}