{
  "exercise_type": "deadlift",
  "form_score": 72.28684628598374,
  "form_quality": "fair",
  "risk_factors": [
    "moderate_forward_lean",
    "minor_form_deviation"
  ],
  "recommendations": [],
  "joint_angles": {
    "hip_angle": [
      43.396347044787284,
      44.23823740850623,
      43.35949662948442,
      46.239696339555344,
      48.97064894225034,
      43.04682575672269,
      43.01322026676405,
      45.005513806156245,
      47.41570902394322,
      47.04456218090869,
      46.25761689985353,
      57.08882293352885,
      70.4449287374908,
      87.90234798910444,
      99.39218099731087,
      110.96061066308408,
      127.43557108430207,
      139.8524767855549,
      155.6491408437318,
      166.63431995780505,
      179.98331770528745,
      164.3984784292862,
      149.5011069289759,
      144.1017635859512,
      125.30922870159927,
      116.05057672859328,
      96.85254242302304,
      84.0997520666291,
      71.45337344539398,
      56.525537377419084
    ],
    "knee_angle": [
      89.68460489072069,
      86.10627762848922,
      92.31129355884437,
      91.31614445291024,
      88.82989746074246,
      87.47527286571237,
      91.42627922737634,
      89.26126560898555,
      87.44409175018347,
      90.23735514697928,
      90.23250786727743,
      99.44909418850791,
      113.52219882501204,
      117.94170907257892,
      123.35773618322693,
      134.42644995534746,
      147.4209839297519,
      155.56496028137374,
      166.04186693368933,
      172.96925906382268,
      178.89209957162154,
      168.55905297752838,
      161.63754014070565,
      153.92828097948265,
      145.15733725186536,
      135.9985988395309,
      125.71592365955819,
      115.8747155027539,
      110.85231083156219,
      100.3025634512228
    ],
    "ankle_angle": [
      90.70523223047483,
      88.99210474998263,
      89.21699074598419,
      88.77396272670096,
      92.72330341421448,
      86.94294055112542,
      86.74867033885423,
      89.84987963925039,
      90.72091196781518,
      92.98860252132371,
      91.18738402299056,
      90.38552027102752,
      91.89071064728101,
      86.67191596413873,
      90.40004814500892,
      89.99830020920989,
      94.0255884719892,
      95.6064697966609,
      91.88579886946307,
      90.87182972956982,
      87.58570982951208,
      89.58073128982055,
      88.75817103067583,
      90.33765532927671,
      86.93363979854988,
      87.31367548100674,
      89.61043855573384,
      88.69104929824437,
      89.50139922883471,
      92.604854759367
    ],
    "back_angle": [
      19.855937313113827,
      14.970315677568191,
      14.078606353383371,
      15.29750972284944,
      21.529301631032148,
      19.91790343475152,
      14.67528317646984,
      18.805020720931275,
      15.554560301039029,
      9.52981654856197,
      16.131766909587512,
      20.459156660137218,
      14.541815375960544,
      10.360590454276803,
      14.648432785824749,
      21.860302667637402,
      15.084187714273734,
      18.702227151614625,
      13.32305893771281,
      11.093684948679961,
      14.818236702616069,
      18.30601237352696,
      16.60266719531651,
      11.960208662454528,
      19.615034514930535,
      13.472957239897832,
      11.239115794742343,
      17.348189013773357,
      15.229869756620037,
      8.322212617704505
    ],
    "shoulder_angle": [
      89.70575854456604,
      88.67309581662794,
      91.99925064449336,
      90.91857068345873,
      86.34863423492058,
      88.83915762864433,
      87.52477882706462,
      92.86176684444969,
      89.82419757148554,
      87.5868498797532,
      92.1761344065785,
      89.00819224529066,
      86.22650510391671,
      91.70596957359346,
      87.1615795580478,
      90.00538081447125,
      89.5622110156699,
      88.64050464527153,
      88.89895523821785,
      87.27049804106417,
      88.90858719038891,
      89.21866995069074,
      91.30836799605864,
      90.64584152230384,
      89.71791349851416,
      89.0937530113116,
      90.32810684628988,
      88.50293530179316,
      89.41054639849716,
      92.00284377591184
    ]
  },
  "num_frames": 30
}