{
  "exercise_type": "overhead_press",
  "form_score": 58.434516698567336,
  "form_quality": "poor",
  "risk_factors": [
    "excessive_forward_lean",
    "knee_valgus",
    "insufficient_depth"
  ],
  "recommendations": [
    "Keep your chest up and maintain a neutral spine",
    "Push your knees outward to prevent inward collapse",
    "Descend until thighs are parallel to the ground"
  ],
  "joint_angles": {
    "shoulder_angle": [
      90.6514759435101,
      96.45485239651316,
      103.84650417185314,
      108.0047250399386,
      115.77118214178309,
      120.65931522600158,
      122.92719298604489,
      133.51585086114778,
      141.1892809803304,
      141.30709085947686,
      149.68440058060324,
      152.70711270332544,
      162.1119187414333,
      169.36199991503543,
      173.92976285744453,
      179.34593375094244,
      175.89082346071848,
      164.51948032289857,
      162.23427030157364,
      157.39026559998007,
      149.57948971056075,
      145.39211198163696,
      136.5704389792418,
      130.91834096986946,
      129.80092867651038,
      117.75854791944866,
      112.37713202707052,
      105.6307018231913,
      104.4128902217427,
      95.87677218841792
    ],
    "elbow_angle": [
      88.32393562281932,
      92.29628568291797,
      99.64372542549035,
      106.61485604624409,
      110.72535474163388,
      121.10828000128261,
      123.72540308419471,
      129.94127402240903,
      138.4179272335133,
      144.24460542036473,
      150.85572382373084,
      157.5606372420377,
      162.4793913330653,
      168.71964689516147,
      174.44648163733655,
      176.9415810548688,
      174.53922907657142,
      168.28434777195574,
      162.9201840062642,
      157.3058332685034,
      149.166878763529,
      144.5157034203819,
      137.9609360030309,
      129.9501168101955,
      127.92343836135099,
      123.19264312531195,
      111.72805252337588,
      111.06297860481553,
      103.91969073292005,
      95.53159947309408
    ],
    "wrist_angle": [
      184.10918535141255,
      177.83097413440973,
      180.49765493683716,
      184.14010180514282,
      182.45218792798036,
      176.05766438860826,
      179.83210679458318,
      180.21870079278207,
      178.3697838934822,
      178.8117554767636,
      176.2905183482931,
      178.2022751082157,
      180.70142222859158,
      180.916863553984,
      176.01544270035137,
      182.27436321714973,
      180.7333764971006,
      182.74367013884427,
      182.78147679471238,
      180.6542558431465,
      176.8056372256294,
      178.48437824435206,
      182.85076969485152,
      181.2008495808608,
      182.80240756749168,
      177.77004676030037,
      180.34168291616353,
      175.95144084059095,
      184.20097238939195,
      179.9010761231939
    ],
    "back_angle": [
      26.781950939157014,
      27.844723936672946,
      17.903173986205086,
      24.480822019399398,
      26.163722790076243,
      20.19843805159948,
      18.888960562829606,
      25.80323742101904,
      14.600922138267109,
      25.291609649016028,
      24.99236966000306,
      21.331396557271074,
      20.01506410187734,
      28.077180067828213,
      18.697491510503404,
      18.561960736408064,
      22.79956624392369,
      17.414952459633966,
      26.091973213628844,
      26.24001911220151,
      14.437699270100932,
      30.562684392293864,
      17.86022415115207,
      27.690601066086785,
      18.46593184784957,
      27.893824921055693,
      28.47994133250201,
      23.727499776641448,
      29.28032667339069,
      15.370038699498423
    ],
    "hip_angle": [
      177.9700553928892,
      179.97139051110466,
      179.74177015332194,
      180.0226312771782,
      178.04857346814794,
      179.64744665886258,
      180.20103298274717,
      179.85079646897276,
      175.74797736436113,
      179.65220886125152,
      181.87502047052422,
      179.90670251125763,
      183.77726327580112,
      178.38361701608721,
      182.37857094431843,
      181.5381253724774,
      180.19079227033072,
      178.61984774800715,
      178.57796174472423,
      178.07829638891215,
      182.71657547642545,
      180.0244397049626,
      181.21780772167267,
      183.12992089559552,
      179.12075701695522,
      179.47197151489883,
      178.1080245296369,
      178.12859641062298,
      177.22721680014823,
      175.59989428612133
    ]
  },
  "num_frames": 30
}