{
  "exercise_type": "deadlift",
  "form_score": 72.16512377823223,
  "form_quality": "fair",
  "risk_factors": [
    "moderate_forward_lean",
    "minor_form_deviation"
  ],
  "recommendations": [],
  "joint_angles": {
    "hip_angle": [
      43.406510971526046,
      47.6812113036819,
      44.69226302497992,
      49.62628351475979,
      47.21866654518364,
      41.87775772897674,
      43.182662103848024,
      40.12917369550208,
      43.51414907596008,
      46.42210145760007,
      45.17498749163023,
      60.14392235361404,
      75.61649344464327,
      87.51877203264107,
      99.53079302367627,
      111.02581461912625,
      126.30702758016737,
      141.90449931141688,
      153.27454129249764,
      164.7135804216079,
      178.7025189992686,
      161.5613348205793,
      152.01794812330027,
      140.9421093248647,
      127.98249355914429,
      114.54052131468498,
      100.17564011136565,
      82.10431504926673,
      71.59634043884441,
      62.31728864423113
    ],
    "knee_angle": [
      90.25905093876769,
      89.014303464065,
      87.92268361944207,
      91.53246364477947,
      90.13384985229712,
      90.43886068353285,
      87.58361240992079,
      87.83185614768371,
      93.8024480254521,
      90.73177112323134,
      94.0420968713962,
      104.20433337236702,
      109.32988954664252,
      117.95455903205806,
      131.06225680727124,
      134.71966090642408,
      144.141869626289,
      153.48961807956317,
      161.3996960221878,
      169.30106787305314,
      179.2281296878499,
      168.96390276655183,
      159.6703917950195,
      154.41290101291972,
      147.41076350967035,
      131.0982012672618,
      126.53099958795994,
      117.54798326571597,
      108.80228032113014,
      97.17984400040044
    ],
    "ankle_angle": [
      87.50462409512565,
      93.59257345122317,
      88.12691673021595,
      90.62207682565978,
      88.7169681626197,
      85.12486324674492,
      85.99389738194601,
      87.8171006218894,
      89.96638491544543,
      92.42374779115013,
      91.07608443201639,
      90.39862759456666,
      92.20612517958415,
      90.34511763052943,
      93.40163812139107,
      91.98265912308788,
      89.60671348975433,
      87.51878808274788,
      89.61813800690423,
      87.94439091148017,
      89.0378748723682,
      91.16334627731145,
      89.22741037782987,
      89.61179430774305,
      91.0671337678775,
      91.42732099585234,
      91.63079738061228,
      92.61299279099983,
      88.40019914874568,
      92.16201498838589
    ],
    "back_angle": [
      13.163738608032546,
      14.09131893051915,
      15.885418890981013,
      16.397941760231436,
      16.299013108039823,
      21.037780449218804,
      13.227772093552367,
      8.878226855617505,
      15.443055992218182,
      12.117985560793153,
      9.045336924585072,
      17.998796681996936,
      21.255326184813377,
      17.630989606761716,
      10.881337462710825,
      19.174984647678542,
      12.75600033127353,
      16.75947476270249,
      12.969406850199071,
      15.013705901295172,
      15.95936922939407,
      12.069829657397477,
      15.517538099611125,
      22.972353169812035,
      7.478539317387475,
      21.89333000211391,
      14.239119096246196,
      11.14371729164375,
      11.218642320437244,
      12.49930680455978
    ],
    "shoulder_angle": [
      92.6817516868715,
      91.1418670728151,
      89.7363750673242,
      90.82392058181402,
      89.54507942546294,
      89.74355143896108,
      92.586773318961,
      91.5698675629808,
      93.87263274013294,
      90.73352514376698,
      90.47932362352925,
      87.09406186605649,
      91.05024751555241,
      87.27154644787669,
      89.2481904423256,
      92.44997568185862,
      92.1771412255905,
      88.00840702297467,
      89.88019390322755,
      92.811609402594,
      87.51238258912193,
      90.6612699908957,
      87.27880154046632,
      89.27814722234672,
      88.77612333524878,
      88.11368526623805,
      91.72743357468946,
      84.66214136048525,
      90.17076462994947,
      88.67758659202131
    ]
  },
  "num_frames": 30
}