{
  "exercise_type": "overhead_press",
  "form_score": 58.95130242460019,
  "form_quality": "poor",
  "risk_factors": [
    "excessive_forward_lean",
    "knee_valgus",
    "insufficient_depth"
  ],
  "recommendations": [
    "Keep your chest up and maintain a neutral spine",
    "Push your knees outward to prevent inward collapse",
    "Descend until thighs are parallel to the ground"
  ],
  "joint_angles": {
    "shoulder_angle": [
      87.09357184233352,
      95.26804199215637,
      102.16011028692392,
      112.67184847961279,
      113.82950987892471,
      119.68446416860995,
      129.6253428868826,
      134.15172879849695,
      136.5384985668627,
      140.93288131196124,
      149.36327807179666,
      156.20651999189744,
      160.591797593174,
      168.77313487272838,
      175.92855108227624,
      179.5274318810061,
      175.74248470207792,
      167.5988011663543,
      161.15524625902128,
      155.07749828222833,
      150.59979133678206,
      142.46483098925475,
      138.71080303713111,
      132.3300280496824,
      127.34122218254366,
      122.58681090821426,
      117.94761521702453,
      110.59169434678292,
      101.46651582479669,
      96.12879885197957
    ],
    "elbow_angle": [
      92.79503551548517,
      93.45265629507439,
      98.62188922930376,
      106.77144363326201,
      116.10761107734699,
      116.6457733338861,
      125.50417946611283,
      131.19165404371196,
      141.97097200832317,
      143.9303138177908,
      151.36960791442704,
      156.06010397310536,
      165.0164951107135,
      164.28543436012777,
      174.83616354053575,
      182.2937739088782,
      174.820073274371,
      166.95997017924702,
      162.83028262054836,
      155.93250247450027,
      149.50784499640702,
      143.24650830091062,
      137.5833183914867,
      134.4284187866444,
      124.72662363604422,
      121.12260412078841,
      113.2640704927658,
      109.69767591063355,
      100.71835421377328,
      94.94320574930332
    ],
    "wrist_angle": [
      181.47332043889764,
      178.16309564224977,
      182.8298112642097,
      180.68284133543827,
      177.13504033100827,
      179.40522073876517,
      178.32067651936148,
      181.85884801060044,
      178.8874174124444,
      180.01998971487166,
      180.2041615986625,
      176.48939250776107,
      178.72931625012959,
      181.08769471291396,
      181.97386871640185,
      177.30238306293163,
      178.85803031110024,
      181.46263137513026,
      178.59652801051223,
      183.33043341377623,
      177.80601716071507,
      177.95431942419424,
      177.81857233231915,
      183.50372977476295,
      182.30167725490082,
      181.05612833960757,
      182.62276804343483,
      178.10332947568557,
      184.83313352120962,
      178.4680484898412
    ],
    "back_angle": [
      15.029006589726782,
      28.237830334172084,
      25.243579217755673,
      14.680445421322474,
      19.64442834730782,
      25.93979698169067,
      25.10422621044807,
      17.856389119274752,
      16.866835786103433,
      29.58849497621468,
      25.320904185579877,
      23.70831372830958,
      17.81419636032182,
      21.391456111508965,
      20.708795970233847,
      14.479293134014366,
      17.6597183355745,
      22.067335965707823,
      15.250354154114964,
      27.064465747184357,
      16.31843485825842,
      19.402458859486025,
      19.81298042401739,
      20.284359333396367,
      27.177781476243098,
      18.034973876054565,
      19.22761967126621,
      24.802841879118933,
      19.07139059971851,
      23.571776098827208
    ],
    "hip_angle": [
      180.54397763848874,
      178.55022370978244,
      181.46613555260652,
      179.8930847291315,
      181.41761658940584,
      179.74087717866422,
      179.30130342692473,
      179.38196508816532,
      177.1054028110996,
      180.62360306940903,
      179.93637240453134,
      179.33336108512398,
      178.76301931999123,
      180.57803539504215,
      180.18713725139804,
      178.94414931224327,
      180.5539267094963,
      181.72602705113994,
      182.71340759308117,
      179.72138145490104,
      176.27709883976385,
      180.0910603252172,
      180.376284477233,
      182.20963511691122,
      176.96021842532326,
      181.03465249343458,
      179.82844535009863,
      175.49975155202208,
      178.518286065177,
      177.59290677287697
    ]
  },
  "num_frames": 30
}