{
  "exercise_type": "overhead_press",
  "form_score": 76.05673224767257,
  "form_quality": "good",
  "risk_factors": [],
  "recommendations": [],
  "joint_angles": {
    "shoulder_angle": [
      88.84213970501402,
      94.67640238903905,
      101.82309839249912,
      110.21846083374712,
      116.61658414716223,
      120.8588967525376,
      125.18856842703717,
      137.23365204564595,
      137.7471028351525,
      142.23734924869166,
      151.9697403864282,
      154.6795950375995,
      165.22485527295694,
      170.0935966927547,
      173.67283097774927,
      176.10431016192828,
      170.65923864140618,
      167.27826472610747,
      162.82365965750017,
      155.03237553871327,
      148.33095952783958,
      142.00492419384543,
      137.12488353003747,
      134.27717664462622,
      127.88051138343769,
      117.97737007034371,
      116.05326329369318,
      108.04860187234087,
      100.61392845740818,
      95.18753228374666
    ],
    "elbow_angle": [
      88.85544313731214,
      96.31866426691808,
      103.49867343574607,
      109.15973889046154,
      111.93534911350524,
      121.07567068548818,
      122.98633099570141,
      130.53666552030165,
      139.82169862345813,
      142.49744035764851,
      148.76632104520903,
      156.6385574670404,
      164.6008511667867,
      169.43099028500873,
      171.97627468347926,
      182.41596359137574,
      175.0542680244076,
      166.81385705123003,
      163.2820294063196,
      157.0055005009895,
      149.6905989203235,
      143.19994957422907,
      139.79758131946238,
      132.82428653246035,
      129.39037976483704,
      119.70262299032721,
      115.29369361955375,
      113.10914560198088,
      101.24705811089846,
      94.36051762544716
    ],
    "wrist_angle": [
      181.13751231130004,
      181.78403719788898,
      183.4986419811406,
      179.587466484921,
      179.33949552201025,
      178.53098490850687,
      178.92412112231855,
      185.5491910102425,
      180.69246102934358,
      179.43793818258595,
      180.04416148023435,
      175.32288931331493,
      179.18111221457136,
      180.912792887013,
      180.14945838253297,
      182.37027624942687,
      183.50635743224277,
      184.18085918835453,
      175.21559432160467,
      179.4343488815698,
      179.44125501660324,
      178.58161793789392,
      181.53344502637066,
      181.78131393602618,
      179.88401868568545,
      179.9209817581734,
      180.45119553589467,
      180.37801734042483,
      180.90587181007498,
      178.4177648232633
    ],
    "back_angle": [
      -0.5455801005942914,
      -1.0130133206756071,
      1.1696957230676683,
      1.0006795396388815,
      -1.519589254224713,
      1.0684029975356024,
      7.899855148663266,
      0.8749592307926036,
      0.4871494019543622,
      -3.3866080573882718,
      -0.8567352395647266,
      4.063354282378951,
      -1.2135500794332865,
      0.8726453503849234,
      1.0047432602679007,
      -2.1283112609086023,
      0.21571215081901152,
      2.768559356315068,
      -4.521741161512064,
      -0.4529046186261068,
      1.9427069299799018,
      3.5142775905082386,
      -1.602306421045323,
      -1.001808413361662,
      -2.3335997179991756,
      -0.4281013079219101,
      0.9165930560773049,
      2.290765576543274,
      -2.9944375260740013,
      0.7728186754406523
    ],
    "hip_angle": [
      179.8024641800109,
      179.979156404254,
      180.57016322016509,
      178.69789573945013,
      181.47897692590573,
      180.56052976786032,
      177.53411320254608,
      180.51059932554122,
      180.4726079739496,
      180.9256485317661,
      180.6114932360067,
      179.91992897678048,
      180.64454619080885,
      176.5300664004821,
      181.32321800540345,
      177.49637307646134,
      178.8107996697217,
      179.55655750164328,
      181.60679400690563,
      181.11308183574,
      176.3910461479871,
      181.86249297775302,
      183.82014090896493,
      178.41652610030766,
      181.4440164703546,
      180.39919715563988,
      177.90886474175434,
      179.1030096377456,
      179.78138533536028,
      178.92651961049177
    ]
  },
  "num_frames": 30
}