{
  "exercise_type": "squat",
  "form_score": 30.164923993661603,
  "form_quality": "poor",
  "risk_factors": [
    "excessive_forward_lean",
    "knee_valgus",
    "insufficient_depth"
  ],
  "recommendations": [
    "Keep your chest up and maintain a neutral spine",
    "Push your knees outward to prevent inward collapse",
    "Descend until thighs are parallel to the ground"
  ],
  "joint_angles": {
    "hip_angle": [
      178.2530168692093,
      180.41018833128408,
      177.34950851646744,
      179.3679932077005,
      178.74029533254264,
      179.7096344276821,
      177.48706107141243,
      182.31374660736478,
      170.71576106072072,
      151.19430608237442,
      141.59976590365312,
      131.05653235297962,
      115.97121892138449,
      101.92631811118387,
      88.54952888816484,
      89.71776224331573,
      92.94984294049493,
      90.01010153297587,
      90.84656602645957,
      89.34171762323712,
      92.04769652628036,
      86.75879502512112,
      103.09617174209727,
      116.2291659770863,
      129.78619711641227,
      141.3839306961007,
      152.41587638135803,
      165.93776481990474,
      90.192106976319,
      102.15091242813406
    ],
    "knee_angle": [
      164.47838241349606,
      170.1660193396625,
      167.71512220729608,
      172.09367725691916,
      169.01878995415134,
      172.52484824396393,
      174.89548244161145,
      172.63216219371412,
      154.60520424222662,
      142.40094198970033,
      126.14624285175421,
      117.66259737318981,
      102.6723649559155,
      88.51250227346681,
      85.45368297019203,
      84.71031076802178,
      82.24213183802311,
      81.95459879544973,
      83.32517616071078,
      81.4067192677065,
      84.04551699931105,
      80.28994646865686,
      97.71927492941181,
      104.74343948875632,
      122.46679374175558,
      129.14617219996657,
      143.0069572792379,
      156.1026705815026,
      76.8426777567466,
      93.67963308851488
    ],
    "ankle_angle": [
      88.16946654160976,
      88.09830870202077,
      90.51124184931248,
      90.73359141812723,
      90.53889178292246,
      90.72544481094033,
      88.75276600253629,
      92.47035302394848,
      88.07566487690563,
      79.33667279596972,
      83.87342949456215,
      78.52731542611492,
      73.87564814811778,
      71.2094461294466,
      69.33174354366442,
      68.59903651033137,
      67.67879375317027,
      69.39182042734053,
      70.06440935002671,
      69.0693629376364,
      72.03836315526978,
      69.98622368328519,
      73.85689867618676,
      72.79105449082911,
      81.12603480959447,
      81.29408238576858,
      80.36946648612974,
      87.1918356119674,
      69.35490192707731,
      70.73995237110667
    ],
    "back_angle": [
      22.891658405954676,
      14.457386617081715,
      14.168182063753356,
      17.073934008425294,
      13.54971072339797,
      24.62971111174233,
      10.716575279395396,
      15.766770212572448,
      18.191139750478037,
      16.136902801446574,
      12.582050543661794,
      17.272368126512937,
      11.724265353225785,
      20.0901633029285,
      16.31034515866802,
      10.138661063152238,
      13.085662317314277,
      14.975442130420554,
      24.14961093701559,
      20.758946446904666,
      19.877732428989628,
      24.24602427261621,
      20.726491579112132,
      20.40472187952563,
      21.574419848096422,
      16.441086366043304,
      19.99110607458884,
      19.806585550995564,
      12.060278757911595,
      13.879952608665214
    ],
    "shoulder_angle": [
      44.60377064654929,
      41.138544541370464,
      47.69225448579201,
      43.24353719264602,
      45.66036501724953,
      41.05632619072732,
      46.391430811081115,
      45.6468663231046,
      45.544974365891626,
      48.08400826986054,
      45.099742473926405,
      47.0681508346354,
      46.159272144068304,
      44.689265454024714,
      47.29467320641864,
      43.87479182247138,
      44.8153163749674,
      44.08727857264333,
      43.7241219735859,
      44.358576770295564,
      44.32983356340416,
      45.01217545569471,
      44.552397832408424,
      47.0711818198281,
      44.83350609283923,
      47.45099409452557,
      47.88692558274502,
      44.4765891434538,
      45.978584641511794,
      47.543251999955054
    ]
  },
  "num_frames": 30
}