{
  "exercise_type": "deadlift",
  "form_score": 90.79751386956349,
  "form_quality": "excellent",
  "risk_factors": [],
  "recommendations": [],
  "joint_angles": {
    "hip_angle": [
      45.94395782036711,
      44.595796609452144,
      44.28450542464842,
      44.56703444568483,
      46.83192475468296,
      42.40746722289907,
      44.156327968698726,
      43.910305072421714,
      47.07922337902032,
      42.92780719058844,
      46.226335137121566,
      58.780125142469544,
      73.84576815133687,
      84.58666387608396,
      96.87969479745587,
      114.32140297343591,
      124.57276863097239,
      137.67609487900572,
      154.89552156339786,
      163.8381502522096,
      181.57055448013296,
      164.90283814799471,
      153.87120229517413,
      137.42594168633872,
      126.10673357186137,
      112.3815986979873,
      94.4635219634464,
      88.95784602354078,
      72.8023796421024,
      54.4954552383471
    ],
    "knee_angle": [
      88.4243499984098,
      87.16760815643129,
      89.09279878910546,
      91.08705225984906,
      91.25540824290206,
      88.22073827118612,
      88.69367931477886,
      88.75219209145452,
      89.74974534925704,
      92.10058023576714,
      89.66910625102773,
      98.94350320404214,
      107.78853509791794,
      117.15496466132603,
      127.28029102097982,
      135.41410480721126,
      144.96144502171902,
      151.16473569320306,
      163.38112074486668,
      170.47986606084257,
      180.7995202096913,
      168.0876286502652,
      160.82570738126125,
      153.57803495378164,
      141.89553224808483,
      135.32651186573366,
      127.72648153729634,
      115.38308853078674,
      109.47495326298196,
      97.44995067081788
    ],
    "ankle_angle": [
      90.03407678977631,
      91.32268980031331,
      89.10883032747168,
      91.05293267010614,
      89.02490524393467,
      92.54344378268456,
      92.78420659009723,
      91.33745459389067,
      84.46139529725465,
      93.41443642085406,
      92.21998688211401,
      88.63948016968422,
      90.55833284423538,
      88.80027335710103,
      89.19001403239501,
      91.2637391249079,
      91.5217557974208,
      90.27522053397138,
      89.73672339504385,
      90.6594184304627,
      87.44408296677824,
      94.67163820620682,
      86.44257213111037,
      87.03715173660324,
      88.32054981109097,
      86.85926828118643,
      87.37496085324295,
      91.49987236867264,
      89.33675341709147,
      89.27762186365716
    ],
    "back_angle": [
      0.40726017658035024,
      4.8562563980292115,
      -2.6628220910467917,
      5.053068747760734,
      -0.565566026338926,
      -0.11215382870830637,
      2.139140476495112,
      -0.8654263814710891,
      -0.311180490728254,
      0.23702074116473446,
      -0.9732914264122087,
      0.4495079684105298,
      -1.3245317287329275,
      3.106263469846809,
      -1.6411096660342628,
      -0.23318990394471575,
      -2.0181615356667035,
      0.7309401504835008,
      0.9228913151688896,
      1.902166732866946,
      -3.9313451743691084,
      -1.6171955176538235,
      1.6520643555506103,
      -0.773695159504132,
      -0.367558280088858,
      -0.4740793290594597,
      -0.06399039967811569,
      2.146391472415919,
      -1.0712286343730857,
      -1.6325791123671505
    ],
    "shoulder_angle": [
      89.79803853360285,
      88.15234781031221,
      89.99732061497417,
      89.60117923584677,
      92.67601249342503,
      88.53338160053231,
      90.75336559581476,
      88.28657321328362,
      91.85297410051452,
      89.62136672659913,
      90.91872642896863,
      91.42677159429044,
      93.80337322594906,
      89.99557135714697,
      88.77669223872778,
      89.4674710177395,
      92.9750445342575,
      91.56534570200134,
      90.51235722598955,
      89.7627071272932,
      90.68818226235898,
      87.53613974156642,
      92.9785250036281,
      84.76263895346105,
      89.74995982135965,
      90.68797642920308,
      88.6777365308548,
      89.44352279599022,
      92.88866355138673,
      91.12001276593766
    ]
  },
  "num_frames": 30
}