{
  "exercise_type": "deadlift",
  "form_score": 81.81439523601016,
  "form_quality": "good",
  "risk_factors": [],
  "recommendations": [],
  "joint_angles": {
    "hip_angle": [
      41.07435682187973,
      45.58896300672898,
      45.96482788576505,
      45.24359346943665,
      43.370853898047976,
      43.248700168373375,
      47.209936881059285,
      49.21148540520083,
      42.734285615525515,
      44.953006536092076,
      49.333920987091474,
      57.94618288508446,
      74.36309975292136,
      84.09525006827288,
      97.43397043673511,
      114.9063650633389,
      127.47428281305301,
      138.86483949483875,
      160.3304794648952,
      167.56031844420994,
      181.06512937538093,
      166.63561783833617,
      152.69061994673987,
      139.58357271174074,
      125.68031396681866,
      114.12038374236465,
      98.79203113318867,
      85.92076059511216,
      74.14959755177308,
      54.26600994653814
    ],
    "knee_angle": [
      89.59487534146079,
      86.68245833733519,
      90.65628502715354,
      88.71060947101358,
      92.60280375170787,
      90.79660639031255,
      88.8764630040238,
      90.33484939688168,
      89.98598015829887,
      90.26414241660885,
      88.47994195616675,
      96.8718388483231,
      107.98350277135836,
      117.47900729314522,
      124.1265692258212,
      133.0541104544376,
      145.06395375161767,
      153.54097686173716,
      162.7771484197514,
      172.76281867832236,
      183.42826406767185,
      171.0014534463815,
      160.38844816584015,
      153.76771666971783,
      145.06166562924616,
      135.6588388399638,
      124.5264253896141,
      117.38227639631592,
      106.40525644104845,
      102.70194386936063
    ],
    "ankle_angle": [
      89.7441343073074,
      91.21001040883564,
      90.29175994931177,
      91.36895097860354,
      89.79700289077857,
      91.96159848723829,
      87.95562472670407,
      91.35749884418206,
      89.02409333022804,
      91.02257350926587,
      89.86193422421572,
      90.38053995851251,
      92.0666241645706,
      88.54164408216401,
      88.81502148810792,
      91.01461539445013,
      93.78049985387398,
      89.12194716145244,
      91.39822889860157,
      89.24685038949394,
      88.10576789192612,
      92.19648377314901,
      88.5510160006691,
      90.05568024651265,
      88.75595740532198,
      91.40991849988457,
      86.45091534333591,
      90.84216048663154,
      92.33165221372022,
      92.97931710550581
    ],
    "back_angle": [
      9.146365375728246,
      4.806488448309661,
      11.108791323708529,
      0.9143349911153213,
      1.923449933172805,
      1.9450760527999318,
      3.038213199090686,
      0.010931560636749604,
      4.166082084140632,
      8.907264497864865,
      5.117750582866217,
      7.163106865752678,
      10.57858239547205,
      4.603510235097618,
      7.290136622499503,
      7.7185997295712525,
      8.555738345777664,
      0.6253411969020473,
      9.851277344833633,
      4.6587268005857885,
      2.0207076504959733,
      1.0130124829899505,
      4.883236454393583,
      7.670259707439638,
      1.1900503228739834,
      5.292545125982107,
      2.864965067316881,
      8.845276239258196,
      7.805938520750231,
      7.7518865526149705
    ],
    "shoulder_angle": [
      88.89310274017578,
      94.93047202486319,
      91.0338750018884,
      87.71247589042665,
      93.24353251747668,
      92.86262916659246,
      86.02027553609177,
      91.2114340971858,
      89.48613316706901,
      85.97393786222939,
      93.96501600607344,
      90.16424605079945,
      85.51873064401131,
      89.35318091434462,
      92.92885658939063,
      92.73254130052393,
      89.3276916238041,
      89.95429114138034,
      89.43410045500124,
      90.26244552604888,
      89.27153829957301,
      91.03158877717121,
      89.96932476212952,
      87.64379791177166,
      93.59031272394755,
      90.99611933839509,
      90.1167023874529,
      90.93733388266838,
      89.80214471001003,
      91.81188044174081
    ]
  },
  "num_frames": 30
}