{
  "exercise_type": "squat",
  "form_score": 88.41603030365091,
  "form_quality": "good",
  "risk_factors": [],
  "recommendations": [],
  "joint_angles": {
    "hip_angle": [
      177.16766926011698,
      177.3520715916434,
      179.2195819514237,
      179.13814318977904,
      182.12506621214527,
      179.82227582300555,
      180.9995939621626,
      181.28336755519427,
      167.53013174461506,
      154.10042600657493,
      142.5194155914395,
      127.82280819937404,
      117.19408913940913,
      104.75110700068907,
      88.08970621496664,
      88.27043138208931,
      89.21415551044238,
      91.15640823317915,
      87.59265773665071,
      91.58732989975671,
      88.60259156537909,
      91.95260331447565,
      101.15016452344494,
      113.42912139335824,
      129.17668481488636,
      145.35387035321372,
      154.6042986629165,
      170.76461807196006,
      90.72489255694707,
      101.30561058364097
    ],
    "knee_angle": [
      177.0859381097827,
      177.49981922053826,
      180.75254960637582,
      181.05672914790472,
      179.74244081530802,
      179.6481028075944,
      179.6406931653867,
      179.32654637002327,
      167.02171584575368,
      157.07020443368154,
      142.11886079123454,
      129.51423220994909,
      116.64167063678555,
      99.68842109399868,
      87.11622264288339,
      89.03143514553265,
      91.29638759329535,
      93.01270409247932,
      88.80910228092722,
      93.20951260956578,
      91.19684683797024,
      88.80926558116988,
      102.83492955840484,
      117.18282620124968,
      129.3332766937636,
      146.760382501947,
      152.844093113063,
      165.9524860868258,
      88.69064301212826,
      101.8141943357216
    ],
    "ankle_angle": [
      87.3496715093397,
      92.16802161309455,
      93.19667790175353,
      88.16139669291637,
      86.96004667005344,
      89.77818275616481,
      88.36458824848751,
      85.46743110587275,
      86.23835512306523,
      85.85006207973295,
      80.09146144951573,
      78.9037271937858,
      75.1093746040057,
      70.39182043228077,
      67.77357083853417,
      68.56507762717739,
      65.84684832633006,
      68.7930963070265,
      71.24167035207867,
      75.62839997768499,
      70.87187824147259,
      70.26165525883792,
      73.4039388363631,
      75.42684295992598,
      80.80886520439122,
      82.02344809512772,
      85.84193850873132,
      83.12004096838035,
      72.36528450049045,
      74.85832043141234
    ],
    "back_angle": [
      1.976132503287481,
      0.8599714634308917,
      5.062148958051192,
      1.637811256277514,
      3.1714143187205943,
      8.232516276954899,
      3.434508984567925,
      -0.08388307492522529,
      0.6975475227319003,
      5.496088930132041,
      3.0848342985068316,
      4.559862696487318,
      -0.7351146196799414,
      5.088532133284118,
      2.2041578775474098,
      2.123365570511702,
      0.4929391987417411,
      2.4622356631555324,
      2.709832607575323,
      3.910502252442813,
      0.8771750211551035,
      -4.694506756029962,
      0.7623177059741011,
      2.9861048741465854,
      2.4335858517404065,
      4.0870014665933745,
      1.4427371000935996,
      6.256519517073397,
      2.323497153648109,
      3.0855293064221483
    ],
    "shoulder_angle": [
      44.59886933882267,
      43.56154637560213,
      40.963839170082764,
      44.94657339400976,
      45.93382916589136,
      44.32541058459528,
      44.467221194927475,
      46.427461867770546,
      44.6754130989837,
      43.57120286013335,
      43.79659609306671,
      43.51115892150299,
      45.135325933213345,
      43.21827524695445,
      44.703845814502166,
      39.73501975887738,
      43.84981909411598,
      46.38917691809655,
      45.96407765165751,
      43.095605481059756,
      48.1744846930782,
      42.40973278996446,
      44.00838649738963,
      48.18386326027538,
      46.36121771329197,
      47.848942794169105,
      42.62535255044268,
      45.155215886569394,
      42.71658240000948,
      46.17146867882933
    ]
  },
  "num_frames": 30
}