{
  "exercise_type": "bench_press",
  "form_score": 66.66910748522042,
  "form_quality": "fair",
  "risk_factors": [
    "moderate_forward_lean",
    "minor_form_deviation"
  ],
  "recommendations": [],
  "joint_angles": {
    "shoulder_angle": [
      91.36220598981528,
      89.92415592808838,
      90.93586025493055,
      88.45548022382307,
      88.70697062668255,
      86.71456336398364,
      85.85043615911411,
      88.90094256604557,
      88.62461408191399,
      89.10459689346438,
      91.3416476440824,
      92.04487792002196,
      89.8600186704931,
      87.60404714509433,
      89.67961398643202,
      89.50668549420864,
      93.00907744333911,
      86.28669783011497,
      92.22260180177733,
      85.52993799281113,
      92.01477606686588,
      88.09902644913144,
      89.23952142293365,
      92.9957784454877,
      91.0390464634863,
      90.39246914085389,
      90.62384831427336,
      91.47678761761291,
      90.99143130593353,
      92.54868390759576
    ],
    "elbow_angle": [
      89.64434231080263,
      75.83290992644623,
      81.95960965641314,
      77.07889464603113,
      75.28578962244028,
      65.6131130267628,
      65.28389235101154,
      59.9584999775624,
      65.42081494231236,
      61.129228281828844,
      52.01077312033905,
      49.20251127606781,
      46.64483400671158,
      44.52397635161417,
      40.07177753809188,
      38.793875270897146,
      40.56737484297114,
      50.55338498661139,
      52.64114137645762,
      48.91131445209088,
      51.565952800483736,
      56.314224580673006,
      60.487624393437244,
      72.19042294708483,
      66.73501721752825,
      75.78552875151756,
      69.7484811682733,
      69.5818359566419,
      76.91713234624982,
      82.04882398152618
    ],
    "wrist_angle": [
      185.46502501262603,
      180.946327032502,
      175.81982546611366,
      180.138753038141,
      180.6596149619131,
      176.32690169259163,
      182.2273228407543,
      184.07947629846825,
      182.53985194102526,
      180.89059071198392,
      179.95535270035788,
      183.43239805804598,
      175.20860887457712,
      180.6414106862077,
      181.01621414190512,
      183.17401435454363,
      179.95700645115141,
      180.76856312181224,
      180.21019896600322,
      180.8735801549047,
      179.65951768838275,
      178.0751546487736,
      175.2377887806838,
      183.02827540202307,
      175.01833584661907,
      178.74801233340074,
      181.08684969151187,
      182.7229566689555,
      180.37174043380375,
      177.27733986194522
    ],
    "back_angle": [
      6.238265301277705,
      8.649295180637818,
      11.20456150694957,
      7.7554821367452975,
      12.6368075413767,
      5.323622216847775,
      5.359808520490525,
      8.351152364212412,
      12.492750144343571,
      15.540440595772733,
      13.679692641530359,
      6.084801168206409,
      10.311450368912062,
      5.884353129332914,
      9.730764939411559,
      12.585639367166282,
      13.522130164137433,
      11.679031481887169,
      4.266347250360228,
      13.17531848600473,
      8.538660543415658,
      13.902268596496306,
      12.890989750073846,
      9.309739976914745,
      18.081225873912633,
      14.682524701404663,
      8.10148574722532,
      6.299373620212727,
      14.031090905173855,
      1.1838039400971008
    ],
    "hip_angle": [
      89.31202327763906,
      92.53385096256164,
      88.82193011839223,
      85.78208616150313,
      90.6867608794658,
      88.53502983346853,
      92.7661898380106,
      92.44394258435902,
      92.3001879782276,
      91.86209468204528,
      90.39187432061931,
      88.43228528997514,
      89.32198621971952,
      88.42219216887254,
      92.76727900538869,
      90.54416564828726,
      91.17409030926964,
      90.49669545177537,
      91.34984997523591,
      92.84652633783362,
      88.4751428960254,
      90.91102142822625,
      92.66296311506078,
      88.78122792966582,
      89.40531323849861,
      89.47565328269354,
      87.92049206403904,
      90.13835202110323,
      87.77082730020095,
      91.15002352080278
    ]
  },
  "num_frames": 30
}