{
  "exercise_type": "overhead_press",
  "form_score": 94.56103908879149,
  "form_quality": "excellent",
  "risk_factors": [],
  "recommendations": [],
  "joint_angles": {
    "shoulder_angle": [
      93.89168246352212,
      95.5162029757686,
      101.22203539352802,
      109.43870281905346,
      110.87263819323469,
      120.12115900681124,
      123.16122753155172,
      132.1403430307213,
      135.0902706098811,
      139.12445130982113,
      148.15833658580468,
      157.06077453152957,
      161.60300506967081,
      165.3610787424094,
      173.41093699520238,
      181.75236903641067,
      173.32514846643804,
      166.69084143843793,
      160.39581631744346,
      159.14442198686604,
      152.5426956162994,
      142.08210663709585,
      138.3868375183978,
      132.24600678921192,
      124.32767921063066,
      119.7612833710786,
      114.4977900369676,
      104.00716741379374,
      103.68495090620789,
      94.22241580418512
    ],
    "elbow_angle": [
      91.25084045975109,
      95.49655468121524,
      101.90569221936357,
      111.34396792190122,
      110.83787018334748,
      118.69883719604447,
      126.11849304744038,
      136.1301876947035,
      136.55870748893688,
      143.49942952680775,
      150.13053470046788,
      150.65395075247594,
      163.38307229088434,
      169.19907249343393,
      173.55698928447288,
      180.61484448797444,
      171.79897157978223,
      168.8833985584163,
      161.99133030678598,
      153.35122633352913,
      155.66873956647746,
      144.2955700272439,
      141.45704632179712,
      133.05931130725995,
      126.57383311548611,
      121.65985604743297,
      112.03868172862818,
      112.01526130472669,
      101.81043014129955,
      97.60556820788833
    ],
    "wrist_angle": [
      181.23721344903169,
      171.33096349756264,
      180.6631416772879,
      180.0273594081379,
      178.1926409135179,
      180.50573923422226,
      179.59867794772745,
      180.5817551592726,
      179.10157715163416,
      179.48675450337802,
      182.20412797226635,
      182.0633420253027,
      180.48436549911975,
      181.59232893866812,
      181.53190484982161,
      179.45598705113684,
      179.0428697938972,
      180.3018323444127,
      178.414507791095,
      178.1901857413969,
      181.69763381775502,
      179.94882569509167,
      176.73764860340543,
      183.37074748533962,
      181.13060850079992,
      178.74507618771233,
      183.4941197686551,
      183.30004634185633,
      178.38201217440354,
      179.94457357216868
    ],
    "back_angle": [
      2.6001313022553028,
      -3.9175224382107876,
      -4.269464715458028,
      1.4604896368595588,
      -1.2013800474305227,
      -0.6828778212532841,
      -0.6844952363027433,
      2.501453522067909,
      -2.680152535847861,
      0.5102604923820321,
      4.405966563030946,
      -0.8408818567200376,
      -0.8840305490809011,
      1.2393372176298179,
      -3.5231188157148448,
      0.8511516613407748,
      -0.08315409988828697,
      0.49924037128280024,
      -0.6683111456676025,
      -5.661746268622226,
      -2.7003577038535327,
      0.4865973487270614,
      0.9648629235194245,
      -0.20150247674197666,
      6.67652258324196,
      0.24299238153032662,
      0.062401366908577525,
      1.0884980611804183,
      -1.5633704339578238,
      0.5776154707967988
    ],
    "hip_angle": [
      183.41941675415345,
      178.89172783929,
      182.4207638505481,
      179.15109769694294,
      181.25335460171252,
      179.15500967936148,
      179.52392159166303,
      179.09291628652275,
      179.79582761836534,
      176.0946629102248,
      181.58168148214418,
      180.92242746817905,
      178.66228567109388,
      179.5792371948285,
      178.11536888649815,
      181.5080384962149,
      179.16364165971746,
      178.00740650365557,
      182.1243206311239,
      177.90053355632364,
      178.28960898583756,
      184.10999745262762,
      177.47708037824503,
      180.61259741499197,
      181.7899938214686,
      179.3627477197613,
      176.63311470031422,
      180.69591346374173,
      178.58159503037507,
      182.87293844799945
    ]
  },
  "num_frames": 30
}