{
  "exercise_type": "deadlift",
  "form_score": 69.17837031977437,
  "form_quality": "fair",
  "risk_factors": [
    "moderate_forward_lean",
    "minor_form_deviation"
  ],
  "recommendations": [],
  "joint_angles": {
    "hip_angle": [
      45.349865660376885,
      44.51055854062903,
      42.46034113568232,
      45.714351157218616,
      47.01213190845199,
      45.02300085523889,
      45.03163277050482,
      42.655873082214185,
      43.619480843183425,
      43.40917188541391,
      46.132379175837,
      58.99950655207955,
      71.83845431079286,
      84.26815460297014,
      96.17968447028423,
      115.39281086373583,
      125.24277049723472,
      137.78285260284773,
      150.86307150935022,
      169.0586150754391,
      177.73469672354628,
      168.35559107574792,
      153.32786054230564,
      140.13016537567293,
      127.7048717359005,
      113.3085692223544,
      96.74373216283497,
      84.94835059559405,
      68.90210065022154,
      57.46820164490202
    ],
    "knee_angle": [
      90.71474469571264,
      88.20732535899067,
      91.21429616326772,
      89.48814031943976,
      91.16145435737381,
      93.55780626379352,
      88.69779187316395,
      91.99067286757466,
      90.57415997909607,
      91.17658358668392,
      89.34960446480564,
      97.19026258204227,
      108.93316072488643,
      115.14084763169566,
      124.94162270478772,
      135.51161057548566,
      145.0466108330825,
      148.95120268840398,
      163.6185008724531,
      169.503508751391,
      179.1045104582767,
      169.85081802211076,
      159.66233083035794,
      153.69378181483046,
      142.3577392419249,
      133.53553100640192,
      122.76433236659571,
      116.18631557846705,
      111.31044345667608,
      101.72788411727555
    ],
    "ankle_angle": [
      89.02808777562925,
      92.51090458009656,
      90.23778299586276,
      91.14413439714671,
      92.62676721328002,
      92.7927518499731,
      87.49422859518124,
      89.61411599008356,
      91.63962152653565,
      88.05986761876672,
      91.39656372689643,
      93.63034978213634,
      89.12472465012199,
      88.50777849893068,
      88.24655353901682,
      89.71069568303896,
      91.43317105582412,
      92.07341554544341,
      86.94890109130787,
      91.973321352474,
      90.16372140705899,
      92.54602547260399,
      90.19090830098581,
      86.27300084458999,
      88.42021548611747,
      92.09058086149263,
      89.78700796146126,
      88.63938084480597,
      89.37050918225091,
      89.65900414950893
    ],
    "back_angle": [
      16.37124911760483,
      13.500109441332798,
      15.321748266828102,
      14.227123163650388,
      16.93153209960064,
      14.906624124450673,
      8.383843255927477,
      16.725960611921124,
      16.669642091940844,
      15.746188997609458,
      13.143664277735095,
      16.7816333573366,
      15.9666749246603,
      13.480953615089074,
      15.197805988161054,
      9.401978599991997,
      16.957759677910147,
      10.382371877640633,
      9.175406605757486,
      15.733399782428435,
      16.96992855722794,
      10.029649303641374,
      23.52196025245354,
      7.732495788310468,
      11.700332714352953,
      14.626563032525336,
      18.116692486566265,
      19.44810554378743,
      12.230663187828188,
      15.345911050455202
    ],
    "shoulder_angle": [
      88.77655180874572,
      89.97951683775953,
      88.56020962752456,
      89.00922568846889,
      91.05276771099803,
      89.50674870824604,
      89.4569050667454,
      91.9435583574755,
      87.05992494491505,
      87.92080639831521,
      89.77297211489933,
      89.98181261034955,
      92.19316737599317,
      90.38965412652198,
      88.09717780900857,
      87.8892031599567,
      88.42849675435917,
      87.4429353222031,
      89.64198783801892,
      88.24577165188153,
      94.53516085393693,
      88.62785690880315,
      92.59711264839058,
      90.41778583904264,
      92.67723866173417,
      90.88719161633308,
      91.35476570104844,
      92.35458562592777,
      94.19224130602134,
      91.30522655269027
    ]
  },
  "num_frames": 30
}