{
  "exercise_type": "deadlift",
  "form_score": 41.05767464514844,
  "form_quality": "poor",
  "risk_factors": [
    "excessive_forward_lean",
    "knee_valgus",
    "insufficient_depth"
  ],
  "recommendations": [
    "Keep your chest up and maintain a neutral spine",
    "Push your knees outward to prevent inward collapse",
    "Descend until thighs are parallel to the ground"
  ],
  "joint_angles": {
    "hip_angle": [
      44.74979433643848,
      45.27232820566907,
      42.61196471289286,
      45.21751622552077,
      46.063470483893354,
      45.85340167269295,
      44.29832882872887,
      44.11325905124929,
      43.36659449774928,
      44.14167630337514,
      45.544691473309115,
      59.850646517464845,
      73.25351816503009,
      83.01700211348013,
      99.52072173878989,
      108.51550233032063,
      124.63974012631493,
      137.55416623134462,
      152.14987791878272,
      165.4300463876518,
      183.15659710793295,
      167.04159524962216,
      156.22315101552118,
      143.07420636720883,
      122.32776083498283,
      112.729937843005,
      96.89353881572004,
      84.57752122376962,
      68.8730293657746,
      58.16368900503678
    ],
    "knee_angle": [
      91.84187804470065,
      89.06122003206681,
      93.11598039889907,
      88.92454915262077,
      87.6937362300991,
      91.01151441373655,
      88.91061102321227,
      88.557359737505,
      89.35518069448598,
      92.93385493229354,
      91.37092445641673,
      99.55289039103009,
      106.39156312615722,
      116.25774320371777,
      126.2560661714525,
      132.9093244805062,
      144.52342222866946,
      154.47018826408248,
      160.3555900231412,
      170.70882525408814,
      182.45555400291184,
      168.9567264879092,
      162.00639071527087,
      154.10763390558517,
      146.66869894923,
      134.59672065770172,
      125.52689474851414,
      118.81453564349995,
      108.96131134383943,
      99.89725843427739
    ],
    "ankle_angle": [
      87.99719554644024,
      88.40954324301454,
      90.69370341104766,
      91.70641741547934,
      88.1947597296976,
      92.42081523770554,
      91.25192801342136,
      92.05489476771703,
      92.15357961510135,
      91.15827186474377,
      91.7820580186554,
      90.01379721223228,
      91.91262977496788,
      91.08485818114109,
      87.71830646898242,
      89.48112375713158,
      90.90029590582546,
      91.3178494699374,
      85.59669690241958,
      92.13654233571539,
      92.40596950681098,
      90.14558016350749,
      89.6894840684848,
      89.12600006568036,
      87.92592438406004,
      89.56958461046273,
      90.59055907439688,
      91.48338037269714,
      91.0615045119296,
      92.06219053392238
    ],
    "back_angle": [
      32.812197523845605,
      27.056051062660455,
      22.976728526451957,
      28.387633343096272,
      30.020512681392663,
      33.9863432135636,
      31.742878711037594,
      35.4171888133334,
      36.155447740543394,
      32.65002090556736,
      41.36054400076829,
      40.09554745946963,
      30.761947010569617,
      36.059822164845826,
      30.71835003913342,
      31.410154169325555,
      27.650034721220024,
      39.4727833227368,
      23.995275131704012,
      35.2045798163281,
      26.62914587886146,
      32.03924596574301,
      26.678308122986778,
      26.45734981261733,
      31.36027826642819,
      34.520981920485276,
      19.16547494769465,
      23.947697326404732,
      37.56881605073679,
      22.46275916740797
    ],
    "shoulder_angle": [
      86.44736140720156,
      89.77659767392005,
      89.9240227295758,
      89.62824282314972,
      87.29215004433968,
      91.62504835563568,
      92.51092740628853,
      91.02047108244761,
      90.65667855855038,
      87.90442948848441,
      91.7033450303862,
      91.65388367802541,
      91.98560142521231,
      87.73396953108399,
      88.77153192680089,
      88.7586073387018,
      90.00623690913051,
      90.73862773322607,
      89.22175312124095,
      89.98921336091199,
      86.84737299620758,
      93.83764576077586,
      89.98160290656416,
      91.40424980839497,
      91.70899259910222,
      89.29911740984083,
      90.01294805757207,
      88.41051789566113,
      90.68046829144927,
      92.5653215207397
    ]
  },
  "num_frames": 30
}