{
  "exercise_type": "overhead_press",
  "form_score": 35.603265748790236,
  "form_quality": "poor",
  "risk_factors": [
    "excessive_forward_lean",
    "knee_valgus",
    "insufficient_depth"
  ],
  "recommendations": [
    "Keep your chest up and maintain a neutral spine",
    "Push your knees outward to prevent inward collapse",
    "Descend until thighs are parallel to the ground"
  ],
  "joint_angles": {
    "shoulder_angle": [
      92.5381965270063,
      97.90352915526077,
      100.45209789725862,
      104.70190341412628,
      110.38181389797226,
      120.67550638106367,
      124.69129108634122,
      130.87374288630318,
      136.05426581984142,
      144.39171375697478,
      153.62607212591655,
      156.1907448208501,
      159.4832465576248,
      168.4636125613248,
      176.55321707326584,
      181.11810956433757,
      171.23840779598513,
      164.5631607433537,
      163.26053035634433,
      157.5392227070245,
      150.87994439246992,
      140.5050506045799,
      137.5704237409141,
      130.51265596946592,
      125.00895403151422,
      121.8635650388835,
      115.77264323942237,
      105.33142486422389,
      101.27836474644042,
      97.58652717076616
    ],
    "elbow_angle": [
      92.74590111843727,
      92.31930502551077,
      102.41906184333882,
      106.46877181525714,
      113.70021989963708,
      119.24072407723921,
      126.37526690824662,
      131.13974707879717,
      138.99014821473955,
      144.80640603166307,
      146.70033960188144,
      155.78822748110923,
      160.4636848214322,
      169.11647587735098,
      174.29875394464395,
      182.2594559462326,
      173.49266987280714,
      168.90575732035848,
      163.7414714456549,
      154.58943870194676,
      149.28800958405762,
      143.33949481920976,
      141.36878831267646,
      128.7240474680408,
      127.23146152901711,
      121.43671845261896,
      114.94398728640446,
      106.18058865757666,
      102.05417608557848,
      95.47439286050138
    ],
    "wrist_angle": [
      180.10609686256112,
      178.98184124228882,
      180.10543150339623,
      175.23995093596875,
      181.6198949008122,
      176.67309827779115,
      179.44636953285752,
      180.40846311923244,
      180.63774256594533,
      179.26231090839633,
      178.19753272907224,
      180.84525127231524,
      180.86779704059276,
      176.80543596768612,
      181.61595898892998,
      182.86715585009162,
      177.43554418398654,
      176.9234825861482,
      181.2075274371825,
      177.26188030737987,
      180.596227500369,
      182.93913872877877,
      175.65292825289404,
      181.9732884830545,
      179.41611545323696,
      176.67270964847265,
      176.95880198123777,
      179.15177099479683,
      180.12261182112763,
      183.41769277307614
    ],
    "back_angle": [
      29.83620139389048,
      13.955990236673419,
      19.00366279269689,
      25.291388505528765,
      28.0468273086486,
      16.873018797611266,
      24.17129767398738,
      23.000171725198456,
      30.966045358212874,
      18.765055830885576,
      24.827341802661795,
      26.252162141109974,
      21.782704930347975,
      17.479956547267484,
      18.631250840399648,
      28.073632632711412,
      26.19772599171388,
      16.211062052642646,
      17.613082485790375,
      27.730270064527126,
      14.20842251009079,
      20.198331395669786,
      31.070079332899716,
      16.892363986576562,
      24.669443158017447,
      26.72762608554381,
      28.409058396539344,
      23.476020685898888,
      17.372434809072963,
      21.006963339659663
    ],
    "hip_angle": [
      183.96089266959027,
      179.9859755796157,
      181.46619154059974,
      181.33899407717004,
      179.72386732659672,
      178.93068393884857,
      179.71548353435168,
      180.12753951584793,
      178.72128014601594,
      179.75939323015598,
      176.62387294865013,
      178.63548505241846,
      183.12706677188848,
      178.09594574202043,
      175.83785944031004,
      180.82454289033157,
      176.59981993979292,
      179.96590921284422,
      180.48349826035155,
      180.84642556459036,
      179.5040124053455,
      172.38983360950513,
      181.89730132291385,
      179.63205379940985,
      180.60973060683227,
      184.2902670809537,
      178.62945399847393,
      178.4592493367121,
      182.348719999969,
      179.86884573189354
    ]
  },
  "num_frames": 30
}