{
  "exercise_type": "overhead_press",
  "form_score": 85.31298714769245,
  "form_quality": "good",
  "risk_factors": [],
  "recommendations": [],
  "joint_angles": {
    "shoulder_angle": [
      85.4924950017068,
      96.06390167180649,
      102.039504639893,
      109.0896942487369,
      116.57497776454917,
      118.26763693765272,
      123.58264517967459,
      136.65170860501857,
      138.7760977011974,
      142.28496896177825,
      149.07239382610476,
      155.475535893759,
      160.92973914556768,
      172.2407152714294,
      175.3787704801638,
      180.42249306401106,
      170.92344446236064,
      166.96214857579386,
      162.94511270353092,
      157.834426703714,
      152.04382372252869,
      144.53978327923988,
      132.55199705761757,
      130.39776109548234,
      125.87987768255454,
      118.6823853636203,
      112.86147286042055,
      111.37983057450451,
      99.88838025893739,
      96.92276546308129
    ],
    "elbow_angle": [
      91.01111797846886,
      99.63085779541133,
      101.38376875566378,
      107.15052441608861,
      113.50127579146866,
      118.97278957142,
      128.65650231166535,
      131.90336734635864,
      138.07178557440233,
      143.7293635591712,
      151.28252773288955,
      159.02732794891122,
      158.80076248796135,
      169.61462602656238,
      172.3259718921716,
      178.84635402157667,
      169.97536820043828,
      166.5384253413487,
      159.91378141551698,
      153.62629778722012,
      151.93635058639845,
      141.75022422495314,
      134.6907117024155,
      132.56878838116265,
      126.6166288349943,
      122.00404451440306,
      113.79753694832377,
      108.94499058347411,
      105.77967100579929,
      95.54373033002717
    ],
    "wrist_angle": [
      180.56313399499453,
      178.72629118333518,
      180.44488716755217,
      178.0126388569572,
      177.66714461793464,
      179.7373364069767,
      181.06287082099183,
      179.81109963224316,
      181.8484163788822,
      177.33512180735735,
      179.40032797911806,
      182.3964014042679,
      181.15177346197552,
      182.72265585071003,
      181.77210798693451,
      178.99398123937573,
      179.45300962392096,
      177.48883684800478,
      175.41348922374408,
      180.01276054917298,
      178.42776135699972,
      182.44950085056723,
      180.20864933707674,
      179.6013559628523,
      178.65131023635558,
      179.83778592757724,
      178.19557014808652,
      177.8470157171706,
      180.65304629666446,
      178.55321348325467
    ],
    "back_angle": [
      3.757052912412106,
      -6.2434503030618655,
      0.298487459581211,
      0.4717106440102409,
      0.5874648273264412,
      2.9645646327228707,
      -1.4830298456158326,
      -0.5004743283427098,
      2.142480507376036,
      -1.825193735234441,
      -0.8993367394438798,
      -1.6955528273676375,
      -0.09708430016286776,
      -1.1307016086679154,
      -3.318456456323882,
      0.8194600189319547,
      0.4427965020762053,
      1.1587771937549813,
      -1.0515146216002014,
      1.131340132091992,
      0.21144526863586557,
      2.159536785196951,
      -0.519741231261082,
      1.0529037411576156,
      -2.6223555109840055,
      0.8059870952446232,
      1.3194782523787658,
      -0.15264248477534886,
      0.6415850754761754,
      -2.4953337291206177
    ],
    "hip_angle": [
      179.8308010100696,
      178.03213170394147,
      180.64295368663525,
      182.08978597115342,
      180.21467630789505,
      177.2018800077382,
      177.67639231020934,
      181.27363007879745,
      180.48573848777613,
      176.31534084056747,
      179.0716865046194,
      180.69261556542537,
      181.67493128511018,
      180.34640805514567,
      179.79564247411727,
      176.6195731205914,
      181.59227543512594,
      178.08401997663742,
      183.6462065877976,
      178.46282392554374,
      179.7783689880614,
      180.1885178249029,
      181.88634480987452,
      178.75126670792505,
      181.71249124849078,
      182.21028270300963,
      180.10241118376283,
      181.71385920165523,
      178.66524330438438,
      173.7849224137821
    ]
  },
  "num_frames": 30
}