{
  "exercise_type": "lunge",
  "form_score": 87.32600114367291,
  "form_quality": "good",
  "risk_factors": [],
  "recommendations": [],
  "joint_angles": {
    "hip_angle_front": [
      179.58036065392184,
      177.6766787308847,
      180.4906989297461,
      180.32419626569177,
      183.1114531417099,
      180.4596348924689,
      182.1533299552971,
      179.08112415603426,
      170.58688837496544,
      156.5597431641724,
      140.90383324368148,
      126.10550556489979,
      113.96483645883666,
      99.37014309970368,
      90.01106332201152,
      89.38455914513848,
      86.75936027126141,
      90.50375290986749,
      89.6857649908266,
      91.78595662828994,
      92.512396098287,
      86.83377551808272,
      104.33772598869066,
      114.81646850432777,
      127.76654475993219,
      140.11755951072266,
      157.2382769009607,
      170.3676177869379,
      90.78794965802331,
      100.70602516456049
    ],
    "knee_angle_front": [
      181.39699098938345,
      178.84597420425487,
      178.63874657733814,
      179.60811208979493,
      181.37476982167755,
      178.15179478295403,
      179.97632592654088,
      175.71056865872885,
      170.2982133219686,
      154.96788271651087,
      142.0748111992743,
      133.51583684817808,
      115.00566147624018,
      98.46373793375993,
      89.67889033450867,
      88.42771491508596,
      91.6040972536779,
      89.5587174047203,
      87.37251108434319,
      87.31467511074132,
      92.85194298796912,
      89.7409565332795,
      101.52215363373739,
      116.84678673868639,
      126.29145944371334,
      138.38236363642358,
      154.30987524940346,
      165.283028752226,
      92.9902633880161,
      106.40209755774312
    ],
    "hip_angle_back": [
      181.2903831308993,
      180.91527717361538,
      181.8877834259097,
      177.86610773000908,
      178.14133718839076,
      177.03266572301368,
      179.6600000268395,
      175.8231707108363,
      182.6286590038835,
      181.7580887688601,
      182.47000762935056,
      181.39162920233358,
      180.45711329163137,
      181.84908984871825,
      182.8592136975145,
      180.32851017565827,
      179.34593066555547,
      178.8573006879088,
      177.53957511172447,
      181.9101982909589,
      180.9520918741698,
      181.03915253502333,
      179.75507101157996,
      177.3205161247123,
      182.57679687868975,
      177.71662733394345,
      180.6053998726331,
      181.7880151396611,
      179.31713835300692,
      182.6029838804209
    ],
    "knee_angle_back": [
      178.2991414872178,
      180.88106923097445,
      177.96712672054605,
      180.86537254966322,
      181.56366727394882,
      183.12071764069344,
      177.27780360856633,
      179.09813827863593,
      167.62113096187767,
      156.0341748503509,
      141.45274038183365,
      130.7871145421984,
      113.11084978202965,
      102.91535842365819,
      90.27210482005908,
      91.62037184139842,
      90.91909582339062,
      91.25635350075008,
      89.75021175652459,
      88.6361221956713,
      89.75357214018696,
      91.56626782127044,
      103.87429258718817,
      117.76135636203765,
      131.36537898279826,
      141.4242007504378,
      152.7361398590199,
      166.1340593881246,
      89.86051728316897,
      104.51513061976765
    ],
    "back_angle": [
      1.5295112905928747,
      5.477278378360957,
      -2.567747903262703,
      4.432140832499692,
      1.9845946308858273,
      -1.3655009590556566,
      -2.5463748827888346,
      -0.14699217923713748,
      4.352320970888388,
      0.7072539728768404,
      -3.483751858891145,
      2.176486302319121,
      2.3915749599246325,
      1.4516449863080658,
      -2.911082259334358,
      0.4129587678871055,
      1.974310038163296,
      2.1951395779419083,
      -0.6749585961726011,
      -0.7150422392959386,
      -0.12513013899299916,
      2.415428726430536,
      3.12462765380694,
      -2.04668460795781,
      -1.4601902983454826,
      0.5720237095910862,
      1.5233204957017683,
      2.0277983724903126,
      0.968886723683837,
      0.13959692913429214
    ]
  },
  "num_frames": 30
}