{
  "exercise_type": "deadlift",
  "form_score": 99.48399989028432,
  "form_quality": "excellent",
  "risk_factors": [],
  "recommendations": [],
  "joint_angles": {
    "hip_angle": [
      43.979903943770736,
      42.8843024354971,
      42.62183824290161,
      44.07903162752727,
      42.74274118689875,
      47.62383646135238,
      43.40308626795296,
      41.222828190636335,
      42.835625870088805,
      48.5441874065264,
      43.618851352252676,
      61.55697940518913,
      70.02489985730736,
      84.02805668154868,
      100.57114464810698,
      111.46050935735626,
      126.17314861936711,
      141.45740725394222,
      153.21575760224573,
      165.5691087821386,
      177.76194168683466,
      165.25966445509343,
      151.8896004447898,
      139.87641634398454,
      128.24690281063698,
      113.0864078716472,
      99.2600084019673,
      87.21047076881237,
      71.64684490342925,
      59.652416978297545
    ],
    "knee_angle": [
      91.2473196278967,
      91.69673052512306,
      88.32890179147262,
      88.37689030404901,
      90.09668366456363,
      89.08908496458565,
      92.7474109293719,
      91.06267086965208,
      87.93095874548774,
      89.50443409334694,
      89.41234340954395,
      97.59732188082847,
      102.7366655114661,
      116.53157544866079,
      129.02414217673558,
      132.42750097959822,
      142.05347074376635,
      154.1369281320661,
      161.98737425983157,
      167.0172704629117,
      180.6820734731526,
      171.59497698729888,
      163.72475955305183,
      154.8523568157544,
      142.99002078938702,
      133.34355447532405,
      124.85078583713992,
      115.03651165209665,
      105.50169107258097,
      99.31722028294949
    ],
    "ankle_angle": [
      90.3057941432076,
      90.12778589103364,
      91.124479912371,
      84.35129438950057,
      87.67195450060824,
      90.72681971008352,
      92.45850522373831,
      91.2818314250984,
      91.51841573233999,
      91.3627862407736,
      89.41009877723741,
      92.463041615122,
      91.16702759271482,
      86.62384976591574,
      90.51913993932372,
      89.84773839842971,
      91.01659615035929,
      89.57314908693162,
      90.84007079316399,
      88.74096514837912,
      89.26881589025732,
      88.89229480819456,
      89.03469845782597,
      93.12959100785652,
      88.43914251588542,
      88.5102197513537,
      89.86322683508133,
      92.30551210726702,
      90.15924536000264,
      88.97927489956245
    ],
    "back_angle": [
      0.9911681688478167,
      -1.3135113312402118,
      -1.6085982455264942,
      1.468971841957577,
      1.3404067951318455,
      -2.0744564466237256,
      -0.14399047725697828,
      -3.2468936581379255,
      1.047031029917621,
      -0.7449835790300399,
      1.2907169833402923,
      2.855646996424567,
      1.318167481548783,
      -2.2867289202537386,
      -1.4074540170044545,
      -1.4039955913313191,
      -0.7193812446424398,
      2.721824691913168,
      -1.9427691244087013,
      -1.827653086902066,
      1.5010230002990923,
      0.04468614846218732,
      0.05876729443784443,
      0.22469033437136,
      -0.32617972227016073,
      -2.088159662771563,
      -1.5438913676985,
      1.1943217662418297,
      0.013682832787553072,
      -0.8627132911702746
    ],
    "shoulder_angle": [
      91.91671863397141,
      90.73220058284755,
      91.15522371583315,
      88.80110323308445,
      91.96630893300727,
      88.07414795291756,
      85.93841683439166,
      88.66640555369254,
      86.49161549107782,
      92.11514396939197,
      88.90702532550887,
      92.40514842873704,
      88.53645420304359,
      90.47896892898753,
      87.33272635700757,
      88.59086653875382,
      91.71245084447555,
      90.42043396612887,
      88.00469601498864,
      88.98891232807236,
      86.86540925702171,
      91.25788437032898,
      90.08288505483225,
      92.19543302512962,
      89.06351901607329,
      92.23447928814826,
      89.52014701030387,
      92.67160948666846,
      89.27031126877107,
      87.96938943638254
    ]
  },
  "num_frames": 30
}