{
  "exercise_type": "overhead_press",
  "form_score": 44.58562474620645,
  "form_quality": "poor",
  "risk_factors": [
    "excessive_forward_lean",
    "knee_valgus",
    "insufficient_depth"
  ],
  "recommendations": [
    "Keep your chest up and maintain a neutral spine",
    "Push your knees outward to prevent inward collapse",
    "Descend until thighs are parallel to the ground"
  ],
  "joint_angles": {
    "shoulder_angle": [
      88.15021539695785,
      95.15018056355419,
      101.34630703851502,
      110.82937329651142,
      116.80074444560283,
      119.35815959924487,
      126.0265352466204,
      129.98056206993377,
      143.6066441193347,
      143.41742632033746,
      148.60036760534348,
      153.83222903447893,
      161.2772682410343,
      165.3858452729822,
      176.66929790302996,
      178.2519326480885,
      174.94970769391728,
      167.06591991533406,
      163.43267978680626,
      159.91126734129372,
      148.9494322855052,
      144.9328863263663,
      135.52838072517665,
      134.4895603634939,
      122.60923291700945,
      120.4632655590492,
      112.60466926075581,
      110.80498681411564,
      100.9370621634133,
      94.23440970644273
    ],
    "elbow_angle": [
      92.58842307426089,
      96.34404637951276,
      100.29488526568893,
      107.56624760468871,
      116.87751503839444,
      119.16005492395213,
      124.80347088722739,
      131.32299187183372,
      136.566155246347,
      141.14357551798128,
      151.1319019085168,
      156.13065338181505,
      160.97011965132535,
      167.2768480609488,
      170.0126374418555,
      178.3326758014036,
      175.28299648665276,
      167.1052913309783,
      157.6305028361451,
      153.69319895327334,
      149.99997164842867,
      146.1481746605344,
      136.03381317195723,
      129.11252474609452,
      125.85947822884435,
      120.70679049918961,
      111.53274868939482,
      108.89020814262722,
      101.23347219756995,
      96.38503115533332
    ],
    "wrist_angle": [
      182.68733580989564,
      179.89674779479122,
      180.0396528481381,
      178.7273339498469,
      184.61334071235723,
      181.2482200667613,
      174.8082491228354,
      180.7103767802732,
      182.467852791697,
      182.6818821470429,
      176.61425455307028,
      181.8116133767682,
      181.78458309296337,
      180.47443697880274,
      182.42929055866304,
      178.68998957664024,
      182.85872513518905,
      181.6545581220637,
      181.24296289495962,
      180.5483592207571,
      180.1156486907424,
      175.97210452768422,
      179.3428178632265,
      178.31813380036277,
      177.05340327857718,
      179.9740222260824,
      176.4159496434112,
      183.41367839165807,
      174.47152764651833,
      180.01275400433138
    ],
    "back_angle": [
      23.32872288041061,
      16.523909100569874,
      15.39157620823714,
      16.35160472315788,
      14.052222932069743,
      23.533211069655597,
      22.904103703619697,
      15.829575340936545,
      17.420654344029522,
      20.587313784134537,
      24.061392167582202,
      18.449824818276586,
      29.412154389598747,
      20.879532659242606,
      22.12943915903849,
      19.76188879831132,
      22.552503708361304,
      21.39227776474952,
      14.354100197892011,
      18.161311437140565,
      25.828810041683997,
      15.952378952959762,
      29.513805832370757,
      26.34055993285505,
      22.568865253220192,
      21.447740692327418,
      22.759709864204417,
      19.17326678997437,
      27.358181294308558,
      24.418666276620943
    ],
    "hip_angle": [
      178.69666486863738,
      179.24486699871778,
      179.30468155209107,
      180.67253362249795,
      182.27772967951688,
      175.9708563744538,
      182.09966318972621,
      183.13994249434356,
      181.41823321546315,
      181.1001284106359,
      180.80622877932328,
      182.8535157850098,
      179.7648706025073,
      179.9860211300306,
      176.23964905619926,
      179.31321663328023,
      176.9113789570596,
      179.164974653577,
      181.7653714771896,
      176.9561722781995,
      180.3573440849856,
      181.15790354229884,
      178.63267939219298,
      181.43023603242585,
      178.34409422958345,
      178.42125658451926,
      181.08410742277664,
      179.45550357246117,
      176.71289002412922,
      179.0296472565076
    ]
  },
  "num_frames": 30
}