{
  "exercise_type": "overhead_press",
  "form_score": 63.92869711929041,
  "form_quality": "fair",
  "risk_factors": [
    "moderate_forward_lean",
    "minor_form_deviation"
  ],
  "recommendations": [],
  "joint_angles": {
    "shoulder_angle": [
      90.56898606939293,
      95.98387814241694,
      101.87179830225325,
      106.45023700407525,
      113.98589520805395,
      121.4396362498707,
      124.94089157852477,
      132.52366795976215,
      138.37150792761096,
      142.83032110637828,
      147.94035546042764,
      154.7208522968091,
      161.964170419283,
      167.78109491499984,
      175.4877839931917,
      179.4506454707776,
      175.02369313594622,
      168.81592352147408,
      163.22220250735174,
      155.06641120277104,
      147.5958302313943,
      143.18325195885637,
      133.95439198887607,
      133.34802011879893,
      127.7740914653336,
      122.55433934685095,
      114.42752586441381,
      108.41786492142795,
      103.17057295289844,
      94.37484209754992
    ],
    "elbow_angle": [
      90.4574380202772,
      99.042188062854,
      96.28876040571804,
      109.53676655758122,
      116.74194356707662,
      120.95656303564499,
      123.54127968155204,
      131.70731151581498,
      137.8662589321583,
      140.128754918769,
      149.82485267007766,
      157.58025196567732,
      165.9708326060129,
      167.6633202720594,
      172.88061853540995,
      180.14390166549398,
      175.95914620143975,
      169.9496980906423,
      162.62281775941992,
      156.55946388848037,
      150.17777532636836,
      144.6860501723411,
      137.60124543308595,
      132.42136392297706,
      129.64453689824245,
      120.34331858953846,
      112.67069984689259,
      108.43497022053361,
      100.59783558064794,
      99.06371547681664
    ],
    "wrist_angle": [
      178.95833003312165,
      184.19631644282478,
      181.04330854243057,
      181.556477510263,
      182.42512203964174,
      182.70486177228395,
      178.44395112307478,
      179.8137365825945,
      177.1282589879092,
      179.7412608446409,
      180.19796503659924,
      179.4848133377637,
      181.12102211946748,
      176.48888320010764,
      182.0413028234758,
      180.30109137449136,
      180.50524647047703,
      179.90535913317578,
      179.3959229149167,
      177.3887278543574,
      176.20456180384923,
      175.89880955199123,
      182.79724824805334,
      179.13821485939144,
      180.75627370037208,
      181.6355714174891,
      183.4976416027064,
      177.58530168203558,
      176.18489903336075,
      178.84343816260417
    ],
    "back_angle": [
      5.125382653595402,
      5.468242299533748,
      0.6827583548999598,
      9.137369561171209,
      9.635766590550901,
      3.8216777334354832,
      15.403204088045081,
      14.536765037012703,
      11.408099661025116,
      15.894356121099014,
      8.532346713198542,
      9.192061291750157,
      3.638015470939961,
      4.614620176172017,
      14.337027001616093,
      16.288453350361973,
      9.920485621958608,
      13.9103582485239,
      15.947328395843305,
      6.150939326598243,
      13.077633871808002,
      7.01853726510796,
      10.563179845605937,
      10.596466923324185,
      10.613815549582547,
      10.650120547919602,
      14.28729716427729,
      4.417978751460295,
      5.556722884946768,
      8.277397206422147
    ],
    "hip_angle": [
      176.37645402457338,
      179.95296325116647,
      179.6339724293653,
      181.27113489993357,
      176.93183832107545,
      184.40079456178594,
      182.46110904795438,
      179.57136815127097,
      180.19267039421968,
      178.12194589496738,
      178.26527462713554,
      180.25638065650307,
      176.71966544495166,
      181.18097028330908,
      182.24688023800954,
      175.93451171400247,
      179.11618763230834,
      185.14439018604762,
      179.31793969504224,
      176.37228370231412,
      182.68650059325125,
      180.56203611096683,
      181.64648019343832,
      182.6071423671252,
      179.93152864183537,
      182.8824761842126,
      180.46877497465908,
      181.47022356035427,
      181.1118288733491,
      178.05891464461862
    ]
  },
  "num_frames": 30
}