{
  "exercise_type": "deadlift",
  "form_score": 54.93805919636774,
  "form_quality": "poor",
  "risk_factors": [
    "excessive_forward_lean",
    "knee_valgus",
    "insufficient_depth"
  ],
  "recommendations": [
    "Keep your chest up and maintain a neutral spine",
    "Push your knees outward to prevent inward collapse",
    "Descend until thighs are parallel to the ground"
  ],
  "joint_angles": {
    "hip_angle": [
      43.978625647325586,
      46.000841963078095,
      42.06636278555172,
      43.26565738935077,
      48.22165959109768,
      46.24176430002563,
      47.708758626586786,
      45.11373474104465,
      46.35110666863859,
      44.16677528967522,
      45.37184887495769,
      59.9307175190097,
      71.12338180506683,
      85.01566950234616,
      101.21010726636737,
      111.14344138408335,
      126.33999158711585,
      137.72744397032895,
      154.28963736608608,
      163.53274251173656,
      181.95260936979705,
      165.33854365546173,
      152.69238593163723,
      135.70845826719327,
      125.85849641128664,
      111.96396932543847,
      102.15782801135828,
      89.06494149496028,
      68.06664910590123,
      60.633282558209984
    ],
    "knee_angle": [
      88.09054679550694,
      90.5565038714336,
      88.28344764196926,
      89.55188284274628,
      90.29083312404886,
      92.54382693004666,
      89.72191461216077,
      83.72306782054838,
      90.9780866499989,
      87.5368798217395,
      86.21604491091473,
      98.47231056628593,
      106.09383678895067,
      116.94813436528706,
      127.8920934942403,
      135.29243025744566,
      141.5153399605366,
      153.7882930133809,
      160.86259758981464,
      171.56530097338256,
      179.70456220373217,
      166.58174907296768,
      161.5251076239323,
      153.47971329463695,
      144.44814550655238,
      132.83460074714176,
      122.79313117923462,
      117.15547569507036,
      107.78675245395989,
      98.49649963868671
    ],
    "ankle_angle": [
      89.66701960973961,
      89.48416078434934,
      87.53650828576725,
      92.24837840191621,
      88.6460900362587,
      87.19811715195449,
      89.1514762170596,
      88.59385095070016,
      88.22649229706887,
      88.73375343407008,
      92.4659244405565,
      92.57997240964357,
      89.89320269599463,
      88.51328195890682,
      89.7101201094216,
      89.64253551225714,
      92.56610949223774,
      90.6505625364599,
      88.81672828218662,
      88.31541370002095,
      91.88733510178534,
      89.75168710441973,
      88.3825907307436,
      92.7037887140979,
      89.31379037598236,
      87.09491945181693,
      94.3224191239883,
      89.31844784235207,
      91.96293574744811,
      90.81951891508898
    ],
    "back_angle": [
      40.32519924949956,
      32.644391277190046,
      24.062333716167874,
      32.60610627031878,
      18.607468211255046,
      24.034897337100634,
      35.19988427289758,
      19.822828078283887,
      33.3150497515865,
      24.937755545088226,
      24.831038563287976,
      19.96734745943516,
      35.95643462070905,
      34.65082376766647,
      24.71172714541988,
      35.25607829683864,
      33.422665451494055,
      21.65806323388541,
      24.67551002324803,
      35.480838279897924,
      34.739240290854056,
      27.0702781564004,
      34.3781322753096,
      23.5368981325095,
      41.10399702397041,
      21.501830375761298,
      27.121005950930048,
      36.600003914466015,
      22.691589040707875,
      21.876803680817094
    ],
    "shoulder_angle": [
      89.50841335217831,
      90.89731927883217,
      86.36358154793672,
      92.55498295056086,
      92.80461463259572,
      93.25815119258877,
      90.71804212447108,
      86.47702306224416,
      86.41177515254438,
      89.75802347412866,
      87.93218053526556,
      91.07884641356203,
      88.98795106061502,
      86.569216131853,
      89.80950586003226,
      88.42126987443143,
      89.18886262656613,
      87.02583255277692,
      90.09351460162274,
      85.40760679380239,
      94.14718021678195,
      91.99986357816829,
      86.73123451705494,
      86.77885437340993,
      90.13355995732135,
      87.44321935443755,
      89.65719154525202,
      90.15607358934065,
      88.36104512312885,
      89.30098829600297
    ]
  },
  "num_frames": 30
}