{
  "exercise_type": "lunge",
  "form_score": 39.65472914268468,
  "form_quality": "poor",
  "risk_factors": [
    "excessive_forward_lean",
    "knee_valgus",
    "insufficient_depth"
  ],
  "recommendations": [
    "Keep your chest up and maintain a neutral spine",
    "Push your knees outward to prevent inward collapse",
    "Descend until thighs are parallel to the ground"
  ],
  "joint_angles": {
    "hip_angle_front": [
      182.94239126249622,
      180.77774061716627,
      186.00058334100993,
      182.2543804407521,
      178.80117173642526,
      178.75751816687435,
      180.89841642829742,
      179.43636866781583,
      167.26922220327708,
      153.62799205505547,
      141.48479994783187,
      130.2636290810881,
      118.99743217290506,
      99.27328607389806,
      90.58637075302708,
      86.56230765197955,
      90.17909638187695,
      88.62592667014951,
      87.48531520033525,
      89.91838112334156,
      91.60033557762061,
      91.73956182800188,
      103.9403306658155,
      112.79172149023323,
      129.80017343350508,
      142.87577607645852,
      154.15608602581972,
      165.9338568176857,
      92.651802241921,
      100.01859091170523
    ],
    "knee_angle_front": [
      172.1012609904163,
      166.96660864570208,
      170.0648446744573,
      163.11191956062203,
      165.2625018553244,
      168.45234077751314,
      168.21595129581203,
      161.61875303393748,
      148.255104678271,
      143.13251085518525,
      122.70242051946263,
      114.24863422565451,
      106.88421611388311,
      93.66326318461643,
      71.3170797697175,
      76.10819859898896,
      76.38366816835048,
      72.8840087634897,
      70.38433473393115,
      78.8550954500714,
      74.24080749844265,
      74.76489655858343,
      88.8618687531044,
      103.75414315641855,
      118.38965503523863,
      131.5646388466886,
      136.13010137020288,
      154.34790210228016,
      73.03404979048867,
      79.24847307103134
    ],
    "hip_angle_back": [
      181.92142099766923,
      179.4268154118876,
      176.00356470684076,
      180.1628845008485,
      180.47799160937328,
      180.74626619507072,
      180.2378894767516,
      177.79102726172226,
      182.73387216465227,
      180.90631808669252,
      177.91101356832974,
      182.47421163838072,
      182.5884393593627,
      181.95981357578273,
      180.4715960719174,
      179.73586006660994,
      183.1542475890675,
      177.01040190898453,
      178.513663621258,
      182.66882413063405,
      180.46333278342772,
      179.9622377343566,
      177.51466829188067,
      178.4316512228604,
      181.2337219184894,
      180.66055752843457,
      179.5840032375199,
      181.05852531519028,
      180.83037366282377,
      181.64585613209144
    ],
    "knee_angle_back": [
      184.69949422055018,
      177.99470252177636,
      177.904348435406,
      186.4563038883744,
      182.83082508991873,
      180.3677231619813,
      180.08249667076362,
      178.87871149639048,
      169.13325010184045,
      152.52841963493654,
      141.19075745981186,
      132.3727553837279,
      116.9537380835889,
      105.97714312401203,
      92.07332345563607,
      90.16646164777535,
      84.06059465354996,
      90.62548883707441,
      91.65745259248452,
      90.58429868086434,
      89.63302819258688,
      88.59395998528247,
      103.41541304196517,
      118.73812913711284,
      128.0286386078607,
      143.1301598520797,
      159.0273060069146,
      165.8792026190114,
      86.68371735130239,
      103.96805239153622
    ],
    "back_angle": [
      25.351827303769763,
      14.539528422928464,
      27.69820677693899,
      19.24465575698009,
      23.03892189300049,
      21.015568384406492,
      15.750028398900978,
      29.76225414579066,
      23.53245619149667,
      13.639404432776363,
      29.15122008119329,
      31.82591212345478,
      24.85513325854215,
      22.518831708511236,
      27.569778542949035,
      25.81331624569814,
      26.50043463023164,
      16.38289366627284,
      26.56843784798095,
      20.410947025443853,
      25.681943351391087,
      29.252925297637134,
      19.13472461755341,
      27.609838915349947,
      23.02406177191433,
      21.974697346978296,
      25.43473950577952,
      25.037292264149535,
      19.16242386482072,
      25.344982309768433
    ]
  },
  "num_frames": 30
}