{
  "exercise_type": "squat",
  "form_score": 91.54143332004993,
  "form_quality": "excellent",
  "risk_factors": [],
  "recommendations": [],
  "joint_angles": {
    "hip_angle": [
      176.8958192691654,
      177.53977271040307,
      181.31732747086198,
      179.67755435913006,
      181.17176141758966,
      182.30010385094764,
      182.38977208303146,
      178.20796780175937,
      166.70480459759327,
      154.47535128057592,
      142.91781166585955,
      126.83261247860494,
      114.58587205948574,
      104.56243516708382,
      90.6314438447865,
      92.37921776141769,
      90.23435912827246,
      90.31710683443424,
      92.67989085522024,
      88.71506919655143,
      89.80546649456741,
      90.59308595790279,
      105.30115223523711,
      119.04280356012583,
      130.30927006238784,
      136.82276674111452,
      154.18682811072404,
      169.08366265398854,
      89.02953115576238,
      106.07255323427123
    ],
    "knee_angle": [
      179.87232330112357,
      180.55089284187122,
      179.76185441192857,
      181.83876794674194,
      181.487169371173,
      178.96344324448916,
      179.9219048329047,
      179.69173886459436,
      167.92198443656372,
      155.25970576513004,
      139.56059603061655,
      129.2944003712081,
      116.13192503254109,
      101.96480274930482,
      88.96198759461173,
      87.49912388017329,
      90.21514307925605,
      88.4549294978619,
      90.88910607446495,
      88.60585331143048,
      88.45488926391869,
      90.89381145168056,
      103.83141839681034,
      113.90580711685364,
      131.95602450971816,
      140.83088123791896,
      157.23724102016504,
      168.50125292421336,
      91.53462134691665,
      104.29208544325371
    ],
    "ankle_angle": [
      90.25111671346814,
      89.1849968885432,
      89.60708760164815,
      88.93511763276503,
      87.57937224064393,
      90.93321466684326,
      90.68916819897778,
      89.6981937926966,
      82.41453928337637,
      84.68473696078996,
      79.93274712617198,
      79.61024206904008,
      74.28721404090028,
      67.4039085526931,
      72.00587534918596,
      71.82596507315114,
      71.96713999542638,
      70.5878478719792,
      73.09794035536693,
      65.84078290467815,
      68.76599667010686,
      69.54527464707724,
      74.28306099476332,
      76.60653050370676,
      76.91803402072792,
      81.77529642859197,
      85.58058668874351,
      87.05851918635155,
      68.22464767690585,
      72.59113990821271
    ],
    "back_angle": [
      2.0728600971049294,
      -0.657609062949353,
      2.351056054020089,
      0.04595646942756852,
      2.006208434843308,
      0.5514770259506412,
      0.2794777364534539,
      2.420379241283928,
      2.179097279676451,
      -0.7465393653836837,
      0.35354072452563307,
      3.432634785087716,
      0.7346720167414519,
      1.4864854157872969,
      -3.907606216391212,
      -1.8865077656119025,
      -2.4390296992232474,
      0.26556575053350695,
      -0.0044518137390467515,
      -1.3547511907243488,
      2.494710248623853,
      1.085083868728801,
      -0.9821750985656801,
      0.8382798325955623,
      -1.64857268026516,
      -0.6220981100566996,
      -2.9413017376442716,
      0.6403635824733058,
      -1.1275723141075542,
      -1.3734541372177242
    ],
    "shoulder_angle": [
      42.48373578513105,
      45.07394848792481,
      42.68769038043007,
      42.679017264880216,
      43.40536326933185,
      47.761174713375475,
      43.5615777573172,
      47.00801383029741,
      47.84993186744632,
      45.15115500992073,
      47.23936866274433,
      46.08977876722524,
      46.550947996963274,
      45.156395810849396,
      46.05632808827934,
      45.53882619828113,
      45.127351125067136,
      48.07810966160815,
      44.7790770042267,
      45.19758481010318,
      44.70809640976737,
      42.83274692803253,
      47.29951209689563,
      44.78303034097363,
      45.756902175956355,
      46.8197437465474,
      46.82923514850121,
      46.87997436932237,
      45.570815162326774,
      43.594231624345035
    ]
  },
  "num_frames": 30
}