{
  "exercise_type": "overhead_press",
  "form_score": 60.40174263635132,
  "form_quality": "fair",
  "risk_factors": [
    "moderate_forward_lean",
    "minor_form_deviation"
  ],
  "recommendations": [],
  "joint_angles": {
    "shoulder_angle": [
      90.99295378221942,
      96.09618908807366,
      102.77503823676567,
      104.68425138993621,
      112.60241399207199,
      121.23837545677027,
      123.75637254117774,
      130.41488190349133,
      140.37618233564066,
      143.03718716576483,
      151.32079181484718,
      158.06996598426028,
      161.66521630850355,
      166.5884475000722,
      170.557989288012,
      177.97348305855337,
      173.43396345193813,
      167.9583068161078,
      164.4092985244387,
      153.28233135500744,
      148.71566689209155,
      143.77154682871424,
      137.54950879514124,
      129.65700434066787,
      123.51242768510059,
      120.63430949067678,
      112.5342512006245,
      109.10598139244044,
      102.43262224821996,
      93.68489520225464
    ],
    "elbow_angle": [
      89.92935857909379,
      97.78955817221352,
      104.38442042391308,
      106.365288504411,
      113.03744008847812,
      117.26325716325769,
      123.13168827894746,
      131.5369943229812,
      139.14464940474835,
      141.06575183269518,
      151.39372625705812,
      155.28943439472673,
      163.6253213599816,
      168.24900663498846,
      176.22908300961947,
      176.95173049131458,
      172.52739873351246,
      164.72175644251232,
      160.8994933202897,
      157.41739972286797,
      150.04063974972334,
      142.365810255376,
      136.95777149227246,
      136.5092930120749,
      124.81742661249898,
      119.98834645159263,
      116.9188882320841,
      105.17510630588305,
      99.41614667125054,
      94.7901993509372
    ],
    "wrist_angle": [
      177.0876584461503,
      182.16449744206065,
      181.20658755058554,
      182.63265870881793,
      181.54005565635094,
      177.2306989040619,
      178.96360380120254,
      178.72408309604901,
      180.87365887570547,
      178.7099613190846,
      183.93899177993504,
      177.79081392109123,
      176.23418580580372,
      178.44360689225968,
      181.91259485901261,
      177.1141080349744,
      176.31575332973821,
      180.91358380004968,
      184.81965309888696,
      180.28819609311194,
      179.92726525460398,
      177.20215221590732,
      176.05173063460964,
      176.64930877410993,
      177.67368109904615,
      181.40890197335384,
      179.87884837122166,
      179.40327839772775,
      180.33863531319722,
      179.30793085337342
    ],
    "back_angle": [
      9.822172664019112,
      16.397778087213894,
      10.032851201993754,
      8.2627120604584,
      6.133118933169044,
      14.027094903102933,
      12.449500613107404,
      8.528240791971088,
      8.118970375592788,
      11.600143380833671,
      12.132054858594874,
      6.410648268776987,
      2.470771944942502,
      11.339665410313595,
      7.683806479024914,
      6.044772370352371,
      11.2670463223575,
      8.14252628534474,
      2.4890995005952985,
      7.473467365247004,
      8.202849495738699,
      9.595829583967918,
      5.289534213645677,
      13.948107406978693,
      11.972921475973747,
      17.46298497930739,
      11.761847498327045,
      6.372449360636219,
      7.978767285902311,
      3.0291588026302896
    ],
    "hip_angle": [
      179.99271092933458,
      176.88123843482072,
      178.72454766697624,
      180.5726634638132,
      176.4209665024334,
      179.42098936313394,
      180.258856698567,
      178.8947709430331,
      179.1374296305147,
      176.12291266834063,
      175.17927153151587,
      177.94093062995012,
      180.1828270432012,
      180.03292848721537,
      181.07037754193178,
      181.49229918463567,
      180.4724480575493,
      180.16111542973385,
      179.0507708708959,
      178.26023832667292,
      181.00087869854332,
      180.92550571102572,
      180.7396194577266,
      179.2061948975445,
      183.37269841729102,
      176.52101064100563,
      177.32418841286818,
      182.2323476676632,
      183.205720841226,
      178.93148658368648
    ]
  },
  "num_frames": 30
}