{
  "exercise_type": "lunge",
  "form_score": 78.41712866749315,
  "form_quality": "good",
  "risk_factors": [],
  "recommendations": [],
  "joint_angles": {
    "hip_angle_front": [
      181.25199501592994,
      183.02228476086563,
      180.84522784529554,
      175.1280293901104,
      177.766465066338,
      179.41564054555298,
      180.62865870703098,
      182.12329718968516,
      166.952786263527,
      156.70607008080844,
      140.2347609321536,
      127.6852230437339,
      113.19200164843082,
      100.170707778776,
      92.6106805581804,
      87.94678802966344,
      90.66710737659741,
      87.87064047683674,
      92.57474867683528,
      90.58210777889795,
      90.17263211344543,
      90.54763043665741,
      104.99875217464462,
      117.91579366131907,
      127.55102778175706,
      143.43309436785498,
      155.25208185780266,
      169.37598161291413,
      90.87016085040068,
      101.58411246946498
    ],
    "knee_angle_front": [
      180.59221376860282,
      181.8607905552442,
      181.0821384123361,
      184.13310348606194,
      181.20731900607342,
      182.4818728654476,
      179.9981156130751,
      180.73826050968512,
      168.86954652412277,
      154.64951446754156,
      144.3468939697722,
      127.55492459141747,
      117.26520433928681,
      104.4398700816237,
      91.4775331796292,
      92.10892175586726,
      88.76651685495882,
      94.74044812593567,
      88.38205820060477,
      90.03582951745445,
      89.74656847734329,
      88.27089560291968,
      105.0656888602304,
      114.4971147326244,
      129.81469424950535,
      145.6074381000222,
      152.62617293085148,
      165.68139704587537,
      91.86825864916776,
      103.59467249721658
    ],
    "hip_angle_back": [
      180.50419008492722,
      180.85038200788745,
      180.63284116392313,
      178.5674224086781,
      179.76094237848662,
      183.12486406109014,
      181.00359929528938,
      180.47573293432652,
      178.80271529101154,
      181.64591569033968,
      183.68688680693748,
      185.4435722334477,
      180.57781473994396,
      184.50932260849893,
      182.96973447468378,
      177.59375744948395,
      180.25485263576016,
      178.40498270929012,
      179.15126721515753,
      184.81459956697628,
      180.3504516097177,
      178.45722405111923,
      181.54014482812192,
      182.01759751577794,
      182.20872382479337,
      176.61942744010219,
      181.97765437954575,
      180.78301749857852,
      183.68580084357015,
      178.08686128190405
    ],
    "knee_angle_back": [
      177.11553996396862,
      179.69950347962114,
      179.22179011609313,
      178.25022849146734,
      180.54411061674114,
      178.67105254583515,
      179.69390892361432,
      178.27444567574935,
      170.09834552487774,
      151.83974032527345,
      144.30489594278217,
      129.5801063792985,
      116.22419966827268,
      100.28224736555264,
      90.47528596502,
      85.78266305982132,
      86.72734508290154,
      89.47307379811579,
      91.8002595771391,
      90.75387210251745,
      90.26161706767905,
      87.37914750332354,
      103.24086681551647,
      116.40097345747336,
      128.28593416476699,
      138.97948141494254,
      156.9260326544732,
      170.98314040290444,
      87.6374389305416,
      103.50247271899747
    ],
    "back_angle": [
      2.0940731533957413,
      -0.5596141809388389,
      -1.5251081448141377,
      -1.0389174029555501,
      -0.3766348392447897,
      -0.8234010863157186,
      0.9022250429447495,
      -1.538341167878024,
      0.8694018304495784,
      -1.8642862746361448,
      2.1000716583861854,
      -2.777761989673718,
      1.5944417432734739,
      -0.003649273980146668,
      2.495226671284126,
      -2.205036748887272,
      0.40950061727938303,
      -0.7883444538614216,
      1.2124668166591068,
      0.4311370131226397,
      2.013391292274607,
      0.6605108340190476,
      4.998885035859823,
      -2.6290322021037444,
      -2.0311588216325402,
      -0.23848567487112954,
      2.010500835825017,
      -1.2007933099782866,
      -0.8251985424791884,
      0.9103364697722609
    ]
  },
  "num_frames": 30
}