{
  "exercise_type": "deadlift",
  "form_score": 78.63248031634542,
  "form_quality": "good",
  "risk_factors": [],
  "recommendations": [],
  "joint_angles": {
    "hip_angle": [
      43.37924475432587,
      45.19820940466616,
      44.14048451359595,
      47.34157845466233,
      46.88615614721012,
      45.65558405658131,
      44.27904836428319,
      49.22884097784218,
      45.471198240817046,
      45.02618273822818,
      42.77797119736271,
      57.00341473695613,
      73.50445243029174,
      85.02419952001816,
      98.01125380998036,
      112.21172347612777,
      124.24811477611712,
      140.76252964947201,
      152.32649260880837,
      169.04738124236843,
      179.19676963937937,
      166.61166525522862,
      149.75603561659457,
      134.36447133122326,
      127.33365373008768,
      115.72185109772528,
      102.81302030453466,
      87.40183278195231,
      72.28403740190028,
      54.64865272377956
    ],
    "knee_angle": [
      88.770267806191,
      85.28340499900656,
      91.09071616132876,
      88.8075653968334,
      91.11179391959838,
      88.2130457202281,
      89.73081002193085,
      91.51845220224047,
      90.86438597900332,
      92.45451108791508,
      87.40842165653449,
      101.2153372378883,
      106.05306466106359,
      121.5030889123745,
      125.57026727403274,
      134.58095460373391,
      149.0367762121259,
      152.3012750586704,
      162.04725267143402,
      171.1223763790684,
      179.75573417828755,
      170.7523234872298,
      162.69016588334085,
      151.32319129552104,
      143.76392343935936,
      133.55109418314254,
      123.68067492720431,
      118.05864800330032,
      101.5454933663904,
      97.56867017680392
    ],
    "ankle_angle": [
      88.95444011696331,
      92.7300252005519,
      93.84670767159265,
      90.89988372378114,
      91.69033825518632,
      85.3129230078668,
      91.94979325120171,
      92.82662482158703,
      90.74617251090284,
      92.30591531744805,
      84.82899970548473,
      90.88593072439231,
      92.58944762450389,
      87.96706488823466,
      91.79554714846937,
      93.03025457126776,
      90.63414637556414,
      88.96561591900583,
      91.40609251719043,
      88.04856403533671,
      87.21149245110469,
      89.67876406100513,
      91.92430334734031,
      86.62118547173223,
      89.83754389661361,
      90.8514890099596,
      86.26813963546229,
      93.47490256324363,
      87.76974500880995,
      88.66628780317717
    ],
    "back_angle": [
      -2.232014073384992,
      6.353060496179008,
      2.157373572143123,
      5.360472471396394,
      7.76919924154223,
      0.38749968374791477,
      1.385614787673617,
      3.236738175302974,
      4.520755534342002,
      7.120223914954067,
      3.1882412905440516,
      6.242365761267386,
      1.7492164983683927,
      0.3822064245424223,
      5.083005107929068,
      4.388169966536738,
      8.167594295431357,
      2.8723396510983683,
      3.338897644284218,
      3.322019578994819,
      1.4633747721852277,
      1.0415627526716347,
      8.57849117488546,
      9.437232993089458,
      7.405565797923286,
      7.101263402189808,
      9.148942549087309,
      10.537637969310746,
      5.048105501716636,
      6.899713264514603
    ],
    "shoulder_angle": [
      89.25898760567004,
      88.39700068976529,
      92.65190070149785,
      88.29140615305187,
      91.04382398718016,
      91.15924202638398,
      89.52828638736317,
      88.520422547458,
      90.01318743756345,
      93.29265695207258,
      93.62004763428241,
      89.29353432663564,
      89.33561273579686,
      87.98100753577907,
      92.39310811758841,
      94.05867707071968,
      89.45669892963814,
      93.65812946793719,
      91.34828153906021,
      92.91483395581983,
      88.99877461206145,
      87.86774066744175,
      86.77787255203616,
      89.56827212787582,
      91.59713742492892,
      89.60695459140949,
      89.97708820829286,
      93.17480954638239,
      89.4989511131713,
      90.29876481653412
    ]
  },
  "num_frames": 30
}