{
  "exercise_type": "squat",
  "form_score": 81.55800871134183,
  "form_quality": "good",
  "risk_factors": [],
  "recommendations": [],
  "joint_angles": {
    "hip_angle": [
      182.19239380271304,
      179.86685346630338,
      179.61101939650163,
      180.0804829571584,
      176.67228542398297,
      176.82517212837334,
      182.4753180395823,
      179.90376205477733,
      167.09224927449935,
      152.32090923924508,
      140.32474753189578,
      129.17846543080503,
      113.63955591175366,
      99.4331489180799,
      89.43574159665592,
      90.52061304198688,
      90.47299440799475,
      91.36833096343776,
      90.17718654206506,
      88.49636698018051,
      91.26507271465029,
      89.3181611672258,
      96.2382633489947,
      112.58872083288611,
      128.7338341478699,
      138.3903936666223,
      153.44609923351624,
      164.95228442267899,
      91.98225105183103,
      100.59272584624077
    ],
    "knee_angle": [
      181.74606667926554,
      180.52125367790538,
      182.13330414811875,
      175.81979804491948,
      181.04524539926166,
      176.16853326207482,
      180.6322951329919,
      177.89059523532364,
      169.69348097636146,
      154.88842990761597,
      141.99603890426977,
      127.12902902321622,
      116.3811915117297,
      102.16530843372267,
      90.10888052471243,
      88.5185637023,
      88.5977481058891,
      91.02923509842095,
      87.57130590762998,
      89.45922027147259,
      92.11397910678488,
      91.16600242439954,
      103.5104242455474,
      111.84621279304,
      125.62810210914529,
      138.3946785431825,
      159.04212134773198,
      167.5881839014926,
      89.52720403083215,
      103.20417806849942
    ],
    "ankle_angle": [
      90.79037645776593,
      91.71062736578656,
      90.49040261209393,
      88.76191893063665,
      87.9958963222123,
      90.54274938583298,
      90.68080378263406,
      85.6086448997579,
      89.59638232197938,
      86.81970871432875,
      78.36808838265074,
      73.5216472545094,
      76.64846914732368,
      72.06643466073868,
      69.44863116770793,
      72.59884667935182,
      71.26803244369074,
      67.51420650740133,
      70.77556275229749,
      70.93607885053166,
      67.13400288237507,
      71.24068614632453,
      71.0730542537008,
      77.21059716402934,
      80.23474214816633,
      83.2550722489736,
      81.32731421920349,
      88.51800980183475,
      65.95578043369675,
      73.774871973864
    ],
    "back_angle": [
      -0.006504484747700712,
      2.272498844330388,
      6.253497453503224,
      1.0333997825781247,
      1.2086395119187605,
      4.057879299203637,
      4.864988935043545,
      4.046465354655341,
      7.298942800010778,
      3.9569778290361937,
      1.894425030867989,
      3.780715104435944,
      0.6396920602591897,
      1.354481221273014,
      -1.7991629162362779,
      4.757658171380279,
      -0.013342791015417799,
      -2.922006157913146,
      2.545604555048951,
      5.492422498254564,
      0.9633811314171867,
      5.798985555788974,
      4.112174472653287,
      6.129126291104438,
      3.2764415615214992,
      -5.920721482090471,
      5.76893254547606,
      7.210709208722793,
      0.8857178777375068,
      0.7671681275916937
    ],
    "shoulder_angle": [
      41.72143914868594,
      46.76688497008506,
      40.79265187949355,
      43.69008570349816,
      47.02678611778267,
      45.68241030147427,
      46.392007318969746,
      46.32545185862399,
      43.43038438347496,
      44.35554403910812,
      45.95944524542993,
      45.79042693452672,
      46.99273914867381,
      43.62803321599072,
      48.15556228211837,
      48.22027147914184,
      43.373332447642504,
      47.59325412697993,
      43.845715222858466,
      43.74358693601224,
      44.39359816700647,
      45.65100709605707,
      46.17102962890183,
      42.56141061229895,
      42.67339577957238,
      45.045414109148375,
      45.46480252427504,
      45.47701723574255,
      44.65469864650477,
      44.35209181202112
    ]
  },
  "num_frames": 30
}