{
  "exercise_type": "overhead_press",
  "form_score": 68.38453752689092,
  "form_quality": "fair",
  "risk_factors": [
    "moderate_forward_lean",
    "minor_form_deviation"
  ],
  "recommendations": [],
  "joint_angles": {
    "shoulder_angle": [
      88.08847690613358,
      95.3501327473743,
      99.22994522079635,
      107.17829743819344,
      113.1010791779482,
      120.79113469671327,
      124.10326953243788,
      127.59518496459046,
      138.5478613394144,
      146.63157578510666,
      152.69461942362705,
      158.98809575295425,
      158.0239720507455,
      170.9901245725714,
      174.90527505222437,
      180.37333346113974,
      174.23659129393147,
      171.88535294567035,
      162.59950309100927,
      157.75135547308133,
      150.90900993420036,
      145.35638839587435,
      136.64623456168297,
      131.63316850593012,
      127.0169420023666,
      124.11129700448998,
      113.0235957787558,
      107.87867800486119,
      101.133567127521,
      96.17187132941343
    ],
    "elbow_angle": [
      90.90326552473526,
      95.6420316593183,
      98.57528815552391,
      108.28582949937586,
      113.85908855410264,
      119.49840466640242,
      126.27206452515482,
      129.9534350088336,
      139.8739755737613,
      144.20301884555468,
      149.27930380137084,
      157.45590374906226,
      162.26994803555243,
      171.5709289262526,
      172.2449350997112,
      180.4660007026577,
      172.92514249368614,
      167.17690779258746,
      160.7733126932431,
      155.0490095309343,
      147.12270821016978,
      142.79454867319583,
      136.64868276497816,
      131.7881566961863,
      128.95255623041615,
      119.6873313258189,
      117.77694382797331,
      108.24157406318959,
      100.2925436722313,
      100.92647907066751
    ],
    "wrist_angle": [
      182.5008438637027,
      177.49516327630127,
      179.5895013399724,
      182.8553894877577,
      177.3827264377626,
      182.00570808352282,
      182.80748892979915,
      177.36066034146694,
      180.4840694793251,
      180.1844551604138,
      178.94560411626162,
      181.06549684189483,
      178.87539663495022,
      180.53085937547166,
      182.96471108472178,
      178.68537767374858,
      178.9696793556603,
      178.32983776100352,
      178.35958049858175,
      175.96399515118742,
      177.01299057521746,
      182.48538670157217,
      180.72958793192512,
      183.3411328360981,
      180.49769745644412,
      180.82195589376587,
      180.6107934113858,
      180.8404570707498,
      178.55787319307638,
      181.32803841699743
    ],
    "back_angle": [
      18.588865616546144,
      10.123775488636717,
      15.79199176021066,
      8.376760729418791,
      12.491281515446422,
      9.183844605545012,
      3.7345998971949363,
      7.854986957270182,
      7.604452224266056,
      8.394925714048766,
      12.128363382982043,
      1.6233134709122385,
      4.299174114710966,
      11.736352553866949,
      12.525764115788796,
      11.483441738416897,
      11.373388452093913,
      8.204911484580476,
      5.971055717256334,
      13.473178846396507,
      10.633085595660367,
      11.258527928032379,
      6.578145145726652,
      11.973011639341532,
      8.351982962861944,
      9.774344461241133,
      11.315693872781267,
      5.622261957469892,
      6.913091675880435,
      9.416779850877518
    ],
    "hip_angle": [
      180.70257702799145,
      179.05682534644598,
      178.85139291813027,
      180.71601325779991,
      177.09489213656883,
      179.48048673559325,
      180.0168794437387,
      182.13261508147082,
      182.238496254604,
      180.30687722004177,
      180.03097163927566,
      182.93436477178693,
      177.15771019713748,
      178.83931954871457,
      176.17484764822694,
      182.79264930457154,
      184.20220770252098,
      177.68375834066995,
      179.7600233607087,
      179.15540656579483,
      177.68463520423379,
      177.66031052159352,
      179.42349248842748,
      175.76831605772065,
      178.28372535430114,
      180.18814963777342,
      179.77482293398998,
      178.507891823085,
      177.04999694196042,
      180.86233203348277
    ]
  },
  "num_frames": 30
}