{
  "exercise_type": "deadlift",
  "form_score": 99.586372044828,
  "form_quality": "excellent",
  "risk_factors": [],
  "recommendations": [],
  "joint_angles": {
    "hip_angle": [
      35.26365187254828,
      42.167671603638475,
      43.319154349505055,
      44.677244468297005,
      47.08797536346634,
      43.89073619389359,
      43.88046872243417,
      48.20962878813726,
      47.02191133178737,
      45.48138877325926,
      46.29126621646755,
      55.94923220687103,
      70.79304417662736,
      87.40342724327746,
      98.52407973636208,
      112.572204216902,
      123.0369634752687,
      139.45162639265368,
      153.84133956492067,
      168.21371891559494,
      181.3641368187658,
      164.52982863334887,
      152.95891597904176,
      140.18420051968133,
      130.90245521332616,
      114.00534592209826,
      98.68658109780274,
      88.84484837426214,
      72.91657524524594,
      58.277656660644304
    ],
    "knee_angle": [
      90.44587413550505,
      88.90784592465587,
      86.61297410452755,
      86.90024988846537,
      87.60919728485916,
      87.8591825175313,
      92.86497081712608,
      93.87803146525945,
      90.85672100979662,
      88.24739479704486,
      91.21104440460405,
      99.19590819438365,
      106.8050166469379,
      117.07444651496041,
      123.82770592487232,
      133.12987576287992,
      141.06784604424715,
      151.35737229141486,
      161.88380165579062,
      173.00783774152458,
      175.97526476304546,
      166.4093813824586,
      163.83822235383337,
      149.542380507257,
      139.10715582762646,
      135.16449849539487,
      127.7299223965387,
      114.90666617448548,
      108.99449525672709,
      101.46363684503783
    ],
    "ankle_angle": [
      88.73595321385568,
      87.90325199160202,
      89.79996881009627,
      93.45180198996373,
      88.52966233758372,
      88.58387209515631,
      88.36334039074954,
      90.8636948929994,
      90.10526132635148,
      93.95102373662878,
      90.17749422528378,
      91.6885579955018,
      89.91274434679654,
      86.67831430483322,
      92.21380884100842,
      92.6425594828125,
      92.78018969547315,
      89.1716597498812,
      89.22302094479214,
      90.11506158814223,
      88.34115101268299,
      89.46212096416447,
      88.638745765983,
      94.20871371960749,
      88.23376752623162,
      87.5652849821469,
      94.98716074651952,
      90.11374792213944,
      88.01841693673042,
      94.27926840774931
    ],
    "back_angle": [
      -1.755344003640488,
      -0.9938990841298644,
      -2.3554754273814202,
      0.40484914854594095,
      2.78490003322112,
      0.48735353301929324,
      -1.4253321106333177,
      -0.9433377786788956,
      1.6541732775821727,
      -2.174725465973987,
      1.5735673221322806,
      -3.0766216552640486,
      -1.6243058777611836,
      2.9912929105091957,
      1.8855219303729316,
      0.600401923178623,
      -1.1437239544621145,
      -0.2947124196557957,
      1.0366038861215436,
      -3.4473580909370445,
      -0.5773448975815632,
      -0.44529444919005284,
      2.0247133357586904,
      -2.9617786631114518,
      1.0717850519376357,
      1.505279664276291,
      2.721203754561231,
      2.183656572458546,
      1.8338913202998566,
      2.941678917074573
    ],
    "shoulder_angle": [
      91.96834496508752,
      92.3400521859711,
      89.29155547549699,
      90.65062046520679,
      90.47656760886912,
      85.20463429397107,
      91.64759711096087,
      90.84581175183916,
      90.77712515493664,
      89.70798354489034,
      91.53539945481678,
      86.1452115514162,
      89.04786872885259,
      93.00925914148333,
      90.4406038479372,
      90.87945582013076,
      90.28391305252528,
      89.28451832414169,
      89.32207293851187,
      88.0198873372192,
      92.22978760934897,
      91.8304467831992,
      87.45040483391449,
      88.86887769057269,
      89.41098655469023,
      90.03216579483372,
      89.80567802725157,
      89.94665702257153,
      91.25782432450177,
      89.79718483826733
    ]
  },
  "num_frames": 30
}