{
  "exercise_type": "bench_press",
  "form_score": 69.73343423119978,
  "form_quality": "fair",
  "risk_factors": [
    "moderate_forward_lean",
    "minor_form_deviation"
  ],
  "recommendations": [],
  "joint_angles": {
    "shoulder_angle": [
      88.02112321747916,
      90.94739125269008,
      90.96614990230495,
      89.44820129375637,
      91.10707288329189,
      90.41497793821675,
      91.97099848707008,
      88.84230752998667,
      92.00834670594287,
      89.59125851902746,
      88.8517640365949,
      94.73945081686475,
      91.51447302751576,
      87.90333933425478,
      90.31832414428676,
      89.16033682283559,
      92.26437600823503,
      90.16502783439687,
      91.35566691386072,
      91.00975122206722,
      92.45924747305658,
      88.02729641460928,
      88.4074107066043,
      91.17509109277462,
      89.45210805351086,
      89.5753794685178,
      89.00351312438765,
      90.79577783577305,
      89.16202772518562,
      91.89113016991368
    ],
    "elbow_angle": [
      83.8727876647917,
      85.83405682038156,
      80.30537557709083,
      77.57736112624214,
      76.93113815346761,
      71.65408747681599,
      63.34097571425739,
      63.453811015154194,
      56.8207452915334,
      56.387889007601885,
      54.95858898311658,
      49.05465725647568,
      40.849581763947256,
      45.10612819491309,
      43.23512716473816,
      41.632577565853836,
      45.864078913065086,
      48.72380750282177,
      46.654229419857494,
      58.32402312060736,
      56.37923555013754,
      52.539008877985914,
      57.147254794398144,
      62.82913141337467,
      65.4856580123039,
      72.51654265341803,
      68.56675137362129,
      79.8896116251183,
      75.60050413409664,
      77.9190979236262
    ],
    "wrist_angle": [
      180.59054370231306,
      180.60195307175655,
      180.50582810546192,
      177.4309351087594,
      182.69138752657574,
      178.03078430160593,
      178.75761126908395,
      176.88287355370304,
      180.61807390834574,
      178.12602361979782,
      177.25147425576705,
      182.41713004177114,
      178.80901525623503,
      180.40848967072398,
      178.9973607832597,
      180.1911348479642,
      180.61226099680596,
      179.7464083133495,
      178.2987711327469,
      178.43971607268506,
      175.61744290213636,
      181.22573491975893,
      179.25412909295736,
      181.5651015004263,
      177.93578199948698,
      186.48769986702223,
      176.55560241262313,
      179.77922809614438,
      179.7913968757028,
      183.4793259812414
    ],
    "back_angle": [
      9.526115968979369,
      5.064271739722885,
      6.695564688595423,
      11.601901964080499,
      6.215050307065004,
      13.765370376611703,
      9.851082027813495,
      3.1951425798199837,
      14.132002381312597,
      7.050011652756308,
      5.3313052745974066,
      7.873888842794246,
      5.628261666246959,
      11.54216781614831,
      7.573964533817723,
      4.17621539674918,
      6.69385368800479,
      10.688901185290614,
      11.394807101956436,
      9.314065454988006,
      8.544268072852665,
      7.453727368007627,
      4.978964722469581,
      6.7154246405592675,
      8.363044488701174,
      9.916285689161182,
      16.063251512134055,
      11.690358479032048,
      12.288093372639098,
      14.207759951433761
    ],
    "hip_angle": [
      88.63076237937483,
      86.17516993151472,
      90.46411492869915,
      89.33853417120253,
      94.14485367273434,
      88.52149841237082,
      88.28545132619371,
      89.09283742712667,
      91.56036429330425,
      87.84900729118567,
      86.72385744935629,
      86.62763070847951,
      88.6408068809889,
      88.68722407494009,
      88.6228410197893,
      88.33730125329643,
      92.91976464422511,
      87.90311549206521,
      89.64835840853968,
      88.67221776299607,
      91.23710121028792,
      93.3651632636945,
      91.61265690533574,
      92.42518683685903,
      87.45631878478865,
      91.75491439094853,
      89.5392058362568,
      92.22027784439396,
      88.98230201738436,
      91.7699287675043
    ]
  },
  "num_frames": 30
}