{
  "exercise_type": "lunge",
  "form_score": 94.44129175361653,
  "form_quality": "excellent",
  "risk_factors": [],
  "recommendations": [],
  "joint_angles": {
    "hip_angle_front": [
      179.02504747382798,
      185.0227569715122,
      182.09824305499725,
      176.53074869848538,
      181.50238650624706,
      179.18514140954798,
      179.06438132094067,
      174.08981436797515,
      165.77177934888988,
      153.62043324926245,
      139.6787207918718,
      131.0316775129659,
      118.13991485658947,
      103.48974519025536,
      87.34554932903585,
      93.08142330575689,
      88.74820581654959,
      92.38840309641681,
      90.0404317565313,
      92.72646489436114,
      90.12642281874167,
      87.7146059352632,
      104.54836660696282,
      114.79598269724568,
      128.10696537116058,
      141.1125810236732,
      155.37006673342515,
      167.61098950139046,
      91.84365881938642,
      101.17559250823221
    ],
    "knee_angle_front": [
      184.0566668804458,
      177.8111943247128,
      183.4464255513634,
      181.13275106387638,
      179.91936729484678,
      175.68516747972524,
      180.8054687890342,
      178.26114785424443,
      164.7593275065792,
      155.07929869269478,
      139.0270612138322,
      131.4036605479394,
      113.8935291763183,
      98.11093658281793,
      90.20645644544537,
      92.51629340336886,
      87.86923711580998,
      87.74511219167621,
      89.26893964180582,
      87.11992476654676,
      93.2567636278544,
      89.22936083890318,
      103.34723473676253,
      117.72455679191012,
      126.07861333473348,
      140.32297870749045,
      151.76385582982243,
      165.5647500348908,
      87.71638032292154,
      105.52922171132414
    ],
    "hip_angle_back": [
      183.14381425437577,
      179.02019591753776,
      177.6733100614801,
      180.82547063956537,
      179.62723092353937,
      178.1718666621235,
      181.2275771800264,
      183.5766070220605,
      179.4491607065985,
      175.98838568028745,
      178.98179477052588,
      176.28063833274445,
      179.9113168243343,
      178.82067279635703,
      178.60607420290253,
      180.7979350548618,
      181.2403113351518,
      176.63927298404033,
      177.01563490374397,
      172.36760587233178,
      178.9662713447007,
      179.33627533727815,
      179.52480855225144,
      177.068736918586,
      182.5285818784183,
      178.52051127728367,
      182.00088893591575,
      182.38482176205073,
      179.4117523117283,
      181.64400751780366
    ],
    "knee_angle_back": [
      183.23315281235733,
      178.18057308963995,
      174.88201791207862,
      177.79453861120004,
      179.0949932727581,
      178.60328972564864,
      179.75103422652,
      176.74544609947438,
      168.62722264085548,
      152.42201180514584,
      141.26567904825944,
      127.48470820374976,
      115.11498178417064,
      103.23045129593267,
      84.24167844344458,
      91.1196121799112,
      88.20265880174706,
      90.13389840269176,
      90.14509120262319,
      86.59373171986725,
      90.91021054923922,
      91.68314067697739,
      99.74647269390017,
      118.46811196367018,
      129.33380251674896,
      140.99770036469403,
      155.40419875810173,
      166.42772571335757,
      91.40937556217132,
      106.01166033191426
    ],
    "back_angle": [
      0.48951353300482897,
      -1.513110754459967,
      -1.6573558966740964,
      0.5508882543667416,
      3.185935036297054,
      0.19812066473944587,
      -2.1987010292942735,
      -2.4983353117725016,
      0.9362265601324399,
      -4.248718597505361,
      0.038110795919604194,
      -1.9978224808262408,
      3.6790196236859454,
      -0.03639019042761817,
      4.230057278251984,
      0.15716679327121644,
      -0.34032935727735025,
      -3.3722367948106706,
      -1.2166124539997083,
      -0.048421627685706806,
      1.1441837299515005,
      -1.0045122782076412,
      1.135009763540583,
      -1.2743860278727899,
      2.6026224083718303,
      2.379849432786792,
      0.6763637416323995,
      0.39696432216087696,
      -0.24280117801420903,
      2.0818168831730244
    ]
  },
  "num_frames": 30
}