{
  "exercise_type": "bench_press",
  "form_score": 69.23789215691262,
  "form_quality": "fair",
  "risk_factors": [
    "moderate_forward_lean",
    "minor_form_deviation"
  ],
  "recommendations": [],
  "joint_angles": {
    "shoulder_angle": [
      88.14126757880956,
      87.04277669609286,
      91.70727269667272,
      88.2414530128471,
      88.90900535991338,
      93.62492820648575,
      88.00087779534971,
      88.2917429735978,
      88.80296732784137,
      90.14658051866309,
      92.39103031839254,
      90.313941053977,
      89.81826471623994,
      91.69837114933972,
      90.54104876086686,
      91.54974312977582,
      89.1919306697973,
      92.91620265655224,
      92.00855348088214,
      89.88613075288521,
      91.30751693101661,
      92.75778999296351,
      90.75528769130418,
      89.7948781578346,
      85.25328571061591,
      89.8081717666165,
      86.98117442969199,
      93.02228349807719,
      92.9712930913183,
      91.32059218269295
    ],
    "elbow_angle": [
      78.10199049147622,
      83.55655828184008,
      76.27874095757808,
      71.6501929187645,
      69.43954996502161,
      70.54967237526215,
      62.39684799130559,
      64.57711615268936,
      61.072240177579744,
      57.52424155908583,
      53.11930058553446,
      53.88011189299686,
      46.54771703572122,
      46.80748999589954,
      36.89724062925122,
      33.96341082838649,
      43.34892730648312,
      50.26462745204663,
      52.629243823471676,
      55.82088539638407,
      51.14208053642997,
      52.2002130720827,
      64.09598369789055,
      61.52484577826132,
      69.25909231680069,
      66.78988195980106,
      69.10363382605415,
      68.77881576534487,
      76.05411349993788,
      87.46943971406073
    ],
    "wrist_angle": [
      176.48960818184725,
      180.5173547885038,
      178.2677727457777,
      179.33419970287562,
      181.3188938238303,
      185.9841042204552,
      183.4601671725846,
      181.86238500862711,
      181.58820454578057,
      176.58007628531377,
      177.79687623722728,
      180.485581828274,
      177.5917619949997,
      177.7499014987738,
      180.57605888345736,
      179.38173982050677,
      175.85659191094572,
      180.6971479084316,
      178.70258212070252,
      176.98070579193413,
      180.6474116750048,
      180.3073738843886,
      178.32651275113207,
      182.89615880762457,
      178.15862349794503,
      180.29667349326522,
      178.4253915981266,
      179.7668760778707,
      179.15704204348768,
      180.93674175402552
    ],
    "back_angle": [
      10.151874199014939,
      10.692988983547346,
      10.969189292296873,
      3.589442940968866,
      8.609532650565834,
      13.823377282025902,
      8.555439578184538,
      12.374001361325801,
      10.241040307884631,
      8.844483171748637,
      5.635041954819048,
      13.399758469261386,
      10.291498904620774,
      12.320509193295742,
      8.695989106818907,
      6.704221747481853,
      10.018197245271473,
      7.941426720044211,
      13.333695172312764,
      12.77830683714306,
      13.769599651649015,
      14.771962524670176,
      5.851684299169615,
      16.99260680679881,
      10.355399591944607,
      9.531577743185778,
      6.801565639161865,
      14.570075287679423,
      14.246846789366561,
      10.042211188922014
    ],
    "hip_angle": [
      87.47473118664387,
      84.96880590794413,
      91.7490975004437,
      92.33408548100101,
      91.08291204845611,
      91.05487514502691,
      89.40035341917569,
      90.2347261485618,
      89.03270721642365,
      86.14421353303364,
      88.98487023739077,
      87.60656941537327,
      90.12945686421638,
      87.92816236298073,
      87.40774165342975,
      87.46526352585232,
      87.1494476106512,
      89.29197950500627,
      88.10029240957326,
      91.33118207829382,
      92.77399407633321,
      89.3791257925238,
      87.89132115294429,
      90.90164782585235,
      90.24420517555738,
      87.66302369583947,
      90.7885056067228,
      89.93943749713112,
      90.70733768403001,
      90.15550057043674
    ]
  },
  "num_frames": 30
}