{
  "exercise_type": "squat",
  "form_score": 98.42689860867193,
  "form_quality": "excellent",
  "risk_factors": [],
  "recommendations": [],
  "joint_angles": {
    "hip_angle": [
      179.73081586776266,
      179.6898367267627,
      182.09967594229093,
      180.1900639068106,
      178.61637458672647,
      180.53166920988187,
      180.26887637729794,
      181.90765229409632,
      165.62220853814958,
      156.0497093644248,
      140.8064473641544,
      131.01625222823694,
      113.91170380419945,
      102.02358604987539,
      90.39126768517244,
      87.61590617493275,
      90.3284248431458,
      89.74301124520022,
      93.48329074722781,
      92.07982445006664,
      90.1919028557982,
      89.38843426819417,
      102.54334065210394,
      119.63949727976485,
      129.8572776728244,
      143.49416853680898,
      153.1347899122954,
      169.15040693278934,
      90.97133430285405,
      102.45836976217412
    ],
    "knee_angle": [
      180.10793492143108,
      184.1263019519018,
      177.625833084601,
      178.69524490731402,
      176.84521453097275,
      180.93490222205395,
      181.33459126052838,
      176.95783188828028,
      168.67284975137952,
      158.63427782390005,
      141.11947997517987,
      128.0509836185756,
      115.91169759562206,
      103.9278505512951,
      87.46808996032098,
      87.65350409439006,
      91.71461558879798,
      91.21194283337304,
      93.61272366180911,
      89.60777677625816,
      88.26918645449564,
      90.78965714592633,
      101.40515156047265,
      118.10195734287855,
      128.64449860361538,
      143.96207571034253,
      155.50895015800234,
      167.98278312020867,
      89.39537527384111,
      105.20773149508294
    ],
    "ankle_angle": [
      90.87019902810553,
      89.49731079089887,
      89.50327039695102,
      91.69039387317027,
      88.7304232315248,
      88.84794329744184,
      90.29864569507068,
      89.88316539993694,
      83.59539498741542,
      85.41591136644087,
      81.31977295317549,
      78.1940428945106,
      76.12936307015639,
      71.78909396991813,
      72.50909878439731,
      70.44459112736605,
      70.50786689331395,
      71.13225181864968,
      72.06340483364708,
      70.91541522197129,
      72.38024925159316,
      68.32241016411044,
      72.92424639994188,
      75.94528600956272,
      82.06673833252565,
      81.09346950883376,
      85.7286421762271,
      89.7332326884187,
      69.45346069382686,
      73.79188917955871
    ],
    "back_angle": [
      1.7995715340059417,
      1.3505595557772803,
      -3.0670283085597196,
      2.0705866192906504,
      -2.163982305406613,
      -1.438805059525649,
      1.9526705304335268,
      2.146459450364277,
      -0.9397077360042602,
      -0.3793062529473637,
      -1.3258023190363097,
      2.8417456301104287,
      -1.7478491383272547,
      2.8492624845772467,
      -1.2807200667459087,
      -1.2500978923306165,
      1.2240043446015274,
      -1.5473734979202962,
      0.2208158757754118,
      3.733617590141976,
      -2.0475705732513787,
      -0.07215566727209247,
      -2.6574706215444266,
      0.38466218096625043,
      -1.601349301664942,
      -1.252156446152592,
      -0.3952556139608302,
      0.018389825637604437,
      1.573579486599172,
      -1.8740679412145684
    ],
    "shoulder_angle": [
      47.47718348701767,
      47.0984650333309,
      43.44846447145974,
      43.0635032867504,
      45.04411131294457,
      42.100190714127805,
      47.34742186258503,
      49.75657863436728,
      46.394096630798046,
      46.665432775718294,
      44.77572435557506,
      42.995434791432196,
      46.108460579130664,
      42.8117967572135,
      42.966949311307665,
      44.51492222153775,
      42.94941281165821,
      42.78418549911435,
      46.139978659821786,
      45.4583348541086,
      48.72575372412666,
      42.79989637655761,
      47.85656083951793,
      49.38597316603751,
      43.983168920041216,
      43.14511965587659,
      47.974193844066086,
      44.18763853186497,
      47.587176099194956,
      45.68133945288133
    ]
  },
  "num_frames": 30
}