{
  "exercise_type": "deadlift",
  "form_score": 93.64419190093429,
  "form_quality": "excellent",
  "risk_factors": [],
  "recommendations": [],
  "joint_angles": {
    "hip_angle": [
      40.74564225986416,
      45.08760308066158,
      43.055983814357695,
      47.66071122582802,
      47.0377349792349,
      43.84550662050531,
      43.508775350749374,
      43.42613076903584,
      45.623696942984864,
      41.957949933705066,
      44.08995023017953,
      58.939299813698696,
      72.57846582489852,
      84.63207231265103,
      100.05402133497793,
      111.1356172522042,
      123.76316882574437,
      139.60615266974034,
      151.85629920955228,
      166.69830246640163,
      178.96822241837648,
      166.24562101995465,
      154.97060236324566,
      143.10430299094887,
      124.15813128117885,
      116.64449427437978,
      97.7755969690224,
      86.4428311552053,
      73.77812893307637,
      60.65573243428575
    ],
    "knee_angle": [
      87.59554636309355,
      87.4573599952312,
      93.12640606864207,
      89.7707450211579,
      88.8027594282538,
      90.97834164186145,
      86.7482807756862,
      88.63884386916837,
      90.5948963314281,
      89.45491613256834,
      93.30832698895813,
      95.70128014938373,
      105.91590200920857,
      117.32654691836679,
      123.05005881009349,
      133.4484889231013,
      145.32479930110324,
      156.53405611459405,
      160.72488259972914,
      177.24347686956972,
      179.77178616160222,
      170.4647154525979,
      160.74812482279415,
      152.3743707772276,
      143.76976274348854,
      138.85331095423484,
      129.8542584559198,
      116.86334218121777,
      112.79920721988314,
      101.32939065020929
    ],
    "ankle_angle": [
      92.42103397517309,
      93.50946029214074,
      89.82162469766968,
      90.7329331029783,
      91.17160462137909,
      91.29022692857103,
      90.35558571737295,
      91.63865882443535,
      95.54459963716363,
      86.3124077246752,
      90.05456007923958,
      89.35991313802818,
      91.27730208957199,
      89.10343342789452,
      87.51645474574629,
      90.43203645222079,
      88.90909477977956,
      89.8641564825047,
      88.50691526067655,
      86.09449615404641,
      91.54055584529418,
      90.65669391027626,
      87.48163053012344,
      88.66330906324443,
      93.48420000558879,
      88.66983264665932,
      91.6933605783999,
      90.0049456889773,
      89.72250350298368,
      92.33381473551886
    ],
    "back_angle": [
      -0.23553469450751108,
      -1.3249465776553129,
      -3.661625222089389,
      0.32884299384534593,
      0.18095002958154502,
      -1.2324004049665118,
      -1.1535608304490927,
      5.5149231801291165,
      -2.382065440505954,
      -2.0003898305976677,
      -0.5491295447023247,
      1.6776138597425279,
      -0.5760801618769527,
      0.07786970488526848,
      0.39107676944089154,
      0.7608637124392733,
      -1.4829683007768157,
      1.1079629937770534,
      -2.7968599799020044,
      0.6983793232152024,
      2.2797735998791544,
      0.12318147112876711,
      3.9724315156097254,
      -1.6175233513865543,
      -3.2149020461821083,
      -3.815767411198332,
      2.5948833355571206,
      -2.7976342627561555,
      1.9574144903302555,
      0.9911327573576915
    ],
    "shoulder_angle": [
      89.18003502416572,
      91.26536308692407,
      87.4662703204911,
      91.89572525213563,
      88.66943920494114,
      86.48486257554426,
      90.69089672652338,
      88.95268673537166,
      91.2551432724308,
      93.45470097031041,
      92.3569876841331,
      88.1336032527544,
      87.51358913656091,
      85.53424037476304,
      91.28848461270151,
      84.59171679236533,
      88.17997565353929,
      88.45276906241187,
      88.18151484620577,
      90.26251039348787,
      90.13703735226932,
      90.13308259281457,
      92.1834657541224,
      90.52081718447349,
      87.35405385761234,
      90.13604310944777,
      90.291850289737,
      91.02724995300944,
      89.37961358780375,
      91.33685699016178
    ]
  },
  "num_frames": 30
}