{
  "exercise_type": "deadlift",
  "form_score": 69.05502698634972,
  "form_quality": "fair",
  "risk_factors": [
    "moderate_forward_lean",
    "minor_form_deviation"
  ],
  "recommendations": [],
  "joint_angles": {
    "hip_angle": [
      46.44630348828654,
      44.85759036508366,
      46.86826239077638,
      42.453320066334115,
      43.73805008320138,
      44.04248422562329,
      46.24085616726041,
      48.07833222552878,
      45.580688270784286,
      46.873713974475024,
      44.069845374555854,
      57.542240299796354,
      72.53634504963617,
      89.77051312025529,
      100.59123401020364,
      108.52800872969979,
      125.84705906413382,
      142.39711253132575,
      150.58854366178147,
      165.26208922287913,
      181.31015116156212,
      169.02919696257823,
      152.8246217083897,
      137.69379867971182,
      125.96025656534087,
      117.13573303583892,
      97.29601773081977,
      83.89810012245384,
      69.09701081686225,
      57.92136835880686
    ],
    "knee_angle": [
      91.4676299142097,
      89.76925826547917,
      88.5037321158998,
      90.73420465683795,
      91.19073303045053,
      90.41235130455048,
      89.45505480533765,
      90.65225945045466,
      89.40122118181641,
      91.09243881056678,
      87.71990368227729,
      100.93240428734663,
      111.77372053702449,
      116.20431901278282,
      126.61748461235173,
      134.7692957775177,
      148.87023768619807,
      154.34933614918836,
      162.9400544659135,
      169.52195204231796,
      178.85030913421605,
      172.4311119201963,
      164.0720405948188,
      153.65606417896046,
      142.7220090670906,
      138.7040983902867,
      124.31833277477595,
      119.24512011146354,
      110.10536450917242,
      98.43284767446758
    ],
    "ankle_angle": [
      90.77459304573036,
      87.11934812670958,
      89.16489451695854,
      88.00254218521859,
      91.03646099666844,
      84.61351716681037,
      90.47639487389664,
      93.75056408471853,
      89.53025868742115,
      88.91716509934304,
      88.39801432719615,
      85.01243197824681,
      94.69462454287181,
      89.78258150143725,
      87.82663141693482,
      91.92353584809459,
      90.97687063506986,
      88.0092422810319,
      89.3128903729712,
      90.6027184273631,
      90.66284853421608,
      91.38161058052222,
      88.35858954700475,
      88.52415220724434,
      89.29032818024466,
      88.50738171667204,
      89.3092360692913,
      89.02797287265105,
      90.45712176024759,
      90.03520214957665
    ],
    "back_angle": [
      16.23676981868882,
      13.22478872866618,
      10.777945368880506,
      13.476294113202254,
      16.475546870272282,
      13.219403309010906,
      14.418353581198843,
      16.03319846327838,
      11.953080145840037,
      17.95229040188329,
      20.761525260721598,
      12.171575728609996,
      21.21649656635451,
      17.626997125968845,
      17.65203518150421,
      12.120266437217616,
      10.876282136368664,
      16.204099932099574,
      16.057510547527105,
      17.059374906468946,
      12.98366540693371,
      10.583569987976265,
      17.316934124967844,
      19.838562143572137,
      15.698933345847738,
      13.350308460691314,
      12.209515847710236,
      10.453210852766514,
      15.839205601085766,
      13.874718343536124
    ],
    "shoulder_angle": [
      93.16699522637816,
      89.3482719221013,
      89.31649392334755,
      91.29143860738674,
      93.03966595116803,
      90.75621807945151,
      88.7463667710706,
      90.75999718949957,
      89.35314662417835,
      90.56183299499222,
      88.09955185246649,
      90.41410661147283,
      93.47347808195805,
      94.2049065876142,
      89.44847642647233,
      91.86115319113385,
      88.27074193536293,
      88.684666825196,
      91.52442208861949,
      87.00509893130614,
      92.26457270698631,
      89.7713918357941,
      86.5127925990391,
      89.79359426861781,
      92.96260919528294,
      90.85958979726239,
      93.19897565845838,
      90.04683234033915,
      89.16326572559603,
      89.28960907886037
    ]
  },
  "num_frames": 30
}