{
  "exercise_type": "lunge",
  "form_score": 78.54121180789718,
  "form_quality": "good",
  "risk_factors": [],
  "recommendations": [],
  "joint_angles": {
    "hip_angle_front": [
      180.50829348018797,
      177.0265615713234,
      177.7263421602896,
      180.3228052282566,
      182.94323970371633,
      179.17032108446932,
      183.30492142928153,
      180.75821393038217,
      167.11245627813693,
      153.1938181050718,
      141.9061992657934,
      125.60609251300697,
      116.03566088212631,
      101.20270071833183,
      90.12076704278802,
      86.16462280364598,
      93.07334081587992,
      85.1547217079417,
      93.76232178020075,
      91.51770265207998,
      85.90793971531369,
      88.20466711084742,
      101.87950216415312,
      116.25357002051997,
      130.42251584924966,
      142.85196305696132,
      154.1273815356783,
      166.2918837130473,
      92.3338443773011,
      103.45594094786792
    ],
    "knee_angle_front": [
      182.40417810460036,
      183.5164007906332,
      177.2255060050031,
      177.38831434316586,
      179.75495219643312,
      178.78988988365478,
      180.84840475954937,
      180.63493990216136,
      165.66690254805937,
      153.44209650224022,
      141.0770492636178,
      128.95439005730987,
      115.8338272308912,
      103.77317513585291,
      87.46985789821896,
      88.09014415267715,
      88.10944459923783,
      90.56628378450847,
      90.29449684036304,
      90.89638679784886,
      93.17867388500184,
      92.98116816751872,
      106.06435167049497,
      113.02188751494482,
      127.05220997167045,
      140.26349084860212,
      156.18700248078153,
      168.87086014649165,
      89.92838804396061,
      104.403467161346
    ],
    "hip_angle_back": [
      182.90913168542312,
      180.79726563426675,
      183.08532779153754,
      176.55500384209392,
      182.2976815902327,
      183.14433352149146,
      183.74925748219755,
      175.60568395164313,
      181.23396174166066,
      182.0085641088975,
      179.43429860699607,
      180.12795226547348,
      178.89190810158556,
      179.76454688076092,
      178.6334497550899,
      181.36145691804865,
      179.1938608718166,
      177.46319624715613,
      184.55430451997375,
      178.1840637102063,
      179.43945130009095,
      183.30597557702328,
      178.30390729185112,
      179.3405682268525,
      181.62561246846795,
      179.52475595137813,
      180.1218133700308,
      180.57591328477048,
      181.8020466929272,
      182.15441238096503
    ],
    "knee_angle_back": [
      180.74992365784718,
      182.68043528797148,
      180.42900510123297,
      181.57090454141917,
      179.6555242461233,
      178.87460748191265,
      179.07863797634485,
      179.8904087492192,
      166.91348786046697,
      153.05406074988196,
      139.48960844215512,
      129.28722256604945,
      116.88586825136281,
      103.76113267243038,
      90.7016654234015,
      89.78523529213633,
      89.24278499618238,
      89.85628774680237,
      87.72969958887768,
      86.72983520821154,
      86.31064923660954,
      91.88789871992978,
      105.90235181915432,
      116.86178428991266,
      130.94838225254227,
      140.76312653788352,
      151.31264416756142,
      166.77626393605365,
      91.6583187630772,
      104.66485786651265
    ],
    "back_angle": [
      -1.4932490879321958,
      -1.6242000805335715,
      0.22342147227771916,
      -1.1717291080180774,
      2.7367009836885257,
      -2.200678998267755,
      1.1093325355172092,
      0.20409182738939155,
      2.5977210423824912,
      2.328200152586782,
      1.5320827488868558,
      -2.8540280206335726,
      3.397773117449719,
      -1.901408982487713,
      1.4323999551425624,
      -2.3365736162102015,
      0.11671197341987306,
      0.08984152813519042,
      0.844616793425246,
      2.3837043373336937,
      -0.7285210233495236,
      -0.734263093370582,
      1.2589712379352964,
      -1.7496327841233168,
      1.3511650937313384,
      1.456533582146776,
      0.11540330607116263,
      4.07570181656486,
      -1.754452853888501,
      -3.148717123890099
    ]
  },
  "num_frames": 30
}