{
  "exercise_type": "squat",
  "form_score": 62.92600343969052,
  "form_quality": "fair",
  "risk_factors": [
    "moderate_forward_lean",
    "minor_form_deviation"
  ],
  "recommendations": [],
  "joint_angles": {
    "hip_angle": [
      180.01146120838035,
      180.86185097093852,
      179.4841487061799,
      179.50251136631172,
      181.92771597135908,
      179.45594445341322,
      179.84885867715525,
      181.174056233573,
      165.87590576456748,
      153.06464605743366,
      143.27324832575627,
      125.10347415889359,
      118.54600859811273,
      101.26466135631495,
      88.57198680534445,
      90.71526034802626,
      90.19893090862894,
      87.39480049859272,
      88.64436902335626,
      92.3297457917104,
      88.77782151795748,
      89.75809655117065,
      101.71911143357303,
      115.69230364143755,
      126.9725151314792,
      143.17606866271092,
      152.85190202776087,
      168.536626965255,
      89.85987894602356,
      102.56407554421534
    ],
    "knee_angle": [
      180.0907577863963,
      174.67303187859352,
      171.05327611022025,
      176.47459339029845,
      179.34214741029794,
      179.8284382268181,
      177.64260526860906,
      173.21983598018028,
      167.57817405671125,
      150.43825853831092,
      140.26474821428206,
      123.30278219594453,
      114.18516773913773,
      99.96738366765697,
      89.01417145505488,
      83.85392154995897,
      83.55488772814414,
      87.22217871290115,
      87.93276543569507,
      82.63359801360706,
      83.46010175349495,
      81.59004495818442,
      98.87509373489401,
      107.97820452136078,
      127.62303882960215,
      131.58655902528477,
      147.3755928772664,
      160.10983121857964,
      81.0372546584586,
      100.17174445627847
    ],
    "ankle_angle": [
      90.85065675551743,
      89.77643576592882,
      91.26418157072862,
      87.97599124816918,
      92.59916208752664,
      92.5243095579059,
      91.6104651352016,
      91.40971666296541,
      85.64606044974785,
      83.64089048046714,
      80.19847945208323,
      81.36203062463561,
      73.12865922826154,
      70.31480514994162,
      68.76060226153629,
      71.871386154283,
      67.00249534147449,
      69.00824252030002,
      71.00507589578513,
      68.69477148967908,
      70.37352581970882,
      65.21328140230695,
      74.2080491331947,
      74.28721941886724,
      78.49598417572595,
      78.78484723877514,
      83.15043682340993,
      86.33085502440419,
      69.76676074894378,
      74.86314531357169
    ],
    "back_angle": [
      6.9506488288521755,
      9.68719708725071,
      4.840986205753634,
      4.429598506068173,
      13.271645205335693,
      9.201827514402192,
      6.882048742030194,
      9.645252115564976,
      14.791630967810272,
      8.945671488501505,
      8.336645929256786,
      8.92110840281748,
      12.36793410071923,
      7.102529750084327,
      10.864000206238527,
      10.450507540430392,
      15.52460176916129,
      5.332450976434611,
      13.900442239259192,
      5.268116833893811,
      13.525347189326691,
      16.7973953292959,
      5.25985886877043,
      5.026948784402922,
      7.725299151787878,
      11.063584046481168,
      15.320448007073326,
      4.474347545280133,
      9.641285022716911,
      5.663791846252053
    ],
    "shoulder_angle": [
      46.28766957220551,
      44.81975115924417,
      43.620801611026266,
      46.67717331755668,
      46.598295466599865,
      45.264514324066226,
      42.810510243676276,
      42.72396426449074,
      46.27194385128378,
      41.923279243203105,
      47.48398806556981,
      44.50429356134079,
      40.754348138921166,
      44.01217310746589,
      46.56716838168167,
      47.46907071337549,
      46.40000053070868,
      46.15150227656318,
      46.6177382211907,
      43.04080834475809,
      41.74741696421279,
      45.98839285625864,
      45.96732975606319,
      50.55494098606104,
      45.05961916139083,
      45.19716383763524,
      42.24416753753334,
      44.43144112346898,
      41.792131183537506,
      45.69011830402751
    ]
  },
  "num_frames": 30
}