{
  "exercise_type": "deadlift",
  "form_score": 83.36366052389712,
  "form_quality": "good",
  "risk_factors": [],
  "recommendations": [],
  "joint_angles": {
    "hip_angle": [
      45.28704506371095,
      47.5661874977278,
      40.269159021702805,
      45.84463275895945,
      45.2899180037011,
      45.2847112810498,
      46.52888323904591,
      42.50993791555309,
      47.56782425476494,
      43.81495752175275,
      44.513897438086346,
      58.44058374599764,
      71.62093168051442,
      80.51553526663218,
      101.62348974442557,
      116.66541087794958,
      124.5057720624418,
      139.38515856716782,
      155.62248068684033,
      165.45383929018237,
      180.13594190130874,
      171.29410638647698,
      152.1593482479541,
      140.16384143133828,
      129.0038730233889,
      111.21957024516684,
      95.432643080946,
      85.96290586483109,
      74.21090663378642,
      57.80292927503332
    ],
    "knee_angle": [
      89.0602829381117,
      86.39265406036199,
      91.26172897711602,
      89.41715978928642,
      90.20428469724348,
      87.24784643307262,
      90.12354321788008,
      84.88002608885371,
      87.55310436599726,
      87.02736476010573,
      92.48275025361015,
      98.50359652587541,
      107.5302190405739,
      111.23787654343515,
      125.68902948557647,
      131.60041432523144,
      145.42647247362922,
      155.8260678321653,
      162.86682592851813,
      168.74794321894552,
      178.6243902427377,
      169.2791476151402,
      160.81612168522557,
      150.15712142092906,
      142.19537834396047,
      135.96595914561163,
      127.60888753890264,
      117.58004832297637,
      109.1435218337831,
      101.9340882780342
    ],
    "ankle_angle": [
      88.84030289645942,
      92.03920724733943,
      91.92137869741335,
      87.34814033881847,
      90.44841831995298,
      89.26620155319107,
      88.05999454279903,
      87.08521596940739,
      90.41106475441222,
      90.48415984032287,
      89.85115049220047,
      91.25078518061771,
      88.19912645664118,
      91.43198794594099,
      89.48509662334304,
      90.06606547999395,
      92.0100270847746,
      90.09334607435731,
      88.34927546081644,
      89.11131790161454,
      89.73113905126796,
      91.5597444348554,
      89.99059431930738,
      87.14591994264212,
      91.51365301511582,
      90.80237263138795,
      89.19478573304582,
      89.64316974701933,
      88.51969575931894,
      90.86691463241375
    ],
    "back_angle": [
      8.483812974466687,
      10.253109348687053,
      3.192912478992476,
      -0.5855864395476693,
      2.1258443344888325,
      13.874387286055804,
      6.9806182982789196,
      8.12442541193636,
      3.4326430485298824,
      7.87173892353125,
      3.596686501989442,
      4.671999561892969,
      4.5934283106548754,
      -0.11416980075317928,
      -0.08376368142295276,
      3.637011422335899,
      6.0195069844565685,
      4.350147155121446,
      1.6798968440048303,
      6.373698516907496,
      2.5956780940927087,
      7.347575493135325,
      1.9856338956369513,
      9.741272498251995,
      2.8555176699932026,
      -1.549358879531684,
      7.279035346769825,
      2.795261206315827,
      10.90121187829493,
      6.185749853913974
    ],
    "shoulder_angle": [
      89.49633757627717,
      89.7145218423997,
      88.82555320930425,
      92.28981206151519,
      88.4572920206695,
      91.68079014853404,
      87.70503389961776,
      88.04270072325646,
      85.95044975398922,
      89.94695455193319,
      89.39354083711608,
      89.58268507229931,
      90.54813202131977,
      95.56340105680881,
      89.97730854123468,
      88.74715659268928,
      87.3981073564008,
      87.78511118920268,
      91.89158762125807,
      88.9798605437732,
      90.40189638633525,
      88.32423268148001,
      87.51092514116233,
      89.83069274388407,
      87.99992777120353,
      89.72072301853906,
      87.0051882526424,
      90.2515436707673,
      89.7664757356091,
      90.73382885427199
    ]
  },
  "num_frames": 30
}