{
  "exercise_type": "bench_press",
  "form_score": 72.48297754349242,
  "form_quality": "fair",
  "risk_factors": [
    "moderate_forward_lean",
    "minor_form_deviation"
  ],
  "recommendations": [],
  "joint_angles": {
    "shoulder_angle": [
      86.31889626791464,
      92.48949086127787,
      86.35887708842952,
      86.90901719253364,
      89.21725294666551,
      91.26217038325045,
      85.80795748374823,
      92.07191555193539,
      90.46563184791961,
      91.3403890827097,
      90.3459166061697,
      93.85098955838095,
      88.58364314584752,
      89.75126192140337,
      89.92733876555178,
      93.88961454740539,
      93.1876069409796,
      84.83803952050873,
      90.71671753907654,
      88.59751542935747,
      88.26516409121294,
      93.14407747179769,
      89.62753883508834,
      89.51890001416284,
      93.48440597813703,
      90.86795296556986,
      93.14643212450466,
      85.90301494518276,
      89.18702388025557,
      95.25365964627181
    ],
    "elbow_angle": [
      79.78443954060671,
      77.84080701869559,
      80.9288407012506,
      76.7682410490382,
      69.62731651204375,
      72.36014012275075,
      68.94221968485775,
      59.43966132546525,
      64.95212942591289,
      61.25878291737645,
      54.40506958442574,
      51.953255056817916,
      45.46620096280005,
      43.0421452595104,
      49.781444268219126,
      47.155992712567354,
      45.659452835228485,
      46.23308938401333,
      52.09048344090569,
      49.16330389761964,
      56.7397934332936,
      60.33495925713252,
      64.86348376284428,
      62.796511525707814,
      71.53881609146931,
      70.46329547932429,
      74.56713209493549,
      77.277622780677,
      74.6659000637064,
      79.91075337752636
    ],
    "wrist_angle": [
      180.6599724166233,
      178.57621513147217,
      176.13423434264016,
      182.0921918178425,
      180.99262357803,
      178.79135900637155,
      176.7992911489726,
      179.34129818394734,
      180.5164842934814,
      184.04738501118212,
      174.67919281928673,
      182.02771951354558,
      180.58734362362236,
      180.0217877282638,
      181.96571709302486,
      177.104465268365,
      179.13293285867883,
      181.4692494652653,
      181.59762501522277,
      181.0978434596616,
      178.47656791154557,
      178.5925121902988,
      182.77308461527815,
      180.12840194785042,
      176.84082342396962,
      177.99328373784175,
      181.344780623706,
      179.30007727143322,
      181.41027667305363,
      180.04727124073412
    ],
    "back_angle": [
      12.017582826372527,
      12.887266982327054,
      13.15814318269552,
      12.904741020734152,
      10.456677362260713,
      10.575065296190923,
      13.692382119840136,
      8.829181727077387,
      11.559910445198211,
      9.865850765359987,
      8.974687995539563,
      4.515723592463796,
      9.37858130918486,
      2.6265490775884834,
      9.49302084973989,
      7.364877369933026,
      5.512119965209754,
      9.627608955996193,
      6.228883008029709,
      13.722217185837305,
      8.412818363769647,
      10.960604254800108,
      12.007139263562717,
      15.046558620527858,
      4.895710480410132,
      12.957973133954075,
      6.6921924154932,
      8.602041582304443,
      7.152519615679569,
      15.632238562055697
    ],
    "hip_angle": [
      91.76976177721642,
      88.34412257132767,
      86.6977181258581,
      87.05890997282646,
      88.36993554064148,
      89.12044048027609,
      91.29601707673386,
      94.59682726803774,
      94.70535404668786,
      85.99582339695736,
      89.9357078565246,
      90.6923301772611,
      89.61732832644469,
      91.10897861533067,
      89.44206622570697,
      87.66772379426072,
      90.67755834028074,
      89.83812747873556,
      91.23822507839037,
      91.92633974342337,
      88.75994102899392,
      86.08712440124049,
      89.8560665380167,
      94.12077795990113,
      89.15475384881171,
      90.55741177318461,
      87.09160078808381,
      88.84722388277748,
      89.98222719611013,
      92.51166340315662
    ]
  },
  "num_frames": 30
}