{
  "exercise_type": "overhead_press",
  "form_score": 46.71950375823528,
  "form_quality": "poor",
  "risk_factors": [
    "excessive_forward_lean",
    "knee_valgus",
    "insufficient_depth"
  ],
  "recommendations": [
    "Keep your chest up and maintain a neutral spine",
    "Push your knees outward to prevent inward collapse",
    "Descend until thighs are parallel to the ground"
  ],
  "joint_angles": {
    "shoulder_angle": [
      91.56872722496573,
      95.53730633274003,
      101.58075770792841,
      102.79829835278895,
      112.6927278673144,
      121.71036963589845,
      124.87551023006205,
      132.0559278941409,
      139.08910263286825,
      143.95107216233467,
      150.3573958357095,
      158.9305728032601,
      163.05638201738915,
      166.21610014534488,
      172.4975736408601,
      177.71750366351824,
      170.75286213798975,
      169.2266772010823,
      160.49538413344325,
      156.02460431435503,
      149.94372104871988,
      137.4708456356029,
      141.0567913036032,
      130.44211190060295,
      126.70929517607303,
      115.1622144878513,
      113.47826656587611,
      109.80838062041515,
      99.98844157828337,
      97.67832181657865
    ],
    "elbow_angle": [
      87.74016627524189,
      96.4101948782119,
      103.4135343219522,
      108.38216493481855,
      115.12154289453203,
      117.31625671279504,
      125.24939215943608,
      130.28059560241078,
      138.32780779537325,
      144.2101848456784,
      148.2908225024637,
      158.45499164089267,
      161.5887313246372,
      168.18376709821953,
      171.04312697118178,
      179.11975224834254,
      171.8557915393272,
      169.65074680953686,
      163.0632783969726,
      157.33754635692227,
      151.37040873896277,
      147.25540971083907,
      139.90398214711678,
      129.76971265186666,
      128.40325807897355,
      116.82830028697754,
      114.50831586426476,
      106.78574385971147,
      99.86788535744596,
      92.86309041049105
    ],
    "wrist_angle": [
      180.1646346752756,
      177.77512057197032,
      176.95815685563022,
      181.48207129471174,
      180.3320164140659,
      176.44245179912417,
      179.9434829808787,
      186.7075657459888,
      178.46471925656164,
      179.47723470534027,
      180.27936980717595,
      178.8308558330992,
      179.29046367995227,
      177.0604682414011,
      182.93285763680834,
      180.54626856938373,
      180.36088841736108,
      182.33586782645108,
      180.06411006718412,
      181.25983355283304,
      183.76812502743198,
      177.11857402242356,
      181.5320087692487,
      181.46461432388924,
      178.51035777462914,
      176.12190815851415,
      181.58185457906333,
      179.23130427707306,
      178.35496787690036,
      181.06973789240197
    ],
    "back_angle": [
      25.505900518636764,
      23.918190597129495,
      27.53654429144957,
      24.538401784257715,
      24.98324323618808,
      21.135432704450245,
      19.776258671861616,
      27.65587183828206,
      14.954581164492923,
      19.96084815991845,
      16.037081407727648,
      19.844847863526706,
      15.582875311207733,
      17.41105490625579,
      29.623994816749246,
      20.327791466697175,
      20.685153300648185,
      23.893300122915903,
      29.33436353264955,
      17.392837873580614,
      19.18623201045554,
      21.21105500675638,
      25.8035277754022,
      20.91557873470858,
      19.700568705970685,
      18.648903214659004,
      23.226358587197964,
      27.95194526836952,
      19.352586680513404,
      22.63685162639148
    ],
    "hip_angle": [
      178.34499592075338,
      180.34125531975894,
      179.68381879229807,
      180.33489728113256,
      177.1416522509245,
      178.3105282753841,
      179.39953247181452,
      177.3794263139203,
      179.28820436600031,
      184.9688426543034,
      180.09533677340605,
      180.41523708678324,
      181.445718156452,
      181.2610928312446,
      178.8629200452563,
      180.397517643255,
      179.54503163217407,
      185.02583429748557,
      179.65053781738285,
      180.54053181238766,
      179.7029288587411,
      180.51201614063086,
      180.56199549449076,
      179.8613924925346,
      177.63047029489653,
      182.64087145916326,
      180.8919078491794,
      184.0316739521459,
      182.01019496769186,
      180.25892623731622
    ]
  },
  "num_frames": 30
}