{
  "exercise_type": "deadlift",
  "form_score": 85.18194124463679,
  "form_quality": "good",
  "risk_factors": [],
  "recommendations": [],
  "joint_angles": {
    "hip_angle": [
      46.18240536757764,
      44.81605734183295,
      46.16443286377046,
      45.749864871061405,
      43.55922534109723,
      44.62010625626493,
      46.192947856369116,
      48.39233921964106,
      44.205975503771526,
      42.55417145824055,
      45.04617983252208,
      58.377096945998765,
      71.73426557916038,
      85.5955647169082,
      98.19319914170565,
      115.1066420361883,
      127.39103289413094,
      139.3209088104446,
      150.65829480876022,
      165.4683140905647,
      183.4001802064506,
      165.77720019732644,
      153.51586966032053,
      140.395977946263,
      123.83091720292622,
      111.9754628906657,
      97.6989842269767,
      85.0543330265977,
      72.67727861301285,
      61.68562229083935
    ],
    "knee_angle": [
      89.94274687440026,
      88.85342903249872,
      89.43976099886457,
      89.71704739234406,
      90.20024338801277,
      88.98584519035812,
      88.51382686985467,
      87.94702370118905,
      91.6241001049645,
      89.80689256637177,
      86.97012750663055,
      100.28018146442781,
      105.63922615872036,
      114.12246248207538,
      124.83419804246404,
      134.94079897235792,
      142.13271720535553,
      154.09422104351722,
      161.7537268218169,
      171.6591339188785,
      183.39535844892484,
      172.52346257206344,
      160.4077959548786,
      154.7808256675801,
      141.37581161185955,
      132.99397045423592,
      126.8989731107133,
      114.77977829855375,
      109.81941156628457,
      95.01007245834276
    ],
    "ankle_angle": [
      91.21914625385008,
      90.31120542049204,
      89.762580858115,
      87.6187711988675,
      88.18354320148156,
      89.52930372157496,
      90.82382317047194,
      88.47552732529107,
      91.00669207085885,
      87.41937377927955,
      87.25692337774049,
      90.11937448356818,
      89.46747019731599,
      89.04078376597643,
      88.47356289266001,
      92.65833762457537,
      88.51663726539152,
      87.86545510775446,
      90.02902683135876,
      89.61438290156038,
      88.21225728923312,
      88.91311569134704,
      88.84436836562507,
      91.23875546332677,
      87.70484763196438,
      91.29751904359868,
      90.87263205112541,
      90.89515668303432,
      91.29219418413751,
      92.1578260163885
    ],
    "back_angle": [
      0.10903992875068536,
      1.3859751361245922,
      3.375648372579068,
      -0.8107369708241754,
      1.485398520616969,
      4.982327049799898,
      5.668724000130776,
      1.7652850863412564,
      5.932973645125719,
      2.1021730733325485,
      0.20845704328366343,
      1.0941544419504508,
      6.150652459079006,
      8.897112640858504,
      4.253231937254075,
      7.930690257310881,
      4.682137401349482,
      1.7085574233770697,
      3.305915775568188,
      -2.1671279190786708,
      6.66417115812296,
      7.013561912215256,
      1.6094638962266965,
      4.372345885982551,
      7.558730064105411,
      0.5453007996116911,
      5.189736981456401,
      10.860941380162917,
      0.3518464090898368,
      2.2976579978069847
    ],
    "shoulder_angle": [
      89.96197730431523,
      89.60406283755388,
      87.36568031564609,
      92.02843052904961,
      90.78295044487345,
      84.85356893227117,
      88.86605636341022,
      87.64087322962604,
      86.2939373890338,
      92.75593249011821,
      89.1273904021397,
      91.8946086459564,
      91.18715755554118,
      90.75058600516685,
      88.09659649828887,
      89.51238606242191,
      89.22847135135146,
      90.21546324916639,
      90.00987551165052,
      87.57264104869999,
      89.49379010533758,
      94.56478952697549,
      89.5913211721707,
      88.88996423800864,
      90.20952314565459,
      92.58548409048146,
      91.5193916335649,
      91.68523569121886,
      90.61650483147777,
      89.7559835044101
    ]
  },
  "num_frames": 30
}