{
  "exercise_type": "squat",
  "form_score": 71.59472873312919,
  "form_quality": "fair",
  "risk_factors": [
    "moderate_forward_lean",
    "minor_form_deviation"
  ],
  "recommendations": [],
  "joint_angles": {
    "hip_angle": [
      178.17920791504693,
      180.05254128250715,
      183.03237643824286,
      176.91380187198544,
      178.40710553508777,
      180.33766510904528,
      180.36233706635105,
      180.73779071874168,
      169.8938895913763,
      149.97545269710784,
      142.5654670046851,
      130.1314960957659,
      117.47286021398536,
      102.91655034167248,
      88.9353037719315,
      89.3423704778875,
      87.06245974216269,
      91.33291284476675,
      92.19101337382617,
      90.48421879035706,
      88.93618220194574,
      90.46790638425138,
      106.90655228683092,
      112.39046156318996,
      128.3883600617548,
      143.80087566426133,
      154.87124025255474,
      166.63561309348552,
      90.65526610830482,
      105.02339212080075
    ],
    "knee_angle": [
      169.59250748642003,
      177.3137394022781,
      174.9740553129629,
      177.52224750358621,
      172.66541329798378,
      170.20551247246922,
      169.23550478550845,
      168.73060223603412,
      159.11797074744396,
      146.3907803677255,
      130.60646333304587,
      127.62659938362326,
      108.59178811773998,
      91.03547773048874,
      78.478073821607,
      76.32417290604748,
      80.45168669675141,
      80.8258744711257,
      87.76900200157054,
      87.69522993000342,
      87.3853383845367,
      80.69464886757112,
      94.50179837124026,
      108.78315712237574,
      125.40454465498647,
      132.93340651475333,
      153.8435807922964,
      161.04668914914268,
      79.15181647713621,
      101.57756922410931
    ],
    "ankle_angle": [
      87.38876095641328,
      84.77929971887679,
      89.11617781921476,
      92.59240811792047,
      92.12210154013184,
      89.63820628156886,
      92.37381295759683,
      90.39632071054288,
      90.25980334640747,
      84.04097576483335,
      85.20509753724676,
      78.98331389134665,
      80.3958770030446,
      75.15689087624062,
      70.51307067130583,
      71.73428954878642,
      70.56409612835013,
      69.46954749380511,
      67.83833684586638,
      70.45228586170585,
      71.04556192099,
      65.36670211488156,
      73.79723778123324,
      75.84090804110684,
      76.4161252810193,
      80.20850709583979,
      83.28202858936393,
      85.2965779942111,
      65.73245288368406,
      71.6750727079703
    ],
    "back_angle": [
      8.59044447809669,
      10.94791065288418,
      7.776291248761318,
      10.630672677746652,
      7.7395929345381385,
      11.156456642792065,
      17.51195868479024,
      7.473776983802697,
      14.655994061238648,
      7.330123730674805,
      13.91649139995078,
      13.893336017985211,
      15.841158469528995,
      12.602789964939692,
      11.000296751219821,
      8.932497301431797,
      6.524476760134053,
      5.3703081714141,
      10.254523328296536,
      11.479687747572626,
      13.622709968859478,
      8.933775010594944,
      8.131904066442278,
      16.004753709937038,
      13.139669256687814,
      4.855617436237284,
      10.740474335286796,
      8.120396542704576,
      2.134547642824785,
      11.391454450623716
    ],
    "shoulder_angle": [
      45.87088628298527,
      44.858841644802816,
      45.433893280710095,
      48.76956701526275,
      46.53972848742018,
      43.22777375079204,
      44.029788893757775,
      44.197972539425415,
      44.05976279837926,
      44.59253152092909,
      44.17360478659126,
      43.75418540193187,
      48.52734537422001,
      45.79868217059486,
      43.765755899227855,
      46.745338382695216,
      45.80597484154602,
      46.82688406096461,
      44.843972432111585,
      45.74625382570292,
      43.70341264474227,
      46.21491327330626,
      44.680931643783595,
      41.95836562078734,
      42.489388428728205,
      43.58885329195122,
      41.527818977239356,
      43.136846383372735,
      42.71834085758746,
      48.23087365332451
    ]
  },
  "num_frames": 30
}