{
  "exercise_type": "overhead_press",
  "form_score": 43.43181322337365,
  "form_quality": "poor",
  "risk_factors": [
    "excessive_forward_lean",
    "knee_valgus",
    "insufficient_depth"
  ],
  "recommendations": [
    "Keep your chest up and maintain a neutral spine",
    "Push your knees outward to prevent inward collapse",
    "Descend until thighs are parallel to the ground"
  ],
  "joint_angles": {
    "shoulder_angle": [
      91.2161494297657,
      95.7835345971409,
      101.78892909988069,
      106.67517786460267,
      112.61295632432108,
      121.86488659477568,
      125.3143650451215,
      132.49391017117384,
      138.8768324968703,
      143.92998979306654,
      151.1031367561188,
      156.7367431844689,
      165.24388410161274,
      167.35217636914035,
      174.64095903055932,
      179.38796552896247,
      171.52037538004546,
      167.74833570537663,
      161.5757698190992,
      157.06842745111555,
      150.01369633557067,
      144.00070924065375,
      135.44811092091064,
      133.42133306510433,
      122.6678059869859,
      120.15125039765645,
      111.92399918880928,
      111.70333251649853,
      107.89615888850209,
      96.35438379094828
    ],
    "elbow_angle": [
      89.3176267651622,
      96.36130805956284,
      103.22981124915971,
      104.75789804173706,
      116.2248019594346,
      120.33090446277028,
      124.65287229874491,
      132.9370256604856,
      140.2146042561554,
      145.36639439392502,
      149.23722393367686,
      157.75761700293518,
      163.59059713690718,
      165.4237684758344,
      170.24286605068284,
      180.42886363781057,
      172.59277454378739,
      169.22206204889224,
      160.75250436634119,
      154.62905566080303,
      151.26938323194068,
      147.3987249470409,
      141.4411468462259,
      131.44465330607196,
      121.4693680729673,
      119.94552597873975,
      113.10507026285441,
      110.21231026453576,
      100.75332253383277,
      98.15672905039946
    ],
    "wrist_angle": [
      182.0967846624445,
      175.92877984769189,
      178.64766183494808,
      180.38370887217516,
      180.0905004695187,
      178.18551705437827,
      177.19957721151127,
      179.115104499382,
      183.3732977555929,
      179.75920094104447,
      180.46031954234783,
      182.04859124339362,
      180.62305212009707,
      184.64046554203819,
      178.9684526775208,
      180.40314112129337,
      178.72162685799566,
      181.5435984384906,
      181.81902836249913,
      175.6905448303721,
      178.6328005116688,
      177.75312664834328,
      180.72694230682234,
      180.03007721597854,
      180.11780891102114,
      182.02055197339192,
      177.66131926963715,
      182.9337154705083,
      178.89006537979722,
      180.13167263229747
    ],
    "back_angle": [
      24.929682608361347,
      23.44309950953498,
      25.085016382984566,
      14.549253874522897,
      19.506929154235454,
      19.63582579380434,
      17.865344328785042,
      27.913521090662123,
      17.11294981690615,
      23.37507001502268,
      25.97936251829194,
      15.749769091008305,
      29.946441364269766,
      25.656383800089575,
      30.999889173864684,
      16.824032245602844,
      26.6812737529861,
      22.737989858542964,
      25.615312214523907,
      14.897093982129144,
      17.123083754776914,
      26.994821615714976,
      24.006370347258244,
      19.64241799501899,
      20.839382363514947,
      22.76794796426577,
      29.967058529836507,
      20.440398775172675,
      22.448381287610797,
      22.576038859036007
    ],
    "hip_angle": [
      178.40641763428,
      180.33228888724852,
      179.12295781496329,
      177.35046624103794,
      182.1661591836458,
      181.4635223323948,
      181.03012424435596,
      180.75993228648804,
      182.51978854874164,
      180.23417995626036,
      183.25874634265904,
      179.96852623909368,
      181.4838015161432,
      182.07680403304832,
      178.02980174509915,
      178.7777755659907,
      181.93580001886863,
      181.93621241945343,
      177.91400228665665,
      175.61326111230485,
      180.9637118447289,
      177.71749479810674,
      176.95111589159683,
      176.83818744788627,
      179.37643848067677,
      177.87966155546957,
      178.38791171075854,
      180.41779466949484,
      182.63436419573833,
      181.43229179331846
    ]
  },
  "num_frames": 30
}