{
  "exercise_type": "deadlift",
  "form_score": 30.987886747392732,
  "form_quality": "poor",
  "risk_factors": [
    "excessive_forward_lean",
    "knee_valgus",
    "insufficient_depth"
  ],
  "recommendations": [
    "Keep your chest up and maintain a neutral spine",
    "Push your knees outward to prevent inward collapse",
    "Descend until thighs are parallel to the ground"
  ],
  "joint_angles": {
    "hip_angle": [
      42.74153533375579,
      44.557866782623314,
      43.35545473678021,
      43.705133424075605,
      44.239478523592325,
      43.229571538410234,
      45.23656257692403,
      44.04047060071018,
      44.50671155913533,
      48.156910501611385,
      46.24912219479775,
      58.70345238109501,
      74.96986829276123,
      84.3029036906753,
      98.97088112379542,
      112.49499421077412,
      123.18475239442174,
      141.14253638906345,
      149.57129760742887,
      164.5436690243201,
      179.66451945688155,
      167.3246941106915,
      155.1918172891739,
      139.03376010978835,
      124.506383867513,
      113.0548791923411,
      98.4048809296611,
      85.43803587377536,
      74.26236083201168,
      61.00912604725129
    ],
    "knee_angle": [
      92.91218715178654,
      89.20853649332093,
      91.09652551791858,
      87.61840688619783,
      89.07740742550008,
      92.97073715101945,
      87.50850995755167,
      92.25759675312399,
      90.97070316242173,
      86.76228260352346,
      91.85479513644572,
      97.01522205740712,
      108.96438723557266,
      117.77808053733618,
      126.19611793529829,
      136.15655079974653,
      140.75091525437995,
      152.73687656517714,
      163.11654072739057,
      173.29541066257732,
      183.2868210158892,
      167.67795826832392,
      162.33814854020406,
      153.4475576142256,
      141.1389382493933,
      137.6752959046704,
      126.71777249118662,
      116.97271752458013,
      103.84787272152624,
      94.07958356318525
    ],
    "ankle_angle": [
      88.50480009529959,
      89.44207069749542,
      91.85344652036534,
      89.80150192029525,
      92.78066547763588,
      93.12743853196969,
      91.06718361492236,
      85.56406993173357,
      92.31836509506799,
      90.58533659114377,
      90.45156573423456,
      89.00582945085159,
      91.7767266274844,
      92.89126322771409,
      91.73956317152607,
      88.42137641983157,
      91.12649062039421,
      88.2562264626212,
      88.3375188310924,
      92.56017121746987,
      85.21901755649586,
      90.47857108410908,
      87.3274721712363,
      89.94538461031526,
      87.57342106718768,
      88.07248988106376,
      88.07464401523198,
      89.4037864208776,
      88.65196130833237,
      93.55594030793632
    ],
    "back_angle": [
      38.262895500626605,
      34.23645986914995,
      23.518451599630534,
      21.624559941007007,
      24.65688750660948,
      24.0772909851318,
      31.428506375921398,
      36.06804605158916,
      20.62700770682631,
      36.94556146615746,
      21.529448895871187,
      20.12096162300211,
      32.37803158035828,
      37.96716131563733,
      21.718472967823022,
      31.37140096564155,
      21.696587530457318,
      25.86223026181039,
      25.163911107736418,
      19.263574857515437,
      22.951869261573368,
      27.341097716770037,
      34.95324310977152,
      37.66361708785502,
      28.568955817232712,
      39.834251802340845,
      36.70270318042053,
      34.198902234922016,
      26.41393982389596,
      39.195055265772744
    ],
    "shoulder_angle": [
      90.39293047274947,
      90.71487929588304,
      91.5575470583121,
      93.8177587414804,
      91.27034904930423,
      89.68533967443393,
      92.76710677188495,
      90.08168671406645,
      91.52203646707127,
      87.99105812552041,
      91.42205099949783,
      88.99906536237462,
      89.53902460488047,
      87.85544442136965,
      90.40393669355501,
      90.42926577358786,
      87.84689351875139,
      90.06058697893687,
      89.96594788044949,
      90.62052647075608,
      87.67886021584125,
      87.21129539016626,
      89.21014960645665,
      88.56540126159717,
      87.48652301256834,
      92.0070078638514,
      92.0318032675447,
      92.79425888202586,
      90.05012394659494,
      91.71131538990612
    ]
  },
  "num_frames": 30
}