{
  "exercise_type": "deadlift",
  "form_score": 98.02058926692223,
  "form_quality": "excellent",
  "risk_factors": [],
  "recommendations": [],
  "joint_angles": {
    "hip_angle": [
      45.44761051693768,
      46.21541148332558,
      47.06173588636212,
      42.891237590512915,
      44.10132460275405,
      45.679699510203214,
      47.30418044337322,
      46.286936299837755,
      45.8168955855418,
      45.49411873638567,
      47.76558973160234,
      60.47572494757937,
      72.7172120936396,
      83.51928924664705,
      99.73435140587861,
      112.137729552367,
      125.92076603062296,
      140.30778288843717,
      152.64820266234764,
      167.48289739130058,
      179.75665002868556,
      164.63598724315563,
      153.10931698772026,
      138.41887242790827,
      125.809466766527,
      112.6787738304303,
      99.20264823118632,
      87.69547290827497,
      74.45354684688421,
      55.26077543922664
    ],
    "knee_angle": [
      88.55024249842779,
      92.92296228428548,
      91.77773718397671,
      88.44117954656227,
      88.33362060206011,
      88.79412157036327,
      90.58143665484616,
      89.33711983123538,
      90.75431605571174,
      92.25674640720777,
      92.7550112123282,
      100.97440979019997,
      105.40667618084908,
      114.49138638168225,
      127.7648653229951,
      137.5845516199154,
      149.0684369455216,
      150.7713563170046,
      163.29635171091158,
      166.14252641485513,
      181.67231084415465,
      171.88941858284568,
      161.84116323245289,
      156.42646767602588,
      144.86859337759006,
      131.84414297627143,
      125.38762753004212,
      115.86562394784873,
      104.2808074362287,
      97.01292350597218
    ],
    "ankle_angle": [
      90.43921316494216,
      85.62603647358735,
      91.19415535050909,
      89.89901210052388,
      88.98455127393441,
      90.09046787430596,
      92.6007653853972,
      91.51436447589386,
      86.60401537094577,
      89.63563735832096,
      90.7273293802757,
      90.92601664907073,
      90.26235978294577,
      90.50381676909471,
      90.9232525686124,
      88.86280669767295,
      91.28852396236098,
      89.85290344612082,
      90.1222847915802,
      90.15505951820253,
      89.58196257419695,
      90.58183992263848,
      84.0111667972842,
      88.56921600609704,
      91.89147137102073,
      88.23257777901989,
      90.74943100147176,
      89.85311590684422,
      88.4167828035582,
      90.87377313446122
    ],
    "back_angle": [
      -0.9931288025340019,
      -3.4889878023083645,
      0.011440846835856786,
      -3.604885146003695,
      -2.42956704653896,
      3.539856565683228,
      2.931277408491138,
      -1.0818034874127813,
      -0.5454809852083862,
      -0.3448846888203776,
      -1.3805482811740912,
      0.9695249194160498,
      -3.410261722674256,
      -3.556269987765554,
      0.7692403711315149,
      -3.619500964497384,
      -0.916582951735313,
      2.3717749778922363,
      -3.8790276176550007,
      -0.32287366613540464,
      -0.04139253232326744,
      -2.3618972749611737,
      0.06364777545740856,
      0.34447402245231007,
      -0.9312557148635949,
      -0.3027814761111605,
      -0.18095476727257068,
      0.3462856286299364,
      -5.087633907299845,
      -3.4001345651255006
    ],
    "shoulder_angle": [
      85.93181787380293,
      94.27424623644559,
      92.07993927555967,
      93.61295136746249,
      89.16172539444604,
      91.31758017199947,
      89.53280155601435,
      89.05943182726689,
      88.68843106765931,
      89.58852227081078,
      88.87223048216258,
      87.74716193305768,
      90.79213887314025,
      91.16725348511244,
      86.0343370701927,
      89.97132503386746,
      89.78733271868361,
      91.2200919521139,
      90.85008839421708,
      91.95894683454144,
      89.27194424933171,
      88.72316945363377,
      93.89230421053107,
      91.23668443053465,
      89.91491774701963,
      92.97409110736662,
      87.53856654569574,
      87.28274220906543,
      88.7506258643774,
      91.50210126451888
    ]
  },
  "num_frames": 30
}