{
  "exercise_type": "lunge",
  "form_score": 69.51438999342294,
  "form_quality": "fair",
  "risk_factors": [
    "moderate_forward_lean",
    "minor_form_deviation"
  ],
  "recommendations": [],
  "joint_angles": {
    "hip_angle_front": [
      179.52648635978437,
      181.94423974727832,
      179.10064808857453,
      178.8890089333155,
      178.76511513668294,
      178.00005839343152,
      181.10615264966606,
      180.1308457540412,
      166.8984678039504,
      154.89728186946564,
      140.99910440481943,
      125.6635660294221,
      117.04751550571565,
      102.87028024971458,
      89.91037807619615,
      88.9410063858988,
      88.35247083307885,
      87.35110053615222,
      89.13625733319925,
      87.61141321589538,
      90.53262081294531,
      88.05388317670811,
      104.89405449982902,
      117.76129325748573,
      125.25731011505265,
      144.35786771829703,
      156.37255508277198,
      168.17406744077863,
      89.0723893410811,
      102.82177294742647
    ],
    "knee_angle_front": [
      183.49740808271525,
      179.31520567266688,
      183.34642940947958,
      182.9177557917127,
      180.66002628902837,
      183.2381485508684,
      180.97224684151658,
      180.04536365697754,
      165.744864856927,
      153.0381291280174,
      137.93387715194189,
      129.0656002548718,
      117.25836223925312,
      105.43687449345089,
      91.2349483432521,
      90.6750947370456,
      89.34453840781127,
      91.04838595868219,
      90.1391824958453,
      91.20566364302604,
      88.9390991960139,
      89.32470387963725,
      103.41836209364352,
      119.72563622414465,
      128.16406180975247,
      142.20384601766145,
      156.74487194070463,
      166.7206162538271,
      87.96761026277964,
      106.73922449778281
    ],
    "hip_angle_back": [
      179.79920021382827,
      180.65310311024487,
      180.02850504681493,
      179.94481202228982,
      179.37320415169214,
      181.48553456659107,
      180.19254120171044,
      177.07479930907505,
      181.8320160423584,
      180.32077614117682,
      181.09369165238027,
      179.80544514914345,
      179.5909929219128,
      177.99503027658113,
      177.26679206588568,
      179.6173178812442,
      176.20362144207672,
      180.4914872927836,
      180.83305201541907,
      179.9059441525257,
      182.35265386770553,
      179.7563034160165,
      179.74160986012245,
      178.56450720222728,
      182.5971636711936,
      179.07865893417954,
      178.25413815147039,
      181.09094085343705,
      182.82334171929247,
      178.88177582430225
    ],
    "knee_angle_back": [
      179.91189332059187,
      180.52812625305043,
      178.65662797857217,
      182.3013776341468,
      180.02154688977208,
      180.20165013378156,
      181.3958336960311,
      182.28328204513954,
      168.70460299641977,
      154.8691137586976,
      137.49040622711686,
      127.62903742089757,
      115.10516529672486,
      108.14691102980623,
      92.01121219761814,
      86.03769257135949,
      89.16554950132485,
      90.42807604228285,
      94.363167882898,
      91.6149417034045,
      89.13976873884316,
      88.95304991767114,
      101.80221602882946,
      114.07175791821844,
      129.13568616892397,
      138.24060198754205,
      151.47599916296107,
      168.9363113009356,
      90.58817641707266,
      103.2492888139615
    ],
    "back_angle": [
      9.71377543905824,
      8.279168985875149,
      4.885844632578529,
      15.402183391379298,
      5.961777001456706,
      10.939063000769465,
      13.90724808235596,
      11.177505207446627,
      12.109719249455605,
      7.317151899917011,
      7.200994581748374,
      15.209839607421921,
      15.420179794050574,
      6.009336458962977,
      17.84179290000176,
      14.737350559294189,
      14.110883943090013,
      3.038106898086418,
      9.48627810539226,
      9.405085676898908,
      16.952634834282662,
      15.480176883835018,
      9.039504128862461,
      16.53147475017842,
      18.094640001911596,
      12.341534620813386,
      16.872534959774207,
      8.741167974930192,
      15.54897336164187,
      9.226787274933761
    ]
  },
  "num_frames": 30
}