{
  "exercise_type": "lunge",
  "form_score": 70.3593819808521,
  "form_quality": "fair",
  "risk_factors": [
    "moderate_forward_lean",
    "minor_form_deviation"
  ],
  "recommendations": [],
  "joint_angles": {
    "hip_angle_front": [
      178.64691670632982,
      178.78270290763504,
      175.70199844033544,
      176.72513761261686,
      178.26808840489278,
      180.7213929240183,
      178.94599261936608,
      174.388884022474,
      166.60436370065014,
      153.817623164244,
      141.0788142585621,
      130.61296106985642,
      119.7722837903227,
      103.81854332508512,
      90.44339813016984,
      88.30030002380609,
      88.74497049153086,
      88.00045305139727,
      89.15261528734007,
      91.5062888167984,
      85.56773196787847,
      91.55548927489228,
      101.16406172399056,
      118.14548024795756,
      129.3418015768255,
      141.43350159745125,
      152.10949304749852,
      167.2174441292371,
      89.46574894204677,
      106.81005245708843
    ],
    "knee_angle_front": [
      182.99554231823072,
      182.36292963951453,
      182.18107139214897,
      178.33674836767548,
      179.9840817832062,
      181.00241753668195,
      179.33799238763993,
      183.50990809318608,
      169.50298389093774,
      152.66839246026393,
      142.7526952326423,
      126.6470509797981,
      117.40527330630759,
      100.462102073795,
      90.93264700677825,
      86.46163937778815,
      90.33708173389185,
      90.1009971346206,
      90.12239799342356,
      88.48183011118729,
      92.57594699567997,
      89.07433526361535,
      101.13150144874416,
      118.02883054727513,
      127.28614540697411,
      137.64228533953198,
      152.27454278804757,
      168.99517620648112,
      94.27038911924755,
      106.3762296656184
    ],
    "hip_angle_back": [
      177.56774387891335,
      183.17924388272027,
      180.47853935841084,
      180.50886559300025,
      184.09399650486114,
      185.1188752217985,
      180.48100934599933,
      178.03861142387163,
      182.09884621820422,
      177.62581047234772,
      179.5005157751242,
      177.8948985490469,
      181.73818277186135,
      177.14448516930494,
      177.56883667460477,
      177.74340233963872,
      177.9579834548681,
      174.64958140857746,
      179.00703751526996,
      176.6798753735162,
      185.74276374274336,
      177.83484924483218,
      180.3838718141444,
      177.50128316439708,
      177.405514664493,
      180.49680822969128,
      180.66967530430324,
      180.33654431414942,
      180.00679136928957,
      180.73476965647984
    ],
    "knee_angle_back": [
      181.1012433685862,
      184.08038247724244,
      183.49626799177915,
      180.75160582864558,
      180.24123886528733,
      178.34265410837773,
      181.00700169740585,
      178.52866810907815,
      166.85071710480722,
      154.2639939945535,
      139.2709188131356,
      127.81722131423534,
      113.46368750627343,
      104.61170278802346,
      90.41052177649198,
      90.14185155777417,
      91.48532325747138,
      94.07195798788545,
      91.53853923551071,
      87.17931769904823,
      90.4105125050624,
      88.4503939735724,
      100.263957646971,
      118.29980075176925,
      128.84072071378012,
      141.53897784589228,
      154.44734692333063,
      169.14381041675844,
      87.28887624761593,
      101.20797209063791
    ],
    "back_angle": [
      8.680936174989487,
      9.026796644672324,
      12.95407204148563,
      7.814326302607815,
      5.036984115903733,
      5.723278962773118,
      7.738275812991269,
      3.7183085963275033,
      12.635921300569102,
      7.805220953785063,
      14.960371401804005,
      10.613096280337764,
      10.676041234799964,
      11.176285698516205,
      10.645080823747135,
      9.97086354298593,
      8.948319258035694,
      2.2781035493091464,
      11.438574102842399,
      5.943203375570777,
      18.154872295677134,
      6.048764874161882,
      16.26730696456823,
      10.56611097778152,
      10.361510015636602,
      4.251825380306798,
      15.459189661817728,
      3.981593559068937,
      8.232273402066443,
      10.586796233660078
    ]
  },
  "num_frames": 30
}