{
  "exercise_type": "bench_press",
  "form_score": 33.43034359815637,
  "form_quality": "poor",
  "risk_factors": [
    "excessive_forward_lean",
    "knee_valgus",
    "insufficient_depth"
  ],
  "recommendations": [
    "Keep your chest up and maintain a neutral spine",
    "Push your knees outward to prevent inward collapse",
    "Descend until thighs are parallel to the ground"
  ],
  "joint_angles": {
    "shoulder_angle": [
      87.33126904254392,
      91.3896094381664,
      89.15543390594526,
      90.93630366479422,
      86.13282153356595,
      87.52755909124555,
      86.70814412251734,
      90.59071303958761,
      89.74581597381845,
      90.24609185537513,
      90.3347182885213,
      87.67047403728502,
      89.95540674848202,
      90.96443206862142,
      89.87152869857664,
      88.77683863330734,
      91.25120152294498,
      91.58006821520974,
      88.04909055915103,
      89.51060510590416,
      91.46116290887709,
      91.7006250706516,
      95.03559699306618,
      87.92443592966613,
      92.59265896618408,
      92.75070665042972,
      90.48205794062714,
      88.74763073354065,
      88.44468146361302,
      91.23121157594146
    ],
    "elbow_angle": [
      75.24987713230996,
      73.24210260351462,
      70.87362053763583,
      59.567852253512186,
      63.703505218685606,
      54.18866829074272,
      50.7245798466832,
      49.6916698787409,
      45.954067786809254,
      45.0432281037401,
      42.756449768928775,
      45.90560042991254,
      40.58892986404424,
      32.788648956619255,
      32.650600159163,
      24.508412791049423,
      30.398813702042123,
      34.99215659318856,
      33.08257933522132,
      44.747539110334465,
      45.49802571023438,
      43.71343338619965,
      58.402925592654434,
      49.39343310861619,
      56.70125631192462,
      64.73061946707854,
      62.411677895699356,
      69.01477794069612,
      70.6915527233588,
      78.03688143333649
    ],
    "wrist_angle": [
      180.7338317821984,
      179.62449000767256,
      179.98609151137939,
      175.75989767150713,
      177.76213141464822,
      179.1401153155754,
      179.7025598034647,
      177.01023162264215,
      179.28469308142132,
      178.59084029413563,
      182.42260018067236,
      178.53900182490517,
      182.1394590674401,
      178.10534997470666,
      176.0718740752479,
      181.4324383416667,
      181.1351275922421,
      176.39538851539803,
      179.92956440917771,
      179.20848355483346,
      179.80006988099015,
      182.45032958897215,
      182.2887593909017,
      181.0687513093625,
      181.92470528647726,
      182.52100408990418,
      178.03744201829193,
      181.4027754384845,
      182.20514778599988,
      179.95178202153687
    ],
    "back_angle": [
      13.884970789555396,
      17.512338201545564,
      21.525144149901028,
      23.40134044920276,
      17.24892207231891,
      22.534659733174372,
      17.962169590610962,
      23.168502161020314,
      18.120580593374708,
      20.59023178418869,
      25.148757728645556,
      17.753601060019996,
      15.426241276783625,
      20.899368462470832,
      25.914397147640233,
      16.399054799850266,
      16.354516583163612,
      21.59426106604171,
      28.44651046201327,
      22.625490411207984,
      17.277091057196756,
      16.3237838730697,
      25.999183591897083,
      20.204068363966247,
      25.607259564267142,
      17.884043854863524,
      19.94160900671641,
      26.81342430643855,
      25.15299826608616,
      31.31481989308199
    ],
    "hip_angle": [
      87.12828564253199,
      87.93497082337446,
      90.01965486611991,
      93.14060777605215,
      87.98603742862895,
      89.23991185242551,
      87.49140489112308,
      91.58449191011513,
      91.8693082171974,
      88.65013440213123,
      89.16173607349211,
      88.32616471380187,
      88.86996516631376,
      89.75781632812819,
      89.71631118898887,
      86.91781654923699,
      90.73845041769798,
      90.31628505670574,
      92.10146348108867,
      91.97410158093336,
      93.81788670216389,
      91.31200786946711,
      90.39253789352107,
      90.97889578570293,
      87.98452380109467,
      89.71006596311018,
      91.37608729934365,
      88.77145970577931,
      87.60272576277704,
      89.19505021356812
    ]
  },
  "num_frames": 30
}