{
  "exercise_type": "deadlift",
  "form_score": 48.57554547624569,
  "form_quality": "poor",
  "risk_factors": [
    "excessive_forward_lean",
    "knee_valgus",
    "insufficient_depth"
  ],
  "recommendations": [
    "Keep your chest up and maintain a neutral spine",
    "Push your knees outward to prevent inward collapse",
    "Descend until thighs are parallel to the ground"
  ],
  "joint_angles": {
    "hip_angle": [
      44.540987074241094,
      41.9614767337813,
      44.26596317445885,
      44.24684064930161,
      43.42402263553923,
      42.03672799440393,
      46.00404520174332,
      47.88904771533003,
      48.63172173229052,
      41.77548821994631,
      45.73669363450543,
      61.165182291319894,
      69.57770408429417,
      84.7181695335996,
      97.96621771117233,
      113.86794592051835,
      127.67306868125239,
      137.42705585301036,
      149.28334554635848,
      167.86422238483593,
      184.02965537215078,
      166.7137927444879,
      152.8646542954456,
      139.2330158904621,
      128.42996586244843,
      111.26316119800677,
      99.7782764957851,
      86.0167082060281,
      69.62036019734906,
      57.83540360425313
    ],
    "knee_angle": [
      90.60238843960902,
      92.468968085707,
      89.09661793268225,
      90.84539068740492,
      90.78649900611555,
      92.35268198264556,
      93.7380693280176,
      93.12758236220255,
      93.26943104643983,
      88.9108086800379,
      89.82094824508314,
      98.75512643541258,
      105.34133488715538,
      114.57541239651219,
      125.0710481208827,
      134.53528012436198,
      147.06734690097574,
      151.48733264498716,
      164.00700276365077,
      172.5757925743253,
      182.09840393855535,
      175.2153820875922,
      162.81069801596965,
      153.47808579273973,
      143.85541864570177,
      135.09667189500584,
      126.97333774772663,
      117.52015780858596,
      107.20721449484014,
      100.20875929235176
    ],
    "ankle_angle": [
      92.57749316141026,
      92.83667361242107,
      85.69386157624399,
      88.67267464513624,
      91.01969140784034,
      89.1118766148204,
      89.78901851494031,
      91.05122396648015,
      92.45040270337958,
      95.36515741885941,
      89.19746337973636,
      90.8878935476613,
      92.58768581140441,
      88.71277624795579,
      90.02849096145384,
      93.09989791032756,
      91.70160839936645,
      92.28360828223013,
      87.99845026559635,
      89.08494958417411,
      91.4399972970651,
      95.79164038124857,
      89.71122287518814,
      91.57694940566495,
      88.26285522191057,
      90.23926803639073,
      93.88661853409135,
      91.74299146310895,
      86.61373912581898,
      89.83012823612539
    ],
    "back_angle": [
      24.724887872917005,
      21.3249078131685,
      39.644133344442885,
      34.49054369408316,
      28.343965199767986,
      22.06753904735404,
      31.023262039621233,
      33.70095003535317,
      29.63568123236285,
      40.361989681188234,
      39.43229787415538,
      32.48445537928155,
      36.3152311094334,
      31.686557346451515,
      26.998164034713493,
      31.87029234363667,
      37.761313150716035,
      33.10590951517011,
      27.236276391484672,
      24.894036309143022,
      26.64341644698309,
      32.311133007504246,
      34.152709123109446,
      37.764844022567495,
      39.186602266017914,
      27.09801779435712,
      34.552262924735565,
      34.618564995526626,
      32.837455393892036,
      36.89199869916755
    ],
    "shoulder_angle": [
      90.2554266888103,
      86.61047539257612,
      92.38375633804174,
      89.19945619082401,
      90.03534136014649,
      89.26184951649502,
      89.91095915708149,
      93.90584134884664,
      89.51780260634747,
      90.89146621748992,
      89.4818140538392,
      90.46408852769827,
      91.90208404684265,
      87.51600598446652,
      85.90671624109694,
      91.9507955279935,
      88.82631765861207,
      87.28429692877309,
      87.4878226228152,
      88.49016026731455,
      89.34517910027604,
      88.41740279831413,
      90.67294350235248,
      85.89149471279848,
      92.78888127279967,
      90.97058386267496,
      87.92762684237718,
      89.14853632189717,
      90.17275914145891,
      91.64593697702395
    ]
  },
  "num_frames": 30
}