{
  "exercise_type": "lunge",
  "form_score": 54.63336945059291,
  "form_quality": "poor",
  "risk_factors": [
    "excessive_forward_lean",
    "knee_valgus",
    "insufficient_depth"
  ],
  "recommendations": [
    "Keep your chest up and maintain a neutral spine",
    "Push your knees outward to prevent inward collapse",
    "Descend until thighs are parallel to the ground"
  ],
  "joint_angles": {
    "hip_angle_front": [
      181.2140950049658,
      180.23383398281265,
      178.72847071372672,
      181.46298562913861,
      180.86359397408143,
      179.08924522199894,
      180.04225111471945,
      179.24861844345776,
      170.13573739982033,
      156.84403248534264,
      142.60661382157994,
      129.57892795678382,
      118.64246728130577,
      102.03548481618499,
      92.06697030808706,
      91.66417975614524,
      89.5108077709348,
      90.54736316732635,
      89.69724766490937,
      92.15223732094951,
      92.08073037787771,
      88.17481389122396,
      105.21978335040643,
      116.02110630545313,
      130.35323290123566,
      140.09908396680612,
      157.2373756546682,
      168.19697839935492,
      88.6147510525264,
      101.23908539797232
    ],
    "knee_angle_front": [
      170.59315786661566,
      167.78160857038893,
      167.47943922477774,
      169.9716514204021,
      164.46722868740602,
      162.70751872054308,
      160.97092341625972,
      161.6813992037165,
      149.55267475881982,
      139.83063500847652,
      127.19577720002573,
      113.93501355082917,
      101.362580954914,
      88.03362240948894,
      81.15415977708908,
      78.81835872119206,
      75.25085414199883,
      76.6097582461534,
      79.00927370232245,
      74.52765272606216,
      74.54313790315211,
      74.16417874611311,
      84.6135309146259,
      106.89410775517351,
      113.22246171204678,
      120.56866520168535,
      144.6683392793735,
      153.98717121979854,
      74.04309200230377,
      92.51398394207068
    ],
    "hip_angle_back": [
      183.03444453114588,
      179.0877787083869,
      179.22982158418736,
      178.4278692588134,
      182.82322459432413,
      179.16295570773426,
      182.2600533432123,
      182.0633879221854,
      183.47217860031333,
      178.30206974345018,
      184.13052519153422,
      180.4642339283863,
      180.25280862055263,
      180.06952212385005,
      176.08387022025352,
      179.59307950988193,
      181.78898414193458,
      179.21379202923208,
      182.89594951311597,
      178.11847228565364,
      180.5569970443126,
      179.2772552540597,
      182.2260735643504,
      183.0342216099599,
      182.97519201096821,
      177.3570159951596,
      180.44219665071324,
      176.17268278278735,
      180.8985830676543,
      184.67022999846978
    ],
    "knee_angle_back": [
      179.86243482088952,
      181.4889265460831,
      179.63832370725444,
      178.56126515115358,
      184.28213096254524,
      182.35999352652763,
      181.16423375548877,
      179.84843921343196,
      168.11049135257923,
      153.07049395840727,
      136.93256339078448,
      129.70959594059966,
      114.27587069436647,
      101.99278665447355,
      93.1461322156846,
      90.89171229604825,
      90.59923290211668,
      90.15254914325931,
      91.53760794713587,
      92.71263714416612,
      88.94467363592506,
      89.96778187921481,
      100.75565602969321,
      113.5235015313955,
      126.23695671838323,
      143.3688667927537,
      151.7443385037478,
      172.2058808114418,
      88.84262835958359,
      99.64985591069255
    ],
    "back_angle": [
      23.771134008936613,
      21.072136211007773,
      17.026989338304265,
      17.01796632732038,
      27.117428424489237,
      18.89159450468252,
      13.685178563964662,
      14.700312718567655,
      24.208607408083314,
      32.91835412823077,
      20.037273980904864,
      13.330575344483861,
      26.35231239719037,
      17.637983777263955,
      16.791665123191628,
      26.722891019690422,
      17.296768107529005,
      20.176510945698922,
      24.56831093410135,
      28.10374346894627,
      21.63717473775646,
      25.716017278173055,
      20.72298851334787,
      22.538009478688497,
      18.14816821267503,
      11.53848384601056,
      24.974585182319085,
      28.82084303999056,
      18.273526934353466,
      19.586626932279827
    ]
  },
  "num_frames": 30
}