{
  "exercise_type": "lunge",
  "form_score": 31.185298355982752,
  "form_quality": "poor",
  "risk_factors": [
    "excessive_forward_lean",
    "knee_valgus",
    "insufficient_depth"
  ],
  "recommendations": [
    "Keep your chest up and maintain a neutral spine",
    "Push your knees outward to prevent inward collapse",
    "Descend until thighs are parallel to the ground"
  ],
  "joint_angles": {
    "hip_angle_front": [
      180.55486561349377,
      177.5323032808634,
      180.62674619073726,
      179.57807560550148,
      177.4300606973742,
      179.81644651360997,
      181.19689016955255,
      182.13249227210804,
      165.94493530461332,
      150.2456106767138,
      139.9252639965294,
      125.40715731287335,
      115.63026350836766,
      103.41668474684678,
      89.27701983166143,
      90.5993666321274,
      89.81523810678638,
      86.98046046948785,
      90.91661071420161,
      88.60788029156194,
      94.08339088629216,
      88.48096510542169,
      105.15362394440606,
      116.48701425795208,
      126.06353391789222,
      141.25024627184686,
      153.23179313311977,
      167.11693952804782,
      88.6626577820361,
      102.69753931060276
    ],
    "knee_angle_front": [
      171.32140936183188,
      168.49418490837462,
      162.45191430878688,
      166.5883454235668,
      165.89013039073717,
      167.3759901959734,
      160.74386331840552,
      162.94666048366955,
      148.3045028726561,
      139.01617466077812,
      123.43066335785738,
      105.83468058446702,
      100.48093375733372,
      82.36211212332039,
      76.1212483986591,
      78.28376295170928,
      73.55479276429321,
      79.95604098416023,
      81.3880889876142,
      73.91183274989659,
      75.88784954713064,
      73.21537398414716,
      85.24290947011465,
      94.95540026153552,
      116.60637423264367,
      122.44418311419524,
      136.75748099747415,
      157.29454746088646,
      72.05036520338365,
      81.77105427902666
    ],
    "hip_angle_back": [
      178.90710853257616,
      179.55224053699013,
      181.86681566592912,
      180.71434045278681,
      177.4469389813924,
      179.61604346265312,
      181.03082446870707,
      180.21877604302023,
      177.86452185355503,
      180.29862803930936,
      182.6449437155712,
      182.61393127770052,
      181.13563494615605,
      180.4615729539877,
      179.05687607827247,
      180.16431116979572,
      177.31117605326554,
      179.72713487923684,
      177.96058701413648,
      179.18382115415963,
      181.06179383720072,
      176.15904483439482,
      183.23796084357085,
      179.69434477629733,
      180.21009171036025,
      179.76436233589334,
      180.55542633789992,
      181.54580996234014,
      180.3572317822917,
      179.38494487105592
    ],
    "knee_angle_back": [
      179.1997095237434,
      181.0301543763275,
      178.7682247760396,
      177.96851002310285,
      178.45518006084885,
      179.48944739459435,
      178.4245966876821,
      183.53961503220432,
      164.81256321185964,
      150.74582948835805,
      142.02110795427728,
      130.11739701239756,
      118.21740909768613,
      104.6047581166525,
      89.50839530175928,
      90.23889103761825,
      87.76327251133009,
      89.00798433483453,
      87.42174806613572,
      85.89495054630771,
      89.36083131054731,
      92.68823900034268,
      102.27518355894529,
      114.82881626159893,
      127.50136392068029,
      141.1075414112992,
      155.13933161698955,
      165.3379773246523,
      90.89399010959619,
      102.20904390083608
    ],
    "back_angle": [
      24.784716255393803,
      16.306309443026283,
      15.586699732567983,
      18.306163197860496,
      29.0662999672051,
      29.75017605123368,
      19.623347649693315,
      24.770022092512363,
      16.46178568225926,
      23.224724748105224,
      26.01887510211697,
      24.81146801523424,
      17.715035325838226,
      12.96503555912632,
      17.87919377424734,
      24.15135048371129,
      24.808955871328216,
      20.4245380147672,
      14.913140168823713,
      24.202849461193598,
      17.10249216422407,
      26.447089413348138,
      16.900362086935687,
      24.0815984540188,
      22.318917469893435,
      20.247262558755075,
      24.499546574574104,
      30.359663712613596,
      24.64665108348435,
      24.615377964405994
    ]
  },
  "num_frames": 30
}