{
  "exercise_type": "overhead_press",
  "form_score": 63.10654935411661,
  "form_quality": "fair",
  "risk_factors": [
    "moderate_forward_lean",
    "minor_form_deviation"
  ],
  "recommendations": [],
  "joint_angles": {
    "shoulder_angle": [
      89.9342633067362,
      94.39819759752687,
      102.69873998534501,
      107.89182854400775,
      114.00811995700901,
      119.91650779788986,
      128.13959039164885,
      129.07964221752448,
      136.51086791061573,
      145.43562613882432,
      149.68645741923956,
      157.83823127353824,
      161.57104128302424,
      167.04410642081203,
      171.5336149048273,
      179.71299322542274,
      171.29894066463365,
      167.69847662070987,
      159.22436246642525,
      156.98884569166702,
      149.06046659655755,
      142.53348632299296,
      139.5467545953819,
      132.1304310689005,
      125.7974000905908,
      119.85923732860616,
      118.69372421500108,
      110.09728661429752,
      103.23630026979731,
      92.8558190996603
    ],
    "elbow_angle": [
      92.85073357363703,
      95.54565037135548,
      102.69925847087151,
      109.7880134171201,
      112.10080410220581,
      118.76486652727314,
      125.38644014266164,
      134.0427098551238,
      137.85336751412933,
      143.29630812943927,
      151.77070136332043,
      158.76502214478666,
      159.57992101394248,
      169.12513494902393,
      169.41486282861658,
      182.10804023766613,
      173.77612527539827,
      167.76280687978468,
      160.63460479604817,
      153.15565463908985,
      149.75101362157596,
      147.00403867644425,
      138.33212169920722,
      129.8180630808169,
      126.60349013789352,
      122.31770821683119,
      111.59499923498052,
      109.64288101561044,
      102.4159974075967,
      97.04588872973311
    ],
    "wrist_angle": [
      179.08701165835734,
      177.14739528501508,
      178.69938515057962,
      176.5151024520506,
      183.62717176299458,
      178.6152606599854,
      181.03510486722467,
      182.77283844875208,
      181.19378933371584,
      180.84027658108633,
      182.12410574909455,
      178.14491027963757,
      177.86687770805122,
      184.085239758305,
      179.362434542579,
      177.47306017216806,
      181.49946584877074,
      179.82125248064438,
      178.69089874372358,
      177.6626957189755,
      179.7338035667817,
      178.78703280489478,
      178.61233790634938,
      181.41630036191552,
      182.32086679719507,
      181.18498790952358,
      177.40933085026091,
      181.66594557331067,
      178.3911597800973,
      179.54281195689953
    ],
    "back_angle": [
      14.222414173320495,
      9.828034555981146,
      9.494621089803891,
      5.985009420487503,
      13.650260534233595,
      7.507593992215446,
      6.224438804808372,
      11.677241995800282,
      10.825924157770684,
      6.929594635380261,
      13.606699274150435,
      4.474496279775778,
      8.49595618064808,
      9.045332940538632,
      7.570944001922516,
      12.281419346714461,
      9.999895412251247,
      4.322045261426707,
      14.545127067968814,
      8.273627730805286,
      8.142487676816174,
      4.399862528388546,
      13.300779216407442,
      8.126426165760698,
      15.187645859070289,
      11.323770641409315,
      15.899287320854452,
      5.1368577673085145,
      3.326897779996593,
      10.31983930884396
    ],
    "hip_angle": [
      179.45850351429084,
      180.73230688848466,
      176.81879126901669,
      183.83948705830258,
      181.10723741844183,
      182.36651045514546,
      179.96870423786626,
      180.38522719006534,
      178.37200678319107,
      176.0153678244775,
      182.54418681310312,
      180.9302563813147,
      181.62752483073848,
      178.3408489901041,
      177.55504140809373,
      176.27351851598647,
      182.0600506958189,
      180.5008681889633,
      182.37923492240094,
      178.24994955717244,
      180.42158481644074,
      180.33523279294906,
      179.46005963797526,
      179.62558011604287,
      177.5283206386051,
      177.99084527955566,
      178.9014883642446,
      179.56705937074454,
      177.7688308450467,
      179.73587192644547
    ]
  },
  "num_frames": 30
}