{
  "exercise_type": "overhead_press",
  "form_score": 36.06986858411308,
  "form_quality": "poor",
  "risk_factors": [
    "excessive_forward_lean",
    "knee_valgus",
    "insufficient_depth"
  ],
  "recommendations": [
    "Keep your chest up and maintain a neutral spine",
    "Push your knees outward to prevent inward collapse",
    "Descend until thighs are parallel to the ground"
  ],
  "joint_angles": {
    "shoulder_angle": [
      87.40151153681984,
      93.65561733166795,
      102.51040039548887,
      108.77320658357142,
      117.37879587190973,
      122.74803283393886,
      129.34724510643787,
      133.37106700008704,
      135.4402132998561,
      145.58096106520483,
      152.43614857636777,
      154.5025325329443,
      160.32964849766714,
      166.53279727394164,
      172.95847479112396,
      179.97524153320063,
      174.40703854663826,
      169.14863839408474,
      161.69005831453953,
      155.87927281399263,
      151.4581075552307,
      142.3535470106214,
      134.6260020184617,
      134.00147373904585,
      125.77000145920518,
      123.12031909038649,
      112.87577994561684,
      105.29094311620949,
      102.34856397428074,
      94.44699874728796
    ],
    "elbow_angle": [
      89.96234671673987,
      97.00614289983935,
      101.83441628876304,
      108.90583266809695,
      115.32306691645753,
      117.49687150685708,
      123.51446092169137,
      129.9219346373443,
      138.17587690567132,
      145.20457318768572,
      144.87746760624069,
      157.70207686698046,
      163.32739722818542,
      165.2100749540947,
      177.32247191883795,
      183.08253848397507,
      172.44819815107059,
      169.70090374063994,
      161.11748720009342,
      153.41365675513342,
      150.07009659731258,
      145.46219691249138,
      136.76276256737225,
      132.11160610436568,
      127.31626679043887,
      122.24325540716686,
      113.1142470025798,
      108.5713824140669,
      103.0193039483347,
      97.15937302165915
    ],
    "wrist_angle": [
      180.00260852846785,
      178.67651752545163,
      179.46600573025842,
      178.73334111152738,
      182.02131643679823,
      181.8662959168805,
      180.19479555277522,
      177.501470146044,
      178.8749043135369,
      180.77558828323657,
      180.15648229668682,
      175.17379299934635,
      180.3553031578445,
      177.77880356486736,
      183.1046195435604,
      179.84351179727707,
      181.23067263036063,
      178.2854917389396,
      179.6401783565187,
      182.76832404677464,
      182.14617429883958,
      178.76919016709226,
      176.69945258206383,
      177.24819521073604,
      181.72071121120106,
      183.55080485772916,
      179.22607580825314,
      183.69545849944393,
      179.76574265496177,
      176.7447820873904
    ],
    "back_angle": [
      21.663106273827346,
      21.4925780947818,
      22.909038733712734,
      21.128163241373425,
      16.46188299809835,
      32.221606134397135,
      21.769357478672493,
      23.089103521526848,
      24.722611318585596,
      30.55399345244202,
      18.081260685229807,
      26.538167581433303,
      24.506507947981923,
      23.75673567309726,
      19.64754395483723,
      15.245180339024467,
      27.348106554637944,
      14.583282860634329,
      15.646692236642288,
      22.293864505980803,
      17.541289260778314,
      16.713793873082555,
      20.328929382210028,
      20.627161109181127,
      16.827792689581262,
      30.080841595536768,
      26.457467276992965,
      26.4200092992647,
      27.507274811665962,
      29.756006691462137
    ],
    "hip_angle": [
      180.32983346252516,
      179.11695148533337,
      180.78526345196408,
      178.95022007318414,
      181.48079563633905,
      179.97171778558814,
      179.00490718901443,
      182.04754631052344,
      182.87928112797994,
      180.51187541813647,
      177.69134563733525,
      181.32102197357437,
      180.4754142022989,
      179.2719856126197,
      185.98041343857523,
      182.19850226953736,
      179.63139369978452,
      179.48767319605918,
      173.7693892732005,
      180.91960148274455,
      179.677014589128,
      179.69947635635074,
      178.71197523586105,
      181.28395642135035,
      181.9473804655113,
      179.066123502647,
      179.15510477282305,
      182.79908308253164,
      181.9083174604975,
      176.52809432190472
    ]
  },
  "num_frames": 30
}