{
  "exercise_type": "bench_press",
  "form_score": 51.91687616202824,
  "form_quality": "poor",
  "risk_factors": [
    "excessive_forward_lean",
    "knee_valgus",
    "insufficient_depth"
  ],
  "recommendations": [
    "Keep your chest up and maintain a neutral spine",
    "Push your knees outward to prevent inward collapse",
    "Descend until thighs are parallel to the ground"
  ],
  "joint_angles": {
    "shoulder_angle": [
      91.64018997915744,
      92.34499269385557,
      87.57907519077091,
      89.62178017085802,
      87.428941738691,
      88.31037124236481,
      89.4596670026566,
      88.87811361876444,
      93.08493760872669,
      86.87411284879123,
      89.12427774936452,
      90.62484073166138,
      88.6175797464766,
      91.95359152707579,
      89.39384381719522,
      90.53579731320647,
      94.05700293259484,
      91.5522773612739,
      90.65133363574753,
      90.51106847038656,
      88.71416128728838,
      91.36358133355853,
      89.36213125165575,
      87.71121941608743,
      88.32412722227511,
      88.10207442931477,
      93.68811619377166,
      93.23761485797893,
      93.19998619427624,
      88.79203445034271
    ],
    "elbow_angle": [
      77.25057267148043,
      70.47337467289294,
      75.60136883334842,
      64.94826469330629,
      64.9525885874609,
      55.52506455688808,
      59.966910636804016,
      52.789318512568414,
      53.38330861400347,
      48.57140858009405,
      42.10168959866672,
      44.315475019478896,
      35.12655129796135,
      41.18198825017928,
      35.36559621258983,
      28.016885705231516,
      29.683905944758003,
      39.728141743613094,
      36.22598330236185,
      37.99456524393987,
      48.43728951966332,
      46.40035382280649,
      47.483855211463585,
      57.98856923985021,
      59.56624016581721,
      63.9998911329505,
      66.66958210134982,
      62.480711483813664,
      69.00639762838877,
      72.83085332419965
    ],
    "wrist_angle": [
      175.75829400979632,
      180.27822117301923,
      179.09512533492708,
      180.01498240012987,
      179.77820646118076,
      181.2332672141908,
      179.6273282610795,
      179.72256455574956,
      184.69336466883047,
      178.19951101418943,
      182.0159241880849,
      185.0014227155054,
      181.68359944707655,
      181.35298459997014,
      180.56699540843428,
      180.30880672245627,
      182.0768846903593,
      177.51008199724834,
      177.76689950764234,
      180.84776114907424,
      183.8745143502351,
      176.95947328906365,
      179.89644635923923,
      181.79110864727937,
      182.21391490064048,
      180.47709654861146,
      179.19752466140315,
      180.29810702354578,
      178.71781712271337,
      179.80390203909448
    ],
    "back_angle": [
      26.53910377195351,
      23.24377246972697,
      23.656048004490675,
      22.68704692626536,
      23.35171131883884,
      22.66569856639415,
      23.963445041873445,
      17.644820999000768,
      22.58497855215332,
      25.982050214316647,
      20.589193410586432,
      21.618596475732534,
      26.6850870280813,
      19.806999968548887,
      31.534052491644793,
      28.616482762845763,
      24.360553176421455,
      16.104377171354024,
      22.06008185685573,
      29.730664643998736,
      34.038619779025424,
      30.370043486189108,
      15.570299196494638,
      28.609684925756806,
      31.474472357582194,
      21.15757675896465,
      18.907859046967477,
      25.424087074109394,
      15.43563779142719,
      14.01734971595077
    ],
    "hip_angle": [
      88.15663597556679,
      88.53561574537738,
      90.21992283470267,
      88.70906681253308,
      84.88535612465536,
      88.65947843534016,
      88.6320092182069,
      92.67243563372485,
      93.64710795843001,
      93.6434975054636,
      90.46281630956668,
      92.24596969129146,
      88.28097931531796,
      90.47015545234612,
      93.36046486549668,
      88.53736321111762,
      90.12775466995464,
      85.9375035341389,
      90.3170593500873,
      87.44883749225126,
      92.20843173172858,
      90.19927496112777,
      89.24268753991346,
      87.66914463537668,
      85.28636240531502,
      90.24481623814961,
      88.57047565026568,
      92.52756252373345,
      91.0025038120386,
      91.81074165775328
    ]
  },
  "num_frames": 30
}