{
  "exercise_type": "overhead_press",
  "form_score": 34.058359458822395,
  "form_quality": "poor",
  "risk_factors": [
    "excessive_forward_lean",
    "knee_valgus",
    "insufficient_depth"
  ],
  "recommendations": [
    "Keep your chest up and maintain a neutral spine",
    "Push your knees outward to prevent inward collapse",
    "Descend until thighs are parallel to the ground"
  ],
  "joint_angles": {
    "shoulder_angle": [
      91.03029097653547,
      94.80859772681313,
      99.08508999035178,
      108.50999361180325,
      115.58165360421471,
      124.92136512608971,
      123.96909907170948,
      130.55296566073736,
      135.827125041018,
      144.04042808912843,
      146.83667218583213,
      157.34710095351554,
      163.6454651717281,
      167.10697723769368,
      176.01030254763512,
      181.52059066360707,
      174.98601808390163,
      169.7591711448221,
      162.65517999877153,
      157.7942978275631,
      152.91709475214932,
      144.80739032152135,
      137.05150034083098,
      128.04265051031058,
      128.09966465972406,
      118.23579019482851,
      109.82433958918179,
      108.37169310376413,
      102.54225542817285,
      97.28929827090484
    ],
    "elbow_angle": [
      89.96140995244073,
      92.60283017683024,
      101.35721729216618,
      109.36860562722764,
      116.92158823747606,
      118.81914084002736,
      125.62660835616757,
      134.03444157181187,
      138.17121805567746,
      145.11430548440353,
      150.12247044680416,
      156.00579793051568,
      162.68880172402075,
      166.29635952310534,
      174.4180081261621,
      181.12220025950927,
      174.7983755594189,
      167.84357680597765,
      163.5984348567943,
      156.01052205181713,
      147.3750159020868,
      145.0427152499653,
      139.38539206107131,
      133.12580803155646,
      126.41289977113016,
      119.51023391659173,
      112.645800869175,
      107.688356534855,
      101.18440217926337,
      96.83528896788933
    ],
    "wrist_angle": [
      180.9985763861901,
      178.06680536979601,
      179.4202151710173,
      182.83189300507155,
      179.36553969349725,
      180.6890024563627,
      178.78040874974366,
      176.9729577036639,
      177.92012220786347,
      182.66865081371506,
      178.98625310801225,
      178.78136018346532,
      180.9270307835757,
      179.55181196322897,
      181.16492216474006,
      179.71514745033394,
      184.0915315236656,
      178.53492376835652,
      183.10138230656096,
      178.71683270616677,
      177.579760946947,
      177.7311896458164,
      178.9491243582821,
      183.0051245505447,
      176.42237657537524,
      176.7293060448341,
      180.16238856916792,
      179.11184023299248,
      181.19840646821672,
      179.35299107522127
    ],
    "back_angle": [
      21.292456948622114,
      20.85638923831501,
      17.67144303452293,
      25.24660445891013,
      14.306748673746633,
      21.704109251663624,
      23.593868990598455,
      26.589411740706396,
      17.694906992561577,
      31.524261587816966,
      17.60432432170354,
      23.076167512697314,
      13.953541229058024,
      29.51627636932212,
      15.343177306199511,
      27.364826451343724,
      28.310940914627754,
      24.307593046166488,
      26.970905015065902,
      18.881769462770254,
      23.81801115804741,
      26.994752617710713,
      25.15614226784634,
      14.731040657531327,
      16.676042714997838,
      18.958998592989584,
      19.98993719087636,
      23.252882750411786,
      28.831824217117116,
      28.70296031236744
    ],
    "hip_angle": [
      179.01150935099886,
      179.58910527473415,
      178.12612836733373,
      179.87904488209733,
      176.90870380449596,
      178.3228379424581,
      182.0036742175118,
      181.1961164875309,
      180.61916751964662,
      180.64385907139464,
      181.55079512938738,
      178.58410527938454,
      182.65528508888735,
      179.07384613028623,
      181.64959744819433,
      178.92759032412155,
      182.35771246847654,
      182.17631563286395,
      181.08088867607157,
      178.52728714564716,
      179.37533761227752,
      181.99053766044602,
      183.2855213252823,
      177.64239356680488,
      184.03126601731978,
      179.5402716576299,
      177.71515147972954,
      181.3288209474653,
      183.03988000469784,
      182.04222664896284
    ]
  },
  "num_frames": 30
}