{
  "exercise_type": "deadlift",
  "form_score": 90.4290028383655,
  "form_quality": "excellent",
  "risk_factors": [],
  "recommendations": [],
  "joint_angles": {
    "hip_angle": [
      44.27681965914379,
      44.21380529989013,
      42.768901335000734,
      42.36002216761586,
      45.2964696522942,
      46.5565197989025,
      46.985414432421024,
      44.55926994874953,
      45.941363396827725,
      47.24508575107744,
      47.353092324587166,
      56.5342336140226,
      72.93901416292499,
      86.51823101093751,
      99.76289966652654,
      111.52311430577014,
      122.43858529075345,
      138.46803441761844,
      153.50308153939483,
      164.62618549356154,
      176.02637182399465,
      168.54259860917196,
      152.00760837215654,
      139.0869667956834,
      125.635954533515,
      110.99761537533327,
      97.41383141901689,
      86.41472975334867,
      70.23136182326432,
      59.478770507570026
    ],
    "knee_angle": [
      91.80907311292765,
      90.11314843253743,
      90.20748657372961,
      89.04393402217796,
      93.44917271954843,
      88.51762876278906,
      86.20901222785133,
      91.9629652614787,
      87.65800627264062,
      90.40512228352073,
      92.22511624639638,
      98.72236650094754,
      108.09858859350645,
      118.33338403609571,
      127.51141520076851,
      137.1369436221608,
      143.8168024581349,
      155.02193031396095,
      157.06212660223645,
      173.17144721294756,
      180.20570740876,
      172.37454515359178,
      162.09074537896288,
      153.38837191663973,
      142.86276218713982,
      131.68421658238975,
      122.15380926468758,
      118.30811828432849,
      108.89636049391129,
      97.22276453123466
    ],
    "ankle_angle": [
      93.01469304614325,
      89.38085312956983,
      89.98290192336567,
      90.81714208750891,
      86.51596437881835,
      88.80750011714755,
      88.4289667364142,
      91.70578917543331,
      91.44229156113465,
      90.37638716121857,
      92.03562733564794,
      91.33591471646787,
      89.46956259048329,
      91.19165854808324,
      92.02721759415178,
      90.9388642234721,
      89.15667683728643,
      89.05519209448474,
      92.30909337994831,
      88.5210617243152,
      90.46250227752263,
      88.26415229806254,
      87.19941653899504,
      88.74831498423836,
      90.01987933977817,
      94.48361766819147,
      89.47301561957029,
      88.88453585789959,
      89.67801007737813,
      86.93546387870153
    ],
    "back_angle": [
      -0.3738167760552867,
      -1.307623219003383,
      -0.3302682100126492,
      -0.46354251363919297,
      -0.2115012361171167,
      1.1275333353870767,
      -3.099644572354171,
      -1.4841021105227519,
      1.7805542024086154,
      0.2724118551313192,
      0.005946263823028509,
      -0.21931139968138202,
      -3.579799068173588,
      -0.1916112360109263,
      -3.182460939893891,
      2.865132438209302,
      -1.3175709999176208,
      -1.1140768989467422,
      -0.27089703873023446,
      -2.540680247341302,
      -0.17007329739436783,
      -0.3653659458358423,
      -2.5374870987927305,
      -2.6669374368592265,
      -0.6576398685647877,
      1.937749360304445,
      1.571884218844961,
      -1.9887723273787652,
      -2.6978380799352473,
      -1.298019145695743
    ],
    "shoulder_angle": [
      92.31675445265064,
      89.84578186317883,
      93.17650952845567,
      88.48273392331298,
      88.79743118351958,
      94.6169041580001,
      89.16686815312595,
      88.99444654699874,
      91.35025745244663,
      92.84055345808905,
      89.46807566788618,
      90.35285822592719,
      91.68257930299238,
      88.12913426244543,
      88.54956555008482,
      93.14052568574488,
      88.54772571856869,
      89.43007673925588,
      91.01470676706188,
      91.59901680589225,
      88.17662848311409,
      85.54406723534332,
      93.48755050364429,
      92.54042432979475,
      91.18911694290064,
      91.36198121521207,
      90.3437168130306,
      87.57594837851991,
      88.1546781999265,
      85.12169548213741
    ]
  },
  "num_frames": 30
}