{
  "exercise_type": "overhead_press",
  "form_score": 52.298852177722026,
  "form_quality": "poor",
  "risk_factors": [
    "excessive_forward_lean",
    "knee_valgus",
    "insufficient_depth"
  ],
  "recommendations": [
    "Keep your chest up and maintain a neutral spine",
    "Push your knees outward to prevent inward collapse",
    "Descend until thighs are parallel to the ground"
  ],
  "joint_angles": {
    "shoulder_angle": [
      89.11172534691921,
      95.49658382389454,
      98.6668670435825,
      110.01674561023479,
      115.29267381570035,
      119.81606634342384,
      124.84287592252463,
      134.48265053001842,
      142.17604793428393,
      144.56076516312623,
      154.4186666562391,
      154.17857419670398,
      159.29058526463012,
      169.61606756803027,
      174.06664606609405,
      180.98354150975536,
      175.20313467605897,
      169.07476385134945,
      163.61968282965682,
      156.05705127828372,
      151.54557928569085,
      145.95195341869783,
      134.76591686075034,
      132.765479384746,
      123.68153190017888,
      118.5341195616431,
      113.47587369940656,
      107.32266320711283,
      105.90360067551654,
      95.95218059099327
    ],
    "elbow_angle": [
      90.45751933577779,
      96.66240410732884,
      100.72090354822268,
      109.6196369701946,
      114.73902309690796,
      122.737718801823,
      124.54388069351346,
      131.4221606608035,
      136.7818739030431,
      142.2721121751194,
      152.0927443774138,
      156.0943133148984,
      161.65195573577452,
      169.58642987618765,
      173.44589916514167,
      179.89910901122454,
      176.15901541569747,
      164.902919195091,
      166.06351536533202,
      160.139803834977,
      149.69511525869243,
      142.2564204824195,
      135.26804145548275,
      129.0081091099994,
      125.37693036048971,
      122.1100681012217,
      114.37492320411528,
      109.0356213896618,
      100.57211541893231,
      96.6227435912316
    ],
    "wrist_angle": [
      178.15717962684215,
      180.21031192119887,
      185.53461051173986,
      178.4956380333351,
      180.13287846282842,
      180.3735591194912,
      180.94051802694278,
      180.11581448188318,
      183.21013984756036,
      182.26030429398165,
      182.10670032438674,
      180.16711296589966,
      178.97434597987657,
      177.00226015954985,
      181.84009742995858,
      180.97003067603782,
      177.85623518583733,
      180.74125300213674,
      180.2453774617812,
      183.48206956658476,
      182.61082324540496,
      178.867256616253,
      181.3074874402401,
      177.8230569741315,
      180.07553647070483,
      181.0551506596583,
      181.70415156873324,
      180.74438938380342,
      181.73480739279208,
      180.0267067246458
    ],
    "back_angle": [
      17.911424303654435,
      23.396840356166557,
      24.919884102380895,
      23.50550829452317,
      18.806628187462266,
      21.933081656227692,
      28.688551889405495,
      21.582920146164454,
      21.019359776099197,
      30.915157085367383,
      23.405406698910323,
      12.905895315136275,
      16.078970333409757,
      21.38416040532878,
      14.811342905388072,
      23.404340429928794,
      26.25129888553244,
      19.635463933137288,
      16.08517315198037,
      21.159536723066147,
      17.127109730993475,
      19.465245925401693,
      22.201580484282562,
      18.562422026488104,
      26.27571214085996,
      25.86173367627618,
      23.244624847482783,
      26.175588267170415,
      28.17299470536703,
      15.300278327101841
    ],
    "hip_angle": [
      181.05532402773179,
      182.55123822801409,
      179.97190973322446,
      179.95523314133732,
      182.22227327407117,
      175.3154390886339,
      180.04894990752317,
      180.01900344901253,
      180.56706747525755,
      180.09016755574703,
      180.54540534206393,
      180.67612216195374,
      178.7696655901074,
      182.30176728763402,
      177.9293657348726,
      179.16316662927161,
      175.59355528267554,
      181.7512256361208,
      177.9669869675026,
      177.72241699701547,
      176.5804391511522,
      178.58480199492823,
      182.00468942021072,
      178.21627560629918,
      180.3975952784857,
      180.09679371291813,
      183.18847781032426,
      181.83800869745656,
      178.1689438707776,
      180.6846809815163
    ]
  },
  "num_frames": 30
}