{
  "exercise_type": "deadlift",
  "form_score": 39.07959739315525,
  "form_quality": "poor",
  "risk_factors": [
    "excessive_forward_lean",
    "knee_valgus",
    "insufficient_depth"
  ],
  "recommendations": [
    "Keep your chest up and maintain a neutral spine",
    "Push your knees outward to prevent inward collapse",
    "Descend until thighs are parallel to the ground"
  ],
  "joint_angles": {
    "hip_angle": [
      48.89512920431928,
      41.896083331305164,
      45.53197055553821,
      45.344799462719735,
      44.64228704085866,
      45.156383823658096,
      45.4102263771905,
      44.293318210689584,
      46.0256016302837,
      43.58556623075596,
      44.198685968803865,
      56.97820862542609,
      72.80337288483081,
      86.18139126213482,
      98.39274124333333,
      113.0161006798888,
      128.9004723174171,
      140.54376446304224,
      152.86431356450657,
      165.9582672375465,
      183.63972983366924,
      165.45717404336673,
      153.02571915475545,
      139.59868783864468,
      126.76693516381361,
      113.42722327373446,
      95.04255389430362,
      84.72342505587838,
      72.09085096606988,
      59.357783519242425
    ],
    "knee_angle": [
      89.10527831307353,
      92.50950308721085,
      91.25034757508962,
      92.8629268931747,
      89.09298178362518,
      89.33218594010145,
      88.97406496630961,
      91.91512676849528,
      90.93889021895824,
      89.49178154434296,
      91.64648331565708,
      99.12161055156604,
      107.88412674676674,
      116.82313855937741,
      126.81911717362954,
      133.13298080262012,
      145.88706565486635,
      152.50263780376756,
      158.73188565208483,
      167.75240078066375,
      179.36448086836558,
      165.36476390512922,
      164.8540756847143,
      153.10445712005153,
      145.48681772864302,
      139.2191757143561,
      125.95906246043519,
      121.18166121806668,
      107.86930913262202,
      97.62494522701434
    ],
    "ankle_angle": [
      87.87473001906409,
      93.27791721717685,
      90.2686249083521,
      90.5950246388098,
      90.63328074350983,
      86.69316597115164,
      89.13651412641224,
      88.57381754636654,
      88.76485262878423,
      89.57536223640093,
      90.3101984025097,
      88.42631455629868,
      90.34148541601914,
      91.30089434609414,
      94.42555669450961,
      87.50267146345634,
      93.12073029963909,
      90.79915809865011,
      90.00579043451133,
      87.57868816295147,
      90.55027262661643,
      89.70643695600728,
      89.34125395696124,
      89.30193175512052,
      88.52318042182841,
      91.73353188721971,
      89.09883070927964,
      92.21512433538342,
      87.45209821319234,
      86.85031013943888
    ],
    "back_angle": [
      41.641567988804105,
      28.29041035940306,
      28.414114791943668,
      28.321856252617298,
      23.776326107321925,
      28.39650702627865,
      25.028965645764487,
      37.3781351434021,
      23.686388064019262,
      21.74472686504285,
      23.012551421471677,
      37.56728562893741,
      27.253299803219043,
      36.18756459975833,
      30.31769078736764,
      23.43184873281314,
      26.776803335983384,
      31.5364345245219,
      40.372354379520225,
      26.396223109131945,
      32.1387779890211,
      29.376334428095106,
      35.142132083625775,
      32.25162318122239,
      26.99163407972679,
      28.885937271237587,
      36.97943998137628,
      32.54840742182809,
      39.57980608286818,
      20.043805974067944
    ],
    "shoulder_angle": [
      90.01385846490138,
      93.92086190500633,
      88.13565620235238,
      90.57596494562283,
      89.25771658165237,
      91.43193144086744,
      88.98189580540708,
      89.22229537363165,
      89.67942496461364,
      92.43738506952916,
      88.5675673973472,
      88.34572709589622,
      89.41139146226476,
      88.81806591706734,
      86.39484937256088,
      91.16212086838055,
      91.95619532564292,
      90.52706014845599,
      93.98973255326666,
      87.78379149033447,
      88.77827253429031,
      90.83161177842776,
      89.4980040559924,
      90.04504161597607,
      91.42746255431916,
      89.61812608768192,
      90.13665522555573,
      90.28450727242254,
      93.32302787391536,
      93.96789305434784
    ]
  },
  "num_frames": 30
}