{
  "exercise_type": "squat",
  "form_score": 51.42873137762705,
  "form_quality": "poor",
  "risk_factors": [
    "excessive_forward_lean",
    "knee_valgus",
    "insufficient_depth"
  ],
  "recommendations": [
    "Keep your chest up and maintain a neutral spine",
    "Push your knees outward to prevent inward collapse",
    "Descend until thighs are parallel to the ground"
  ],
  "joint_angles": {
    "hip_angle": [
      181.76898705003308,
      178.33160130943972,
      176.75296115865999,
      174.4397707229518,
      179.69424848425916,
      180.2511868078128,
      182.60155427780586,
      179.1630698961604,
      167.97471548670217,
      151.95289178163378,
      144.49078958242853,
      128.22375106789914,
      114.98719740823668,
      101.51319846912047,
      89.60345305995911,
      90.46280163788826,
      89.19371069204205,
      92.3193791738224,
      86.56274961367136,
      90.62085777027826,
      89.93233375859951,
      91.99769049259513,
      98.7550078360141,
      118.54047980544583,
      130.8182589614998,
      144.07171462227424,
      153.72606268595888,
      169.58628731523464,
      91.55821151980656,
      102.73603579140112
    ],
    "knee_angle": [
      166.38259362395038,
      170.98295467490186,
      168.50578154130926,
      172.28079653725032,
      167.85405008070762,
      171.12604463137106,
      167.84687713399686,
      170.9572607199855,
      152.3679738588276,
      148.88760821288574,
      133.52215434505734,
      116.27557232270689,
      103.65152186574863,
      101.02006133759289,
      73.50097362549891,
      81.49061279052862,
      82.34813772005661,
      77.67122449094008,
      75.06082315440784,
      81.81117163656133,
      78.63420230213372,
      83.06600125340103,
      94.33153383765668,
      102.86755614151733,
      118.5282520120551,
      129.64451469737924,
      146.10012434044216,
      158.74637439777092,
      76.5866704756093,
      90.16670117712333
    ],
    "ankle_angle": [
      95.08433736448235,
      90.17691592887458,
      90.75442919018522,
      89.35125663772594,
      85.76557124672726,
      91.43312589689883,
      90.91083118786827,
      93.6371568736536,
      86.46288946767264,
      82.15620616554915,
      80.96790092969941,
      76.06616602022973,
      76.36894125690404,
      76.90077421389475,
      68.08123995804941,
      71.16613716080418,
      69.97427621234282,
      69.33083748478397,
      71.17520104235774,
      68.11752400248838,
      70.81930511032618,
      70.69551402064536,
      72.78195712940813,
      79.21980710360211,
      76.7404498949518,
      81.10023081212123,
      85.18852003916837,
      90.29772821713675,
      67.87687877210264,
      73.44369899322373
    ],
    "back_angle": [
      27.409256841867425,
      22.6754192882364,
      24.002111475854836,
      27.1795691373632,
      23.15407581123075,
      14.928980720876543,
      12.185562180199238,
      14.016747965238203,
      13.681323452307723,
      17.76996891865204,
      9.173260889921842,
      19.516728868115553,
      17.37574660128411,
      11.87038971550663,
      28.627155948085246,
      17.542321276357406,
      24.205112426397676,
      31.087888484523845,
      14.91839539426023,
      13.548542318382655,
      15.919907496704894,
      14.387271825847703,
      22.368435913572743,
      10.770111769896735,
      23.12312600330559,
      18.80910529681203,
      22.739479986241992,
      10.380149510583719,
      17.517018429709495,
      28.932334360615393
    ],
    "shoulder_angle": [
      45.04916825907091,
      42.96670763810131,
      45.43937708801211,
      47.90056699440577,
      46.45308561637013,
      44.349825027846364,
      48.15339177489762,
      43.0239364687253,
      47.099419000097065,
      41.085255928430584,
      41.6139800416617,
      47.48037983542133,
      42.104478816134346,
      46.86163020724507,
      44.86143800214789,
      45.99858813230383,
      44.464251802328405,
      40.70758622552936,
      46.42035197525515,
      45.90227501976532,
      43.071212187674746,
      43.8419471932756,
      46.51115733150013,
      46.9020060072116,
      42.65350084650306,
      46.516114996256896,
      41.9957500434904,
      46.360210075127775,
      44.80717428594689,
      50.93584326361625
    ]
  },
  "num_frames": 30
}