{
  "exercise_type": "squat",
  "form_score": 49.29015331364754,
  "form_quality": "poor",
  "risk_factors": [
    "excessive_forward_lean",
    "knee_valgus",
    "insufficient_depth"
  ],
  "recommendations": [
    "Keep your chest up and maintain a neutral spine",
    "Push your knees outward to prevent inward collapse",
    "Descend until thighs are parallel to the ground"
  ],
  "joint_angles": {
    "hip_angle": [
      182.01032950614146,
      182.68081928783494,
      183.28646728598392,
      179.07517143076734,
      179.13768412322827,
      181.9402000389361,
      181.22747994058022,
      179.10277795819226,
      167.45466758306767,
      156.0170326818734,
      143.59806782646848,
      128.16463248276926,
      118.38476787089434,
      106.26288040126866,
      92.0058672799503,
      89.08855742767906,
      88.93637373602273,
      89.65122259836859,
      91.942943124144,
      89.87532887974872,
      90.80151571881306,
      90.89448201666406,
      101.08944675100396,
      113.13160077851045,
      126.38123273164292,
      138.47993903573794,
      154.07515312852692,
      166.8624803926969,
      88.06344318753854,
      103.76134822874532
    ],
    "knee_angle": [
      164.39339950209305,
      170.08032701568754,
      175.32991252381262,
      172.9903349119351,
      164.41274051959115,
      172.51068079980837,
      164.82887987730462,
      173.13867927553974,
      156.85550531649784,
      137.90083799478606,
      129.8737925254334,
      120.35760673200329,
      107.61071575039956,
      94.08461805819533,
      81.52923684672713,
      77.2939270873005,
      76.59380804894084,
      83.83860346393806,
      81.94950736709498,
      78.07633313483166,
      79.39827459729386,
      78.71986986054614,
      87.81600371658237,
      107.47825712534863,
      119.05213635786967,
      131.10372507694936,
      142.33187194833798,
      155.49088150198705,
      81.09828319878453,
      93.7904032209858
    ],
    "ankle_angle": [
      87.98879414359257,
      87.83709593167278,
      86.75548396294582,
      88.47010979146403,
      89.02070775010937,
      91.48422161903054,
      86.42319326210666,
      89.94335296292552,
      90.31019703881768,
      82.57693650995654,
      79.63046500217567,
      76.58677026463639,
      74.4207211982384,
      73.40240870421404,
      68.75577635231056,
      68.14124039283203,
      66.57021848625683,
      69.78459868268276,
      70.2376468717244,
      69.19752136892355,
      69.08233440745065,
      69.18214922902304,
      74.1097490395906,
      74.05021433278012,
      79.25308201852663,
      81.31347244361119,
      81.65562298249469,
      85.98364820170069,
      68.79966889310711,
      74.69878986741129
    ],
    "back_angle": [
      24.342480349294092,
      13.479262695965309,
      28.690832388016,
      16.826834191086874,
      5.946863504336265,
      32.16284406310287,
      16.32211417641443,
      15.484346715064909,
      13.652261486655133,
      18.5660214237652,
      28.502795422648596,
      18.134073345128908,
      26.162116655493783,
      30.407880916539458,
      26.337574615728432,
      25.594616758975185,
      30.559592142613415,
      23.410175057860865,
      23.034037629337156,
      11.727279601789698,
      32.54880811665544,
      20.066953210478648,
      27.428676378058082,
      12.604557793619664,
      24.491412132030558,
      18.67470009466441,
      20.83047488512283,
      9.091426856359128,
      14.263125484616705,
      21.77024445042721
    ],
    "shoulder_angle": [
      44.68939606155168,
      45.60519745179538,
      43.28971771322317,
      46.6197292534766,
      41.33512833211589,
      43.081603713051436,
      44.25247169774311,
      43.833601280122664,
      47.50411611816644,
      45.87982362996353,
      44.18808389189767,
      46.45562510879716,
      43.94140662340402,
      43.43445737011869,
      44.689524811322585,
      46.86021239210508,
      45.49544432723142,
      45.094025597712594,
      49.653386331811625,
      46.83015009881602,
      46.89053116738173,
      44.6577384465012,
      41.56717581741109,
      47.518588208948835,
      49.211567410390316,
      42.70455632892483,
      46.293542337007395,
      41.122120715495235,
      43.09150149511216,
      43.64522337145618
    ]
  },
  "num_frames": 30
}