{
  "exercise_type": "deadlift",
  "form_score": 52.46298410940956,
  "form_quality": "poor",
  "risk_factors": [
    "excessive_forward_lean",
    "knee_valgus",
    "insufficient_depth"
  ],
  "recommendations": [
    "Keep your chest up and maintain a neutral spine",
    "Push your knees outward to prevent inward collapse",
    "Descend until thighs are parallel to the ground"
  ],
  "joint_angles": {
    "hip_angle": [
      47.195615170178414,
      46.558256033128565,
      44.55754613132285,
      41.37358020735363,
      43.110844392824895,
      45.913229741671095,
      44.45288466863947,
      47.122689357259596,
      46.80875903992007,
      44.261567586566954,
      45.671147808313464,
      59.13892329518047,
      71.05053128543125,
      86.262730030369,
      98.7775303668839,
      112.9255044139515,
      128.57039215781205,
      138.721323646011,
      152.52676783001718,
      164.07616593017633,
      179.7808277055698,
      163.57036430159553,
      153.33919869478925,
      139.64927871438016,
      128.424571111301,
      110.33778815874922,
      99.3310276905477,
      88.54097153155138,
      71.95883116499611,
      57.32850332938576
    ],
    "knee_angle": [
      86.04348019068104,
      88.16169200041679,
      89.2231689491606,
      88.4745685348811,
      90.90727048753129,
      93.80329204909222,
      88.70710109953657,
      91.82111481448256,
      85.32985994021067,
      88.51790980448583,
      89.97369551693318,
      96.90149028611295,
      110.10431633974505,
      115.36983664663255,
      124.27361533094086,
      137.53200718594425,
      141.04968541429463,
      155.51460780287124,
      160.4451827741573,
      167.25801163149202,
      177.3059111290088,
      172.55197546699975,
      163.8185033032268,
      153.51585795475472,
      142.72650355583332,
      131.54229188432134,
      126.09158255530319,
      117.21287469849503,
      110.71661156114675,
      97.31496718373714
    ],
    "ankle_angle": [
      93.37587852151195,
      90.83182772971541,
      87.572490096487,
      91.28795096915272,
      88.9092788375556,
      88.59147115368441,
      89.19816427538892,
      90.7844067706179,
      93.12443191608091,
      90.85629433650517,
      93.43530166770562,
      88.52741438781715,
      90.36820784164406,
      90.4218920353527,
      88.37791188219603,
      86.48576096874312,
      88.47550232328906,
      89.96759258795947,
      87.7280377050046,
      89.43848817228304,
      88.7152322039834,
      87.97279199983251,
      90.43183295885488,
      89.22868404698295,
      92.19748836346832,
      84.4966110187557,
      89.95306798636865,
      91.40860843591433,
      93.53061698752627,
      89.025272027834
    ],
    "back_angle": [
      30.40069009629136,
      22.62366614105884,
      31.945687113296092,
      26.449710063158303,
      24.212833782289866,
      39.256225578578594,
      25.12106498693104,
      23.945146814412222,
      38.509579710310206,
      28.252637056085714,
      32.4452918206863,
      34.94061042053853,
      29.31436757279196,
      22.642366434694935,
      38.87289100476295,
      23.325796709986893,
      28.57800368311047,
      22.77627473744748,
      28.70534215985129,
      36.2218207615985,
      23.041836447883234,
      30.29298854506863,
      28.362293228673465,
      38.40826888091327,
      37.116448961752475,
      21.776431761198356,
      31.53109033264296,
      37.66542977665064,
      32.5480981957609,
      22.179399403398
    ],
    "shoulder_angle": [
      95.66539944266962,
      92.94603267269402,
      89.9328738369925,
      93.5245607059652,
      88.84153688975366,
      89.83933829880506,
      94.1890523197137,
      91.23425316625776,
      89.647144206441,
      88.00273137831455,
      89.40809722672978,
      87.32110389788582,
      90.67351420154763,
      89.82821168133754,
      90.21331031943812,
      90.29011515855824,
      92.80018601069823,
      89.8146113488122,
      90.53664922299399,
      90.58740102887158,
      93.45903471539701,
      92.82107884521113,
      92.99170896665062,
      88.40658336384101,
      88.99585314902062,
      93.5524796052738,
      90.97880852647211,
      92.79506033045092,
      89.25159178249373,
      89.07280069385922
    ]
  },
  "num_frames": 30
}