{
  "exercise_type": "squat",
  "form_score": 67.66470453910193,
  "form_quality": "fair",
  "risk_factors": [
    "moderate_forward_lean",
    "minor_form_deviation"
  ],
  "recommendations": [],
  "joint_angles": {
    "hip_angle": [
      178.3882160542957,
      180.51589507321123,
      180.11883811926782,
      180.915519661138,
      182.54202614645206,
      179.5461288965841,
      179.09579352003098,
      179.55179890115792,
      166.8254996731599,
      152.7205606657197,
      144.49686899733328,
      130.71212007878353,
      115.37716703875304,
      104.83991498226459,
      94.72841192648328,
      91.8679882949285,
      94.85699186661363,
      88.5073363790419,
      89.70296051176595,
      90.39493218317602,
      93.01627500583801,
      91.14533999839486,
      103.93922659403091,
      116.3651889137983,
      132.29055343095143,
      143.82265465234252,
      153.43690933703016,
      167.54767396200864,
      87.11613452293258,
      101.84672172989386
    ],
    "knee_angle": [
      167.57004540221672,
      169.67819802787952,
      172.427964383858,
      170.04802058385312,
      173.512269178547,
      171.75098339824925,
      178.06601945362556,
      170.15920037731885,
      161.047157077359,
      152.93463359446133,
      141.48398229272217,
      126.51342663721522,
      105.78537069324229,
      103.32481517509352,
      84.52605299211162,
      84.74519841050306,
      83.0214374196976,
      86.26053703462523,
      90.67455313463597,
      87.6794729151157,
      82.22510395087774,
      85.87327685418914,
      99.92525252595081,
      106.66742723038848,
      126.06564686406705,
      131.82096788666834,
      146.04241362274877,
      163.65527579271586,
      87.57308221804811,
      95.70880930226343
    ],
    "ankle_angle": [
      89.40806677169093,
      93.62483854089511,
      94.00671181441083,
      90.38215591103368,
      89.22009220674832,
      88.64909565514492,
      89.76921883683424,
      89.49656942347397,
      85.42836355492645,
      84.13587104782735,
      80.87775730173244,
      80.01998108922581,
      77.92264757273668,
      71.82416357283947,
      71.48913648164614,
      69.61035073532713,
      71.33632003515638,
      71.53056536182906,
      69.7847412974929,
      69.3351459321657,
      69.46477488351844,
      72.39220533884007,
      73.59778201307273,
      76.43185711627974,
      76.91021794995007,
      84.11975740563547,
      80.41241025395858,
      87.01093788341639,
      69.94232695453942,
      72.98905972926848
    ],
    "back_angle": [
      13.099633423192996,
      10.611651641581037,
      12.21652528827929,
      8.40870845202205,
      13.020337781087498,
      13.602117405808007,
      10.197019085942618,
      11.206825662929605,
      11.544134791722264,
      11.100015053114475,
      12.813059433790821,
      11.783676557154305,
      6.657209085556439,
      13.367165165472171,
      9.064852770913697,
      9.782396529020428,
      10.571970602089008,
      13.118029629389383,
      12.534288079261009,
      6.30458230480037,
      12.887298651404281,
      8.586798404424139,
      12.075198682276499,
      8.671837965913817,
      8.849862350134742,
      6.748357247868944,
      9.089246130654333,
      14.294988491941684,
      13.083734267101162,
      12.03138380277876
    ],
    "shoulder_angle": [
      42.78901963647759,
      45.75116084299111,
      43.723630478133124,
      43.883129389956004,
      44.76092028505398,
      43.68494078074456,
      48.8259537058586,
      46.238533891067135,
      44.89405365367575,
      44.76544038711322,
      42.11336439628192,
      47.13150362145375,
      44.119674300951566,
      45.11574252174406,
      44.19234429107291,
      44.731935101369494,
      46.17787261803317,
      44.179574664535956,
      43.22883412640197,
      46.59915069171239,
      46.90614285290246,
      45.40388183287746,
      46.48649127388694,
      45.92158654628108,
      44.281440872846254,
      44.34785018381411,
      42.55816160826423,
      45.38537117893549,
      44.18416961120399,
      44.02703003386371
    ]
  },
  "num_frames": 30
}