{
  "exercise_type": "bench_press",
  "form_score": 97.05735382041027,
  "form_quality": "excellent",
  "risk_factors": [],
  "recommendations": [],
  "joint_angles": {
    "shoulder_angle": [
      92.69318723084866,
      90.92148889607924,
      90.66925482259734,
      89.57794443325349,
      90.26994536111386,
      92.5211225953925,
      92.97254407060981,
      89.36313023903264,
      87.52496766641089,
      91.09259115045968,
      88.48317854927816,
      88.63882619892,
      89.58688799398968,
      91.03612409567192,
      87.51954231157791,
      89.9005346873552,
      88.89838218005605,
      91.67944466762678,
      86.0820574840088,
      90.73043126000485,
      90.39649322681932,
      91.53111681601368,
      85.05222336428527,
      89.27590498318816,
      91.6512289196908,
      89.17798116047223,
      89.18740342635371,
      93.43906237936864,
      86.15991157713937,
      89.4301247045163
    ],
    "elbow_angle": [
      89.0835868906986,
      86.72094236361177,
      86.24787284539208,
      81.19193590565224,
      76.99572509446887,
      74.76001200752194,
      71.34578519782107,
      70.11103659275811,
      66.65459396303676,
      60.826197703459215,
      58.31726523130337,
      56.34768219586255,
      52.13646686072991,
      52.906575868611725,
      51.82775235978795,
      44.3421114681785,
      47.41699391505617,
      49.80847829402056,
      50.16538856217886,
      56.94780719710731,
      61.724057907997995,
      63.104441366954035,
      64.68785663049238,
      71.2406020202125,
      72.4765089703312,
      74.35704735146788,
      76.51354477964682,
      78.83922970199788,
      85.58300121703014,
      89.46053140397355
    ],
    "wrist_angle": [
      175.666728509178,
      182.23864518240592,
      179.28360936768547,
      182.20229668946854,
      183.06037272744985,
      179.18434237989194,
      180.6962493338461,
      182.44142046117224,
      179.03354308181616,
      180.9640157873271,
      179.14841783546515,
      178.37587580155198,
      178.93006384081687,
      179.65780623244652,
      180.0975660653344,
      181.0360161772931,
      176.82606802056856,
      179.71465894971237,
      177.32873233393147,
      180.52780942570166,
      180.30198970312546,
      181.23796744166523,
      178.9750341286651,
      178.30403630623303,
      177.06866641119962,
      183.0775871564347,
      181.9438677040929,
      181.65207263365332,
      183.9865477373445,
      183.0904282985358
    ],
    "back_angle": [
      0.5073242129113769,
      -0.5041182259219186,
      -2.228902054013584,
      -1.08194532542307,
      -4.207723118065528,
      -1.3335873224324903,
      -0.9618616163703103,
      2.8776230711518487,
      2.800110377808929,
      -1.7667298699173384,
      1.0968817376217386,
      1.3348293348929015,
      -0.5332866483107958,
      0.11491349325973337,
      1.3540716242320183,
      -2.017033416902657,
      0.40560793638900927,
      -0.6161607316270835,
      1.3814226278135056,
      1.929853601777438,
      0.3200921675327645,
      -0.020198703770646413,
      -2.293311249365307,
      1.9465729247001073,
      -0.8538857794267892,
      -0.3802355479913665,
      -1.259446853830111,
      -4.126014282603463,
      -4.197154703427023,
      -3.7998519282447787
    ],
    "hip_angle": [
      90.93962074867953,
      94.16374359019471,
      91.81411093850335,
      91.27055967848956,
      92.25482846332095,
      92.95369565157002,
      91.78666210376706,
      91.24037469241348,
      89.89418711756022,
      91.2609540056623,
      89.72503856834152,
      87.13897385767861,
      91.83316876432355,
      89.6276822664775,
      89.51035058708779,
      87.28822917568061,
      89.77097813002605,
      89.2531177795914,
      88.3627504919505,
      88.41102090279288,
      89.98213568312099,
      90.68226929295281,
      91.7516142943932,
      91.93867801428743,
      90.44122404910546,
      92.54497285483723,
      89.18988380060553,
      94.24862907311551,
      91.71652400062256,
      88.58639936542185
    ]
  },
  "num_frames": 30
}