{
  "exercise_type": "overhead_press",
  "form_score": 31.513650005905454,
  "form_quality": "poor",
  "risk_factors": [
    "excessive_forward_lean",
    "knee_valgus",
    "insufficient_depth"
  ],
  "recommendations": [
    "Keep your chest up and maintain a neutral spine",
    "Push your knees outward to prevent inward collapse",
    "Descend until thighs are parallel to the ground"
  ],
  "joint_angles": {
    "shoulder_angle": [
      92.17917151279322,
      97.0855529780665,
      99.12841201102727,
      107.1796722402246,
      113.96918398166147,
      117.00074820312074,
      125.9136715185866,
      133.79553047968727,
      140.48444761715527,
      141.8230773864209,
      148.81641574034091,
      156.56091771259403,
      161.6498558672018,
      167.11368842335114,
      175.74906604725467,
      177.10469678677026,
      174.70818463703034,
      165.94068187314238,
      161.62256925671684,
      156.56962412809713,
      150.09396340454504,
      143.91192748810607,
      136.78571853852412,
      131.95097488217505,
      128.3118717722917,
      116.34538140508747,
      111.79015864825715,
      108.99463489000169,
      100.00789969004101,
      97.82780088371321
    ],
    "elbow_angle": [
      89.73588636341557,
      96.45084939404244,
      105.55356989517931,
      107.33372535616755,
      114.02386512514032,
      119.064301998479,
      125.68638657652082,
      130.72368283883011,
      139.2964289921935,
      145.05463832963707,
      151.77708327718767,
      153.61303803900668,
      160.1308661973274,
      166.4703213706069,
      173.81232518844737,
      179.986496807441,
      174.0261639695319,
      168.34788996417998,
      161.36388705640857,
      155.17362305848192,
      148.2222651580048,
      145.32272604742164,
      139.20583681292064,
      134.69293614324167,
      126.61028025249007,
      123.46914357047339,
      111.49651278864313,
      109.03537988931645,
      100.975481111605,
      94.57325111495697
    ],
    "wrist_angle": [
      180.24098083517276,
      179.60018100568007,
      179.47902892975907,
      181.31067542700384,
      180.3262055299323,
      180.98581577896402,
      181.1826888392882,
      178.7676688525229,
      178.87701911899237,
      181.36120140688575,
      182.4593808320475,
      183.632746754716,
      179.36217599901846,
      180.6691435456259,
      177.81256514020004,
      178.96322942330173,
      181.14962259774228,
      179.26307240584433,
      183.39414948730544,
      179.54044531965747,
      181.85995477479327,
      185.76037579450113,
      176.93096649350858,
      178.0565011523389,
      178.3152931400436,
      180.94012257461856,
      178.88565135175966,
      181.83468534718068,
      179.30667131671333,
      177.79492792214708
    ],
    "back_angle": [
      27.592819974835038,
      21.125250369533806,
      17.41144320294469,
      14.052859865020405,
      19.47892243182435,
      20.541834819800545,
      15.851552838633973,
      19.080514877306754,
      26.528026068311103,
      25.800835989662524,
      23.94276538736756,
      23.95496317740548,
      19.118132122390517,
      23.268687693467623,
      20.744764191201426,
      21.5048462057879,
      21.028954613623537,
      27.57467371737973,
      19.712535087311768,
      17.234402881538095,
      25.604245811474694,
      24.51055297958802,
      26.387977040005254,
      28.337183801353735,
      25.05652898569856,
      26.07920405523448,
      16.82589479465556,
      14.910781049866385,
      29.17046369025114,
      20.608006721911078
    ],
    "hip_angle": [
      180.1362391586796,
      181.18035902259967,
      181.72304276542624,
      181.5150386587911,
      179.05461734489057,
      179.73378012812987,
      177.32309417702567,
      180.76851731844087,
      181.10310023559097,
      177.18643473547772,
      181.34126956210565,
      182.87673970308944,
      182.48965482303765,
      180.25617573578688,
      178.67595758050155,
      175.427677198713,
      180.49070618231102,
      184.36953960675618,
      180.6561701389907,
      181.273686306951,
      179.9091894278461,
      180.35921524969228,
      180.9579347465558,
      178.5873885322235,
      181.89609424776032,
      176.02303068547556,
      179.03878307180298,
      178.42102811196514,
      179.62276595389113,
      178.77410019283604
    ]
  },
  "num_frames": 30
}