{
  "exercise_type": "lunge",
  "form_score": 91.30854054500675,
  "form_quality": "excellent",
  "risk_factors": [],
  "recommendations": [],
  "joint_angles": {
    "hip_angle_front": [
      182.29676271572075,
      182.80804290483638,
      180.72712742131438,
      178.49011118509537,
      182.21552608525118,
      177.83775262038336,
      178.45711070531286,
      181.59876862927445,
      165.86887970698896,
      151.7627285062571,
      143.35795390526258,
      128.3573371186565,
      116.75186091356633,
      103.09123512910502,
      91.89394596997974,
      86.79622565894942,
      86.92738006531903,
      89.76688760721991,
      88.79161959557564,
      90.89234413938429,
      88.47135771824529,
      90.38728345894293,
      103.1266180696159,
      114.82238194687203,
      128.09951969115156,
      141.60401410280798,
      154.8546412991828,
      166.065800990901,
      90.71486560936245,
      104.6499735852195
    ],
    "knee_angle_front": [
      181.50039368599067,
      181.76817224510478,
      179.87541904728243,
      183.1358567185901,
      181.11957402538715,
      178.34235111448197,
      179.78358258642348,
      179.24494769508465,
      167.87632802907763,
      157.15809075188167,
      144.2097655611627,
      128.59697797684018,
      114.4753170002975,
      105.59691917019491,
      88.99279706803884,
      92.2195047807985,
      90.55542852252375,
      89.80729847794947,
      90.3767813447102,
      90.51467539753503,
      88.7528935438062,
      90.6147008260199,
      101.74570620186805,
      114.58653910921969,
      127.25888377419878,
      143.93592247108535,
      157.03129115638978,
      168.28315878324514,
      88.20961107424034,
      101.32663977220875
    ],
    "hip_angle_back": [
      179.87321117766203,
      180.69341163721185,
      178.1452410660961,
      182.4231736805435,
      180.6126212870543,
      178.4596859330384,
      181.15528383086928,
      179.49538832608818,
      178.63565748993244,
      179.82445351704453,
      179.35448212368928,
      179.28976391968712,
      177.70085804497654,
      180.1934683781798,
      180.91283927714323,
      180.00050117994874,
      174.48620105290726,
      181.93812966574097,
      180.24279633729367,
      181.1736896055339,
      180.6584222297646,
      179.8534214870466,
      179.77585417172654,
      180.42174377550532,
      179.25616514427435,
      178.97379630495462,
      182.9134659564445,
      180.49225677857274,
      178.76357064171435,
      182.3525950530405
    ],
    "knee_angle_back": [
      180.3989151764305,
      180.18440056738717,
      180.23792227603744,
      182.07004570359575,
      184.501394511326,
      182.38738709832174,
      177.8868787383494,
      177.06586139636474,
      165.87634208441239,
      151.90039060464096,
      141.0482539226018,
      129.4001441949465,
      115.56609370081017,
      103.86133144388518,
      90.28232609805511,
      88.14829452563092,
      90.48847758556572,
      89.85399016516524,
      89.56406165390366,
      91.90594213975712,
      92.78404125739367,
      92.99958019391977,
      102.55174940618608,
      116.95595573762681,
      127.69448363889259,
      142.18873126352472,
      158.73662925297435,
      165.85623371223892,
      92.03665076667642,
      104.6334727295929
    ],
    "back_angle": [
      0.033082966116759906,
      -0.6331612576578033,
      2.3580261303780383,
      2.8607239230844064,
      -0.06760136500768144,
      3.4524158915088026,
      1.9237365337414312,
      -1.4305819445555712,
      0.4877121272774189,
      -0.976583512136968,
      0.5106010574603439,
      -0.4250266665678656,
      -1.6196801542804309,
      0.40223446315887096,
      -2.2076763295722235,
      -0.581749058372961,
      -1.5849274403137605,
      -0.5132900497487742,
      -0.024855764877324143,
      1.9361394293860401,
      1.0300703678092489,
      0.1669022669240089,
      1.87141307452568,
      0.051025180805288554,
      0.3346946597577722,
      -1.284195301319502,
      0.47380560990037174,
      -1.286725373007969,
      1.234404118131659,
      1.6929913433557022
    ]
  },
  "num_frames": 30
}