{
  "exercise_type": "lunge",
  "form_score": 90.53472189285583,
  "form_quality": "excellent",
  "risk_factors": [],
  "recommendations": [],
  "joint_angles": {
    "hip_angle_front": [
      178.06883885631768,
      179.6939543009724,
      180.34367247712154,
      178.18674272721364,
      179.56108564810256,
      179.35611527711424,
      177.99589116807093,
      176.80855048543881,
      166.3694896739348,
      156.99706181647417,
      139.25900882749465,
      129.98528489705572,
      115.76336769505052,
      101.86858123964052,
      88.6040462434972,
      93.01438420798043,
      92.17315114633254,
      90.40718562107132,
      87.72596899992782,
      89.31827499692628,
      89.03932172342975,
      91.91566977487882,
      104.69800320509523,
      114.24161538644894,
      130.38301381924188,
      140.45737059988383,
      153.46759143948546,
      162.37074213090693,
      89.19960043590027,
      105.97925887694747
    ],
    "knee_angle_front": [
      179.0378517637281,
      178.37846841456312,
      182.2773059342108,
      177.8228865815905,
      180.0694511795909,
      182.62358529735695,
      179.76614200443265,
      182.51958805342375,
      168.7930943441337,
      156.72532621686995,
      141.70674365671206,
      129.4721596274319,
      116.17375499302148,
      102.01990729431178,
      92.68317200466606,
      90.27079204430309,
      90.13349813302281,
      92.35581746056626,
      86.86730588007055,
      87.45005348991452,
      88.53542984068444,
      93.47423382696978,
      103.62052776075738,
      114.99105020632757,
      132.67766766820048,
      144.29417652012245,
      154.97075839962258,
      168.64489518683843,
      86.49625685569235,
      101.8298743315693
    ],
    "hip_angle_back": [
      180.73740303506173,
      179.68742843635403,
      179.0332291917306,
      181.09857890627276,
      177.08025184670757,
      178.86609198422093,
      179.56028042911606,
      180.08576033757254,
      182.4872352659372,
      182.92832338821339,
      179.66285554886545,
      181.46850780536968,
      175.82013375094598,
      178.29137193873987,
      181.93757847971614,
      179.16987162532538,
      180.89790199218612,
      177.11629894430357,
      180.64000753372727,
      178.21820234440335,
      177.66602151489235,
      180.67302956885044,
      181.68220570205875,
      181.67769277138504,
      185.58259211319262,
      180.57569598630667,
      182.69435006812594,
      179.6350496074952,
      185.3643767826691,
      179.23746878488748
    ],
    "knee_angle_back": [
      181.9750279477937,
      183.2812535350877,
      179.95751524588783,
      179.97116047064176,
      181.46216849853116,
      179.73732802386755,
      181.02556175242424,
      178.57169773260753,
      166.47664121779397,
      153.8106482589897,
      142.58822291982054,
      123.71336753467256,
      117.92838403773102,
      99.65720589178406,
      91.462597318168,
      86.91438715373064,
      89.19990394451483,
      89.52925205428178,
      88.17866338428867,
      88.0903262621753,
      86.97355728400677,
      89.68176459111135,
      97.45064583749371,
      116.3528159661115,
      128.40456656560968,
      138.9818087547957,
      153.22704230758694,
      169.08440813426637,
      90.57662739332928,
      103.41844032695946
    ],
    "back_angle": [
      3.7089646135276695,
      0.8806650900100372,
      0.3634493579092549,
      -0.20449065876806355,
      1.580407185021795,
      -0.9743307712122952,
      1.3306275530819915,
      1.9333749821065445,
      1.9632265670928257,
      0.6732621136597761,
      -0.7667017464040029,
      -1.845274416575573,
      3.0674581105633236,
      -1.1366012007956272,
      1.2677199692629832,
      -1.9098838474654087,
      -2.1958710292545986,
      -0.9281181792479241,
      -2.0922758890697506,
      -5.92741322195653,
      -1.6687411451337568,
      1.6934982858584853,
      1.532735382325755,
      -3.419199879326343,
      -2.6314109071647387,
      1.4873688202030637,
      -0.24667997746196801,
      -1.437229201787541,
      0.19731820291806215,
      -0.9907817658820559
    ]
  },
  "num_frames": 30
}