{
  "exercise_type": "lunge",
  "form_score": 46.83435751368756,
  "form_quality": "poor",
  "risk_factors": [
    "excessive_forward_lean",
    "knee_valgus",
    "insufficient_depth"
  ],
  "recommendations": [
    "Keep your chest up and maintain a neutral spine",
    "Push your knees outward to prevent inward collapse",
    "Descend until thighs are parallel to the ground"
  ],
  "joint_angles": {
    "hip_angle_front": [
      179.03767728405333,
      177.9607916621792,
      179.1370936602566,
      182.97546032712486,
      182.70848671676652,
      182.40325667872702,
      180.85157929477268,
      179.86154007023842,
      168.6913188047536,
      152.0650209038418,
      141.99544675322812,
      126.74893181108558,
      113.95280603188839,
      104.66394531836043,
      89.01684813926207,
      90.8143702496005,
      94.18477940678797,
      90.62307151626165,
      88.57317169086288,
      93.31258985610205,
      91.22441891094851,
      89.57394069702188,
      101.5974210901821,
      117.74858767149661,
      129.17222751451982,
      139.41943297355084,
      152.63094503364158,
      165.07380352439048,
      87.08175226720675,
      101.32469264721556
    ],
    "knee_angle_front": [
      163.46832016261743,
      163.35979536603583,
      168.22427189098877,
      168.02983847349077,
      171.20000819105402,
      164.2803204991715,
      166.8453397344611,
      162.89077744943492,
      150.13070242804747,
      143.01602566506472,
      123.95119457215411,
      112.86336682399016,
      99.15114854824364,
      87.58444085894301,
      72.90779181497875,
      80.90346127057062,
      75.40521372402009,
      81.36457199200649,
      77.69663619291296,
      73.86777957561283,
      76.83939468475515,
      74.92061210212943,
      84.3296681502299,
      99.20997477213461,
      111.01723919219499,
      122.78499896561698,
      141.8021247081081,
      147.31882156281915,
      76.61391955524863,
      89.60915084935932
    ],
    "hip_angle_back": [
      179.77428613345117,
      181.99564582470464,
      180.68885881928122,
      179.80081690895244,
      178.09420170021468,
      179.77378138704725,
      180.77176898370578,
      182.36998140129128,
      180.17615724220695,
      180.66026480646974,
      180.03688263059857,
      181.05404078104985,
      181.1434634957906,
      183.16231755413432,
      179.03179787240333,
      181.30913609195886,
      179.50384124968772,
      178.69652774507907,
      182.98059803648928,
      185.0413509510033,
      180.32398304267426,
      180.92689274444513,
      182.54854867879243,
      178.55702655568834,
      181.47717165057708,
      181.6064188583545,
      178.29144254717713,
      182.23161428886627,
      183.03070278947976,
      177.61129027800519
    ],
    "knee_angle_back": [
      177.96921925093483,
      180.0092019983131,
      184.34537567821798,
      178.15025624653947,
      184.5162339677104,
      180.15045257526685,
      180.88287609700734,
      178.1481763758472,
      166.69600319885183,
      153.90938332761354,
      142.68179977196573,
      126.26912736277507,
      114.7854038158305,
      101.43469797985908,
      92.0540514971637,
      90.89415336381316,
      91.31186753778891,
      89.36313381086534,
      88.08742090013489,
      90.36900093949542,
      91.12700861268465,
      89.8777975482259,
      101.80890561529364,
      117.76917836746502,
      127.64816435338315,
      141.06866241794575,
      155.25503280240946,
      170.8297507992579,
      90.03947696191238,
      106.67349665023153
    ],
    "back_angle": [
      29.434510715797085,
      16.544327224298918,
      17.744752352432197,
      21.4079137014503,
      16.620106185235084,
      26.489496446564257,
      27.046647291646625,
      23.16308785628545,
      23.79436296891279,
      24.07801441431193,
      24.299327705960938,
      29.417243558611144,
      22.018204527810706,
      18.7137179341353,
      30.613959467942593,
      20.524702999324973,
      15.773413712095776,
      19.684224558118828,
      15.993989010374687,
      20.45708690805079,
      28.880747345838074,
      16.984640528135692,
      30.820793070366506,
      28.90233769891556,
      15.923330828275919,
      26.944276709324992,
      14.082971245262707,
      25.128469428431277,
      27.247550512646043,
      25.252932461584408
    ]
  },
  "num_frames": 30
}