{
  "exercise_type": "squat",
  "form_score": 90.15908186221864,
  "form_quality": "excellent",
  "risk_factors": [],
  "recommendations": [],
  "joint_angles": {
    "hip_angle": [
      181.63333678215082,
      175.02455255307953,
      182.79952994337978,
      178.1563328905975,
      180.46463788546188,
      180.89773917327972,
      180.3927025356969,
      178.8439369440971,
      169.62566517085975,
      155.19265124008706,
      142.47972056023937,
      127.4417436569711,
      114.75557529466711,
      103.83936410898934,
      89.18440349406733,
      88.77883724251224,
      93.79428019545657,
      87.31209470233064,
      90.80031689628936,
      92.03652748739249,
      91.07969360595315,
      87.87412911960091,
      102.7184051843738,
      113.75664036017349,
      126.3982213658076,
      137.59199378187404,
      158.658243691462,
      169.97482252466978,
      91.14544036861007,
      102.6001232029953
    ],
    "knee_angle": [
      180.54294678056755,
      177.34578037328725,
      180.28757285578587,
      177.81839467849923,
      179.65076244317453,
      182.02585055712353,
      175.31676121183452,
      178.65984599519157,
      166.1632532446603,
      154.79097692823652,
      145.3977567226109,
      126.17832801878748,
      114.43861535964979,
      102.57346076513069,
      90.48976073059447,
      87.43297687154688,
      92.19495449877473,
      89.92002607013654,
      86.98695002192544,
      92.48286715356619,
      95.4484240879839,
      91.59131987754868,
      103.14835617347903,
      118.46376443788655,
      130.4336914504641,
      140.75373419723897,
      152.59050303046504,
      171.03012254020402,
      89.74711524712136,
      102.09144306078787
    ],
    "ankle_angle": [
      85.41785636397098,
      88.84244122649156,
      90.47803751156307,
      87.91694313976765,
      88.12749161853766,
      90.27199948882382,
      90.2368180950151,
      87.79081906438307,
      87.91967262245048,
      81.30554987932798,
      81.06434640908425,
      80.47004907257647,
      76.63092031836544,
      72.64045701909028,
      70.37100446608115,
      73.83300201250881,
      69.46850219096203,
      70.12334481937178,
      69.12003908994744,
      68.8859109920115,
      73.58252171810466,
      70.03938574056578,
      77.49294076179964,
      72.1396288619177,
      79.07614161695149,
      80.46802379510015,
      86.02946219575131,
      87.05139070180066,
      68.99087280062936,
      73.14239237212918
    ],
    "back_angle": [
      -1.0948557436211992,
      2.6966097668841127,
      0.031677005760136046,
      2.5890213025199005,
      1.4569607178733803,
      1.2593349259772746,
      1.1073694305663604,
      -3.962940262708156,
      1.3493717841512198,
      -1.3197888525279842,
      -1.998846849131372,
      -2.4773388720045193,
      -1.2772354628373495,
      0.7775491443634921,
      -0.6048475901663203,
      -1.1158131916148437,
      0.12688581320641348,
      -2.567719572900662,
      0.5535262768176659,
      -1.134273069654147,
      3.9484449665097365,
      -0.5131878968404565,
      0.8769306354844384,
      2.9578775481113246,
      -1.1147222463186974,
      0.05091897903417918,
      2.050370822357623,
      -1.6457021085382946,
      1.81171210725138,
      2.316371486247373
    ],
    "shoulder_angle": [
      47.58576717148744,
      44.45590427741896,
      48.1490382446263,
      42.89389505734691,
      41.540614059628844,
      46.0491105513443,
      45.62655669189057,
      47.6235776117796,
      49.59636901096203,
      45.18550063016264,
      44.64087826784999,
      46.83279712424362,
      45.08024779914358,
      44.504865594945976,
      47.886437287300645,
      48.63358479914864,
      41.400000912023806,
      49.02488551300997,
      43.805263724025224,
      47.706958627419226,
      43.5844569330358,
      45.1569287287358,
      44.87725391530298,
      44.842252495571074,
      46.8183560999594,
      45.42204980791553,
      45.38607116729634,
      50.36249313664838,
      44.09166285820696,
      46.65649263823385
    ]
  },
  "num_frames": 30
}