{
  "exercise_type": "lunge",
  "form_score": 64.45258551727969,
  "form_quality": "fair",
  "risk_factors": [
    "moderate_forward_lean",
    "minor_form_deviation"
  ],
  "recommendations": [],
  "joint_angles": {
    "hip_angle_front": [
      181.80027364694504,
      181.3717828849354,
      180.79549397684082,
      179.74979422903587,
      179.85267599855797,
      179.9958883333147,
      180.20491874604141,
      179.57233268637373,
      165.62505427923273,
      154.67509586325482,
      143.84615489469925,
      129.32578159729948,
      117.76067419600044,
      102.55680502965811,
      93.17919122331053,
      90.79961477004429,
      91.15073498971427,
      89.87024705734395,
      91.70486113553136,
      87.07046266209382,
      90.09174771940792,
      90.68383550525833,
      103.38625751443955,
      113.51620348537011,
      129.29939984510997,
      140.9158803006213,
      155.49849799506066,
      169.12343552669532,
      87.91175936588402,
      98.20583518580295
    ],
    "knee_angle_front": [
      179.67314958279061,
      179.7075494270107,
      180.71505272763534,
      179.9568310604179,
      178.72457488411206,
      179.85112985820984,
      177.72779549712334,
      179.47060414882827,
      169.21943617281391,
      151.7279460200975,
      135.93964073772844,
      130.06404792629993,
      116.74046321246554,
      103.71437461523783,
      92.75096925621939,
      90.88176323481245,
      92.71420400814813,
      89.55834612624652,
      89.44983822043305,
      90.64427392961974,
      90.10656554802816,
      90.45339746780576,
      102.21315590919416,
      114.40512718457596,
      128.92080629899723,
      140.93942311640254,
      154.19291419299233,
      168.6282101423848,
      89.4085794451424,
      102.80993756607307
    ],
    "hip_angle_back": [
      180.45769550217642,
      179.21262714622299,
      181.10407635423329,
      181.68832456720216,
      182.93567257140302,
      176.32647263393736,
      178.13362294279023,
      181.99645782306422,
      180.7771303349687,
      183.48907320462075,
      180.04663729373308,
      181.06567213046281,
      177.51771981973062,
      180.75224502947617,
      176.82728776547611,
      177.00892981294936,
      180.32276238772874,
      182.77477295028314,
      179.91230882107615,
      183.16912346957085,
      178.23177833264967,
      180.90511604542712,
      180.56688173866888,
      182.8963006146668,
      183.0021432668754,
      180.8337978989868,
      181.64866126089913,
      181.92644263677803,
      180.589190161429,
      177.98433021281429
    ],
    "knee_angle_back": [
      178.29872759936532,
      183.56628230007655,
      178.9131827239859,
      182.01833039793996,
      178.97405336674748,
      182.94556742863864,
      180.6062142287763,
      179.0003719161693,
      163.76875231786101,
      152.74234611259283,
      141.18690589360872,
      129.4205644368418,
      117.85571453928762,
      104.40540427545709,
      90.31131788215271,
      88.45439791537419,
      90.7885889407982,
      86.67551453554047,
      89.36128751271389,
      91.65485352251604,
      88.67442037819372,
      92.02263848347442,
      101.12751333512576,
      111.0717075638416,
      129.64737405030183,
      142.95235881502103,
      151.56273992451452,
      166.49859796725718,
      89.69023580797254,
      100.02368365572111
    ],
    "back_angle": [
      4.554299818729033,
      5.2244623945774435,
      13.302607230558355,
      14.0400336423112,
      10.258437265529604,
      13.989895928227247,
      15.146704062439905,
      10.613440992321848,
      11.105336804866763,
      11.95522741395055,
      8.971136698838245,
      11.165088104950696,
      6.410459967977979,
      7.150393593901431,
      11.290165617861105,
      8.644031153708738,
      9.788538086297814,
      4.828074424720469,
      11.236470364327628,
      8.08284356789419,
      10.679899055046045,
      11.644442776676026,
      14.215192541995714,
      4.805001844306398,
      5.776321191471375,
      8.552517363142083,
      9.083021747225997,
      14.199102110530847,
      7.682918934872019,
      15.910141282057
    ]
  },
  "num_frames": 30
}