{
  "exercise_type": "overhead_press",
  "form_score": 86.27561086793085,
  "form_quality": "good",
  "risk_factors": [],
  "recommendations": [],
  "joint_angles": {
    "shoulder_angle": [
      90.55335423171036,
      93.88517496431886,
      100.81306985534016,
      107.4907047020016,
      110.90525743001382,
      119.8103173860526,
      125.75653227994057,
      131.38541496874998,
      136.65694940474273,
      141.79854859318914,
      148.99637283140513,
      157.90258201763027,
      162.91872546146456,
      167.62601245475432,
      175.63505058510765,
      179.17713890110855,
      173.16352676679566,
      165.28920305217395,
      162.60004736043535,
      153.1593192647756,
      147.13325722995503,
      142.17586722300015,
      140.3447392076621,
      130.59105403863032,
      125.64225599111873,
      123.33201445516168,
      113.3485095703437,
      109.44840440307003,
      102.48662080900303,
      97.70026126206527
    ],
    "elbow_angle": [
      87.70357035766517,
      95.10684049338697,
      102.03752148680387,
      110.95272532624294,
      114.75481425102318,
      122.12260952287217,
      123.22988028862875,
      132.10751354076532,
      137.86494526590755,
      144.26453316212377,
      148.3472258369869,
      156.59506301782648,
      162.54785550213947,
      171.17942965566004,
      175.25603085794472,
      175.65137941999228,
      175.11233447082196,
      167.1234819782303,
      160.36440543033285,
      152.96746195997028,
      149.5423848666525,
      142.83433644149284,
      135.97116061923808,
      130.60364581604424,
      127.99452157040203,
      120.23745729915063,
      117.05858296832157,
      108.98449457620457,
      103.84862218898502,
      96.21609438618485
    ],
    "wrist_angle": [
      177.93796820263555,
      180.16824051481237,
      183.55447252824337,
      180.93432045286985,
      181.30060272136612,
      178.04898369026975,
      176.73710270819362,
      181.07426021648178,
      181.09028427004432,
      178.2442043025664,
      179.09461093750386,
      180.78853625035498,
      179.506648780548,
      182.37105925955453,
      178.0718088927269,
      175.81613422128603,
      178.53783191466604,
      179.37628351563075,
      181.51151357408474,
      182.0537050658483,
      178.50712347409907,
      179.37709683864855,
      182.90731359677676,
      181.96405913603627,
      183.40051271548185,
      182.8870133246005,
      178.79792547583932,
      179.4437466063668,
      179.7244829621762,
      177.92573227036226
    ],
    "back_angle": [
      0.10650030393905169,
      3.269848954650725,
      0.1424569931436734,
      -2.118143393812563,
      4.27747514228068,
      -0.2511726127521178,
      -0.062052393190957456,
      0.6445768957182431,
      -2.951793605873532,
      -0.1514434884472138,
      -1.9182794456518935,
      -1.7688829785701823,
      1.2319088503411713,
      2.6297645241852696,
      -0.09708521083456352,
      -0.791632092089291,
      -3.368230369827232,
      0.18153488931414954,
      -0.001104251525981925,
      1.3306037512384215,
      -1.3719309169401774,
      -0.5113368107516274,
      -1.3124188200437414,
      1.3254712075471016,
      -2.70013260391389,
      0.11998493076109616,
      -0.475236913846617,
      -0.23549166693236692,
      0.9436112302539682,
      4.002369229849931
    ],
    "hip_angle": [
      181.39747731139522,
      176.87803478295905,
      179.66547101219112,
      178.30948191962352,
      179.49497716254962,
      181.32356328099544,
      177.8892219390234,
      176.97623208129676,
      176.96035363356754,
      181.12997997320414,
      183.77210995829114,
      180.66519412453547,
      175.76599296738027,
      180.44898476377352,
      181.46111635929736,
      181.4878329734978,
      177.81629223783193,
      182.93011160584084,
      178.51870553116672,
      182.36955616516335,
      176.1887245753652,
      179.84059400353055,
      178.34735464000823,
      178.5691398488431,
      178.36322007683668,
      180.10836190442734,
      182.3362080963907,
      182.09166518207232,
      180.32783269586318,
      181.09790670069793
    ]
  },
  "num_frames": 30
}