{
  "exercise_type": "overhead_press",
  "form_score": 90.50434054878437,
  "form_quality": "excellent",
  "risk_factors": [],
  "recommendations": [],
  "joint_angles": {
    "shoulder_angle": [
      88.19737379164663,
      95.03669494629165,
      105.72602095717502,
      108.82143450690867,
      112.06578454019869,
      118.52179062943131,
      126.51341279672275,
      130.57712121586414,
      143.11896504945773,
      143.33019700927233,
      148.72189961963613,
      157.1101485193279,
      160.4784301657198,
      168.08607780333585,
      175.67899267624702,
      180.17074573082448,
      171.6920737018522,
      167.12051357965765,
      160.56038080618694,
      158.04839030836894,
      153.03511654265597,
      143.96989828711497,
      137.64443906464334,
      133.12333343221079,
      127.16050563717435,
      119.07394605909322,
      113.44082828369838,
      105.88066910085448,
      100.71132306742388,
      95.83351133968395
    ],
    "elbow_angle": [
      90.85517139145414,
      94.14909220163361,
      104.76308779925309,
      107.50415665047967,
      117.76282467727263,
      122.84234078278185,
      131.95823670408706,
      132.52304244183284,
      139.11857309493072,
      142.2525309019797,
      150.5112759783709,
      157.26030840399523,
      161.70655761672018,
      169.11645883985634,
      172.49025963150618,
      179.28583436876187,
      168.63895135112514,
      170.3242070350459,
      161.42351008962143,
      155.8366456100072,
      149.90774337758137,
      145.86825184561255,
      136.29221788081495,
      134.96619929614155,
      128.46953401310424,
      119.85472358458507,
      113.75603004868748,
      104.64352831275778,
      100.20505949474617,
      95.79735881054694
    ],
    "wrist_angle": [
      177.54503977659311,
      178.29369788070133,
      179.33399689708128,
      182.80136490360232,
      173.1601697670248,
      179.5457860151186,
      177.71797322249142,
      176.54291296902156,
      178.06940308761693,
      180.89916100027762,
      182.01686203642416,
      178.41597693634017,
      180.0695819769461,
      182.11472948772578,
      179.35969597382436,
      182.99454821884868,
      178.31530570251726,
      183.64202356260648,
      179.9419279619345,
      179.67092751230626,
      179.80106269361684,
      177.466295741165,
      181.78306346396505,
      179.47755167926738,
      180.08872197386987,
      180.85604714601547,
      181.26842774791888,
      180.0999613391775,
      179.0245031423937,
      183.1430559526704
    ],
    "back_angle": [
      1.1269535574349794,
      0.2083946765297365,
      0.32929533918674425,
      1.3849026413212102,
      -0.5522545098099514,
      3.379429788402086,
      0.21998661171692874,
      2.3301007702992065,
      0.4978995289438653,
      1.6417544997132487,
      -0.2495432253014072,
      0.8055314481185919,
      0.6460699812495629,
      1.0381603450741481,
      -3.7572826020522787,
      3.108641728518148,
      -1.7754310486961704,
      -3.495462816503487,
      -1.2870933878413255,
      -1.4117504160444894,
      -0.29885460381932427,
      -1.2620437420235138,
      2.584211408276694,
      2.0008906415581316,
      0.3387206660816052,
      1.110203494308708,
      -2.015329907901949,
      1.733715887221154,
      0.605562969225911,
      0.14540937909812857
    ],
    "hip_angle": [
      181.97875922583964,
      178.80126167977593,
      177.27115953662883,
      182.3346254448832,
      180.95958657731487,
      181.374652014936,
      179.13479394078354,
      180.90663924606727,
      181.30093253873318,
      179.6703202300454,
      180.71172821881038,
      181.61379885251264,
      179.93567555518754,
      180.04823673206843,
      176.27449619904036,
      184.55969145181194,
      182.5025972191175,
      183.53062674920355,
      181.11027474785686,
      178.19501734174546,
      181.97748330767294,
      179.74439902599488,
      183.04371450717346,
      177.74939047232877,
      181.42378189826698,
      176.59587925821452,
      179.84887831317553,
      183.94859038358445,
      181.58796658183613,
      177.6922205170962
    ]
  },
  "num_frames": 30
}