{
  "exercise_type": "bench_press",
  "form_score": 45.69127600333959,
  "form_quality": "poor",
  "risk_factors": [
    "excessive_forward_lean",
    "knee_valgus",
    "insufficient_depth"
  ],
  "recommendations": [
    "Keep your chest up and maintain a neutral spine",
    "Push your knees outward to prevent inward collapse",
    "Descend until thighs are parallel to the ground"
  ],
  "joint_angles": {
    "shoulder_angle": [
      89.60116671255444,
      90.34248877195488,
      92.4165039968671,
      88.50068642657412,
      88.08555479043049,
      91.32916984467151,
      90.72301098782543,
      90.72928217202345,
      87.22185326000658,
      91.05896809039669,
      88.94637961139456,
      87.67460020549755,
      89.11334191499233,
      89.14009231931492,
      91.29004875168194,
      91.48505990066889,
      91.85849794847816,
      94.54577980158389,
      92.65287505539898,
      86.28732754751344,
      90.36580751670232,
      88.67750057960029,
      91.43502850963283,
      90.07793210129608,
      91.04338770839018,
      88.14809047525821,
      89.97692337372058,
      90.35622105148227,
      91.5743792448902,
      88.53899384846297
    ],
    "elbow_angle": [
      71.76293088990076,
      66.3915245288444,
      63.75473471125831,
      64.28099593011787,
      62.53544847342476,
      59.024195899394655,
      53.6651340516927,
      48.547911447761706,
      54.926310528735605,
      44.37915139183568,
      42.91875347381499,
      38.61158674549433,
      34.185060447301936,
      37.26154787651233,
      35.99824591855818,
      30.71195582034065,
      35.78699006650111,
      34.76039232766844,
      38.78526169797081,
      39.47480487582142,
      39.253650742841494,
      51.823775648102156,
      46.650258447628566,
      55.63280473097339,
      60.506864384450935,
      55.992551363770644,
      59.43963409575127,
      63.832905278583866,
      72.85921808280487,
      68.65924753201612
    ],
    "wrist_angle": [
      178.747191640795,
      183.53568192429907,
      181.6316850242645,
      179.17501831893048,
      179.89718385094858,
      178.757637829395,
      181.5929839851854,
      179.35383489212657,
      180.80635660613436,
      182.438772483243,
      180.33524993904376,
      180.29305891923659,
      181.54799962810796,
      180.23262133250395,
      180.58213025183102,
      178.53783165361963,
      182.23230362448416,
      178.25515490572047,
      180.32616554620554,
      184.1777624893485,
      175.87819544348935,
      179.63782664068552,
      173.191768355826,
      179.39370556658062,
      176.2529461002894,
      180.16183761827818,
      179.2379503887951,
      180.18860382896113,
      178.07767357269037,
      179.38969372636936
    ],
    "back_angle": [
      17.107744943356394,
      16.327172543837392,
      30.559520032451314,
      29.875217190506433,
      18.100235924788315,
      22.670795417463506,
      30.44244882420782,
      29.506302398743866,
      30.743019701637806,
      20.339756109520295,
      27.835667364874766,
      18.086505342615876,
      31.814855443173503,
      16.950651892600252,
      14.05034440647007,
      20.050561543476377,
      25.885274265126345,
      21.562248005222084,
      15.03235692792832,
      30.260185998603124,
      27.28291818838304,
      22.447659239126025,
      16.505467803929207,
      19.812052293342596,
      20.993892291602666,
      19.742277981998186,
      19.08522947111728,
      19.308165693928036,
      23.29081620617894,
      18.34911219873794
    ],
    "hip_angle": [
      90.09484527478253,
      86.92075659022689,
      89.91616820371716,
      89.27934100897639,
      93.03313609548928,
      88.12392680509465,
      88.9814129774299,
      88.50465655405678,
      89.76711981844184,
      90.29822989574133,
      89.05466535008378,
      92.33459522799885,
      88.16917692474874,
      88.67015925108522,
      90.66464562094585,
      86.04143463718928,
      92.69076733556261,
      90.33923827863737,
      89.5487215783224,
      93.01469417348666,
      91.74138578982003,
      88.70922218410753,
      88.54166683818683,
      92.35181005576732,
      95.36332680667506,
      88.61604051746451,
      88.84852698060118,
      88.09461823705291,
      92.17171756817484,
      90.39915397729857
    ]
  },
  "num_frames": 30
}