{
  "exercise_type": "squat",
  "form_score": 54.426860599823236,
  "form_quality": "poor",
  "risk_factors": [
    "excessive_forward_lean",
    "knee_valgus",
    "insufficient_depth"
  ],
  "recommendations": [
    "Keep your chest up and maintain a neutral spine",
    "Push your knees outward to prevent inward collapse",
    "Descend until thighs are parallel to the ground"
  ],
  "joint_angles": {
    "hip_angle": [
      177.15371114134197,
      179.52591261096435,
      180.89194263226702,
      180.6951479041745,
      176.47072460613552,
      177.47797695574013,
      180.2134640124418,
      182.4695533614184,
      168.01026207442962,
      155.89629227328146,
      144.11630873995574,
      126.67194952399643,
      116.65878556739217,
      105.88161583909901,
      90.97151907231716,
      92.00366612189066,
      89.54841328694762,
      88.9068383754179,
      88.21634482126532,
      93.0003729384145,
      91.6130777903243,
      86.16756662663518,
      101.84644488597395,
      118.83366310360825,
      125.78448406315691,
      141.36902227964723,
      153.31777344381672,
      166.45678259486772,
      92.13046112848761,
      104.57390780920178
    ],
    "knee_angle": [
      172.52515492579312,
      172.51346513094458,
      168.496544991588,
      169.6490749485096,
      167.7924592653928,
      167.90525281258468,
      173.745581250578,
      170.69629088480244,
      156.330375936034,
      139.21088230986066,
      132.63605009510033,
      117.31965936237599,
      111.35477330448559,
      92.62518202737152,
      83.0889885663635,
      83.54960270940792,
      76.50306138100522,
      85.47335952662874,
      75.927296115815,
      85.61661641466527,
      85.14681910596916,
      77.73667128573969,
      90.34261118233152,
      110.55838779517904,
      119.20589374228331,
      129.04714152290282,
      143.13151625762058,
      157.5079662007739,
      80.57923876331559,
      93.92340176416856
    ],
    "ankle_angle": [
      93.21916368632463,
      88.7362091678313,
      89.0479059207841,
      87.89450990764273,
      87.69827358108344,
      91.45011094483398,
      90.29863117910642,
      87.55927107076366,
      88.92114342459324,
      82.58530465402589,
      84.21004987481449,
      77.75965574726112,
      75.16758351931469,
      73.97466226943652,
      71.7066867318489,
      70.7960780272425,
      71.1380662725396,
      71.74190181402307,
      74.4114102140473,
      69.67270786693253,
      70.19957156075805,
      71.82643876220628,
      72.33728714448718,
      77.03401057142577,
      77.17047574210645,
      83.84534825346738,
      84.5907171964686,
      85.02546284368702,
      67.04109668621004,
      75.69963030399428
    ],
    "back_angle": [
      19.241674613281184,
      15.78731568785504,
      19.39676588970306,
      31.04224216695245,
      24.76425658595802,
      18.66689161291319,
      18.2380962107205,
      19.907992856978655,
      9.241172846813393,
      26.10633656069321,
      11.5877062052151,
      18.69439650007351,
      22.895440789283843,
      24.718338951255074,
      13.133257255374454,
      13.23421560306381,
      25.28904723719754,
      25.9092512335026,
      23.762239672234937,
      15.410400404512924,
      17.180542789676068,
      17.731209017624593,
      19.225845681025607,
      26.940322209695292,
      28.01451252179039,
      28.01325150795109,
      26.104913688555833,
      22.478079685920576,
      29.028765210985345,
      13.442067283648136
    ],
    "shoulder_angle": [
      43.80874222730553,
      45.35073997849507,
      42.891765026121064,
      44.45118946169484,
      42.31103075929859,
      45.46598651778367,
      43.078854184486936,
      43.2074750098663,
      46.693551941924255,
      47.61667969105655,
      45.72560366694633,
      42.70211216724005,
      44.86537218059248,
      44.54344031551387,
      47.43819342469434,
      45.000760928421236,
      45.209724530874794,
      48.11878204859753,
      44.011245091117225,
      43.06332124582515,
      46.82921254120752,
      45.95110772420817,
      46.432746808284406,
      42.714674835071335,
      46.429703110533836,
      44.65723248185863,
      43.697629529259736,
      45.94965835944579,
      45.610614740401026,
      46.68267327574041
    ]
  },
  "num_frames": 30
}