{
  "exercise_type": "lunge",
  "form_score": 90.67352445614237,
  "form_quality": "excellent",
  "risk_factors": [],
  "recommendations": [],
  "joint_angles": {
    "hip_angle_front": [
      182.165846556156,
      182.38291344196628,
      178.38654374550643,
      181.33351104757338,
      180.48288740425096,
      180.45496911921634,
      180.11773191730845,
      180.09535807961043,
      164.78717735077984,
      151.4294549700291,
      142.97675717254518,
      129.04710277102427,
      112.84384403171359,
      102.97870947436537,
      89.49185145253338,
      89.17734385069338,
      94.91667605027337,
      91.39348461101892,
      86.04315705768092,
      87.36885848515176,
      86.83224775358421,
      90.74669052846933,
      102.45859320072155,
      113.61490219397827,
      130.83500823006628,
      138.993308212852,
      152.922438462763,
      168.14567600395523,
      89.37150981830446,
      100.69023821133419
    ],
    "knee_angle_front": [
      182.4943187366676,
      174.92803847032621,
      180.78510609091342,
      179.44025986160094,
      181.26626197983293,
      178.48551057443865,
      178.17511297374477,
      179.04834654243032,
      163.8184050323055,
      154.11463519492432,
      142.2703688899399,
      130.52826337225116,
      117.47553402609866,
      99.97826229008098,
      89.96775951814048,
      92.95754475206196,
      89.79845163977674,
      90.32492962997395,
      88.75332184486759,
      92.95248863045363,
      91.29285924238089,
      88.32085284367008,
      100.45150957971588,
      117.15203780944887,
      126.7670364146933,
      139.47482212724844,
      155.15431831325046,
      168.4543284631872,
      89.87344009073492,
      101.23911271911719
    ],
    "hip_angle_back": [
      183.96526469371986,
      177.32388960322362,
      176.93037858766507,
      180.4969030373108,
      176.35996293479826,
      179.40193564464735,
      178.47083177459177,
      179.11796859713286,
      183.53452940427337,
      176.48644097486056,
      179.7633157277459,
      179.48559219148416,
      177.23799010603065,
      179.44592015469433,
      176.08075740225058,
      178.22379225396276,
      181.43624916845295,
      181.7493269847637,
      175.36641170574362,
      178.59734937565216,
      181.78272968433274,
      179.14587565380398,
      181.37721679616484,
      179.91575942999705,
      180.5210088801104,
      177.02392399763377,
      179.9598810830719,
      178.4423848579241,
      177.88916133178114,
      182.53307861988878
    ],
    "knee_angle_back": [
      177.463754182846,
      183.75145861754808,
      174.97213074693786,
      178.43838907781253,
      177.83931813874315,
      179.14562537588188,
      178.42746629938,
      180.19007415613632,
      169.74904570054892,
      151.81279294834633,
      141.09270321788424,
      127.23599272648879,
      116.70250807524046,
      101.98959547625121,
      93.52387832161004,
      87.3454046517579,
      89.94520342721165,
      87.82177997172084,
      92.83366417789111,
      88.35850998098032,
      87.19624177576792,
      87.44573367457703,
      103.32179415489266,
      117.36408111655294,
      127.30567864621312,
      141.9314914257633,
      154.48282227081828,
      169.93138765272448,
      90.18513482271159,
      101.14187477304633
    ],
    "back_angle": [
      -4.140516198695723,
      -1.0243894791653128,
      1.5904469689214469,
      -1.235802909301705,
      1.6748333623350447,
      0.9248553948418788,
      -0.807968996032464,
      2.065239117812573,
      -1.7971354517563547,
      -0.7016650957488806,
      2.9094409615064136,
      -0.2748643862077685,
      0.20589210846856587,
      -0.3871244486168229,
      -0.5555524368947634,
      -0.765494811080179,
      2.401624667483665,
      2.0704428791162206,
      2.785928532936297,
      0.7020423185674304,
      0.47834918003153915,
      2.453063623559564,
      -3.2101805181375402,
      -1.2830272266956166,
      1.3015202527908118,
      -0.7292125730577473,
      -3.2436372304728422,
      -0.5922864749234583,
      -0.7868342788121716,
      -0.8746164883625791
    ]
  },
  "num_frames": 30
}