{
  "exercise_type": "overhead_press",
  "form_score": 87.8719743965343,
  "form_quality": "good",
  "risk_factors": [],
  "recommendations": [],
  "joint_angles": {
    "shoulder_angle": [
      90.06826042566752,
      97.12516402630364,
      100.9485721546115,
      109.1700108486366,
      112.67899953975846,
      122.1927582944348,
      125.82383915549063,
      131.69289382717622,
      143.23859002986163,
      146.71884667702213,
      151.76464700854416,
      152.15782081713508,
      161.07209253590878,
      169.72372592907533,
      176.0473157097933,
      178.43037209351164,
      175.20171833023468,
      169.59614806485556,
      165.94868681900167,
      156.22680404231252,
      151.26623552684637,
      144.34319633542643,
      137.7132331144891,
      134.2235355726158,
      122.53796702558539,
      120.07194470988807,
      115.82739713033939,
      108.37682051332706,
      100.00640960906547,
      96.18046951956907
    ],
    "elbow_angle": [
      91.35443508055472,
      99.57069741763912,
      99.90689445462172,
      111.40524287895549,
      108.70336076487537,
      116.7751453303222,
      126.95158989520257,
      129.03407594785156,
      135.93008170716854,
      143.94931712723076,
      148.58197795879514,
      155.90801998827843,
      163.6210494757306,
      169.03679567637693,
      170.89509741640646,
      180.02712027730328,
      177.45511227744436,
      168.1547036251573,
      158.62663323329187,
      154.64483818946724,
      153.82745695174074,
      143.35102180795585,
      140.0728301134397,
      133.59571181293558,
      126.41582947919488,
      116.83657116450493,
      116.9806800863355,
      109.11480662392297,
      101.68631820617577,
      96.21127091023646
    ],
    "wrist_angle": [
      183.414030222661,
      181.23289774650897,
      179.36271571331784,
      183.1689330150164,
      181.1703266801805,
      179.49603384789,
      184.32463570276002,
      178.45241567275522,
      179.82879758480473,
      183.24508037946305,
      183.63845678627195,
      180.5045226026049,
      177.4038656581876,
      179.20056718652827,
      180.4147361913755,
      179.9468778595254,
      179.1896248719218,
      183.28098080091402,
      179.68506559797626,
      179.61008249846765,
      178.654613626346,
      184.20842786501385,
      178.99939035355368,
      180.872300793842,
      177.81338087318932,
      179.99647020629538,
      181.52873832206498,
      179.9315300309288,
      180.9170218235185,
      175.53035589237263
    ],
    "back_angle": [
      -2.9478024742281224,
      -2.296067524084416,
      -1.5942553555496577,
      4.55404627029753,
      -0.36242908856056516,
      2.5428082670318775,
      1.2306516274871038,
      -1.14057820065986,
      -0.8115045128002262,
      -1.7121861993487424,
      -0.47304659692236234,
      -0.5281955671530961,
      2.3022634543661193,
      0.7627676340546924,
      0.5065164886992284,
      -3.8108753345531445,
      -1.0862146481116006,
      -0.21478785819689064,
      1.8311270935498787,
      -0.04705026179121404,
      -1.7718609239720169,
      2.183159001468792,
      -1.5431260801470663,
      -0.9597081046292686,
      -3.2068499471956864,
      0.5705662512854975,
      -3.164758754110214,
      0.7984263952339675,
      0.42709449341431144,
      -0.5559186015403117
    ],
    "hip_angle": [
      176.6379396445544,
      180.99298184845176,
      179.2649406636605,
      182.47544961638113,
      182.17777972710076,
      178.72510610623326,
      176.5277004818901,
      180.71616475133735,
      181.84185168934462,
      176.85613145108042,
      178.93389590849608,
      181.86873064482324,
      179.61862383090315,
      180.40900322734646,
      175.92481732007417,
      178.9636712853486,
      178.8115417940765,
      180.34554426928756,
      175.76274352144304,
      178.59705437226808,
      182.23081936352153,
      181.67860794487285,
      182.3363400202321,
      179.88658504333048,
      184.9417277632052,
      178.53940350268465,
      180.8514118748569,
      182.04455833079476,
      182.44285046803643,
      179.5384412220622
    ]
  },
  "num_frames": 30
}