{
  "exercise_type": "squat",
  "form_score": 94.72281716092482,
  "form_quality": "excellent",
  "risk_factors": [],
  "recommendations": [],
  "joint_angles": {
    "hip_angle": [
      181.10169176172306,
      181.11072729458738,
      178.78139342755435,
      180.90089042127195,
      181.2148929292823,
      179.8338208747346,
      180.7359504031713,
      182.10495856137106,
      166.08780653975475,
      153.81766353070117,
      138.36638668796934,
      130.54552516585176,
      116.10102938535145,
      101.28392563238502,
      86.08738591568085,
      90.27751599500642,
      87.0251824901097,
      88.35535215281642,
      89.44079677570107,
      85.16561099618484,
      89.2978640272615,
      84.96605306932742,
      100.6422561450554,
      113.95940788211584,
      128.94958971291518,
      142.36312987617396,
      154.58966795530117,
      164.37188326392732,
      90.10229020710695,
      105.48022212707569
    ],
    "knee_angle": [
      179.80289431295742,
      179.4145466919726,
      180.22543079010651,
      181.75353162314565,
      179.39568279183763,
      180.23822700299579,
      177.6542125157675,
      178.7478283357573,
      163.8986563851629,
      153.41274075951105,
      142.5360421877958,
      125.28701276816783,
      113.6917113758576,
      105.53714515911916,
      86.3948935135594,
      91.07704044190167,
      88.27574456781527,
      89.60840813092484,
      91.54475939335292,
      90.23457825289447,
      90.49212540248459,
      91.63802581037834,
      104.69863824736834,
      116.22203279648826,
      126.83225023678797,
      141.9391641518074,
      155.44030997276627,
      166.30845413575392,
      89.87350344292534,
      104.20574047458308
    ],
    "ankle_angle": [
      91.1972833420904,
      87.06570865037313,
      90.53976855941474,
      91.5621473932897,
      91.20290280493265,
      90.49416728620596,
      85.1373720749396,
      88.3466985188183,
      87.33683359013257,
      82.93424932134135,
      80.20025212291546,
      81.18075433477297,
      79.9862061272364,
      73.2411120355799,
      69.34888330729329,
      69.85266808956855,
      72.23546700041193,
      72.5089133312783,
      68.24750782084493,
      69.27424368306843,
      71.34823705721679,
      67.26939941035701,
      70.49708059173174,
      75.32903893788969,
      80.23682434564212,
      83.24508288773076,
      84.05239854439998,
      88.95197779624867,
      71.6075281017561,
      72.55259492682575
    ],
    "back_angle": [
      0.22795956282628205,
      -4.902505567956666,
      1.7924208521476237,
      1.8160623563012677,
      2.093660848084528,
      1.9274225994131178,
      5.654441457719082,
      0.08278269880394022,
      -0.9851308594808758,
      -1.5949471615729427,
      8.083184025403101,
      -1.0152437799536598,
      0.5485744603531139,
      -2.5868805650945723,
      0.6310394873933052,
      0.651300510797292,
      -1.259738605517985,
      -1.0331361053694583,
      0.12254661095539274,
      2.7127170823982554,
      1.7235962968080272,
      -0.44936167146806055,
      2.539597047525408,
      -1.7293864419370757,
      0.8020806746822196,
      0.6922243051689885,
      -1.3796816830053968,
      -2.1053099024171744,
      2.5161703405284666,
      0.5173832822284808
    ],
    "shoulder_angle": [
      44.48906581972484,
      40.79790270903939,
      43.98574994620071,
      44.740461669688294,
      47.71491684337225,
      44.54930884090072,
      43.54901667120457,
      45.94433471030256,
      45.499510380876785,
      46.47357617500939,
      44.91692042258209,
      45.924423566306096,
      45.27660126668292,
      44.53362437201417,
      44.1705648552737,
      44.991653795236935,
      44.217326955195105,
      49.32117122046865,
      43.87645148699402,
      47.146064324841895,
      45.31633143243997,
      47.82080859090495,
      47.60095449228373,
      42.26785221952759,
      45.221917610279355,
      45.47124496706432,
      42.98062064970443,
      43.14003122197577,
      45.80770232375562,
      46.12799445001063
    ]
  },
  "num_frames": 30
}