{
  "exercise_type": "bench_press",
  "form_score": 35.948751385044986,
  "form_quality": "poor",
  "risk_factors": [
    "excessive_forward_lean",
    "knee_valgus",
    "insufficient_depth"
  ],
  "recommendations": [
    "Keep your chest up and maintain a neutral spine",
    "Push your knees outward to prevent inward collapse",
    "Descend until thighs are parallel to the ground"
  ],
  "joint_angles": {
    "shoulder_angle": [
      88.29539881442939,
      89.57865238716812,
      90.80494105125213,
      85.76668464609898,
      88.33060542269538,
      91.01000537258315,
      88.94874327568276,
      91.13633184722067,
      90.53028076344614,
      96.56261915697739,
      91.57020808132799,
      91.5402610309915,
      89.35175726047284,
      90.04431869457682,
      92.01686081429294,
      90.7398805712798,
      92.48167621997271,
      92.01707650181368,
      90.54130138275403,
      89.82221865865537,
      86.33106223974846,
      89.42527367235482,
      88.2563603518949,
      89.3950532526561,
      91.70114211910224,
      91.40988740187,
      93.32214479107573,
      91.84121714961213,
      86.89880030742397,
      88.31885591386312
    ],
    "elbow_angle": [
      81.67052892028417,
      71.28231688928702,
      72.78945675763481,
      72.50834149459679,
      66.99818912258603,
      60.57392679444828,
      57.142968148474715,
      49.9588265619113,
      56.090219920025724,
      48.32835844486469,
      43.552493668532165,
      38.94418848607893,
      37.967913526577114,
      39.88678354947549,
      32.93054223898007,
      34.62309411752012,
      30.738378899214695,
      30.913004982852257,
      33.60029627884072,
      39.98936334350242,
      35.917517722890054,
      49.66726406668929,
      44.72722669188942,
      51.85656207024477,
      58.70827418460665,
      59.6747542962613,
      66.30041490617464,
      68.1355673962611,
      64.19964554697502,
      79.79560697340791
    ],
    "wrist_angle": [
      178.63613672853117,
      177.8415446449997,
      177.2037490075209,
      180.8404299053537,
      181.02687209521477,
      180.76199320594313,
      179.62172917424223,
      183.0405562580706,
      179.89590583739076,
      178.9116161570711,
      177.20264795456254,
      181.2595124945898,
      181.81307349798342,
      182.47101266165456,
      180.17935326592607,
      181.21781111754427,
      181.922143065542,
      179.73352945957785,
      185.17647795731665,
      182.1680209124373,
      180.7064495586484,
      177.69865239686055,
      180.9598113716494,
      180.785112447633,
      181.5194340245039,
      176.73833814177732,
      181.29861587175435,
      179.27350752825237,
      179.58821197384367,
      175.4917049863062
    ],
    "back_angle": [
      20.456377019192164,
      23.17066006811398,
      21.312161505414522,
      23.142055141594383,
      25.560506306581374,
      23.73136651582955,
      18.441749561456078,
      26.587066847390464,
      15.852656877066918,
      26.989074508542384,
      17.551501043473937,
      20.404882703287516,
      15.9898646158887,
      22.64447658010369,
      21.983181626759894,
      18.975863156991164,
      18.589694231657596,
      24.93866747702762,
      23.96183773987928,
      26.179469065717065,
      21.99037854050931,
      14.716008599264594,
      24.067372289081465,
      24.278649058026716,
      16.87267955218661,
      16.710822454392503,
      28.412212093867026,
      20.577599408280744,
      18.98526929002903,
      17.522122976939755
    ],
    "hip_angle": [
      89.4159648929886,
      89.61303174756223,
      88.17410848960088,
      92.95288381905496,
      93.16390941648282,
      90.22796391993683,
      88.83358269978,
      92.01519935656803,
      92.33290090288929,
      90.9315021669049,
      90.87601578115985,
      87.81568451137984,
      87.01301370242842,
      90.21978158448044,
      90.69238720440929,
      88.78966525070463,
      89.83050551487105,
      90.66440455775532,
      94.21796155903738,
      91.77170292579127,
      86.4422370817679,
      87.89390886508914,
      91.89726829541894,
      86.89271851488397,
      95.1073892917763,
      88.40724879294145,
      90.88906668823594,
      94.46921943353313,
      86.582529870905,
      89.27431487616127
    ]
  },
  "num_frames": 30
}