{
  "exercise_type": "bench_press",
  "form_score": 92.25811314337636,
  "form_quality": "excellent",
  "risk_factors": [],
  "recommendations": [],
  "joint_angles": {
    "shoulder_angle": [
      89.56179992907035,
      90.70322554224262,
      88.76564634697289,
      94.29609602694752,
      91.29512049982677,
      87.37499423366404,
      90.01445382719666,
      90.11960594275227,
      93.338423713389,
      90.12239064077075,
      87.82765126660547,
      87.41216592010437,
      90.2966213153323,
      88.66255570774632,
      89.83530268581106,
      92.43475653934149,
      93.32637543173777,
      88.73128151194125,
      89.25232408569124,
      91.24881756069182,
      91.67562765441025,
      91.63569135182718,
      89.78894489289556,
      89.80930317689267,
      92.3899080220266,
      86.6048465048128,
      86.73650818828092,
      92.32286222414314,
      90.17295663569527,
      90.11384899005627
    ],
    "elbow_angle": [
      91.85692274810533,
      87.63834146616779,
      79.72795301542749,
      82.82805596118197,
      78.56543297430011,
      74.12766180343951,
      70.7973882467338,
      69.02256584250847,
      63.428192851725676,
      63.85688785115732,
      63.55400021492643,
      55.89834949177163,
      56.225292957695366,
      47.99961229822998,
      46.00845699193576,
      45.460439242381995,
      47.1726947470105,
      52.4758164633006,
      52.51917013500993,
      56.58299538786784,
      58.00977342067334,
      59.86090381164582,
      67.38014239485983,
      69.4837810168108,
      69.58901851116615,
      71.29887064348077,
      77.6016055455427,
      79.99116641260241,
      82.44369050775221,
      84.42839373312736
    ],
    "wrist_angle": [
      179.40973205799457,
      177.68197198832368,
      181.53024871783458,
      179.522233481402,
      180.38013173984922,
      177.96947233188595,
      178.8257057729638,
      179.70613356800126,
      180.68908856260998,
      179.396050809859,
      179.7463506046256,
      182.7165419006483,
      179.92785588423587,
      183.3515632530085,
      178.64014850935936,
      181.2017952312481,
      180.78612377621735,
      182.7195628834707,
      179.93847863995256,
      179.0924328762179,
      176.37207729233927,
      179.4073210170428,
      183.91360835795297,
      179.70113951248555,
      176.77393881111513,
      179.47066183619572,
      177.02277085823948,
      180.5361546121883,
      179.32806852392523,
      180.00240453350048
    ],
    "back_angle": [
      -1.047075414120433,
      1.0932150903615931,
      -0.33067246416643864,
      0.020512120795439244,
      -1.222636624953141,
      -0.7553906657985857,
      0.338966922750258,
      -0.6127343449393702,
      0.5236780859993458,
      2.8828504220103452,
      2.537149768578909,
      0.4953862656210607,
      -0.42645342573484246,
      1.218217050921477,
      2.6464729228049793,
      -2.1803316037007647,
      1.4485539131203715,
      -1.7839669542126713,
      -0.026921085191751033,
      2.1857816606204863,
      -0.3662196948089973,
      3.4088710616346134,
      -0.8227688535654583,
      -1.632744990282945,
      2.611119630538871,
      0.7972517375566504,
      0.8052649723594097,
      -0.879317193612779,
      2.747879312895487,
      -0.9879314284670466
    ],
    "hip_angle": [
      89.21951679439503,
      87.4131575611644,
      89.1138259428784,
      92.11391843628883,
      90.63493738008998,
      91.63032106608946,
      93.3359941187965,
      91.01041432415909,
      90.18170848329918,
      92.17438288692847,
      84.18127412806895,
      92.91460715300678,
      91.72297234267354,
      92.35382820374532,
      91.96279291753474,
      92.39278854486122,
      88.75042422240222,
      88.33750276358005,
      88.20302966089852,
      87.29639927536883,
      87.3105778828593,
      88.93343258754302,
      88.80467939225474,
      89.822700964358,
      88.1049379857533,
      86.32098018672883,
      90.30838502823882,
      88.8926043338024,
      88.38134751214987,
      91.44632739605292
    ]
  },
  "num_frames": 30
}