{
  "exercise_type": "lunge",
  "form_score": 98.04419145121156,
  "form_quality": "excellent",
  "risk_factors": [],
  "recommendations": [],
  "joint_angles": {
    "hip_angle_front": [
      178.69900082329175,
      179.93042732630929,
      179.92596795903802,
      179.65710744974055,
      178.58000891505705,
      176.92188739192432,
      177.6588905960416,
      178.7277551840056,
      163.05841482009714,
      153.8891195381759,
      142.23602056637128,
      129.232664038743,
      113.79231628307707,
      105.00935875541639,
      86.69218751633103,
      87.65911447359944,
      90.22581574190325,
      87.49426856578884,
      89.36129998563639,
      86.86060268340343,
      89.43529099197647,
      89.2422604786022,
      104.42062097989118,
      112.98158534234165,
      130.6989544838565,
      141.14564597791815,
      154.98654506694723,
      167.024207093983,
      91.63437130306252,
      103.96726391028427
    ],
    "knee_angle_front": [
      180.07546423343894,
      179.84013585538534,
      179.30803943488965,
      181.01238838284723,
      182.2020299383183,
      175.7401815702885,
      178.0729183244879,
      180.2999079924573,
      166.06535227679575,
      157.09707025821479,
      143.98334067621175,
      126.24492723751388,
      115.90648791641752,
      102.14468283284755,
      94.16702652505022,
      89.2177370141848,
      90.62038565801525,
      90.42488288109193,
      90.04205297623271,
      89.50871071237535,
      90.56175256723137,
      89.44270040726289,
      101.30074038998593,
      115.97457003969204,
      128.41036408617833,
      142.25588469009213,
      152.1632816380016,
      160.79696884474473,
      91.9482057727054,
      103.32967199469289
    ],
    "hip_angle_back": [
      182.32707691380094,
      179.40991871061465,
      179.60498876927832,
      176.05318326634955,
      179.18466163308105,
      180.61789271355647,
      178.67031738461526,
      180.0721487057326,
      183.90346451949242,
      177.9565624979078,
      179.22476768453728,
      182.58855190870767,
      180.53222458038326,
      181.3586529974694,
      179.01169437398093,
      179.5571255623809,
      179.17430381889258,
      180.04330269607408,
      177.97287742011153,
      182.01720342829225,
      181.7562153072207,
      178.09631682224375,
      179.95067465621125,
      176.85047619172633,
      178.66945770689082,
      182.92634327965322,
      182.08396902102388,
      185.33371891529262,
      183.79502211824249,
      182.44976471782363
    ],
    "knee_angle_back": [
      184.30075031455675,
      181.5821825212884,
      179.64784825891545,
      181.88136913628344,
      180.7212227129022,
      183.2893769073588,
      178.47390151498743,
      184.41299398550098,
      165.51061375291644,
      151.17093392193377,
      138.7050325865551,
      127.55165374240116,
      116.16977708691267,
      104.27780765116484,
      88.70349849449394,
      92.01496376771578,
      91.29255050467775,
      89.43043084251381,
      91.82151634038594,
      91.94802210262561,
      93.14635383318254,
      90.28699538359083,
      104.69074078311529,
      120.64669387262445,
      130.59908395692875,
      138.17050767243484,
      152.5680931743128,
      168.29367834587998,
      93.04199968226386,
      99.66454833659515
    ],
    "back_angle": [
      0.24861991705477768,
      0.014834186122790175,
      -0.33570975534883996,
      1.0710478609680913,
      -3.3659000040730964,
      -0.43192400401501035,
      0.8657016462503715,
      -1.6172706300142723,
      2.948113111113721,
      1.2708913206292234,
      -3.3236189515944927,
      -0.8075100979893798,
      2.4975862553727235,
      -1.5927175506399307,
      -1.4259186799442118,
      -0.08362865998753988,
      -2.026623810495228,
      -0.1419759236000665,
      0.9778928854230778,
      3.6186539204120245,
      2.6072187283889052,
      2.597195507699089,
      0.7035303393244093,
      0.8314430019764016,
      2.722873040107912,
      -0.9335507040386732,
      1.9523280389327293,
      -2.7335427205642064,
      2.5463755131189316,
      0.7680420846065436
    ]
  },
  "num_frames": 30
}