{
  "exercise_type": "overhead_press",
  "form_score": 98.83704032545485,
  "form_quality": "excellent",
  "risk_factors": [],
  "recommendations": [],
  "joint_angles": {
    "shoulder_angle": [
      89.19918204950994,
      94.22906804854051,
      103.19945684203411,
      104.39842552135654,
      114.1355928756545,
      121.36094330361686,
      127.12865940388784,
      131.24281675258518,
      137.39478408477788,
      141.73940852094938,
      149.84481736850597,
      156.62124578937036,
      162.32966993504448,
      169.2230460483348,
      172.97267757638116,
      181.68785282676794,
      174.49673444533758,
      167.2450092982652,
      164.8462390835953,
      157.6406777101676,
      149.16998472503488,
      141.12984484235216,
      139.24227051923535,
      132.94695976034492,
      127.36488941868103,
      117.69439416675486,
      112.55896133939603,
      107.70912003520543,
      104.12890014526177,
      96.12548354697245
    ],
    "elbow_angle": [
      90.24228573914363,
      96.86362474520587,
      100.81361395908766,
      107.02498020112692,
      115.48321402353504,
      120.54977680780651,
      122.90506431466765,
      128.88634867803947,
      138.3916019238255,
      142.6553600903632,
      152.0244896507656,
      154.05875851485948,
      161.43877774924317,
      166.10388679822267,
      175.07315124702205,
      178.85922209627492,
      174.91911680693158,
      163.72249902762076,
      161.65949165449558,
      155.01645948511603,
      150.11988783555668,
      141.49835329348215,
      138.89428106616478,
      132.44292053816932,
      130.9410646235389,
      120.18937079027371,
      116.41999433415994,
      109.7733916778312,
      100.97723346491213,
      94.75913214346029
    ],
    "wrist_angle": [
      181.04454068566267,
      180.54032397347953,
      176.94190627709392,
      180.7799307776147,
      181.6980655574252,
      177.80790889927835,
      174.98338621770102,
      181.37963096291938,
      183.3946786461147,
      182.38228709097595,
      179.41983459755303,
      178.06610695698697,
      179.05493151190853,
      179.03345102888446,
      181.3274651643714,
      183.2308679804675,
      178.2884090091518,
      182.2887361459769,
      179.78590237110936,
      178.17779668570023,
      181.59768835321182,
      179.97908354757058,
      181.60057769692364,
      183.0847518021515,
      179.10061018482747,
      176.12314617742265,
      179.63438400916553,
      181.0040118485416,
      178.41112794438394,
      178.49424895071803
    ],
    "back_angle": [
      -1.494999996165635,
      -2.16874077064785,
      -1.1366983615588773,
      2.744331134528378,
      -1.343110572333324,
      -0.20197736124950558,
      0.7877938852134696,
      -0.49743756995732985,
      1.1515968698482544,
      3.971048025963021,
      2.0336069254273013,
      -1.8042367163743018,
      0.3949558943799256,
      1.7125851902708262,
      0.8430049813151927,
      -2.965682274051882,
      2.84199075402514,
      0.5590942173013002,
      1.1078798431123216,
      1.1905988567774453,
      -2.018128590932039,
      2.819532411886341,
      -0.823261569265342,
      1.9603374281865278,
      0.7561363424590554,
      -1.4212526903141829,
      0.0744765656783181,
      2.2396698589524227,
      -1.0606620713588317,
      1.7975412684975753
    ],
    "hip_angle": [
      184.60506496247652,
      178.63244270485995,
      179.42836334577405,
      181.30820741406993,
      178.26828133330753,
      182.04875673383788,
      176.64771681518587,
      175.27380676323202,
      184.76821025629394,
      179.78104632710364,
      178.8610587143228,
      180.50964075920027,
      181.40806531639674,
      178.72547358516277,
      182.9126516022048,
      178.56563094520143,
      179.14497158996076,
      180.17958895207528,
      179.9826325744551,
      180.92460271608516,
      176.9498551093579,
      180.81786036591078,
      177.90777987597147,
      179.90511002733035,
      177.4939188760255,
      180.452690825677,
      180.63599853490118,
      178.21592533755415,
      182.56494090661286,
      179.74648333278682
    ]
  },
  "num_frames": 30
}