{
  "exercise_type": "deadlift",
  "form_score": 99.63315196969566,
  "form_quality": "excellent",
  "risk_factors": [],
  "recommendations": [],
  "joint_angles": {
    "hip_angle": [
      42.94268843555837,
      42.55896728705812,
      47.141860292145694,
      47.839142460992264,
      47.960769918706426,
      45.846153335883734,
      43.42878235120266,
      45.43035392493812,
      45.83304113360412,
      46.41823391759173,
      45.45794805128152,
      59.54897540408322,
      73.44436758921572,
      83.56894472100478,
      96.45597345540746,
      114.88553794231548,
      125.7519182758439,
      138.62650768791067,
      153.62506982841228,
      165.60895483238653,
      174.20937924368488,
      167.78686339150153,
      150.5033996368388,
      138.03616721185912,
      126.21902353282881,
      115.90122930860653,
      98.47067875211879,
      84.9998582706611,
      71.75538140093222,
      58.46507932660142
    ],
    "knee_angle": [
      89.27928406364835,
      91.66017778709593,
      86.94004316528893,
      87.42383389071114,
      92.15394050788329,
      90.31231806140033,
      88.8955121541104,
      90.68784618605564,
      90.65573639260329,
      89.10263639143837,
      91.27880067453351,
      100.69247673071605,
      106.61628384944753,
      118.21194938372575,
      125.87128417708752,
      131.8300374260731,
      145.1856524587818,
      152.08497123482184,
      160.66689568069404,
      172.7565587497676,
      178.3048248413961,
      174.0511418230615,
      157.55388789455102,
      156.2925917280689,
      141.44062761439014,
      139.56436176395286,
      126.50761702017057,
      117.80334526095831,
      104.75217001130322,
      97.68151434901684
    ],
    "ankle_angle": [
      87.31200843167133,
      87.58255990380242,
      91.7479394375294,
      88.5840098247864,
      90.30187466596692,
      89.5283894625719,
      88.9383208767989,
      89.04417994249056,
      84.72688992885585,
      90.99942193778378,
      87.71082778435628,
      88.5479748035308,
      89.59852124457078,
      90.20707594232017,
      90.82902994307977,
      93.46675619211067,
      90.08837587309495,
      88.85975360228677,
      91.78566187434149,
      88.24665263518166,
      91.25052065092667,
      88.84835206206452,
      88.16796231122304,
      91.39389090469503,
      87.94858807496973,
      87.10830870033662,
      85.40567646599398,
      89.19538117962563,
      92.27917859776265,
      92.3645081531963
    ],
    "back_angle": [
      0.949996635446955,
      -2.5001431384779518,
      0.7855664595980132,
      1.2503963575337425,
      3.4290530798967227,
      1.839681064225751,
      2.614443691210804,
      1.0849384156063224,
      -0.1598006137205022,
      1.2780161905677803,
      -2.5843388709939914,
      2.280127816775882,
      -3.6976497588256922,
      -0.40364176190691214,
      0.22095503790479362,
      -3.869337437477182,
      0.44221781714282626,
      3.361886068835303,
      -0.06489450114931491,
      -0.18509476827077556,
      -1.9488086037919297,
      -1.5630763421575435,
      1.3876690092755304,
      -3.3195018517830066,
      -0.3676074702393943,
      3.169067903148834,
      0.9171108423601216,
      -2.3937433486555393,
      -1.9311479991995786,
      3.1381414091887727
    ],
    "shoulder_angle": [
      86.46047817395726,
      89.584991470048,
      89.09152321501509,
      93.7416526816716,
      90.8649645119095,
      88.01175662270921,
      93.01487903302112,
      88.9860355522695,
      90.1317564669095,
      91.10475412204454,
      88.24106990088559,
      89.4815126068934,
      91.41909534460818,
      88.24811285034951,
      86.06994260535039,
      90.7747252925263,
      89.61258067752908,
      91.49254782337421,
      87.64703939992962,
      90.47983354519953,
      90.79144537336065,
      90.88401134632788,
      90.15620934565591,
      89.277401042702,
      89.05506724697375,
      89.33347712048233,
      93.00677663983272,
      92.22827528060705,
      91.08166218642921,
      88.72990336067744
    ]
  },
  "num_frames": 30
}