{
  "exercise_type": "bench_press",
  "form_score": 85.20548605576886,
  "form_quality": "good",
  "risk_factors": [],
  "recommendations": [],
  "joint_angles": {
    "shoulder_angle": [
      90.9547849873695,
      92.13452470881683,
      89.32313729467873,
      88.7116860908355,
      91.83764532501176,
      87.19015381618703,
      88.06957855819097,
      90.95538348788267,
      90.89568270712543,
      89.09174806602546,
      88.85095329837053,
      88.95110319899041,
      92.10820693150538,
      88.90769439335222,
      89.632808578085,
      90.17854645594132,
      88.28952199904066,
      88.0336782938598,
      91.69915212090986,
      86.0922566913782,
      85.39408520077995,
      90.05571081375015,
      90.5510104387926,
      91.98624371298952,
      88.21612781319969,
      89.19749424510441,
      88.37798587954609,
      93.00301668175594,
      91.02812019727943,
      86.76334421618574
    ],
    "elbow_angle": [
      89.82862294402854,
      86.69841902795005,
      83.96152616643248,
      83.33872628694886,
      76.21664289456963,
      76.23650902516643,
      69.83944047711383,
      68.79439489076469,
      64.32519326510663,
      62.57009030967662,
      61.476370614824255,
      57.84389791362076,
      51.166465462720765,
      52.55838326990101,
      47.17347287415237,
      46.92410517326883,
      48.68684207245387,
      51.32513352460115,
      54.324975158987925,
      56.495382563783366,
      60.83846314566506,
      64.08763008970317,
      68.05537971614278,
      69.29613311454125,
      72.56127393721108,
      73.67013310181869,
      72.45365857117031,
      83.82156372962595,
      84.60745975248454,
      92.36811190900517
    ],
    "wrist_angle": [
      179.20915077034044,
      181.9297647119271,
      177.8482802616779,
      178.48755892349433,
      177.05260906237018,
      176.72299517211684,
      176.72154221818633,
      179.7561585398709,
      181.22762728194775,
      178.84228995688065,
      180.0776705604639,
      179.7766658696015,
      177.67334130309408,
      183.6258177806833,
      181.01918723928657,
      184.29286512714418,
      184.74129968346088,
      180.55472987826062,
      179.77532797804096,
      179.7823156558947,
      178.79140602238812,
      182.39215094493895,
      183.85929789376564,
      179.3840876525741,
      179.9830100300729,
      179.96608341130298,
      179.55587181059363,
      178.58644841597095,
      184.19107506126096,
      180.9583205641409
    ],
    "back_angle": [
      2.743744273986635,
      0.39723605127555917,
      2.7143216823581713,
      -0.758992782603181,
      0.007167230023597661,
      0.1562749217963096,
      -4.374372035187146,
      0.45985014652513534,
      1.5048712977697734,
      -3.9882645027370183,
      0.9428857001555797,
      1.9114211497685114,
      2.189214272649636,
      -2.3360548098567087,
      -2.297766076377352,
      1.887646851889103,
      4.265894475992169,
      -0.10421795991803086,
      -1.482474457651481,
      -0.8932475973034745,
      -3.2574238215243962,
      3.7443507372338405,
      -2.3718653174676914,
      4.8467876747356256,
      1.1869337145846635,
      0.1825291362078978,
      3.050070048080825,
      -2.0476607193719674,
      2.773848518866807,
      -0.45809140103433255
    ],
    "hip_angle": [
      91.4598274177769,
      91.75825534494413,
      90.66630615942508,
      91.5350776553455,
      88.10028016513846,
      90.9908519325963,
      90.96992446409297,
      87.34217290073418,
      90.91571370335845,
      89.46801595673564,
      88.97548265542437,
      91.8333414905102,
      90.15275464078793,
      91.87996667465815,
      91.9477092186138,
      89.59571019104436,
      89.7562722565949,
      91.48953749257883,
      86.99995341624965,
      87.7847796996964,
      86.76316951883382,
      90.16563605755196,
      89.87019993397335,
      93.50571528554235,
      91.54172063373683,
      89.76241539093422,
      89.46470525222325,
      93.30324881055101,
      90.3757678412757,
      93.82152261267089
    ]
  },
  "num_frames": 30
}