{
  "exercise_type": "bench_press",
  "form_score": 73.00825408204079,
  "form_quality": "fair",
  "risk_factors": [
    "moderate_forward_lean",
    "minor_form_deviation"
  ],
  "recommendations": [],
  "joint_angles": {
    "shoulder_angle": [
      88.36101254193129,
      85.71284069760488,
      96.07933491614801,
      87.17528945788067,
      90.84979649113666,
      88.30281379882338,
      92.45446123294495,
      93.24695170134905,
      91.61845830753515,
      88.1263250492048,
      91.22131599933282,
      90.70427020708158,
      90.5938657610943,
      87.03850034707632,
      89.53545463171803,
      89.69063872670532,
      88.46144444502983,
      89.56346159087737,
      92.66975176932566,
      93.72660920217706,
      91.90788232940648,
      91.0508253136805,
      90.35685381835144,
      90.30454877344759,
      89.31423063086697,
      88.56773943914675,
      94.30440304544504,
      87.20998651569623,
      90.02947365281459,
      87.93533399138077
    ],
    "elbow_angle": [
      79.93833198480039,
      79.80860091263386,
      74.81534423319658,
      80.08258993463889,
      67.29279178905537,
      68.35308447687743,
      60.7839865225618,
      65.6138089649565,
      64.74290198591731,
      54.76757948750976,
      60.35607485417234,
      55.24939040667314,
      53.567115914212316,
      50.36120606047052,
      39.431603038104754,
      37.63602343019779,
      43.151283913621974,
      41.411209155253815,
      45.37239032544752,
      53.46036209141537,
      57.52941112150796,
      58.87275715063249,
      64.2727450071258,
      62.19321174765278,
      69.34329560216729,
      68.05815527221692,
      75.46536599959441,
      75.62570257200392,
      78.60888894661907,
      79.03745966051643
    ],
    "wrist_angle": [
      184.74356349052758,
      182.40413295672502,
      177.34013309264373,
      180.27976349790399,
      182.90296267125717,
      182.45352777872657,
      181.11811312966435,
      179.2667190162524,
      179.7764369894348,
      178.9727808483054,
      180.02019269421922,
      179.0325199795293,
      178.24413496451322,
      178.5130300125533,
      180.73310610706386,
      177.10269501173653,
      178.66204385430575,
      179.36705067180785,
      181.64823285036445,
      181.62687417352544,
      179.37454850038947,
      182.14633291182074,
      180.6577604065676,
      176.2806880683585,
      180.4218738198114,
      181.0590977613104,
      180.2233234867786,
      179.89372161794,
      180.49630446278346,
      182.49345181802207
    ],
    "back_angle": [
      5.459680751266455,
      8.683360182746963,
      16.966737443103547,
      10.359246288007615,
      14.024630179731526,
      11.782629179301583,
      6.6171853153635105,
      6.916895807165501,
      7.392827764100992,
      14.596364835090963,
      11.248610015330678,
      11.303264315314658,
      12.892861967753344,
      8.36188404055774,
      13.686106543946115,
      17.370625423419284,
      16.031510811718597,
      7.040336672801309,
      13.237087528898144,
      9.717125888081966,
      8.06846121537107,
      6.583234872618335,
      11.49772483905296,
      9.225700717047363,
      16.013674295780266,
      10.635246298664486,
      13.178981692022395,
      13.995118138125967,
      11.014388373374228,
      10.662418339435092
    ],
    "hip_angle": [
      90.17525550914225,
      90.31303932111523,
      90.91111678359096,
      93.10858647634709,
      91.45945535975719,
      92.25588863692785,
      89.45333762247976,
      87.21854719511191,
      89.88717194924992,
      90.43574566813184,
      87.36387483309187,
      88.70176820080788,
      85.29001055678411,
      90.30056162609905,
      89.4130278186671,
      88.51661785129937,
      90.0564081887054,
      87.94654791579555,
      89.91850358960723,
      92.30303147782196,
      88.36927407923278,
      92.17558476790839,
      93.90341294108647,
      88.14995105901865,
      86.4382649156174,
      92.57297291232871,
      87.31524767963207,
      88.96115989550428,
      89.66769066858461,
      90.7731431038142
    ]
  },
  "num_frames": 30
}