{
  "exercise_type": "bench_press",
  "form_score": 78.36614030059056,
  "form_quality": "good",
  "risk_factors": [],
  "recommendations": [],
  "joint_angles": {
    "shoulder_angle": [
      90.24806002437374,
      86.73016022403321,
      90.90297650056517,
      91.10342016728268,
      90.88702547697241,
      91.38567931730152,
      87.81629558667522,
      90.04669000076555,
      92.15913758474355,
      89.6746432097545,
      90.9307511312476,
      91.76635736494329,
      89.58062034381702,
      86.506135672421,
      87.80776037470207,
      94.87615604962843,
      91.09725730038527,
      91.87146446706868,
      91.6605936802409,
      88.49387708346973,
      87.47720179260503,
      88.50268263188772,
      91.70590714423362,
      87.60423672461032,
      88.53618603686174,
      88.40939513637372,
      90.75755078912232,
      94.00083822388345,
      90.25746616795043,
      89.30349828874942
    ],
    "elbow_angle": [
      87.16200378707576,
      84.55648898554988,
      85.71739160855363,
      83.72988499259819,
      77.81833960636968,
      74.30646609533329,
      70.50373327695596,
      69.27193574804404,
      67.33960791211378,
      64.66428585194268,
      59.71910932252599,
      58.313330998304,
      52.69376071236549,
      55.08885546675441,
      44.27822088243061,
      46.62087777197326,
      48.52535627988198,
      50.873751872993104,
      53.681816676094435,
      57.11197990745191,
      59.42023341927316,
      61.090246780770954,
      64.88214931606727,
      68.2111266594075,
      72.49026687684525,
      74.0427745602267,
      79.11689743421692,
      82.23410052426935,
      83.97831313861995,
      87.9567732257526
    ],
    "wrist_angle": [
      180.81646172676759,
      179.43640554791114,
      182.2369425169411,
      179.81369618051798,
      179.24967202533085,
      180.16615812947342,
      177.41028084266156,
      179.46703032443773,
      179.43756422521932,
      183.02142042403227,
      180.96809648741643,
      180.69092731572695,
      181.24224945404092,
      176.36087060474108,
      180.57150753308315,
      180.66515786380197,
      180.09850651539685,
      176.81338411797392,
      182.12613961559066,
      179.47543449381217,
      178.32293242128247,
      179.78688548531488,
      181.9583137508094,
      179.04417973640355,
      178.5634795870524,
      180.7358801942313,
      177.3943414800406,
      180.88259121876135,
      178.2184735990831,
      179.09718717188198
    ],
    "back_angle": [
      -0.3185694631214363,
      2.563170031372983,
      0.5480154308509404,
      -1.8389773727301018,
      3.3092623886017787,
      1.634403605224215,
      0.33546199221548373,
      2.397078303628437,
      0.2287871125453916,
      4.715521107354526,
      0.00814675475673279,
      0.1654545971484895,
      -3.198071054827312,
      -0.35732543395901634,
      -3.1733225373107734,
      3.8564803853607232,
      1.0883791163619598,
      -0.07610681208156714,
      2.3421850391545305,
      4.187486125696946,
      2.5015368137835425,
      3.4780299343626244,
      0.38143202014083216,
      1.946775658125292,
      -3.385096073591261,
      2.0495884508309086,
      2.159235962683731,
      4.065653800042359,
      -3.859656088191986,
      -0.47382994345234386
    ],
    "hip_angle": [
      89.2509079962556,
      90.07947478662464,
      92.80637911551564,
      89.3434456840007,
      89.73226780649688,
      86.97660598677251,
      90.184123082231,
      86.1697562797022,
      91.58142911239354,
      88.60343291473005,
      90.93743238790383,
      91.43387605835831,
      89.48623462122933,
      86.25245924798011,
      89.9488578406028,
      87.098559138216,
      91.96645161656278,
      89.23157000174469,
      89.83546264813225,
      92.87604804774688,
      87.34432326465804,
      88.52890647782283,
      90.28152531841558,
      88.60063397460901,
      88.22544055980055,
      92.59204750511543,
      91.16101647669048,
      89.63597894742337,
      91.70612091524508,
      89.724982681873
    ]
  },
  "num_frames": 30
}