{
  "exercise_type": "overhead_press",
  "form_score": 95.0838065281701,
  "form_quality": "excellent",
  "risk_factors": [],
  "recommendations": [],
  "joint_angles": {
    "shoulder_angle": [
      88.20693296227087,
      92.69016943002917,
      104.81730878532699,
      110.26623067834089,
      112.60641334230047,
      120.71688050106026,
      124.74003369393267,
      132.4695411765423,
      138.57894879189217,
      146.38588725828558,
      150.47332553451392,
      158.87688163028204,
      161.49983835962303,
      165.51759741500538,
      175.44641787183778,
      178.41510149128064,
      177.06771152785058,
      166.70235547012317,
      160.89794965469005,
      159.9793597829458,
      154.1403675045135,
      142.82884743832392,
      135.87158489740258,
      130.38590671054922,
      125.89342519499162,
      114.2794430598534,
      112.17911372387456,
      108.56612665104139,
      99.26243069903934,
      95.98421477178525
    ],
    "elbow_angle": [
      88.66133737537835,
      97.48709295185168,
      101.3017186160473,
      106.56254658630242,
      112.51335160363165,
      118.7155165686991,
      125.7504767542608,
      133.75015076747505,
      136.00037750041443,
      140.00252305046706,
      151.41554049465392,
      157.02262188354928,
      163.2488772919762,
      165.8991223993182,
      171.05253309318965,
      183.1096303595021,
      172.28261822846244,
      167.64400585923764,
      161.12828291366725,
      155.71994208650926,
      149.58224096139293,
      143.57303185468203,
      138.57054379325254,
      133.13448402124695,
      129.88180595691762,
      120.34913067615057,
      113.55553064583272,
      107.51164583590959,
      102.91354387746944,
      93.08521490037354
    ],
    "wrist_angle": [
      177.69906178271754,
      184.16241457650347,
      180.8761540023283,
      177.92956766849312,
      179.44698405740607,
      178.94103959778053,
      177.38863874332392,
      177.9841198401188,
      177.5442521669133,
      180.20734178775524,
      178.8462295569665,
      179.81237776719198,
      178.44485529508648,
      183.71120864190453,
      180.99376828123715,
      178.6528832178317,
      179.46349976795727,
      178.46671536601283,
      180.33673288093436,
      180.51014182251393,
      179.67584896276992,
      176.61659462198097,
      176.34777982606593,
      181.8988686867424,
      179.27033901368495,
      178.59817020213,
      178.12628030602215,
      177.92325313326194,
      180.2952564006192,
      179.01111907152014
    ],
    "back_angle": [
      2.4523782340531475,
      -1.1900712187719715,
      0.8641685781653616,
      0.7026013770115381,
      1.3475046413248184,
      2.362821870661425,
      0.1484021129149933,
      2.267478114260971,
      -0.11550182480872487,
      -0.8099475099597137,
      -0.16611330272407482,
      0.28479807841897314,
      0.3751246775307479,
      -0.08949910354846957,
      0.8908135803647556,
      -0.02681448429051365,
      -1.6441010481289304,
      -0.4563278022773318,
      1.500898656475545,
      -3.6198882176337497,
      -1.89452536508566,
      -0.2856030378479706,
      2.6513086255753233,
      1.3883215559577684,
      0.8275126142330967,
      1.495822427111524,
      -1.7075963243414631,
      -0.26515675913522674,
      1.6099332634094445,
      -0.3637101719301458
    ],
    "hip_angle": [
      184.38308879792504,
      180.60813830734807,
      178.83091259308281,
      183.38725044314523,
      184.54809749663409,
      176.99585363017093,
      181.28629639223738,
      179.89842295320972,
      179.0423839718408,
      180.5461568626138,
      180.3601922196075,
      178.2615510012246,
      182.69186025497058,
      178.73294283018055,
      178.79192573269748,
      178.93364980039047,
      182.28054771010773,
      182.15521726207407,
      180.52931302967346,
      176.8781261085101,
      183.04789161057806,
      180.70311269035253,
      180.47692099475742,
      184.56990797996934,
      177.2726247423825,
      179.48844085934633,
      181.3218501774823,
      180.5771267770957,
      179.84729319954644,
      180.56690652795064
    ]
  },
  "num_frames": 30
}