{
  "exercise_type": "bench_press",
  "form_score": 35.93820650879913,
  "form_quality": "poor",
  "risk_factors": [
    "excessive_forward_lean",
    "knee_valgus",
    "insufficient_depth"
  ],
  "recommendations": [
    "Keep your chest up and maintain a neutral spine",
    "Push your knees outward to prevent inward collapse",
    "Descend until thighs are parallel to the ground"
  ],
  "joint_angles": {
    "shoulder_angle": [
      87.97273963127411,
      90.47472885495212,
      91.74303964098601,
      87.36840632691775,
      85.18052646614952,
      91.47281081638323,
      85.94923024475462,
      92.60109562958716,
      87.73608473762803,
      92.9862556126399,
      89.29171018924903,
      92.4398138834128,
      90.25566268587502,
      87.93671951941744,
      88.94072065977532,
      93.87416818325832,
      87.53788492344303,
      82.82486665921488,
      86.74647479768811,
      92.39462528566702,
      87.63116584774174,
      89.85499169330001,
      90.14439662054758,
      92.8641722042735,
      88.0361532951225,
      90.93106175847086,
      91.83436149005374,
      89.75615114732975,
      87.80618686150709,
      89.58637065439255
    ],
    "elbow_angle": [
      67.91076931633536,
      70.31068548449538,
      65.70136083503957,
      70.73026358723857,
      66.27285368267142,
      59.13315130211334,
      52.584998937628974,
      52.5391522946301,
      51.047667352873596,
      42.49265571562567,
      44.80290612649935,
      38.21124007969899,
      43.28192697960582,
      35.77269818253722,
      28.810839882749292,
      28.850531057286815,
      30.411938685709824,
      37.23129726543263,
      41.492390869108725,
      36.858394843412626,
      48.062331790083434,
      41.85726771281126,
      43.58486973363301,
      51.67456746077596,
      58.274459272154694,
      60.87376515998024,
      66.59131510175804,
      68.7145755196786,
      70.66471583857475,
      76.85862798786385
    ],
    "wrist_angle": [
      176.82795055683044,
      181.17886780797397,
      180.63437823280017,
      180.45687068619904,
      180.38760755748794,
      181.85835186637118,
      182.28627183566448,
      176.78543855141962,
      179.33127770052002,
      180.80360940329805,
      180.32913062409062,
      180.6985805978419,
      178.90838102726295,
      181.2675779049789,
      179.55348019700708,
      181.8425862051844,
      177.33938467372752,
      182.07243255479526,
      177.43105606265274,
      181.70663386431735,
      180.67157861809096,
      177.39839455732996,
      179.04959085335824,
      178.62293848399085,
      177.64598349523138,
      176.76876759603002,
      177.49690090311952,
      183.59026228006124,
      184.36477238114728,
      179.93856770706037
    ],
    "back_angle": [
      23.286108713885465,
      16.564253025784012,
      20.66518395517535,
      22.865569849235293,
      27.119699614898515,
      22.183625925133644,
      17.804376495725943,
      17.96704192617473,
      21.923824175366654,
      23.87675525624805,
      23.993579418105593,
      19.77547826852972,
      16.28650037574028,
      16.374633121667966,
      22.311848873129037,
      16.707832190446233,
      21.88245371797709,
      16.51224850091631,
      23.33953354977128,
      25.870907497549926,
      16.67117683584265,
      25.279880024200622,
      23.896932597450572,
      22.319663381678144,
      25.555835745602547,
      17.077953524476396,
      21.843097279476893,
      19.46722654711485,
      31.423703871089423,
      17.419640040786664
    ],
    "hip_angle": [
      93.35330509751999,
      87.31968958480338,
      93.47391451799386,
      89.00709368306488,
      91.92114692550231,
      93.44851085722044,
      90.68176308670193,
      87.82010039786674,
      94.25458608691628,
      89.52670498463465,
      93.33649728024578,
      89.13027111903521,
      89.62261411504954,
      92.64679658097208,
      91.3278653177463,
      92.15714445757091,
      90.1186833128785,
      89.79872924357119,
      92.16591974582849,
      93.422171924585,
      88.95930480333969,
      90.39947920384436,
      90.43627597429777,
      88.16533664404615,
      89.57035595201982,
      90.83643287781794,
      93.17504122445321,
      89.32975185250007,
      93.95985237868705,
      87.03706975038139
    ]
  },
  "num_frames": 30
}