{
  "exercise_type": "bench_press",
  "form_score": 52.6091361597162,
  "form_quality": "poor",
  "risk_factors": [
    "excessive_forward_lean",
    "knee_valgus",
    "insufficient_depth"
  ],
  "recommendations": [
    "Keep your chest up and maintain a neutral spine",
    "Push your knees outward to prevent inward collapse",
    "Descend until thighs are parallel to the ground"
  ],
  "joint_angles": {
    "shoulder_angle": [
      87.23436315166019,
      90.19627927798453,
      87.71732034219637,
      92.44253204860836,
      88.06273769454623,
      89.40644185670999,
      93.79070750001314,
      90.60265814818123,
      88.94432330141173,
      90.24047995112242,
      89.08409715308605,
      92.07357279551167,
      96.21562201172246,
      92.2491890558383,
      89.47394280204318,
      91.16000126791324,
      88.83440323099572,
      88.38834276967638,
      92.20244587173144,
      91.39147090120233,
      93.6261292536538,
      93.05923797111258,
      89.01587953350864,
      94.10937330148225,
      87.38310367227811,
      89.73486954244545,
      93.91532652150782,
      92.15067434821708,
      94.27509485853054,
      87.3681692395844
    ],
    "elbow_angle": [
      70.12286450527404,
      73.53994359631857,
      64.02170335813186,
      65.27476150219093,
      66.04025190137781,
      61.78681556742836,
      56.733270261551944,
      57.010178682333375,
      53.234743182812764,
      47.96007862878469,
      49.813142747175256,
      41.45320464445123,
      31.60202725325233,
      40.55364060412988,
      36.40199065939971,
      31.051468316517578,
      37.73419113861659,
      37.897148752187256,
      39.06721003796819,
      42.79022696036301,
      46.815111170792605,
      43.424974244250265,
      54.15328470440726,
      58.917936020803936,
      58.15944528005298,
      63.01223457861281,
      61.79493171956181,
      68.74442738118157,
      67.89852860297152,
      66.86412161653004
    ],
    "wrist_angle": [
      179.02724459698584,
      179.23106034811144,
      180.0983770817778,
      182.2121398749016,
      183.50171131104716,
      176.9737657260334,
      177.47997932416914,
      183.96608103423338,
      180.13231516015094,
      183.03141322875993,
      181.67070236597056,
      176.36718815104598,
      182.54074690003804,
      182.2951796829671,
      179.851771784343,
      178.9108643970756,
      179.15944265967602,
      181.03636788591166,
      179.11408964209178,
      173.57095076372406,
      178.12928663890304,
      178.70134777567648,
      176.82651255753788,
      181.41937530235154,
      178.74397225490813,
      179.48923502544054,
      181.12645988285482,
      178.35805338644357,
      176.64767299497208,
      177.1089965622795
    ],
    "back_angle": [
      19.30310558894561,
      24.91393340401457,
      15.491792656353105,
      25.9765081261302,
      21.830204909035068,
      28.17018917333173,
      25.302524091333613,
      19.920912683562904,
      22.4474794572098,
      22.034106582050914,
      15.288873972882236,
      25.6374093730148,
      17.336957537614882,
      25.727601671311216,
      31.400248215759756,
      24.401862143696263,
      23.50478295023836,
      21.60657053173138,
      15.360663429795835,
      23.19068489326987,
      16.094450426828022,
      22.461019296776627,
      22.178145193679374,
      29.708604865627624,
      27.76054163323425,
      24.63647838067475,
      23.858081371214386,
      28.856523644985785,
      17.352596171386345,
      24.312279596313807
    ],
    "hip_angle": [
      89.55198086081832,
      91.48015745830097,
      88.2503527258284,
      87.57714992786622,
      90.14195383398385,
      91.83943850284956,
      91.52401704079787,
      89.62886605416482,
      87.05294645151376,
      88.35156149892114,
      94.49645462613155,
      91.21934646967786,
      90.1423908150244,
      87.92345179012304,
      91.18663160490662,
      87.40721691254981,
      91.4511954006009,
      89.58896392880236,
      91.44017692397087,
      91.53522498296817,
      93.64904753496494,
      88.50627289513365,
      91.99737638790226,
      88.93533496415063,
      93.24083019948289,
      88.3835433163544,
      89.79848562606968,
      95.29614097013102,
      89.18234665065835,
      90.08218602543546
    ]
  },
  "num_frames": 30
}