{
  "exercise_type": "overhead_press",
  "form_score": 85.5982883110627,
  "form_quality": "good",
  "risk_factors": [],
  "recommendations": [],
  "joint_angles": {
    "shoulder_angle": [
      92.03987274741706,
      93.53011575992286,
      99.98212563423027,
      109.49784758310926,
      116.7347550555113,
      119.35401423481468,
      126.41410198523727,
      131.57102620414759,
      142.79418878148334,
      148.8247682076922,
      150.9106118348614,
      156.94131061055117,
      162.1735510245605,
      167.65451700400337,
      168.13092543103087,
      179.68515390243152,
      174.67559018872356,
      167.0799837173127,
      160.87368681641996,
      157.2070933518367,
      150.80996156518788,
      142.80168577685112,
      134.8954898503059,
      129.83709635363684,
      125.75380669265174,
      122.37200208048796,
      114.58392907076285,
      107.75901244466317,
      100.61611850856953,
      96.37087003713924
    ],
    "elbow_angle": [
      91.27490638279542,
      96.76028190771821,
      100.67967808471612,
      108.58489755661572,
      110.01313219354563,
      120.78520347719342,
      126.65348375111805,
      132.76181358250162,
      138.33786680578064,
      145.42893174559595,
      149.40228115941306,
      155.5385125718729,
      162.526720186371,
      164.46897914294448,
      175.72777605520307,
      179.35604536259896,
      174.01387498417068,
      170.94620965267052,
      160.6963631196079,
      155.57796523123304,
      147.88265764020835,
      139.7751117550467,
      141.23697874075776,
      131.64629610413826,
      124.16885097804331,
      117.97624448144218,
      113.97466565371177,
      108.81481261556655,
      97.38373555851854,
      97.31299446253063
    ],
    "wrist_angle": [
      181.43365400231133,
      182.91919863995633,
      178.1408816854368,
      181.01016376135553,
      178.2150044233027,
      179.57472455004552,
      175.996696892788,
      181.65518302631878,
      178.7224787209843,
      179.12121147907396,
      177.77316637798265,
      180.73923564070913,
      181.59965681495646,
      177.9201879995408,
      179.16789017325738,
      176.6804299949067,
      178.57974245594048,
      180.25979748791286,
      176.8040218905478,
      181.04248898908753,
      181.30693543225755,
      179.80915374430072,
      179.28058157222054,
      182.01064059611457,
      177.74609586734547,
      180.9807460033923,
      178.21567108983285,
      180.87762774567724,
      177.88098518900085,
      179.79281725537032
    ],
    "back_angle": [
      0.19898060573823964,
      -3.0380480354148314,
      1.4992907672185196,
      3.0942732326702016,
      1.083600357208639,
      0.5652242627203256,
      3.253995429730928,
      -3.041783685963376,
      0.5860415432840431,
      -1.3446530560357868,
      -0.1265951869127152,
      0.8329188247082442,
      1.7836087813108152,
      -1.5585535455755612,
      -0.4046444748362199,
      -1.710561244261225,
      -2.9003923871601116,
      1.0718674622394546,
      -0.3679260406198716,
      0.015304474120452095,
      2.432891214617322,
      0.7426465809148244,
      -1.323093872785072,
      0.03197058260293995,
      -0.819375448204863,
      1.6586629956331536,
      -0.7383549710445412,
      3.065348010520958,
      -2.432647654632536,
      5.194975395001036
    ],
    "hip_angle": [
      180.57929719352873,
      181.9680778764273,
      180.89905196690884,
      177.56124251653785,
      181.04585445260642,
      178.37835524452532,
      181.0674154079047,
      180.2806279050254,
      176.29055325620448,
      179.37039415911795,
      184.58241195128934,
      178.81365484468364,
      180.86625608958542,
      180.61713053928332,
      178.97786959471145,
      180.77508425678406,
      181.1411140991403,
      178.52720214811563,
      179.77292830168577,
      179.04600833455976,
      178.00239670414288,
      181.03582063956085,
      178.14889171008585,
      178.58849684610655,
      180.9981498830146,
      179.75890243202375,
      180.8383516748062,
      177.2716070052141,
      179.88433418231585,
      177.44433952503593
    ]
  },
  "num_frames": 30
}