{
  "exercise_type": "overhead_press",
  "form_score": 36.299830086646786,
  "form_quality": "poor",
  "risk_factors": [
    "excessive_forward_lean",
    "knee_valgus",
    "insufficient_depth"
  ],
  "recommendations": [
    "Keep your chest up and maintain a neutral spine",
    "Push your knees outward to prevent inward collapse",
    "Descend until thighs are parallel to the ground"
  ],
  "joint_angles": {
    "shoulder_angle": [
      90.62040303413603,
      97.26358224871277,
      99.27252704912154,
      109.42887187853096,
      110.56814273268091,
      119.65014012946232,
      125.82811260389326,
      134.62766043427595,
      135.30308802294115,
      144.82309203261408,
      149.62588644835083,
      155.00233832295407,
      163.45984392318394,
      170.38928638745907,
      172.3023088199171,
      180.3614942196787,
      174.19575147783405,
      163.29310689982344,
      160.6422081902667,
      159.9605755562265,
      151.2460726976999,
      141.704825147172,
      137.85271090506876,
      131.10046651600413,
      124.0562436560151,
      118.00680143644226,
      113.04284077449208,
      109.33885459368999,
      102.87183290092597,
      94.62587488732377
    ],
    "elbow_angle": [
      90.71528806225623,
      94.7603198893737,
      101.80122163719125,
      108.08187534661316,
      115.28508314421988,
      116.66532457181731,
      124.18642232948878,
      135.83711133573084,
      138.61812167641244,
      144.44283259044724,
      153.37025319047515,
      158.04383048630393,
      162.6309454185223,
      167.61979804072072,
      174.98673540582558,
      181.92909828877626,
      171.66149440492794,
      170.75668148591433,
      162.41246478635713,
      152.74739944349525,
      151.3513151133001,
      141.78087427738492,
      136.2158764309957,
      129.45018794857972,
      127.4191621653649,
      120.24633670660762,
      115.30800565956284,
      107.41735111713324,
      101.76180046681327,
      94.96845360041348
    ],
    "wrist_angle": [
      182.21842388297043,
      178.74630551383055,
      178.70576117482298,
      176.43022190652135,
      181.7559333755879,
      179.55638748654923,
      178.92172390253387,
      181.82829126951754,
      178.24263305335046,
      181.1375362876234,
      180.30013158704136,
      177.18963754191245,
      181.16513588475283,
      177.0041814710232,
      180.13654555617208,
      178.28555816987733,
      181.47317170208493,
      182.2882418456044,
      181.10028959057888,
      182.25624644104528,
      178.22419046563815,
      181.05282590885582,
      177.4158119698517,
      180.63355127582645,
      178.9288690448548,
      179.34938614955905,
      179.61503695212502,
      179.68464368917364,
      183.54625497118997,
      182.77985340875398
    ],
    "back_angle": [
      27.477290794210376,
      21.429829442970455,
      16.80506763299924,
      19.903401745962274,
      29.074617398913848,
      23.754191157145442,
      28.496244558556356,
      24.829767698840197,
      27.440633308901987,
      23.4373228266033,
      20.694588882664075,
      28.634191939731267,
      19.297193723229256,
      13.296123150249255,
      16.615912348603484,
      22.634377832947667,
      30.25991378693862,
      25.252005865700017,
      22.380835697989248,
      22.951446947406325,
      13.054353333609171,
      18.246110317539816,
      26.17732578837791,
      15.537841962832063,
      15.859798274653638,
      27.550441782309207,
      25.208617044220258,
      20.288537114823942,
      25.612149198209245,
      17.44894624043648
    ],
    "hip_angle": [
      182.6765632075569,
      182.88372116403264,
      181.52469575554932,
      179.19626373992676,
      181.69456078769258,
      179.07566021206532,
      184.53185115620948,
      180.58087855438274,
      178.4551736348451,
      180.9450257723773,
      180.86003287602134,
      176.0737523741582,
      180.52304520598258,
      182.37211953771137,
      176.42300080297622,
      179.99983639477503,
      179.77903622405955,
      179.67191010124463,
      178.65514807052938,
      179.98668678273575,
      179.6151279301947,
      179.25804754200533,
      180.9758397618017,
      178.74621967767467,
      180.84138786884404,
      181.2048717095684,
      181.0752074844752,
      182.5913366729144,
      178.12637216072972,
      179.4141970909203
    ]
  },
  "num_frames": 30
}