{
  "exercise_type": "overhead_press",
  "form_score": 72.59069626828189,
  "form_quality": "fair",
  "risk_factors": [
    "moderate_forward_lean",
    "minor_form_deviation"
  ],
  "recommendations": [],
  "joint_angles": {
    "shoulder_angle": [
      89.81744979101342,
      95.8216428166624,
      100.71679469133713,
      108.47000579063454,
      113.39720565571201,
      119.07265043185656,
      127.61273381702833,
      134.88466315210673,
      142.09590205096373,
      145.6605643179103,
      150.9547350505798,
      154.55725700193943,
      161.7399443996688,
      169.27104744547034,
      174.78035471212783,
      180.73515566205958,
      174.3349951267992,
      166.94685677450232,
      162.64341892796233,
      157.26085426807705,
      149.87668346217148,
      143.2857329590641,
      136.00509363913676,
      131.39431173746829,
      128.66891066789347,
      122.06329264058468,
      113.74694746268966,
      109.82951568850285,
      100.55977035875922,
      95.6750895067017
    ],
    "elbow_angle": [
      92.44408818911018,
      99.23723778359474,
      101.3729823187932,
      104.5555794162212,
      114.49149804539616,
      122.0832510305428,
      125.68365113750069,
      131.22842152075347,
      138.61978358695748,
      143.19558918757036,
      149.1118415544855,
      156.1664264111274,
      160.70165032172514,
      172.79892752668204,
      173.1538143592628,
      177.70795191675745,
      172.71415603308583,
      169.22470149834527,
      162.82714864039485,
      155.0021126655855,
      149.61096968014556,
      147.3252202844849,
      138.7904022158308,
      130.72424937588866,
      129.17835806992005,
      122.04025031555184,
      117.37751822823734,
      107.43925368665869,
      99.22737534720008,
      96.00356558508349
    ],
    "wrist_angle": [
      177.46115147353657,
      180.12627533906627,
      182.7460781138832,
      177.18429705617928,
      181.07076147268734,
      177.2157287335333,
      180.33752169551803,
      182.38563259453608,
      180.93207907568447,
      179.50937831348776,
      177.61468799807568,
      179.13600942891657,
      178.72759732298857,
      182.02245284574326,
      181.89815205593993,
      179.90194169334688,
      178.6467280552625,
      180.41109950693925,
      177.15872471389403,
      178.4585041898091,
      182.2383536285114,
      174.72290606432475,
      185.27699484776326,
      178.90992741398128,
      179.40862423545343,
      179.8865579145543,
      179.9573847808119,
      179.78946205864577,
      178.43575219059284,
      181.50207327055978
    ],
    "back_angle": [
      13.977171397982385,
      4.446382065091299,
      11.276071279799682,
      6.710522223005718,
      6.973090170222678,
      10.273921833436559,
      6.782566920793956,
      13.499684662547892,
      11.07381896245621,
      14.430270974020388,
      8.287456558814151,
      13.863561529511857,
      15.047660464441496,
      11.22471689412184,
      11.352821395759168,
      16.75146887728509,
      10.717500287936009,
      4.609058169733154,
      6.496218567235455,
      6.741832444294668,
      13.178288324904148,
      13.271745977770635,
      14.378888217306491,
      6.350245816101507,
      6.094782862475961,
      7.876248338028954,
      13.055012056735501,
      13.455774634818058,
      12.187942535682676,
      9.934974233871092
    ],
    "hip_angle": [
      184.841444585734,
      180.5230605775886,
      184.17401093233337,
      181.62286232177541,
      177.17932520013125,
      180.563919400532,
      179.56985866355328,
      178.66960691160645,
      180.43612533830463,
      178.04846782548412,
      180.86212988127394,
      178.0914768112011,
      181.74479978071548,
      177.97350554339894,
      178.92812952641452,
      181.01056479508014,
      179.3719905243877,
      174.44592932840004,
      179.86100288322663,
      181.0324534586487,
      180.82929253823463,
      179.17322181802058,
      178.3135648642862,
      180.79496641661837,
      179.76213561979154,
      179.99452491847745,
      175.55388199100486,
      178.11032805025647,
      177.4060895499881,
      182.4542182130556
    ]
  },
  "num_frames": 30
}