{
  "exercise_type": "lunge",
  "form_score": 79.39628535140737,
  "form_quality": "good",
  "risk_factors": [],
  "recommendations": [],
  "joint_angles": {
    "hip_angle_front": [
      181.07621429437242,
      180.85115775471306,
      179.7257605133535,
      178.22749748183003,
      179.48119987234253,
      181.0156436435199,
      177.93847651011336,
      176.3672089096201,
      164.91797914680686,
      153.72462043281186,
      138.7401469017701,
      127.69006790809803,
      117.99438249848505,
      103.48065989988602,
      87.44450359687428,
      87.8779534535192,
      91.11558464751555,
      88.50037481885191,
      92.03984753262151,
      92.06599083465258,
      92.33187858156285,
      90.48600581069336,
      105.29689571576269,
      116.01825302541367,
      131.33124298001908,
      143.5135540608269,
      155.68980662324768,
      166.09154381168855,
      90.0862683580485,
      99.12594931463913
    ],
    "knee_angle_front": [
      183.8046484440823,
      178.8657958895243,
      181.14652797706702,
      180.25142147064673,
      180.17028207572437,
      179.27736882975947,
      176.72482671832634,
      178.1721877135066,
      164.64480756345048,
      154.4246851806171,
      140.81262306478155,
      131.34101990795918,
      116.55454208446359,
      105.13805968953736,
      91.67805455845826,
      91.84308676740002,
      85.6992654916732,
      92.5516351270786,
      93.14159394710043,
      90.94981853946304,
      90.07776927199973,
      89.1039209209166,
      104.62608465381295,
      115.87090506083938,
      129.52806831898192,
      138.27265761955508,
      154.68892852657274,
      166.8644231865974,
      89.3704118622033,
      101.71346728491592
    ],
    "hip_angle_back": [
      180.4277854265049,
      179.07124874009682,
      183.9272238814048,
      181.35465609967068,
      179.43954679424127,
      178.1581797601607,
      180.56930982325997,
      181.80209229941087,
      179.2460821105116,
      182.82562301465353,
      182.00782806650403,
      183.00352710612592,
      180.2192208506543,
      181.14137218749042,
      181.15176058432252,
      180.26356519843537,
      180.2883174732579,
      178.12227156930342,
      175.3490632944905,
      178.72865054425773,
      181.19652650741642,
      180.52205182813884,
      182.15970621190175,
      182.47790143042508,
      180.69284214906205,
      178.53199526445422,
      176.23982731675724,
      180.057115840495,
      181.09944777987727,
      185.71794407060173
    ],
    "knee_angle_back": [
      179.68747185767637,
      176.2609871291562,
      183.59795393745554,
      178.30249251767572,
      181.03207173220608,
      181.7338042515676,
      181.19527162007387,
      184.539964750833,
      171.1311876465961,
      152.0405033879239,
      140.20258201251875,
      129.45109846603899,
      112.53007499481808,
      105.26278175810535,
      88.78934512238385,
      93.28399213572588,
      88.02509583004473,
      92.73987423869525,
      89.35926736500568,
      87.12371654642071,
      88.73255837814274,
      88.48970569006586,
      104.91640160903408,
      114.44660415054298,
      126.58071691777715,
      139.54904550580048,
      154.91274952652836,
      165.69386092199457,
      87.2490198996527,
      99.96458235979246
    ],
    "back_angle": [
      -0.8716182699558085,
      -0.528998804606644,
      0.043453568129529704,
      -0.15346168392300355,
      -2.985813014876307,
      -0.32318006248522263,
      3.174977625281674,
      -3.770456982566744,
      -3.6262012359163154,
      3.440169941526084,
      -2.873727829149392,
      -1.3527424157694794,
      2.722821048801383,
      -1.2541675062562878,
      -0.19900716369452023,
      0.06766776058146026,
      1.2720862275482046,
      -0.17202462793337606,
      -0.84617016483577,
      -1.2463762228028148,
      -0.6009875492759112,
      -0.1332127406490178,
      -1.4442929433802587,
      2.051961969480596,
      0.024172163135934628,
      0.05648542112090182,
      -0.5216871368748066,
      0.280459251448853,
      -2.807945236271913,
      1.0065726889719504
    ]
  },
  "num_frames": 30
}