{
  "exercise_type": "lunge",
  "form_score": 39.66650806237333,
  "form_quality": "poor",
  "risk_factors": [
    "excessive_forward_lean",
    "knee_valgus",
    "insufficient_depth"
  ],
  "recommendations": [
    "Keep your chest up and maintain a neutral spine",
    "Push your knees outward to prevent inward collapse",
    "Descend until thighs are parallel to the ground"
  ],
  "joint_angles": {
    "hip_angle_front": [
      183.25896982479435,
      182.75354317045063,
      179.17767348142743,
      180.49017940838377,
      181.15480413415344,
      178.57458083948646,
      174.53466530460747,
      179.32410266006517,
      165.0370644290271,
      153.41986417452895,
      142.09986699884158,
      129.09249415405202,
      117.25076019088911,
      105.35244903367403,
      93.09573135329074,
      90.40153351995673,
      88.24517830045443,
      89.59562909846962,
      89.03382239750405,
      95.14148945127977,
      93.03969728569948,
      90.97771603861588,
      100.8620260992544,
      114.91023039134595,
      128.66387576829771,
      137.72823571508934,
      154.98413025998477,
      164.78165264448725,
      93.594355346314,
      102.15345573966069
    ],
    "knee_angle_front": [
      160.6767844338903,
      166.07243687906606,
      162.9463665799199,
      161.9865131286446,
      166.0451685652637,
      160.54612042873026,
      167.11977756152956,
      170.25817643334108,
      152.10972650530002,
      144.1297722257427,
      130.0133105403655,
      121.14810690226209,
      102.05079990545323,
      90.2623625409447,
      71.90533822051536,
      81.0058802235454,
      72.91577795614225,
      77.65155475494488,
      73.77082874474293,
      74.07712707378981,
      80.92589031181953,
      67.32109931411978,
      93.85894566604787,
      97.45685095248346,
      111.88405492411759,
      131.2206369276789,
      137.81419968455506,
      157.2196541600405,
      74.71451107578734,
      84.04285884552358
    ],
    "hip_angle_back": [
      178.12574264451987,
      180.94903758990685,
      180.46880036856462,
      181.52837971954955,
      182.9331139945431,
      179.90413838781663,
      177.39661962093845,
      181.0314292825834,
      176.62569279167542,
      178.86472657190853,
      180.8248706625945,
      181.31495586941702,
      178.76479893555057,
      180.70215071203356,
      180.57673388831233,
      177.71248121433672,
      179.54360081075995,
      178.1655568901166,
      182.83868196910714,
      179.06498920255515,
      182.00474251314154,
      182.4619151165074,
      179.28820228731962,
      177.2970328786403,
      176.9084978157255,
      179.55050661967118,
      179.22478788077873,
      181.94438403681275,
      179.3322977467204,
      180.92970158598095
    ],
    "knee_angle_back": [
      177.4367651441506,
      183.10438147661705,
      183.42881873627857,
      177.05224682224863,
      177.85573666949753,
      178.54545159041552,
      177.45796137785376,
      177.37722675575034,
      167.98505930351934,
      152.4945879452825,
      142.3829150603932,
      129.73961662666093,
      120.23662549357886,
      102.01479718653769,
      88.87000783698616,
      89.20251182348115,
      89.127921306717,
      90.66127637546194,
      86.1012999306659,
      91.17401667410209,
      93.3039545280446,
      89.01817476784531,
      99.95312120790956,
      116.60256359521993,
      127.67478646019855,
      139.46539790269077,
      157.86571657163606,
      168.4746106285457,
      92.98358159762664,
      101.66975510660585
    ],
    "back_angle": [
      21.036991849587796,
      16.826422834698846,
      17.893129180714585,
      19.81452882085472,
      14.556905421733534,
      28.773481402998964,
      24.14151671347124,
      25.896970984020736,
      26.466877393534116,
      29.808931340139367,
      17.937333849224046,
      14.806764106884495,
      22.704392795124875,
      17.398921213700746,
      30.366275745731038,
      10.951630741453435,
      19.562891330572068,
      29.721392983800985,
      25.045856931156077,
      29.44259817118153,
      23.643910366571227,
      17.04406646391854,
      16.11639947942004,
      27.78226709109711,
      18.313860954076816,
      21.61691017677019,
      17.66594797736801,
      23.316277739932154,
      15.786090678239331,
      21.21904509139738
    ]
  },
  "num_frames": 30
}