{
  "exercise_type": "deadlift",
  "form_score": 31.911999443389075,
  "form_quality": "poor",
  "risk_factors": [
    "excessive_forward_lean",
    "knee_valgus",
    "insufficient_depth"
  ],
  "recommendations": [
    "Keep your chest up and maintain a neutral spine",
    "Push your knees outward to prevent inward collapse",
    "Descend until thighs are parallel to the ground"
  ],
  "joint_angles": {
    "hip_angle": [
      46.3184701291409,
      45.66872025048,
      49.16273409806679,
      44.48725031914858,
      42.07615801730425,
      48.664827326894844,
      45.56128415836146,
      44.067237279799016,
      47.714575320757035,
      45.49171818317077,
      43.497789128774535,
      60.89186632625987,
      72.86644431368538,
      84.17460676440865,
      103.96144305109986,
      114.28266771188028,
      123.24140591559225,
      140.84459605947535,
      153.57050875427117,
      163.60652516281155,
      180.02030482779415,
      167.39803871813925,
      156.8347994443547,
      138.93896264076142,
      124.79807948392224,
      113.60421098513802,
      98.12688380161217,
      80.52397841918707,
      71.73266725911364,
      57.789863306481244
    ],
    "knee_angle": [
      86.11100919437258,
      88.77305999977169,
      89.3187415549069,
      92.56127645098664,
      91.2800329982969,
      89.62582411162991,
      90.64049075473348,
      91.22756651269589,
      90.90495186730747,
      91.09105304847856,
      88.7278333728882,
      97.18187372808757,
      109.37331174733394,
      115.40760747879999,
      126.74154861537025,
      136.4415359723565,
      140.88383919140512,
      154.08421246353828,
      163.7439457455718,
      172.45801822409737,
      181.8130876740344,
      168.69474858905193,
      163.32739424308858,
      150.272102940654,
      144.98480226981803,
      135.56563584837534,
      126.56341189709234,
      117.94602249978438,
      105.5309858046196,
      98.31159736479374
    ],
    "ankle_angle": [
      88.8235014267717,
      92.2041502503364,
      89.64677314737298,
      91.32935449159714,
      88.02453889724902,
      90.45148539122707,
      88.20857311118068,
      92.20532103141346,
      90.49831105971538,
      91.04940142928663,
      90.49760406198207,
      91.51517278078234,
      89.64617418608957,
      89.67596501841095,
      92.942343188179,
      92.6084797895856,
      88.75663226532986,
      94.76450259091483,
      88.94422644098563,
      91.65419991713962,
      93.93935154975519,
      89.02271000769554,
      91.16869284259786,
      88.47821116014049,
      89.15942379656431,
      87.81290191695761,
      90.22857858520875,
      92.20638989965555,
      91.02806473748153,
      87.42971244537831
    ],
    "back_angle": [
      33.49911761741395,
      33.1704481449832,
      29.59301592942793,
      29.824155682849277,
      34.00257607228105,
      31.587064649907905,
      28.060980491623692,
      22.350125624019615,
      22.078671306078576,
      29.721465176706165,
      36.49538606081775,
      21.120335479149293,
      25.114867865475535,
      36.08939510236422,
      25.13543063243248,
      30.479967088881594,
      32.0359509211632,
      21.975152591020297,
      28.154002625887557,
      27.207283183215555,
      38.31694389078605,
      18.92023810273733,
      32.17755332317513,
      30.33006963186679,
      23.834812804302388,
      31.155088539261367,
      39.55515361562595,
      23.69372679656501,
      22.61532968825073,
      33.61861108969021
    ],
    "shoulder_angle": [
      87.07457893631334,
      89.62476129365929,
      91.37469335936177,
      90.03842012255926,
      88.17934019450172,
      87.54913780215834,
      88.99486425329145,
      89.01975150438497,
      90.23226292884296,
      88.38339228383072,
      91.75805841266315,
      88.21778658361761,
      93.12166745099007,
      93.08846969015006,
      91.26652522364425,
      89.47907100819725,
      91.21842865116044,
      90.32092411025191,
      86.49881246700775,
      92.15636881805271,
      89.15289919880647,
      88.10871657513786,
      91.18847289941185,
      91.60222076437756,
      91.9446690612094,
      89.82121503683227,
      89.97707230337559,
      85.21388921310555,
      91.24972851430854,
      92.1886055951676
    ]
  },
  "num_frames": 30
}