{
  "exercise_type": "lunge",
  "form_score": 87.999489678898,
  "form_quality": "good",
  "risk_factors": [],
  "recommendations": [],
  "joint_angles": {
    "hip_angle_front": [
      179.73503817874246,
      182.47703468182658,
      179.02842247765375,
      179.66292221957605,
      179.84421909216317,
      184.11529220021245,
      180.0159595080287,
      179.92417265486796,
      167.92328788679785,
      157.1998062940744,
      139.76613747445023,
      127.01040291053454,
      114.69954294234891,
      104.08903774957903,
      91.94135761350424,
      89.67846435281909,
      87.95116860582228,
      91.96332670884016,
      91.91948220326748,
      89.48831420044887,
      85.67610400297583,
      84.13001985072641,
      104.27000182368118,
      115.19614570161697,
      124.50202463350136,
      140.61700926845387,
      155.12316277925137,
      167.99255438070543,
      88.5854235116581,
      103.06547351551829
    ],
    "knee_angle_front": [
      182.95233402126453,
      178.72816398992694,
      178.45060332113513,
      181.7361492410341,
      180.07570896575695,
      178.91559095944248,
      181.10545487921686,
      180.65391082077383,
      167.0763147928476,
      152.1711961672763,
      139.25790340321404,
      130.43467863030867,
      114.74853695968032,
      101.494252019548,
      90.49226078942664,
      88.1656257144192,
      86.87237531978953,
      89.93355070379243,
      91.86419238309898,
      89.9177340678566,
      90.75223071761194,
      85.29960137887521,
      106.64740819520942,
      112.44587403554678,
      127.63520796783156,
      141.0620671813012,
      153.74999637431873,
      166.74310321915289,
      93.20392893087828,
      99.95832962579316
    ],
    "hip_angle_back": [
      181.1495370436638,
      175.527723736274,
      176.6276378112402,
      179.4408123021094,
      182.34639913087702,
      177.91975082828202,
      182.5788245526642,
      177.54130744811192,
      182.97567025903336,
      181.3707224998916,
      182.71247124808667,
      181.8030908079103,
      182.0665755278446,
      174.31008935750125,
      179.55571371308855,
      182.37443217950727,
      179.6874436998369,
      180.135660727178,
      178.77047793879336,
      180.41337774385832,
      176.32549729766663,
      181.58041274918085,
      179.6062378477635,
      178.49273591243647,
      182.73818336763358,
      180.57288722611585,
      179.6152466617087,
      180.50296152498225,
      177.7085512861839,
      181.04956141859546
    ],
    "knee_angle_back": [
      182.78440259737692,
      181.0693691680808,
      181.36814622437518,
      181.5237770477875,
      180.3544261349213,
      177.93213640584943,
      179.8808238412178,
      180.99007943311761,
      164.80359817452396,
      155.9630411479897,
      144.2698642014567,
      127.08493967640317,
      116.48737238908137,
      106.13142050978801,
      88.88812428608867,
      88.61548176727082,
      90.65949565942557,
      90.1570643359609,
      86.52235204187855,
      90.08175489043099,
      85.74061814568391,
      86.84089956254248,
      102.5358557781685,
      113.86918899221624,
      129.62398679360783,
      140.55035557672466,
      151.08793530575406,
      169.51652776697813,
      94.23611263647051,
      102.54577820540301
    ],
    "back_angle": [
      -0.3666969912570469,
      -3.109013295284428,
      0.3549659505551145,
      0.23506746222895739,
      -3.505622439668473,
      1.464546991273357,
      0.03721894984301157,
      -1.8990703564499718,
      -0.775362606297686,
      -1.6243594058621007,
      -1.0915682888174707,
      0.14794183690600735,
      0.022506794727452695,
      -1.958398696690156,
      6.620072212728409,
      0.005395128094314601,
      -1.192561721679926,
      0.5835153403941213,
      1.674568036008484,
      0.20333975649752312,
      2.002793289241514,
      -2.218190237001294,
      4.195478206475336,
      1.2943072403396847,
      -2.1408777545065374,
      -0.274581789938082,
      -2.121223065363363,
      -1.4600069870208296,
      4.059547076773539,
      3.46972461731007
    ]
  },
  "num_frames": 30
}