{
  "exercise_type": "overhead_press",
  "form_score": 57.92778034161334,
  "form_quality": "poor",
  "risk_factors": [
    "excessive_forward_lean",
    "knee_valgus",
    "insufficient_depth"
  ],
  "recommendations": [
    "Keep your chest up and maintain a neutral spine",
    "Push your knees outward to prevent inward collapse",
    "Descend until thighs are parallel to the ground"
  ],
  "joint_angles": {
    "shoulder_angle": [
      91.86581382005542,
      92.94546485008998,
      104.35105101806084,
      105.16648181987436,
      114.5400280482368,
      120.43691389973722,
      125.97802890990748,
      130.0270133501185,
      137.32026347370785,
      143.78865271722555,
      147.90928844526542,
      157.42796624563874,
      160.11283216828755,
      166.289242585653,
      174.4278454359629,
      182.87399664411396,
      171.46203115962692,
      167.26951363367158,
      162.40332493253402,
      160.02772379121586,
      149.23650000187143,
      141.3500535178557,
      138.18088674775805,
      131.98223084561081,
      127.62359600730768,
      118.04440773094639,
      112.82234675154885,
      108.89770853340617,
      99.11240622602881,
      92.38209956472944
    ],
    "elbow_angle": [
      92.74164794453952,
      95.05871398247776,
      101.77766192072745,
      104.81735528393904,
      114.75418430883873,
      120.89759678549193,
      122.88519758894093,
      128.44232072879203,
      135.00356547038552,
      144.89940127242397,
      147.82596486260402,
      157.85840064917636,
      163.89521527724872,
      168.39095582914905,
      171.5201255724507,
      179.75741090468625,
      173.87597677881988,
      169.1496770866522,
      157.07764263810662,
      155.72189557270613,
      151.11598538540926,
      145.68624298124303,
      139.9172021829022,
      132.238876859155,
      129.67488391929564,
      118.1333091609966,
      115.2152128258935,
      108.56995575224222,
      101.39856970598584,
      97.58793081917888
    ],
    "wrist_angle": [
      183.07355431778888,
      180.16939483847176,
      182.8358234274333,
      180.63899827125175,
      180.4724520537176,
      179.49164379678524,
      183.15803693774888,
      178.78922870585725,
      177.57763999170058,
      178.20586446941854,
      176.75722428713007,
      178.75915204578683,
      179.63879965423794,
      182.92370071620832,
      181.5613281429471,
      179.5269665892113,
      183.08576382509764,
      179.97464134506865,
      180.44772595846862,
      179.07853711666428,
      181.23529058750833,
      181.57076575358494,
      176.6380809378209,
      176.1490644533319,
      179.37385234543564,
      181.5246504782773,
      181.15081165158114,
      180.8323658032324,
      180.01391105913055,
      179.26673982802592
    ],
    "back_angle": [
      24.632656754408963,
      21.654876995788072,
      19.682613922525757,
      18.762171898941492,
      22.712360685090214,
      22.51202258648882,
      17.135981468752064,
      28.112623659950362,
      27.079416165751937,
      21.141192860753712,
      19.510414942491057,
      24.025194087839402,
      21.76539383756472,
      22.2024806286859,
      31.783765049114894,
      28.068466839484103,
      25.32170757937402,
      18.394936004717998,
      16.9653654660396,
      20.239610724653602,
      23.79839840550031,
      29.418004360232587,
      29.643621562496584,
      29.19511333861338,
      20.11085297812711,
      24.605582857799234,
      17.52644449074363,
      30.182568926229308,
      24.9868805914819,
      27.431431201121054
    ],
    "hip_angle": [
      176.8297216924042,
      176.573113565207,
      182.33942096474064,
      183.68285476819275,
      178.84049066110407,
      177.6882632812001,
      177.72110757450756,
      180.6317288505482,
      179.54132033844627,
      179.91197730885455,
      180.27137717072395,
      183.71471560542108,
      180.6409426495052,
      174.9446597886874,
      181.6655945856333,
      174.9227553794247,
      179.43184362825957,
      180.70090270429318,
      179.09237730115177,
      177.49440321474495,
      177.68253615595964,
      182.9312045705627,
      177.39715321584816,
      177.8697775426236,
      176.48932028812968,
      177.3317219710902,
      180.2325786167922,
      184.67386515627265,
      177.5017306426109,
      177.79220576013242
    ]
  },
  "num_frames": 30
}