{
  "exercise_type": "bench_press",
  "form_score": 44.52019181839356,
  "form_quality": "poor",
  "risk_factors": [
    "excessive_forward_lean",
    "knee_valgus",
    "insufficient_depth"
  ],
  "recommendations": [
    "Keep your chest up and maintain a neutral spine",
    "Push your knees outward to prevent inward collapse",
    "Descend until thighs are parallel to the ground"
  ],
  "joint_angles": {
    "shoulder_angle": [
      85.22652016988297,
      92.40333567763719,
      91.44501226277131,
      88.21124906241363,
      87.08086834422215,
      92.03348621268712,
      86.58445219770068,
      87.58691143966145,
      87.50664523939058,
      94.96669135091311,
      87.80461203833366,
      90.55913984139053,
      89.40645536115612,
      88.16962526020939,
      88.0148446148693,
      87.0482852211297,
      89.45979135838387,
      90.66228496830051,
      91.44974358142798,
      87.28278986232647,
      90.19741932658482,
      87.6883282421165,
      88.2543580536637,
      89.25792190624692,
      91.190461498077,
      91.6162737421965,
      88.24233507955718,
      92.83229241059092,
      91.37114594864623,
      87.84870995822033
    ],
    "elbow_angle": [
      78.08720480724445,
      77.1495429547136,
      68.83707540214613,
      68.68497842043853,
      70.01970703630296,
      65.27137967725497,
      60.06448801673551,
      58.129292917402765,
      49.509955583905814,
      48.0373297443394,
      47.256130051661636,
      47.2162096850613,
      35.07991215469628,
      37.35978414707118,
      35.21460946674316,
      34.79046847559839,
      31.434777331045737,
      38.48268240445722,
      40.425249368741866,
      38.29654860420745,
      45.59778235879185,
      48.15033763079456,
      56.435839488879004,
      56.92093737621881,
      61.0857112356465,
      56.562951983381325,
      59.571660599408496,
      64.86459746532876,
      63.324377683627354,
      73.25498568401082
    ],
    "wrist_angle": [
      179.4753832409792,
      180.52429424742238,
      180.9708452330286,
      178.4234194958398,
      180.18809061297608,
      180.07744441129697,
      179.92825699276972,
      176.2589970455465,
      179.44943887197508,
      180.57891327435226,
      179.7298243354725,
      178.75286607626623,
      179.8625518623648,
      181.00146225033674,
      179.4009209414782,
      177.2043445843764,
      178.7160316160443,
      179.9055258706806,
      180.43069900024045,
      180.62933807094186,
      182.18366421900612,
      179.75990890092288,
      180.16676128393024,
      180.1924642614321,
      179.28669881104028,
      184.72199246497325,
      176.02658506965716,
      180.62909917746916,
      183.14713368740198,
      180.24511149385916
    ],
    "back_angle": [
      24.13195848386364,
      25.641965456946295,
      11.250146929802558,
      12.161325392140288,
      31.50734887247989,
      20.652936557108816,
      14.454856176862068,
      14.827621959895529,
      23.79635796865374,
      25.28193828184005,
      32.51882222170512,
      29.008907113556575,
      26.685021068221964,
      27.799565645997486,
      28.948463610933526,
      15.606770311451996,
      26.38959268327934,
      16.34930250479705,
      18.579593274291994,
      21.937357946644802,
      12.987510709133433,
      27.48241166556133,
      24.776565728874164,
      21.05887912882518,
      28.54924015405241,
      28.488826721491527,
      20.907975648188586,
      27.425077437066527,
      14.110232970823226,
      21.640780440568307
    ],
    "hip_angle": [
      92.46288530605855,
      90.35376475656369,
      87.86835755140518,
      86.60754377912139,
      88.7696130217678,
      90.50589787433913,
      92.92118995491415,
      87.49387171427168,
      93.1862983944241,
      88.80384216779773,
      86.97962827158007,
      87.59297190675647,
      87.85177816528576,
      93.78172014069979,
      89.13017120161676,
      90.83398723812024,
      88.77813468768328,
      90.82895898664025,
      92.47188365701166,
      88.96426138857393,
      88.05038748429776,
      88.42034752986602,
      91.80979932619222,
      90.4137554908413,
      88.51417076440826,
      89.53768745284681,
      88.94586269458601,
      87.29938934935662,
      90.26179731544387,
      87.9301439703305
    ]
  },
  "num_frames": 30
}