{
  "exercise_type": "bench_press",
  "form_score": 97.78152977864639,
  "form_quality": "excellent",
  "risk_factors": [],
  "recommendations": [],
  "joint_angles": {
    "shoulder_angle": [
      89.3946244095582,
      91.7310727410395,
      88.84757797366294,
      85.98045029541208,
      87.6197735105624,
      90.6106544227185,
      90.56667469883827,
      92.17237756621377,
      90.65798539460624,
      86.37010082934853,
      91.37186460500772,
      91.7651980824186,
      93.12346288821912,
      88.87524756103149,
      88.93511301885951,
      91.63632196759303,
      86.91410582886682,
      90.66395345498306,
      91.31963535323291,
      90.85104611056796,
      90.31362469726595,
      88.77573996532624,
      90.13987113606125,
      94.211415233983,
      92.99300102459742,
      89.21796928199872,
      91.58562852801012,
      87.86325868246718,
      88.00365433192815,
      88.98479676283941
    ],
    "elbow_angle": [
      90.94600701752996,
      91.46761422580451,
      84.13264760242234,
      80.65740355336631,
      78.50718468514994,
      72.45936152592834,
      71.0811236829898,
      67.23537011343599,
      68.41717350783226,
      61.651806654300685,
      55.17852193772789,
      56.67269716408256,
      52.75981072847223,
      48.06960843620253,
      47.30703295863239,
      43.11605039064869,
      51.71550465386357,
      54.939300250993206,
      52.853451159375815,
      52.41193844445278,
      59.875382977785236,
      64.08732635247311,
      66.05981754708107,
      69.23221683867786,
      74.6101394864713,
      78.62538922247933,
      77.61673527333637,
      80.41141082826998,
      85.677928994047,
      87.31521264918366
    ],
    "wrist_angle": [
      179.84743915887069,
      179.50255188743324,
      179.8113637768759,
      181.78719215787248,
      180.79389243986466,
      178.98400635647715,
      180.9086625829787,
      178.23691160148263,
      175.50585688882353,
      179.41233859304737,
      180.36219041340482,
      181.8788327334178,
      180.41229765841254,
      176.0703026364792,
      177.32332526004924,
      177.94927736274929,
      178.75273373482682,
      179.05422342107403,
      180.24921305247827,
      179.86095131055615,
      180.7392704090917,
      181.5425931765587,
      180.7677739363999,
      181.00500818846754,
      179.95525185834325,
      177.312686242085,
      180.46050318763474,
      179.49798533375687,
      180.24164032406597,
      180.24016482060668
    ],
    "back_angle": [
      3.4370650756418284,
      0.33761279647741854,
      1.571969109456597,
      -1.3049936256028294,
      2.2272139222296583,
      2.6117829401686627,
      -0.6784246889452633,
      -1.7933287491297236,
      4.158737435914133,
      -1.4038273436086006,
      6.006806239051581,
      -2.317965497531135,
      2.834079975803406,
      -2.8772071052784356,
      -1.8976709254246473,
      0.426910076427981,
      1.4033769360245367,
      -1.4677313556666833,
      -0.9889681147422461,
      1.5075700756781092,
      -1.785638192852047,
      0.14338382357633297,
      -0.19109740791663554,
      -0.4916606940747799,
      -1.835651397810987,
      -2.5755248613054045,
      0.9499688380432842,
      -0.5371808701750065,
      -2.6515491920537864,
      3.717820999135813
    ],
    "hip_angle": [
      92.03521293299087,
      89.75328766827221,
      90.11234138348676,
      91.1996631299172,
      91.727257184056,
      92.26791185056861,
      91.07670867994278,
      95.19177246902599,
      90.49144778576728,
      90.38608759660448,
      88.32894426281756,
      87.86665884517518,
      89.16200036506623,
      89.85531884976056,
      92.20758068194608,
      92.04204990825812,
      83.66429892835654,
      92.1273795727612,
      89.51706689510048,
      90.43896813173593,
      91.94698650270026,
      93.06069152342353,
      87.61713801583524,
      93.82872349002469,
      90.42847461258965,
      87.40949528837947,
      90.62063398962322,
      88.63923639714248,
      87.23638759834154,
      90.97585987964462
    ]
  },
  "num_frames": 30
}