{
  "exercise_type": "bench_press",
  "form_score": 67.27743701934436,
  "form_quality": "fair",
  "risk_factors": [
    "moderate_forward_lean",
    "minor_form_deviation"
  ],
  "recommendations": [],
  "joint_angles": {
    "shoulder_angle": [
      89.82223233997391,
      89.6790192518446,
      92.66428953633748,
      91.69713541818965,
      88.93592812510617,
      87.81838297834375,
      89.11466518575952,
      93.04630577725044,
      91.23669442289,
      87.40162734318291,
      97.97992391848034,
      88.94282496609694,
      90.62444426582755,
      91.84026761464969,
      85.6483074554748,
      88.40999683231962,
      88.91137380981492,
      89.07498094383841,
      89.89701176631587,
      90.97962555363685,
      89.88263832480108,
      89.19348603219485,
      88.94349645221313,
      90.77190986281164,
      89.81181488200677,
      90.4889589097202,
      88.58053427211598,
      94.10458573167705,
      89.30665656030722,
      88.69080998053259
    ],
    "elbow_angle": [
      83.23465716531335,
      84.5821162480027,
      73.00596894739124,
      79.34595745638028,
      71.812511327545,
      71.72362437036858,
      64.84644420150252,
      63.330172937842725,
      57.29933693681074,
      54.716153906837505,
      54.562357721103226,
      50.83780014226182,
      52.05329897781456,
      43.652552411256764,
      36.73034861497605,
      33.56432961500765,
      44.92979294891943,
      46.30312206043823,
      50.384340497038515,
      53.77657501883998,
      53.05139445213587,
      56.056565453437855,
      62.006525939940474,
      68.54728558649583,
      72.04207834707694,
      65.18147533902355,
      71.59632804290474,
      72.62941399224354,
      82.3537930659518,
      76.18686532666909
    ],
    "wrist_angle": [
      176.20394868442503,
      180.01466449199384,
      180.9557106670018,
      180.106827510933,
      181.06454001043005,
      177.90028896968164,
      177.53879473520388,
      181.32849819669488,
      178.55867549093236,
      181.0540679098919,
      180.50321781307284,
      179.34487437807513,
      180.67876850570295,
      179.899748736057,
      178.8170113995971,
      178.6937325208803,
      176.10164378395427,
      183.6120582687379,
      179.10356652516094,
      185.3843097190247,
      181.14854502462615,
      179.25198603413344,
      182.64577680153724,
      182.68157913123426,
      180.1701242343401,
      180.478688865818,
      182.60423989029167,
      177.30436082024272,
      181.4676364001804,
      176.05358247390785
    ],
    "back_angle": [
      14.824728014878307,
      13.262773236917132,
      3.278224568223796,
      3.8253930610810776,
      8.243512235868513,
      4.596108806764411,
      14.740919432825109,
      9.609791836623863,
      10.525508333597596,
      10.40518453172656,
      10.367665966522182,
      19.63409545086938,
      13.472647166230873,
      18.09165989036492,
      14.34188743474688,
      10.49365869483345,
      6.524173649887044,
      9.051374576717993,
      9.103801940649088,
      9.306906256760694,
      8.474943819157328,
      7.723228460774545,
      12.630704640044296,
      8.976493623233507,
      9.059566658928983,
      7.05715901614356,
      13.136655941471425,
      7.794093669593227,
      13.07943533957005,
      13.849461085119032
    ],
    "hip_angle": [
      89.4678901405705,
      89.64946926044725,
      89.8021208067524,
      88.29967914618547,
      87.74968920122292,
      91.08124721864006,
      86.04885731770213,
      92.07879388255121,
      90.30675958664852,
      85.64453684000725,
      84.8912947405845,
      91.41401353166563,
      90.77662283264165,
      90.03366529026839,
      90.1311091558102,
      92.94664422905143,
      89.11635638179692,
      88.02409357206547,
      90.66839598963995,
      91.51889191090324,
      89.8576838725586,
      93.26243680637671,
      88.10917462631132,
      94.58003589163965,
      91.20942119665521,
      90.94315480785379,
      91.19029165142454,
      88.54095400236739,
      90.34471551037117,
      89.60666500974236
    ]
  },
  "num_frames": 30
}