{
  "exercise_type": "deadlift",
  "form_score": 76.03907642381753,
  "form_quality": "good",
  "risk_factors": [],
  "recommendations": [],
  "joint_angles": {
    "hip_angle": [
      46.68670663124632,
      44.61558124772494,
      44.95624603676907,
      45.07806619393621,
      42.954129905003086,
      47.47836932179505,
      46.544748393307074,
      45.544012958185164,
      47.23216659391351,
      43.65460344496683,
      45.75794066713122,
      59.622935753856005,
      72.06209885069174,
      84.45933518472089,
      99.76977118014666,
      109.16129275524958,
      126.0693299156321,
      141.54405790313328,
      151.06903286310072,
      168.83889793403102,
      178.42185808872006,
      166.67550099090437,
      155.63890900848762,
      145.12797322552083,
      130.0219001213261,
      112.39941675445037,
      98.56866614064587,
      85.1939666495589,
      75.88038608476633,
      56.85950805643241
    ],
    "knee_angle": [
      88.99169105296902,
      87.1718140657351,
      90.4181083881988,
      90.58573033503623,
      91.36701501209801,
      88.68461563927295,
      88.29413767658001,
      91.20041114074276,
      90.95853640485528,
      93.60311389329452,
      92.69450163137166,
      95.90263628514475,
      106.62442746773218,
      115.05526184662602,
      127.59016548024717,
      132.9648724624657,
      144.447825091778,
      151.94251307533636,
      160.86561310728752,
      170.9138781478806,
      182.50853164353683,
      175.04271579812706,
      162.58657054992628,
      150.32438031928265,
      144.20663702455036,
      135.45554854885995,
      127.76120173842561,
      117.70744067821325,
      106.0701810472542,
      100.53715129461291
    ],
    "ankle_angle": [
      88.12383595301327,
      90.26014079236542,
      88.55950290809632,
      90.0039180393198,
      87.63871895285946,
      90.43353581526343,
      89.27554287840951,
      88.32672404365366,
      89.59509762898139,
      88.77814802410289,
      89.30802168447757,
      89.80200388748565,
      88.503395785627,
      89.4405447829408,
      90.77920053515275,
      89.27755528394802,
      90.33811120181768,
      86.65065674890262,
      91.60188204191076,
      92.0005819664131,
      90.41388597519526,
      91.50930434854787,
      91.61298257102744,
      89.28541856092386,
      89.07557280219164,
      89.68803806572738,
      90.5514385143291,
      90.37058021951515,
      85.94704549215115,
      90.28618587334788
    ],
    "back_angle": [
      5.064114760456528,
      7.857611011088107,
      0.3089347302875418,
      7.489289317620939,
      0.1362024753211859,
      7.356948188226443,
      8.785502956144342,
      9.874573799734648,
      6.406740342436636,
      2.5115908678659586,
      3.804866194596619,
      10.07702220047535,
      1.8000286489960686,
      4.111912968960781,
      5.56898085108295,
      5.0142982556209885,
      7.371742635114133,
      0.34649639263332777,
      4.5415365818204645,
      4.035084070217717,
      5.4669889852333275,
      3.6335044852772693,
      9.485963805553116,
      0.4345401735522414,
      12.528976461877598,
      1.3645102375278744,
      2.5829527087636235,
      4.823563407918829,
      0.8211876051627174,
      5.771600178707805
    ],
    "shoulder_angle": [
      88.62958618201507,
      87.43771731125491,
      90.15751146348224,
      90.18403269655342,
      88.6831307970394,
      91.94405436878668,
      93.13457023594508,
      90.06029206027979,
      91.69878347035426,
      89.54404823311938,
      91.08348202532767,
      91.62336411384503,
      91.79285701454604,
      85.9517587588059,
      88.31530117953648,
      89.16407176598366,
      88.01808139792337,
      90.00731632433232,
      86.90004403269705,
      90.08244913498802,
      88.53615631697798,
      88.748427618673,
      91.79293067736864,
      94.05783700997146,
      89.14608803299339,
      94.53052539764289,
      89.16381826943004,
      90.66977405656469,
      92.67864752166821,
      88.45874662284054
    ]
  },
  "num_frames": 30
}