{
  "exercise_type": "deadlift",
  "form_score": 94.75868530221197,
  "form_quality": "excellent",
  "risk_factors": [],
  "recommendations": [],
  "joint_angles": {
    "hip_angle": [
      45.66606450126087,
      42.77586206423636,
      47.56934742773162,
      46.56848710355873,
      47.112807745453,
      45.91502832278659,
      46.94587201376894,
      43.696169512272895,
      42.94667502460601,
      43.53919092309705,
      44.61674324462852,
      61.65441931642418,
      71.35360653847154,
      85.71177097493128,
      101.88582055273174,
      115.18401139642259,
      125.19193886021242,
      142.7253538357898,
      149.85464227328524,
      168.61385582812946,
      180.2680210262181,
      168.06411904733872,
      150.89315893196496,
      138.1683269830999,
      125.0390913802757,
      116.2943545936205,
      98.88152382009446,
      85.3448589531764,
      68.29228530783469,
      58.09769420147294
    ],
    "knee_angle": [
      90.489271976771,
      88.74060190016996,
      89.04422626137845,
      91.40379276222818,
      92.64527572450835,
      90.70859535936658,
      86.36047450048461,
      90.57464505260918,
      88.65686161894536,
      88.34035193142876,
      90.09120010566807,
      99.67317830477738,
      103.69164322812242,
      116.42214068717517,
      124.65564191060828,
      131.7824733094826,
      141.6444376318954,
      151.30329591469638,
      160.79939459055987,
      173.5835710826837,
      178.31843169689,
      172.56298764821796,
      160.1486992025527,
      154.53518555646036,
      142.2735385960596,
      134.4194035329298,
      122.2458719552492,
      114.48073452074695,
      107.4701544712564,
      97.45885004084221
    ],
    "ankle_angle": [
      90.69375047906071,
      89.39448647967396,
      93.94662898196898,
      87.69536178397743,
      91.5197141425213,
      91.80570395646185,
      92.74142637143291,
      95.13870807728638,
      88.52093133070063,
      89.03254557923267,
      91.95371263293161,
      93.63247998246015,
      86.5017339142073,
      92.9210423719598,
      89.23374547725072,
      89.33241426761855,
      86.11971936760612,
      88.31672742111681,
      88.37666651996277,
      90.88544418429404,
      88.06547671089753,
      93.76221979955433,
      88.03250677297808,
      91.75648893472993,
      92.99486702496611,
      88.67781825654941,
      92.03253943984186,
      86.61279849638343,
      92.38195190392523,
      89.68586790955031
    ],
    "back_angle": [
      0.930022296449965,
      -1.1844868645085334,
      -1.1840802786885918,
      0.5651136054508586,
      -0.2165539621280237,
      3.036825937437959,
      -1.5616173262274482,
      1.0538259038454894,
      -0.06433767875766576,
      -0.7640538530518918,
      2.1985921769851497,
      2.045361897613682,
      -2.966107881544856,
      0.05806393773483666,
      0.003417011613813594,
      -1.0793382683611046,
      0.8387844220610645,
      -0.30148334827859824,
      1.3190800001885625,
      1.811932234309087,
      -0.10333805622324883,
      -4.901537515360611,
      -0.1024214112603826,
      0.646724224679516,
      1.4349230352362223,
      0.23572502223673558,
      -0.7354722625638677,
      2.202451887534596,
      0.9682768410505607,
      -1.8553973259084526
    ],
    "shoulder_angle": [
      87.84355926351375,
      94.04828926713488,
      91.0323314403984,
      87.90114560390933,
      90.6494350575041,
      91.31793004808647,
      90.03996799747713,
      89.32686057693374,
      88.52969793050133,
      89.97123683548324,
      91.46724570074309,
      90.15947968960842,
      91.14448865866301,
      89.0314945567173,
      88.61465675531691,
      89.16361735801611,
      90.69088084248837,
      90.42580005740928,
      87.61334510116674,
      90.00094943046751,
      86.64534192648262,
      87.62088248876141,
      90.15582108093649,
      90.26735506247923,
      89.60711934620024,
      86.67343013197656,
      90.5330977317957,
      91.50549858703785,
      89.6463129011838,
      91.02318067689184
    ]
  },
  "num_frames": 30
}