{
  "exercise_type": "bench_press",
  "form_score": 63.80449294352942,
  "form_quality": "fair",
  "risk_factors": [
    "moderate_forward_lean",
    "minor_form_deviation"
  ],
  "recommendations": [],
  "joint_angles": {
    "shoulder_angle": [
      94.28818362339732,
      92.24932148036953,
      85.20522016448297,
      88.71579049389324,
      87.03185739138253,
      88.4529765217344,
      94.67327320097748,
      91.6748828003038,
      90.53874261931959,
      86.82847994703347,
      91.50612094263889,
      89.65073383257894,
      88.98237968503831,
      89.38054769189964,
      90.39318155745175,
      88.94458207194383,
      90.97102882210616,
      89.5032370531649,
      87.59962707760532,
      92.51598967555975,
      92.36645287479232,
      88.49521078212706,
      91.216374775204,
      86.26541047322605,
      89.37366109305357,
      84.73471347673839,
      90.48852267432139,
      89.83091045169618,
      87.9571244479659,
      91.62696317096352
    ],
    "elbow_angle": [
      81.35662548787924,
      84.32727732503982,
      83.42441881647542,
      78.11609171492003,
      80.01474445475023,
      73.09780143911328,
      62.13880970164618,
      64.9510027848345,
      58.20871342482374,
      65.8923345704886,
      52.72553496281435,
      59.209754777758505,
      46.86146073330717,
      44.40843486629824,
      40.88817604882628,
      45.323200463290654,
      44.74118623327949,
      47.27173414059277,
      52.0490166295911,
      59.88520393375741,
      48.71554597627327,
      59.675719948278356,
      60.819547716171655,
      64.75320545380639,
      67.93466427219325,
      67.50371283405073,
      77.37071313879817,
      83.26741655096957,
      84.27987027443106,
      89.0823658671485
    ],
    "wrist_angle": [
      180.65142060085134,
      182.67626709424508,
      180.01971525607058,
      182.65841332237605,
      179.1665724436865,
      180.10307034533307,
      177.0348493703751,
      181.72870584986015,
      178.34697659946707,
      176.94356110604764,
      179.72996901066765,
      178.84123222232662,
      179.75698784648065,
      179.46618831955095,
      182.93333695900313,
      181.68050090015333,
      183.88726100967966,
      176.2144653244613,
      175.77550852861233,
      182.45706210417424,
      179.22089654813976,
      178.10078741115805,
      179.17941063396802,
      178.8534806569336,
      183.47162448677363,
      178.90686505308952,
      180.40682136979618,
      178.35307688963846,
      178.17165920361427,
      177.29118121825303
    ],
    "back_angle": [
      11.909694772533385,
      6.646158929939736,
      7.423312757192045,
      8.502328828926565,
      9.339150430621201,
      11.768070235369938,
      13.162165960003952,
      13.232195120239298,
      8.670666875439567,
      11.188273753830458,
      6.838542232890445,
      13.347061519693263,
      8.83089424697328,
      13.02567075500778,
      7.209114309700938,
      6.4184723194316025,
      10.273175796005145,
      7.141205040283153,
      13.224137144949678,
      4.9682472400535715,
      7.5189856868192,
      13.592849312493254,
      10.582103530758918,
      14.63966363254365,
      6.556829677873578,
      4.319031048770933,
      15.21093200233432,
      6.504288720028869,
      4.758328871754821,
      4.232091913286015
    ],
    "hip_angle": [
      91.90334949350951,
      91.43136095621229,
      89.79399342222442,
      94.5420906608561,
      88.83339335282783,
      90.99768155603134,
      93.7468235764295,
      90.57665398300563,
      87.84468769553452,
      91.61312870939821,
      87.88315288652598,
      90.48038493934507,
      89.42152544652997,
      91.98271244860221,
      90.3468079048611,
      90.17401448905076,
      90.95139059289019,
      89.07067447331849,
      88.42440611400525,
      93.25522919644483,
      89.66207165071947,
      92.12435429696217,
      87.88772097621309,
      86.39312011791611,
      91.14153714898488,
      89.62915423636815,
      89.9280497219332,
      91.58253814715073,
      89.76850130525527,
      88.19194967122016
    ]
  },
  "num_frames": 30
}