{
  "exercise_type": "deadlift",
  "form_score": 75.34680791044991,
  "form_quality": "good",
  "risk_factors": [],
  "recommendations": [],
  "joint_angles": {
    "hip_angle": [
      46.646123071759966,
      44.44566446808908,
      46.77345386657545,
      44.99486038109393,
      48.22287614642984,
      42.194978136281726,
      42.94884108675652,
      46.04338949719686,
      45.95402418386604,
      46.598954741575184,
      44.4821620912515,
      63.19819433408235,
      74.97822966452027,
      86.1872391808278,
      97.0828662354906,
      112.79260780357104,
      126.2886556549595,
      138.97696986079225,
      151.88493018887803,
      165.65877618940874,
      181.32616902907054,
      167.04293656476375,
      152.68848863646144,
      141.1378507841544,
      125.89702257533565,
      112.90842093478719,
      97.9379446094739,
      83.21389138333592,
      72.41822335690951,
      60.844323604882455
    ],
    "knee_angle": [
      89.58535178344017,
      88.32899780695357,
      90.57852585873214,
      88.865672315906,
      91.07768758841216,
      88.42223164851976,
      87.63681323556649,
      91.77379989691312,
      86.2488188474112,
      88.01929853165821,
      94.26157145898293,
      101.24470850208921,
      108.93678688899521,
      114.28648842647526,
      125.41462487294596,
      134.45945245846053,
      145.16658047631327,
      153.09980057167806,
      158.59175923952395,
      170.81290750756503,
      178.04570304125338,
      172.43551875121588,
      159.17158849438067,
      151.61915913255484,
      147.96685818919954,
      138.62876745909912,
      124.99148010486844,
      114.368704752923,
      107.22258495051629,
      100.43917708926902
    ],
    "ankle_angle": [
      92.43959426292847,
      90.83182261816373,
      87.82565943591811,
      93.0561871373113,
      87.30575298660574,
      92.78474826487036,
      89.12981413027093,
      91.95226801373411,
      91.70246352860948,
      85.72766928060247,
      91.27189571622458,
      87.84489357166981,
      88.71881650663906,
      86.76209556352906,
      87.0756850505943,
      90.51824433415754,
      89.8725907266369,
      93.26486893290958,
      87.23831097612636,
      90.90747397283315,
      92.12460555138094,
      92.18238272150185,
      88.26849750217758,
      86.07931448424097,
      88.04049480338811,
      90.56554695623376,
      91.18046063845546,
      89.78104573442808,
      90.70176425298557,
      87.37504752558613
    ],
    "back_angle": [
      5.167999526234886,
      -0.8440882200009259,
      3.1267977540831406,
      2.242883216764052,
      6.655847783876344,
      4.050855328806156,
      8.608289470502745,
      2.3963505348834397,
      3.1459244022382533,
      9.035873005201404,
      0.2003398034599737,
      -2.8115908840923765,
      7.271415820213634,
      4.32082528660267,
      2.3533530591770955,
      9.611991335550446,
      6.479919502397774,
      2.331014066473879,
      5.144302100247438,
      6.22756999531904,
      5.25181742452046,
      5.173557778305018,
      8.203053555697947,
      8.873089764793892,
      8.20082824465659,
      2.960739842350965,
      -0.012173456848598274,
      2.980594665178722,
      10.67253296127198,
      3.0642270362611583
    ],
    "shoulder_angle": [
      85.85555085859244,
      90.24274839043674,
      91.2071534083625,
      86.6819010171793,
      88.9764486401922,
      90.83759059133837,
      87.308995025248,
      92.61641650035695,
      90.3348356856281,
      87.98708472328728,
      90.2734907204828,
      89.59784725683834,
      91.59928817632057,
      91.12307956009383,
      90.01526967574546,
      90.31363546110715,
      95.66672484985058,
      89.60128916223573,
      88.99492032579785,
      89.25485795477346,
      87.46605050009639,
      89.24601640569782,
      89.90740628837288,
      88.38883238657306,
      85.26000307537016,
      90.05905656940666,
      88.04573193654383,
      91.64442384239271,
      90.34440528259542,
      87.82033016430003
    ]
  },
  "num_frames": 30
}