{
  "exercise_type": "lunge",
  "form_score": 63.19400430296571,
  "form_quality": "fair",
  "risk_factors": [
    "moderate_forward_lean",
    "minor_form_deviation"
  ],
  "recommendations": [],
  "joint_angles": {
    "hip_angle_front": [
      179.37840214286462,
      178.12249657215497,
      181.12935581449946,
      180.5510009569018,
      182.1645966133289,
      181.3031180669312,
      178.21493097198717,
      180.03548859477934,
      170.46204037385212,
      155.42037272362333,
      142.29972787481415,
      127.39442596630117,
      115.09367715625675,
      101.26296527902647,
      91.71624504207303,
      93.3571725357261,
      88.5857073471436,
      89.85648793184468,
      89.16959161282813,
      90.00857598701953,
      92.67013254022037,
      92.54370447933489,
      103.48596355035961,
      118.59076489740467,
      128.90527298592326,
      139.6637434038361,
      154.20072099361352,
      164.3954228691986,
      86.89753331082866,
      105.6203007291856
    ],
    "knee_angle_front": [
      180.5012708694115,
      181.14103412676022,
      178.68400864811724,
      181.64134270552017,
      177.50465206611827,
      180.6025657029477,
      184.20786166750113,
      179.41859773719733,
      165.94197079029334,
      158.06653243187515,
      145.72320829975007,
      129.13186315098125,
      116.81418315883734,
      105.2208468065656,
      86.18443870515695,
      91.09240336726116,
      90.40573624692439,
      93.6035322733911,
      88.48335035782264,
      88.11368730593288,
      89.4591952610577,
      89.48152336383853,
      104.9854531996799,
      115.2770171135854,
      133.62661781624894,
      141.24801978440803,
      153.23863131344953,
      169.2002216066355,
      89.63749553237437,
      103.62212054374402
    ],
    "hip_angle_back": [
      181.39205472453804,
      175.43826228280102,
      175.83514741673108,
      182.71859873961773,
      179.14272817516616,
      177.69835360287186,
      177.23598477801096,
      180.2290780717181,
      180.30849954304125,
      179.45356703964285,
      182.48356744204952,
      180.6423679876661,
      180.31936040190058,
      181.99823175416006,
      179.01567640758617,
      180.21849298420673,
      182.17038639575242,
      180.73031381490566,
      177.2694986099926,
      181.57459998721944,
      181.05809701575143,
      180.32627166389568,
      181.30294788566195,
      178.70276635682288,
      180.09049315041705,
      175.6100176909682,
      177.85352502775226,
      181.74244209302745,
      184.02400329291294,
      178.45443124661224
    ],
    "knee_angle_back": [
      179.689636678424,
      180.52157336997558,
      181.2736542041625,
      180.13439782920614,
      175.71990675093284,
      179.31942209147368,
      179.15776149947638,
      181.39285386164397,
      169.20789056317815,
      155.12373910828867,
      141.58171970833013,
      128.44463939565458,
      116.40794290852793,
      103.62581919470875,
      90.07941899243284,
      89.66337123592204,
      87.03493520293571,
      88.95307471749223,
      92.56547729073363,
      86.26257280209286,
      91.83825644018093,
      91.15039525251169,
      104.53751930042519,
      119.52806653543352,
      126.20486708206234,
      140.73564258735536,
      157.3793929996674,
      167.4991163901875,
      87.60532120790805,
      103.26341009686459
    ],
    "back_angle": [
      6.330136762821366,
      9.953447305476441,
      15.274545106430482,
      9.226618121182774,
      15.55104678960042,
      11.682423928541814,
      8.983291248277023,
      7.403752093397953,
      12.729130110416884,
      9.783665858399639,
      6.609483641337091,
      4.3712783631382734,
      6.322846326319377,
      15.80052486120152,
      14.626157648480673,
      5.857724682946864,
      7.1250257045992935,
      4.5470990152860615,
      2.9169085367140286,
      9.509315802934893,
      7.743603475301473,
      13.69944809479977,
      14.418111262566226,
      -0.4820992238814732,
      9.983077697924525,
      7.148622113746374,
      9.87782039248043,
      8.969119713923144,
      16.682483221449424,
      10.014393365530786
    ]
  },
  "num_frames": 30
}