{
  "exercise_type": "bench_press",
  "form_score": 98.8364695124182,
  "form_quality": "excellent",
  "risk_factors": [],
  "recommendations": [],
  "joint_angles": {
    "shoulder_angle": [
      91.74067263501455,
      89.1892814819105,
      88.10611978281888,
      86.93232794853445,
      89.31833868425956,
      89.52438784223887,
      90.21107168184582,
      90.61587694129818,
      90.85078891370785,
      91.82637282557204,
      87.08069079108964,
      86.01426661584983,
      89.58837759061002,
      92.60850406389763,
      90.78547805478854,
      88.3281692518533,
      90.5296231311264,
      89.51622910268863,
      88.28495078862703,
      89.51266836642081,
      89.87653267936044,
      87.81596592802617,
      88.12141394273333,
      90.17851753661458,
      90.76936721345615,
      90.41181234267721,
      90.68459969244114,
      92.77515947868427,
      90.37821972234943,
      89.1547816459853
    ],
    "elbow_angle": [
      91.37418712220274,
      90.17268796810309,
      85.4879190327115,
      80.20677462100177,
      78.50254745199216,
      74.9534051857314,
      70.44950129959402,
      67.23773281365122,
      63.06508534735825,
      63.54185604657502,
      61.21384006382052,
      57.631477422238,
      51.79122735715426,
      50.3871192040861,
      44.795739187805026,
      48.33715600272697,
      46.79023954083085,
      50.33923209614486,
      52.2279273383124,
      53.61545046791284,
      61.10878783166237,
      58.623953910571096,
      65.43442087177594,
      67.70016976388531,
      73.71169833161089,
      76.96908314171046,
      79.0336767366141,
      79.89831365071059,
      83.41318564033477,
      87.25245865546539
    ],
    "wrist_angle": [
      180.09416826216244,
      180.7514663081747,
      181.19884916316656,
      180.12582627013686,
      178.17262174343432,
      177.93756256612025,
      179.66442780001623,
      183.09140648017055,
      183.06304398679262,
      180.14193592196807,
      179.26596581983048,
      180.24079416959518,
      180.35249523519946,
      178.80556074021914,
      181.32934276241062,
      181.05705606405076,
      177.92153367214001,
      178.40654942545467,
      180.48260788373798,
      177.9323206817364,
      179.5796088114588,
      180.6173951549408,
      178.22658129632288,
      180.39072800902193,
      181.1622162131865,
      179.04159575345335,
      179.64197815611152,
      183.37797602657682,
      178.85899391863975,
      180.73156165941464
    ],
    "back_angle": [
      1.5824183929022884,
      -2.295131244884589,
      -0.6550984967662461,
      -2.5814056717366074,
      0.9397193433691879,
      -0.4509285552756021,
      -0.02333664583663142,
      -0.6628105476504039,
      -0.6447650492890984,
      0.41732023376259364,
      -2.1139413312075406,
      0.559339053836338,
      3.5897533660303234,
      -0.31042886446099277,
      0.0055406201391466955,
      2.8187574727047893,
      0.4394310462666703,
      -0.7058187271547011,
      -0.5188125489967169,
      -0.8714570047568271,
      -0.4808548415699132,
      -0.33996367091489427,
      1.396766630927201,
      1.4189750760933462,
      -4.068254610649938,
      0.5504267547765124,
      -0.4954578484835389,
      -1.7077405614817915,
      -0.6825130504553606,
      -0.4237722961001215
    ],
    "hip_angle": [
      92.65691836055284,
      87.19330696647701,
      90.37782735382974,
      93.57157515279968,
      91.20803953447054,
      90.82028417003863,
      89.5342697910841,
      89.50321047950744,
      89.27125366491103,
      93.80859256804797,
      86.10980169975954,
      90.79999261678651,
      92.05072367593945,
      88.47082258261229,
      92.88239574201357,
      91.14798312091591,
      90.26529675791646,
      89.77041986835597,
      87.32035731911762,
      84.7081102504186,
      91.74103652993628,
      92.76346677692071,
      87.54018801030865,
      91.31155593227928,
      90.38779102349675,
      85.76503660326898,
      92.2494103897469,
      84.32724330312378,
      91.92871683943841,
      90.19633505549218
    ]
  },
  "num_frames": 30
}