{
  "exercise_type": "deadlift",
  "form_score": 71.8308531694332,
  "form_quality": "fair",
  "risk_factors": [
    "moderate_forward_lean",
    "minor_form_deviation"
  ],
  "recommendations": [],
  "joint_angles": {
    "hip_angle": [
      44.09285643716081,
      46.896591954035905,
      43.55635411488048,
      45.66731660113272,
      46.659750098634866,
      45.00494571141681,
      44.88332835805476,
      45.913260754639666,
      47.15402103518221,
      47.81523789069275,
      43.593035073087215,
      59.36500371681858,
      72.51016394122978,
      86.68737720404482,
      97.77667357196812,
      114.8398697735707,
      128.76868973371626,
      140.19915755793025,
      149.76385979514927,
      166.83195829751816,
      181.13930958900633,
      165.69828029168983,
      155.01671237853515,
      139.63215766439527,
      124.7453301524576,
      112.79315458579437,
      99.89178439576634,
      82.99506082185303,
      72.7023205010077,
      57.22323585756036
    ],
    "knee_angle": [
      84.8073489667474,
      91.11367400267483,
      88.36969091599461,
      89.2053249700484,
      90.01042240418174,
      92.37565008329891,
      93.09964043160355,
      90.42412535692286,
      88.85401128203104,
      89.99616379210252,
      89.05380302952632,
      98.66244798002657,
      106.6147240559018,
      117.53701622713872,
      125.61981681056633,
      136.5079660570997,
      140.90819081216682,
      147.0216980326373,
      160.81406624918196,
      168.25937267397612,
      182.27021525533678,
      170.58635669949302,
      160.88042597978927,
      153.84620223968005,
      142.07386024684754,
      134.54297984314672,
      127.48883045951358,
      114.16603080429745,
      108.43731429339812,
      96.24655934778167
    ],
    "ankle_angle": [
      90.57740545218297,
      88.7254867969176,
      89.20573615906673,
      92.70138708236318,
      93.71556465297199,
      87.03203576012811,
      90.2757441033732,
      90.50708391675747,
      95.70229325961647,
      88.84766749753527,
      87.34825313668543,
      93.38405180509595,
      93.40368252992292,
      88.01241196709573,
      89.96881050714548,
      94.03402250938873,
      90.06530058507985,
      89.90796377587658,
      89.25461793942381,
      90.78913565293371,
      90.43914051080654,
      91.94347871739704,
      90.12874086656855,
      90.11390767172124,
      89.98201684587968,
      88.96753022807744,
      93.32614323722763,
      89.68202943388921,
      92.26122067603228,
      91.43656054855218
    ],
    "back_angle": [
      16.13445088243603,
      11.065489592121022,
      18.650399031093105,
      13.447114155278138,
      13.017971596959242,
      12.5106274728649,
      13.741962230822677,
      13.817414449717463,
      19.440198622767372,
      12.575310177705918,
      20.69629434994137,
      18.837377422276504,
      9.928385522496713,
      21.89728381199489,
      18.182700162499447,
      17.034340373874628,
      10.239984536000412,
      17.821537760894174,
      8.05250902868024,
      11.623275205787838,
      18.03736047560446,
      18.68825196249212,
      16.306639265948466,
      10.79013168540994,
      17.324341683166733,
      11.489752842839957,
      14.442602048489224,
      19.570250244981032,
      12.57625813241336,
      13.1937079380544
    ],
    "shoulder_angle": [
      88.32141298934518,
      87.49470374009117,
      89.25693365835633,
      89.94238109186048,
      91.54013017673958,
      88.59975618239451,
      86.78933674042274,
      91.37345800198888,
      87.23426509322661,
      89.83068349989547,
      93.41958923100843,
      89.35468004708441,
      86.77280363033057,
      90.31833152357007,
      92.55245923100217,
      88.84043345608495,
      91.96258918327221,
      87.42501425708387,
      87.5196998783103,
      91.66296232775588,
      90.62518939737268,
      90.95052481305778,
      88.34942799724442,
      92.35150896711446,
      88.20574846313504,
      87.3617335643581,
      89.43584283660513,
      89.43810526973157,
      88.85370195863362,
      89.95031715093899
    ]
  },
  "num_frames": 30
}