{
  "exercise_type": "squat",
  "form_score": 96.5807883111577,
  "form_quality": "excellent",
  "risk_factors": [],
  "recommendations": [],
  "joint_angles": {
    "hip_angle": [
      177.98941201326127,
      180.8954712884873,
      179.9617773915039,
      179.4073283545641,
      178.6541380907659,
      179.4411198209439,
      178.27313235568633,
      179.4344843214559,
      164.98090662171916,
      153.30432012338312,
      141.3550688327166,
      129.29039155484026,
      111.73347646545167,
      99.43075279648707,
      92.46925333724676,
      90.87045461057023,
      86.48123200659704,
      86.23397532122385,
      90.49368515228426,
      90.52464515436273,
      90.22324254572753,
      87.43915955140078,
      100.4687503177291,
      117.03274078059364,
      128.4522599120048,
      143.32417773575898,
      152.07240139419935,
      167.20858493959804,
      90.24608883697738,
      105.44908729847289
    ],
    "knee_angle": [
      181.4289150447292,
      181.17116271476652,
      175.567981263178,
      177.23805515685106,
      178.25508687475906,
      180.51102378381466,
      181.42034630454208,
      183.87007052707756,
      168.058339658624,
      153.04017191760155,
      139.664530488374,
      129.71701374212265,
      114.74021510037176,
      105.49442387737344,
      89.49579356647062,
      94.17067459499953,
      89.86470248272913,
      93.06575981222335,
      90.38419234583246,
      93.3858789660097,
      88.84263275038982,
      89.33139335872914,
      101.29432092687313,
      114.32780892614976,
      128.7402135756297,
      141.48435412762322,
      154.31597966745895,
      164.5035989199372,
      91.32359075457984,
      102.65677806036585
    ],
    "ankle_angle": [
      90.41459541085707,
      90.1677353302205,
      90.10152984495883,
      88.2510999062051,
      90.05798585289918,
      87.64757888659223,
      89.4640931370983,
      91.2570203956764,
      85.08141990578153,
      81.60162594271792,
      80.27993319589329,
      80.96360874175878,
      76.12628152334676,
      74.64801374741008,
      71.30771297691749,
      69.48598584423148,
      70.79627958559381,
      71.1550124028142,
      66.62418914460407,
      70.43823616528098,
      70.4391184128558,
      69.55284727708167,
      73.80208518870981,
      78.46475803591413,
      76.41010594938348,
      85.30297575086747,
      86.69682086408359,
      87.32460465184127,
      65.83040058946513,
      71.47214813708975
    ],
    "back_angle": [
      2.426824361624321,
      -0.47780325310141214,
      1.9973670415723195,
      -0.3457426466787423,
      2.746010838880386,
      2.8422720953729557,
      -0.5490725842952952,
      1.7316454122573637,
      -0.2771365625413217,
      1.9871425463559695,
      1.110500997210398,
      2.472290510340357,
      -1.0370113288045872,
      0.0871015265152879,
      1.4339376257076,
      3.644099562149622,
      -1.4995086001156475,
      -1.4175594749473983,
      -1.0818263689092114,
      -2.37263957996545,
      -0.5767189496502665,
      -1.2104127260144089,
      0.32363001620735365,
      -0.6354203830892177,
      0.30494462588861887,
      -2.0003903086773693,
      -3.9025949974693948,
      5.001883091698614,
      1.5967538082030988,
      4.697848085182747
    ],
    "shoulder_angle": [
      42.630243126665576,
      45.443643795949754,
      46.95939540346529,
      45.548250885761604,
      41.544037900215976,
      43.37845685167442,
      44.082893172484894,
      46.233602659842305,
      40.38163375032876,
      45.5265520374323,
      44.573595580957885,
      44.04427444772825,
      45.84216263817354,
      44.47060752874358,
      41.797685973902546,
      43.61768082724859,
      46.64602519484038,
      46.76996511033078,
      44.353198041026005,
      42.075973780557774,
      44.806946241589124,
      43.670700098931114,
      46.73869619841905,
      44.522321757355535,
      46.92683507767734,
      42.650601846703594,
      46.568944063888175,
      43.12215711907147,
      43.88903763935586,
      44.86009682198185
    ]
  },
  "num_frames": 30
}