{
  "exercise_type": "bench_press",
  "form_score": 99.05597083485986,
  "form_quality": "excellent",
  "risk_factors": [],
  "recommendations": [],
  "joint_angles": {
    "shoulder_angle": [
      90.06496839733425,
      90.9261180507616,
      90.53280107625707,
      88.80385201882677,
      89.10095577064712,
      88.80303639939898,
      91.27141275165943,
      91.03293685634814,
      90.52299978183065,
      90.46494136583925,
      91.42246664327496,
      94.02043434829869,
      91.23439455050793,
      90.07287018815566,
      92.42187562305767,
      92.160560291594,
      92.99367757330185,
      88.13163132190093,
      88.13200402568641,
      90.62048935781512,
      86.61527321016986,
      89.91883559867648,
      87.28289859317037,
      92.19550068528197,
      92.40219804629426,
      91.00226076033962,
      95.09983961080239,
      88.5546357790682,
      89.58123349652261,
      89.22659898040898
    ],
    "elbow_angle": [
      89.63859753724148,
      85.35631354852146,
      82.50508827415094,
      78.47970487651112,
      81.4324674966312,
      76.0307171823685,
      70.70240280859359,
      66.6122064047462,
      69.50924879484135,
      61.33899676322107,
      63.10547623526854,
      56.627994479815406,
      50.29259104599611,
      52.39674773562258,
      47.20974415813256,
      48.57600380339028,
      48.30744987196053,
      52.80188569024025,
      54.98674664720587,
      55.97764897687475,
      57.3207333881699,
      61.08956756427716,
      66.47887866218701,
      67.06242189951033,
      70.4787619050496,
      75.29413303534284,
      75.0610987216566,
      79.7722533410699,
      88.53700929632869,
      91.12331697524911
    ],
    "wrist_angle": [
      180.2903571222613,
      180.20577180357586,
      178.06637181857113,
      176.87791466193056,
      179.98428065062419,
      180.29130351355784,
      177.56258655743778,
      179.82697128192257,
      182.5299404421817,
      179.13294193499073,
      178.0736593396224,
      181.22817183909413,
      181.78399851821993,
      179.8204184748185,
      177.92540256207744,
      176.86317116069748,
      179.983103074762,
      180.11235635943117,
      179.70104843247313,
      179.9726637037008,
      179.84836732923776,
      183.70223844823633,
      180.71543607895666,
      178.9914787037727,
      179.55939214177096,
      180.88750525950667,
      181.88555864222445,
      180.85341248792702,
      179.97846832032053,
      181.39830161619412
    ],
    "back_angle": [
      0.3124442500447821,
      -2.9964369390952514,
      0.36624991475552837,
      1.5735448611190488,
      -2.2159400670114806,
      -1.4568666354218314,
      -0.8329411237247248,
      2.1810119480629178,
      -2.810248001226083,
      0.24210699152988793,
      0.6538519746716083,
      2.302565511043924,
      -3.101343186521127,
      -0.2234814404296884,
      3.4001444438145785,
      -1.931898995451841,
      2.304230769369565,
      -1.590549995136834,
      -2.7558499133421726,
      0.9228983009144663,
      -0.8055357476480914,
      -1.0359957761460616,
      1.2235620010576107,
      -2.0877771231542974,
      2.524301312544887,
      -2.801873200065173,
      1.9907227386059156,
      0.024802464853199424,
      -1.187453121535273,
      2.283186954350379
    ],
    "hip_angle": [
      86.7577967542041,
      87.6131445120113,
      94.11147221240812,
      90.54356604659698,
      91.06289438878167,
      89.08412306860511,
      89.18720543394737,
      92.89470734154308,
      93.84999928206334,
      86.5307521815969,
      94.56790408060931,
      89.93638953474941,
      89.07534334303323,
      91.21502102021886,
      87.85541077018362,
      91.94150081611295,
      89.92224010496331,
      89.08771642442542,
      90.58995198757232,
      86.92639432305172,
      92.75848716173698,
      92.49270731515688,
      86.14214288278629,
      89.73006686969379,
      89.20474209984019,
      88.03299753030755,
      88.38616626334363,
      90.13510004922362,
      92.81395533351599,
      87.34199730897696
    ]
  },
  "num_frames": 30
}