{
  "exercise_type": "bench_press",
  "form_score": 85.4400137131386,
  "form_quality": "good",
  "risk_factors": [],
  "recommendations": [],
  "joint_angles": {
    "shoulder_angle": [
      86.94936298040196,
      92.42971365715239,
      91.02014504629301,
      93.80614901732409,
      91.95422504077715,
      86.62607017610665,
      90.16770541192012,
      85.65516907130797,
      89.25322978844076,
      90.19795216498808,
      90.75736279201024,
      87.71125253259775,
      90.32478704537742,
      89.03950743044446,
      89.70502360668105,
      87.74166503644071,
      85.35064231663564,
      90.86329810991198,
      87.11987490126972,
      87.78441837390606,
      90.99876401918756,
      92.30541705556973,
      89.77432593453774,
      89.44771609528397,
      89.1059240308998,
      88.75493501141752,
      90.49146280052416,
      87.86857025623536,
      89.5759909066232,
      89.6393498398191
    ],
    "elbow_angle": [
      89.52968862263019,
      86.76218492879242,
      84.6865757847637,
      79.14058907159436,
      80.08310569233625,
      70.44825470417273,
      71.2582302269072,
      70.05837686788693,
      65.95355373035393,
      65.0031815264176,
      63.90925949644596,
      61.464755025742804,
      51.80836849241118,
      54.090159515803116,
      44.7420385082079,
      43.71951106957823,
      46.2588012848894,
      47.91442864756996,
      51.36379219799874,
      57.45952027353098,
      59.15929134685372,
      65.31820178181323,
      62.95182420060034,
      68.7022064404105,
      67.72275719475141,
      76.65598289720616,
      78.79484352251514,
      81.9959142099681,
      82.43682421229916,
      86.0891161354945
    ],
    "wrist_angle": [
      179.71890377546032,
      178.6603754932291,
      181.81793620861987,
      178.67125840056337,
      180.26655872307273,
      180.43844248226344,
      177.41986766482844,
      179.44925498517716,
      179.57239477687213,
      181.07509059765607,
      181.75026748277392,
      184.2413868284343,
      176.5291263344988,
      183.4752771809628,
      178.39024439178257,
      179.90003287946354,
      178.98531846029692,
      180.2125416105618,
      179.38271888736764,
      184.63118367429541,
      179.3811797503396,
      181.66189261251176,
      176.3717749663749,
      186.01935197158133,
      180.79438910385664,
      181.17425214661873,
      178.21835888998032,
      182.32638429096957,
      180.06525907430472,
      179.3388589407478
    ],
    "back_angle": [
      -1.4567553311119699,
      -1.7667982033764524,
      -1.210764972511999,
      2.995735695002514,
      0.8283139053808612,
      3.491996696224534,
      1.9974369449274776,
      1.3336282914661965,
      0.3237071350982922,
      0.9235514601810415,
      -0.04612625290552659,
      -0.7449593759450369,
      4.164790446322969,
      1.199704870177688,
      2.4204963626861855,
      2.584755373858631,
      1.5169739694068967,
      0.4417678187742828,
      -0.7405751326982298,
      0.055039222209051504,
      0.08538683373320091,
      -0.9895314930467869,
      1.1253381354817407,
      -0.7987685309170829,
      -0.3735131918010333,
      2.0900819033097604,
      -0.6739979312477434,
      2.473344524953452,
      -2.9906525777356205,
      0.11534589021651712
    ],
    "hip_angle": [
      90.33646134224695,
      89.80322604218352,
      92.75400860502981,
      88.64580206923722,
      91.51059516938012,
      90.71899911613879,
      89.37348458066384,
      92.0684975121132,
      89.08110967698384,
      89.41710191589083,
      88.86605750230149,
      91.3536729838445,
      86.66295889335632,
      92.2280322639555,
      92.28326794603655,
      88.44581261641268,
      91.19471264829308,
      89.27667883498762,
      87.54316447878062,
      93.29013447646238,
      92.52193304074812,
      89.54210605089493,
      92.27981421287379,
      88.32474485447429,
      90.0978307766171,
      90.10548123633923,
      88.78728493237274,
      91.71071758378794,
      88.19548619749791,
      87.70884209708154
    ]
  },
  "num_frames": 30
}