{
  "exercise_type": "bench_press",
  "form_score": 93.60825663891366,
  "form_quality": "excellent",
  "risk_factors": [],
  "recommendations": [],
  "joint_angles": {
    "shoulder_angle": [
      91.86006007783293,
      87.67931985302783,
      92.43766046832137,
      89.6868778634699,
      90.95480273364147,
      88.69669240358148,
      89.15339380912498,
      87.35018900636986,
      89.53994454283168,
      90.98403010671231,
      91.81467353827112,
      88.29610117336469,
      87.90544675752308,
      89.60001120587555,
      88.21590389591239,
      88.697991152076,
      89.155362243005,
      90.78820252140358,
      91.36082825694628,
      90.22910210406174,
      91.5141770444143,
      90.40978301668927,
      92.09851470710662,
      89.90408248937453,
      89.56556373025799,
      92.88265875559743,
      91.7823208651007,
      91.703191413347,
      89.46883626234809,
      91.89008679653435
    ],
    "elbow_angle": [
      89.84853011613974,
      89.27193785537537,
      81.25687517425429,
      85.05043979696099,
      81.18741645495017,
      78.42795970504136,
      75.45642914879127,
      65.62039519860662,
      66.6797236042716,
      65.9183300748418,
      57.490073233316174,
      57.45622894949165,
      52.62436519884775,
      51.19455371803766,
      48.324545908650904,
      43.23624041787567,
      44.83168638978179,
      55.539889509856486,
      53.860141781137706,
      56.455932290869185,
      63.02171149446933,
      59.939444806188106,
      63.56355431308636,
      69.50675790326655,
      71.99257623948895,
      73.27499593131161,
      79.43128763516681,
      78.79124936066532,
      82.72047092100024,
      86.9674068960346
    ],
    "wrist_angle": [
      179.2780064032859,
      174.56916490425363,
      179.60846837896904,
      178.45237825713627,
      184.73364505844927,
      181.01662941811492,
      179.522821941273,
      180.31397423361628,
      180.08656720125487,
      178.72314197675922,
      178.33113300623074,
      183.21186377973825,
      184.14357826048564,
      181.10205374493782,
      180.3985416352414,
      178.1650901990473,
      176.7768192435722,
      179.89226827440942,
      178.5728028519196,
      178.79431281252707,
      184.9084192182319,
      182.42665126505327,
      177.76080176646974,
      179.01539206778358,
      182.01409111786842,
      180.4025595276332,
      180.35553952812052,
      180.89193058083032,
      178.408515345436,
      181.88967286161204
    ],
    "back_angle": [
      0.03368003470083928,
      2.867287729552145,
      -1.3185079416968497,
      3.1617448254425193,
      -1.4629406849383642,
      -0.4809345837268837,
      2.4367606535229456,
      0.1377881130858572,
      -1.0205835662729361,
      0.1288814495773242,
      -1.4813619949492427,
      1.7785533960997515,
      4.688772964925093,
      -2.9750726591775427,
      -0.6738087610944514,
      0.007416974311557285,
      0.8196297817577283,
      -2.4622952038188344,
      -0.5126831998674227,
      0.8881723066766363,
      1.8079517596532635,
      2.5952134246203653,
      2.1398474256680964,
      -1.75460175988238,
      1.4299721779571175,
      1.9530470210042445,
      -0.996006957934741,
      0.9028823653430549,
      -0.12796224929904954,
      -0.9885503375892842
    ],
    "hip_angle": [
      90.46834571480835,
      88.96019223315135,
      90.88525282381111,
      92.58138256618297,
      94.2571905418776,
      87.94834373675735,
      88.25484954874409,
      88.51399879162659,
      91.41047068142666,
      90.08444449252316,
      89.97827075530452,
      90.75832181791887,
      92.14513209955187,
      92.2709599174402,
      92.8318254193348,
      92.72689251491684,
      88.55062155307402,
      90.72330155722011,
      90.63992830332789,
      88.38135465189536,
      89.80052050931347,
      87.47339248301469,
      88.157811616301,
      89.23773860410012,
      90.50502096438935,
      89.57238170139352,
      89.67160656348571,
      92.72770700782894,
      91.47457647596889,
      90.65997932618933
    ]
  },
  "num_frames": 30
}