{
  "exercise_type": "deadlift",
  "form_score": 80.03515800860114,
  "form_quality": "good",
  "risk_factors": [],
  "recommendations": [],
  "joint_angles": {
    "hip_angle": [
      45.38524815096024,
      44.566689228773555,
      46.25532641865559,
      43.68499327955724,
      48.03310720760773,
      45.12283510090909,
      45.60832462709647,
      43.811947203041285,
      41.178909848748454,
      46.287975165726735,
      49.24183843262155,
      59.231728447044205,
      72.86708046429587,
      85.27132313723874,
      100.76799502113465,
      110.38458873965928,
      124.9476701943068,
      142.46370204541006,
      152.25914566167427,
      164.65026567423845,
      182.05749303005354,
      167.85334536509092,
      155.3169375015476,
      138.13488213658988,
      125.92110356658745,
      112.53070522544472,
      95.61193670901424,
      84.92210765441622,
      72.02546508737434,
      58.521349277659716
    ],
    "knee_angle": [
      87.70224094112821,
      90.76499942949813,
      89.99753359731697,
      91.50598874549173,
      90.30882727804898,
      90.85412571373928,
      90.08754063890902,
      89.93204406845012,
      88.88105406850212,
      91.46093200884597,
      89.18631437649212,
      96.84924454541814,
      112.2731180704903,
      119.17561661825629,
      125.40316801660681,
      137.51465069676655,
      144.83497343978317,
      152.28843005811896,
      158.8064243326415,
      169.9597701307174,
      180.13886535490317,
      172.108519479445,
      161.8890106619872,
      154.57394981998135,
      142.29249917831373,
      133.7184118244834,
      125.49040040374986,
      113.07569113918133,
      105.81181983124051,
      98.58637113875051
    ],
    "ankle_angle": [
      90.9645883202532,
      91.38245995377687,
      91.25249571032562,
      88.31750460969246,
      91.80237020559713,
      89.33643883002844,
      87.70302487128477,
      89.09601932523573,
      90.20815975468685,
      90.44189703947883,
      89.47601141035759,
      88.11181374712388,
      92.02104419972193,
      90.83618689732633,
      91.89173404866264,
      87.61246864447602,
      89.18093965410655,
      91.29067577848615,
      91.33059472443816,
      90.80039902359464,
      91.5121567817893,
      90.06366728816084,
      89.91718116956999,
      89.28767495157214,
      90.53339758073689,
      91.67788280066172,
      86.18747618951055,
      90.018706981525,
      90.82779441722167,
      92.46582487920885
    ],
    "back_angle": [
      2.824827431741296,
      4.894164213553061,
      11.155063571254164,
      3.7973993479410875,
      10.888838682072016,
      8.495825504782022,
      1.8261765836780728,
      8.013459474433274,
      4.080920410206945,
      4.701412482490875,
      2.4860470895267053,
      3.3467621514325026,
      7.098016072381463,
      6.447982401587444,
      8.209669940880886,
      6.0271772266660175,
      1.537680401307183,
      6.288757854122123,
      5.716983581503265,
      1.6662786725133705,
      3.410007181770297,
      11.119270921722238,
      7.603695773175109,
      4.02847326492356,
      10.774271086841951,
      7.496216304051761,
      8.068334943887045,
      5.789947091253653,
      5.986146527886663,
      4.987718646566554
    ],
    "shoulder_angle": [
      87.5846257006962,
      91.56575787081732,
      91.2650792296713,
      94.0882710239445,
      91.55784295180374,
      86.88947018942234,
      90.1700326935674,
      93.756437398863,
      92.13165294810146,
      90.33099678560362,
      89.37214250247644,
      91.91245443126552,
      88.65426425513542,
      90.14990463626235,
      88.3654765949116,
      87.98815695604344,
      91.91286209162621,
      88.21621566118452,
      90.5444000461163,
      88.29304354502989,
      89.10617034022233,
      87.78043864879447,
      88.7719332509696,
      91.45502640734843,
      89.94900021625725,
      92.70565718195955,
      90.06347011468398,
      93.02166719256282,
      87.3890735406133,
      91.34981594448188
    ]
  },
  "num_frames": 30
}