{
  "exercise_type": "deadlift",
  "form_score": 88.74089693863162,
  "form_quality": "good",
  "risk_factors": [],
  "recommendations": [],
  "joint_angles": {
    "hip_angle": [
      44.31209522191292,
      44.42593045506074,
      44.55820184810316,
      47.66333237571529,
      44.91451377920393,
      46.0510304507758,
      44.218245026023276,
      46.26995311073047,
      42.340449713654735,
      43.244415864671076,
      42.24729890550652,
      59.771794924643984,
      74.2496412889952,
      87.60729409120968,
      100.30373858923927,
      109.57723173031027,
      122.72039959943169,
      137.97456668038126,
      148.5776717505734,
      168.04481672184792,
      182.62556966696462,
      167.52533943140176,
      151.51216618322644,
      137.26805941280688,
      127.68169481244814,
      114.16762045759128,
      95.73371289631146,
      87.79084642341932,
      77.44822809777395,
      57.87152380676206
    ],
    "knee_angle": [
      92.85341878863427,
      89.10274119697084,
      90.95813671540607,
      89.43948877553422,
      94.18516614482938,
      89.69696606246404,
      91.96853639695254,
      89.34101795318541,
      92.77776342024833,
      91.5025150371467,
      91.31971121104543,
      100.4302916122263,
      112.88543986830271,
      117.71759674899934,
      126.09433450655791,
      134.49299484745484,
      142.8624409124151,
      155.1190161472677,
      160.17425113070945,
      170.10799386944925,
      178.58803967810417,
      170.30229458024388,
      161.80955681848832,
      151.29061263149472,
      141.3920101658921,
      131.74766023608035,
      127.7521767755151,
      116.9720450074539,
      109.10808517070923,
      96.82039596653676
    ],
    "ankle_angle": [
      88.83998118584353,
      90.07123537244813,
      88.56191046142385,
      91.06441382197167,
      91.07230406747155,
      88.68884008030676,
      93.6287317600885,
      87.13644025504135,
      88.50559126357386,
      91.68198771315025,
      90.92804318497375,
      88.98590182498488,
      88.52350331044644,
      88.34430998915089,
      86.52084035459322,
      88.79049389840638,
      87.50857731517505,
      92.29307574816582,
      91.5472282619754,
      85.67566729027317,
      89.41214669729507,
      86.19695093071495,
      89.40663592250817,
      91.17671262178888,
      88.51915284461812,
      87.27520767443654,
      90.88318333235912,
      88.38963871566497,
      87.93811916354,
      90.88197075163035
    ],
    "back_angle": [
      3.8653751298464063,
      9.803646998619634,
      8.019368895219017,
      3.9732372183426587,
      4.755528251963139,
      4.978936445955405,
      6.097924016442031,
      9.067729326285471,
      2.7821237579422524,
      3.578832729934834,
      4.873675451118073,
      9.935260876278658,
      9.397081733886088,
      5.386732464413937,
      6.943954647397777,
      -1.0164656033926527,
      3.9365745674199792,
      1.929868514725071,
      3.8558405019038196,
      5.31879468009749,
      8.288168917585699,
      3.932281823828098,
      8.714010721797221,
      10.161973577200724,
      8.334895073076725,
      3.2335880473674408,
      6.831851714164847,
      0.8941096931344008,
      1.130447847583987,
      9.372041079905733
    ],
    "shoulder_angle": [
      91.64836736965073,
      89.22697653984925,
      90.09741324706381,
      88.00210863471351,
      87.80648170490258,
      87.04902599634457,
      89.86857270705075,
      90.67082222124041,
      92.85391028809785,
      89.61489326375998,
      84.86396800483693,
      90.75585297841715,
      88.76520235052135,
      91.08593334661496,
      88.99493940511138,
      90.56215830951128,
      91.48462799064771,
      90.31760100973864,
      86.82692897414985,
      91.68973151793084,
      92.10642402798914,
      89.55249941273324,
      91.68268155488676,
      88.60042908461313,
      90.60198840892517,
      91.20687439306745,
      92.70395040397246,
      90.27288068490115,
      89.54380499364622,
      89.73720204318981
    ]
  },
  "num_frames": 30
}