{
  "exercise_type": "bench_press",
  "form_score": 99.2413535772609,
  "form_quality": "excellent",
  "risk_factors": [],
  "recommendations": [],
  "joint_angles": {
    "shoulder_angle": [
      91.03046072874307,
      89.61610933781594,
      89.516028091548,
      90.13066729495547,
      88.89173387652485,
      89.9763305514992,
      88.05945594706486,
      90.89724128447426,
      88.17136620370478,
      88.2424358128459,
      92.86316435636404,
      90.34983192444656,
      89.3071710661012,
      86.76817886740676,
      91.91057766976846,
      90.58693022453193,
      87.12071378556136,
      90.43788323493499,
      91.48495054992817,
      92.03501289449113,
      86.43081557274338,
      91.50913822401264,
      90.11218781890187,
      89.7888257114047,
      86.73403977539165,
      89.05939486782216,
      89.48377770855204,
      88.17896618947711,
      91.27374730245312,
      91.6473607096968
    ],
    "elbow_angle": [
      88.01146452882524,
      87.46691653123338,
      84.21773403435736,
      80.03779148880767,
      79.83483743303738,
      76.02158941839444,
      72.8232240797388,
      68.02935050253913,
      66.61490035014084,
      62.70323344653355,
      62.72592047583404,
      56.25579880332113,
      54.41778645303175,
      47.754279491071536,
      46.595204374827524,
      48.079935445758636,
      49.231737046411645,
      50.91720368655252,
      53.7577842922885,
      56.1307351528579,
      61.53533179570286,
      62.26915097607364,
      66.18013597618116,
      70.3275896476906,
      70.49676679582603,
      74.91689360897476,
      76.35716335683284,
      79.0977271641521,
      83.21510367257525,
      86.03783632044762
    ],
    "wrist_angle": [
      181.34952800275067,
      180.7974533746716,
      182.4622952418686,
      183.77970575604644,
      181.74767184728233,
      178.9987868258511,
      179.92902689222535,
      181.08495507730154,
      180.88940788807034,
      176.44668962892027,
      179.0230241338933,
      178.39175619540148,
      180.3187913217534,
      178.61263468588714,
      177.3279422062851,
      178.6264787428454,
      182.96514448470907,
      181.3685489396878,
      182.21666927848145,
      178.287745455106,
      180.11033731551598,
      183.88050624355031,
      180.99328068080501,
      179.08452355361456,
      176.70730202290588,
      179.96900530521413,
      179.37597662633118,
      177.50030851706543,
      182.63004134568828,
      183.4094637650268
    ],
    "back_angle": [
      1.1745311135004426,
      -2.8120888781115685,
      -1.5483245726201527,
      0.5078552064193231,
      1.1268380341924236,
      0.4396546645152755,
      0.12085398755236676,
      2.9678002368993552,
      -1.4420421358912034,
      -0.8529391045941025,
      -2.121716061447103,
      -0.18120741613153407,
      1.1248377546890784,
      -1.8177001368269545,
      -7.347900892186476,
      -3.310107396717182,
      4.25181535865484,
      2.701844389277867,
      -2.0491316068925007,
      3.0566961176241274,
      1.2776072427404819,
      -1.4675582092087813,
      1.1925256400320638,
      -3.413232714233554,
      1.3866980264743327,
      3.6153929429860816,
      0.8908689412443478,
      3.1492791108035685,
      -1.112199469833349,
      -0.7792045014467143
    ],
    "hip_angle": [
      92.09463062199808,
      87.62426035694561,
      89.19745692028305,
      90.85989001048657,
      88.69461118000731,
      89.66929752854799,
      91.31628129245799,
      90.97606400961625,
      88.82895762478879,
      90.83101892418604,
      90.32918850749347,
      90.48546701811054,
      89.29462067608831,
      88.25730295668232,
      90.91604683568802,
      90.4967155723419,
      89.73038666224937,
      89.53270222366295,
      90.19731917090726,
      88.80151597977557,
      91.26083984510322,
      92.8751655066601,
      88.13461284916372,
      88.85731217249548,
      95.02605536665226,
      89.34768338936864,
      91.66919439031672,
      85.30849571128142,
      88.89443449988339,
      87.02102614543307
    ]
  },
  "num_frames": 30
}