{
  "exercise_type": "squat",
  "form_score": 81.82071892212163,
  "form_quality": "good",
  "risk_factors": [],
  "recommendations": [],
  "joint_angles": {
    "hip_angle": [
      178.34079276702784,
      180.40023803745686,
      177.5182345950608,
      183.01147942407468,
      179.38458083775933,
      178.68725459064004,
      181.37218884723913,
      180.46441213768975,
      167.651940662472,
      152.04696251471978,
      142.43929209557734,
      129.6898949538956,
      116.61774923144067,
      99.56424849938685,
      87.15915717857067,
      89.64460178259829,
      92.23121391007331,
      91.27040761635799,
      93.49968155369109,
      87.61606910438532,
      88.65325781333016,
      91.29712785865617,
      102.63577980241523,
      113.53009088601182,
      130.03871761525073,
      137.50015226810655,
      152.3441433896316,
      165.83222411294608,
      87.97040542919666,
      104.6800635038805
    ],
    "knee_angle": [
      178.5466801289819,
      180.2470477078762,
      182.0249245564508,
      182.58771094359517,
      180.29187224102245,
      183.2912173961953,
      177.83650683424926,
      180.42622162764854,
      167.18415263021842,
      150.57590982067256,
      142.36329315689196,
      127.3010149335983,
      114.21821700170106,
      105.34760920680418,
      93.61394153084339,
      90.32411911159687,
      93.02335003705,
      89.47008576560224,
      89.07749327904111,
      92.58405261391165,
      94.13900048380138,
      88.46405587489019,
      104.19162386410869,
      116.72276732134071,
      128.44279079955558,
      141.89642081028248,
      156.04675254449336,
      167.52890162143237,
      87.82173949200993,
      104.09649416942449
    ],
    "ankle_angle": [
      85.28924762551765,
      93.44191804115285,
      89.73710858177968,
      89.13503595541113,
      89.36209806154335,
      88.92301801303013,
      88.66982198314311,
      90.58122005593994,
      87.84189163909636,
      83.04900546702751,
      81.56383588561368,
      79.33703204427384,
      79.63629103287803,
      71.06196671929317,
      73.1772886526343,
      71.26594293108292,
      69.34105775791163,
      69.34678408891618,
      70.07190904808238,
      67.82812843807565,
      67.52482494049808,
      70.81792106999225,
      73.52471680917418,
      76.79019451277807,
      80.74922226951466,
      81.82497588048768,
      86.70665228050316,
      85.33153460444011,
      70.72665604230964,
      74.49263746508585
    ],
    "back_angle": [
      -0.7700786400048606,
      2.1539928407430438,
      3.3148046603810526,
      0.45577511451742314,
      -1.3968725118637122,
      4.9432817756003855,
      3.3568859637594244,
      3.972453244666206,
      3.118278163422019,
      2.8640648655794156,
      8.77195240863239,
      2.929248856569107,
      1.9212591908691268,
      2.372856250531083,
      6.013869049177198,
      1.8553749495573566,
      6.241688454220286,
      1.6964222391706765,
      -1.491002003060377,
      1.6576196312509792,
      2.4745513419240464,
      7.865365392817566,
      1.724672239399736,
      0.8984110199862558,
      1.898065812110536,
      3.709035726176876,
      3.41297017129561,
      0.8610575716055444,
      7.132127634225984,
      6.585099658569884
    ],
    "shoulder_angle": [
      43.427985692015824,
      42.6667041162955,
      42.720996038609535,
      47.19453989433723,
      44.23593555071695,
      42.37039350079959,
      44.48603332442851,
      46.310974475206116,
      46.59518823079043,
      45.21704718241868,
      42.41134427743347,
      40.655566588256534,
      44.19062908247362,
      42.58725568662338,
      45.566179314545266,
      43.900181222916025,
      46.06065986444911,
      48.36338240554775,
      46.05808802924725,
      42.948453838495084,
      47.49389834910467,
      43.092743662043716,
      44.33091783012006,
      45.3773821341822,
      44.906321302839245,
      46.530602820305596,
      46.70560589955264,
      45.029740408999125,
      47.11355311865649,
      44.430793258577516
    ]
  },
  "num_frames": 30
}