{
  "exercise_type": "overhead_press",
  "form_score": 64.12343768391509,
  "form_quality": "fair",
  "risk_factors": [
    "moderate_forward_lean",
    "minor_form_deviation"
  ],
  "recommendations": [],
  "joint_angles": {
    "shoulder_angle": [
      85.43003662361943,
      95.15548248072729,
      101.48327796797685,
      109.6971167456223,
      114.17722030813258,
      119.71613138742963,
      125.70196082707854,
      135.02594627180747,
      137.02515099032476,
      144.0658717533527,
      150.20385935910798,
      155.88750933236307,
      164.6513133622968,
      169.6149326186744,
      177.19206307848867,
      178.77522547801266,
      170.240951596695,
      163.59421012669404,
      158.89473061109334,
      159.0577076873317,
      151.5845282853984,
      143.39207759953385,
      136.76990189397495,
      132.72284669386136,
      126.44156998550051,
      121.40459004743745,
      113.95438935668767,
      108.33946945051824,
      102.42133563441456,
      96.12758361309959
    ],
    "elbow_angle": [
      90.30972008339373,
      96.10828018593847,
      99.66831371110655,
      109.09614361791682,
      111.67091418611635,
      119.78546136404822,
      127.65556926317166,
      132.24388620487267,
      142.88635402171386,
      144.50768821431924,
      153.06222414893261,
      159.71308793592235,
      162.58651665927138,
      164.7805645819981,
      173.65517448140562,
      180.39871949794554,
      175.00009126862028,
      171.18151576401652,
      162.254859756394,
      155.3546590392179,
      150.68708276088705,
      141.27718562453052,
      139.43001264702465,
      133.49258243968924,
      124.73954480633967,
      120.7429169536527,
      113.8702763335193,
      104.23525404444656,
      101.22291248819472,
      96.78881554987201
    ],
    "wrist_angle": [
      179.37947489106782,
      177.23388247127812,
      180.63730128824153,
      177.7517013017713,
      180.56186923959862,
      182.76126101653227,
      181.33369192792833,
      183.60920453894192,
      178.28386993593725,
      178.81882112869607,
      178.1425488320845,
      179.3905108662031,
      177.99175951514798,
      183.4589747604761,
      178.98582676792847,
      179.04812307914975,
      178.33835404465907,
      173.66763618949253,
      174.2878634848287,
      183.19077625321796,
      178.6140635814625,
      180.74279965563096,
      184.33373845093612,
      181.77920307442125,
      179.79601099786584,
      179.06879490789467,
      180.193314828668,
      180.3513681881068,
      174.95922636071504,
      177.85052654973677
    ],
    "back_angle": [
      4.774363216306674,
      7.080760415614192,
      10.06762701449784,
      6.869295642113097,
      6.4299705303906185,
      9.60737972349005,
      9.170937716900573,
      7.083855855878955,
      9.671206566889015,
      8.665899416065557,
      7.986353452060518,
      11.008652377082376,
      3.39202604880397,
      4.104800824715823,
      13.929256351576436,
      15.186356210542845,
      10.033295639006793,
      8.0735599307395,
      6.0539094038747825,
      7.198877681224166,
      12.011785798054431,
      13.630859299751645,
      15.445558202648982,
      9.916952434965255,
      11.810394282306099,
      8.256503011371226,
      11.801849737477589,
      5.912523578091674,
      11.269725679204242,
      6.444520277683825
    ],
    "hip_angle": [
      178.71885397667256,
      179.1627926293331,
      179.82810223791853,
      180.00203653372796,
      180.49710311328215,
      179.39551432248308,
      179.50958772035062,
      180.25395101760083,
      182.51267130651584,
      181.71889587407784,
      176.4297363150603,
      180.1189245386451,
      183.34899289895648,
      180.4704577519054,
      179.18299143259586,
      182.11687505552572,
      181.35606660283025,
      179.72601791743952,
      184.7477530151899,
      178.1167415193046,
      176.4907231397575,
      177.578555553009,
      178.44209656845302,
      180.33744265381682,
      177.60571957421422,
      180.05613086619545,
      183.4016819956922,
      178.18861267736912,
      177.66322506689275,
      178.3829677633267
    ]
  },
  "num_frames": 30
}