{
  "exercise_type": "lunge",
  "form_score": 85.56892935660002,
  "form_quality": "good",
  "risk_factors": [],
  "recommendations": [],
  "joint_angles": {
    "hip_angle_front": [
      180.46696731985836,
      181.574933329151,
      180.39771658110516,
      179.9747656860205,
      180.70940702854878,
      179.73018487034918,
      180.90479986291922,
      180.6934346997308,
      168.4261264889359,
      153.08747130220738,
      139.94835825506956,
      126.35077936048044,
      114.99617456840285,
      105.79395331582081,
      90.17343473992197,
      86.94861808122033,
      88.2660824599592,
      90.28133518019217,
      91.1424973134119,
      91.3282804226366,
      90.65841256300831,
      89.883235133525,
      104.20280733883406,
      113.25599179353155,
      129.05605799427303,
      141.78059265423298,
      150.76612334546215,
      164.1856378603132,
      91.65402235302068,
      102.04236950895296
    ],
    "knee_angle_front": [
      179.18698119466737,
      180.2731685937952,
      177.30088799174513,
      180.3268229237974,
      179.43598084735945,
      181.3634920479215,
      179.00329288032594,
      179.84939328602178,
      168.96478835832835,
      153.72487559920907,
      141.32834124324816,
      129.11629473258802,
      119.26565556914862,
      102.83036229958773,
      88.7219249039704,
      89.90542396076557,
      89.9649426407144,
      89.71867972547527,
      88.9443702131589,
      90.2133198391883,
      88.1381269434824,
      87.9472645215015,
      102.96073786257838,
      115.26305026032671,
      127.37244408395969,
      143.73634698229705,
      155.15172245822728,
      167.7563613062218,
      91.62133962342318,
      103.1273671346746
    ],
    "hip_angle_back": [
      182.00340472796242,
      179.56718687646338,
      180.91440819078582,
      179.77365004063805,
      176.610003255418,
      179.4162499503327,
      178.51239994226543,
      179.38564193971155,
      182.37034092429184,
      182.54877480061828,
      181.29302879439408,
      181.02962971877173,
      178.91537403764767,
      177.36348028273468,
      180.79482795354656,
      180.05650574306105,
      182.7373837536833,
      179.45067322172997,
      179.608280394455,
      184.5351555847168,
      177.64432260965378,
      181.58810094317943,
      180.29407323809374,
      179.0397276183333,
      180.58370161293064,
      186.11032577984875,
      177.93084574496322,
      180.51139609537293,
      180.61323088620787,
      181.36277870067772
    ],
    "knee_angle_back": [
      183.3211795757903,
      184.47575205759338,
      179.6012822910603,
      180.59105471227488,
      182.65680105004816,
      182.71045959048462,
      180.24245371625017,
      177.49362674359656,
      167.9652543092383,
      154.64061753238963,
      143.29681896203044,
      129.08084824633482,
      114.9020953225069,
      103.92917637249998,
      91.39212249173468,
      91.45162088390502,
      88.57418551514445,
      89.43606894673367,
      93.47547421421602,
      86.65835569391622,
      88.12734793531186,
      93.4145053703134,
      100.55174797941466,
      117.42058014595028,
      132.03721123826125,
      141.93335929252677,
      153.6031174307838,
      163.0673177059928,
      89.04760497652424,
      102.57068333008287
    ],
    "back_angle": [
      -2.2662463973966496,
      0.1821451151622237,
      3.1826540921131308,
      -0.8802550141936808,
      -2.4900977743752746,
      -0.4506122422399566,
      -1.2889893390841742,
      -0.970045234504426,
      -1.553572324091054,
      2.4152635127211886,
      -0.9030577969950527,
      -1.0323938607853427,
      -0.36161993927617136,
      -0.62302483425911,
      3.8285543048538075,
      2.345818559757516,
      0.5797085001489791,
      0.939602149409552,
      -0.3978636533084382,
      1.4146686291959265,
      2.9229791389958377,
      -1.9513115209359784,
      0.0770550384848773,
      -1.9739754882080573,
      -0.022852621655039818,
      0.6992110337185924,
      -1.176776784307125,
      0.6243698305057286,
      0.8707144084773256,
      1.8023256531921432
    ]
  },
  "num_frames": 30
}