{
  "exercise_type": "squat",
  "form_score": 90.71304388323418,
  "form_quality": "excellent",
  "risk_factors": [],
  "recommendations": [],
  "joint_angles": {
    "hip_angle": [
      176.97123646432158,
      177.2030944711992,
      175.97550865143089,
      178.82483155684602,
      180.63190836530816,
      179.08746726407364,
      179.24845044753422,
      182.33844617393353,
      168.457319290358,
      154.7891967797169,
      140.93379924890957,
      128.08143628953005,
      118.39865856431682,
      104.50290720401884,
      89.06761210735822,
      93.15245194317507,
      88.52627867118083,
      88.2056688393311,
      91.73679055238584,
      87.99036376512906,
      92.19703549688174,
      89.20063810385545,
      102.40447208089721,
      116.29164175980648,
      126.38496764487981,
      142.31244937733106,
      153.835475368289,
      166.97687650390196,
      92.44401354445752,
      105.74876126322745
    ],
    "knee_angle": [
      180.28761464031712,
      179.51566435286708,
      178.58520368661374,
      180.68940067911956,
      176.92813128040908,
      180.8425907563064,
      180.27077796592522,
      183.19571491693912,
      163.96756365161983,
      155.8937320838228,
      138.22402556930416,
      130.1755885684689,
      113.80080470216893,
      101.77315010303542,
      90.68866228384903,
      88.88745652467995,
      94.17208218670143,
      87.8939799944218,
      89.09731543893723,
      88.8825760075746,
      89.88748378934815,
      84.75890718344196,
      99.28520374717894,
      114.35139318173576,
      128.82762781090472,
      141.8763354972811,
      154.90304234228398,
      167.6017555932747,
      91.28189029051597,
      101.97605369285783
    ],
    "ankle_angle": [
      91.36031974807796,
      85.9252494872433,
      90.58702333824513,
      86.83104038934982,
      89.25752076454881,
      88.65194855717415,
      91.1773699887273,
      90.65718768117307,
      87.49843653218271,
      84.08698397826494,
      80.56007022460867,
      81.66370437075072,
      74.28718485207776,
      70.23756025307885,
      66.49832869808684,
      69.16044529667573,
      69.7309948432858,
      71.37439873665932,
      68.91603536758213,
      72.32534557530307,
      71.17900511269819,
      72.0972538133012,
      74.32698808444192,
      77.67866057448263,
      78.59505566041891,
      76.72674846551101,
      89.33273916861461,
      90.9423982966095,
      68.41906574113347,
      72.08755867689119
    ],
    "back_angle": [
      -0.59844934216142,
      -0.2561587218166436,
      1.6587343436846715,
      -0.3965297918515163,
      1.7716563814046584,
      2.394101989357494,
      -1.0318107267744578,
      2.969441762856469,
      0.6177763033431644,
      0.9715387310384206,
      -2.761537339338566,
      0.43376704809517347,
      4.743616353192127,
      -0.0024063762225049394,
      1.5288432619585277,
      -2.0047689895382814,
      -0.6051407148500619,
      2.0860858748372353,
      1.463937119426898,
      -2.064277939050183,
      -1.9524364932560463,
      3.9950240873256617,
      3.035730063479994,
      2.7322338102960217,
      -1.1620172076927475,
      -1.3653632894384378,
      1.1422548304535798,
      2.576000167285017,
      1.7731199959058848,
      0.4852307567572764
    ],
    "shoulder_angle": [
      43.692057130501716,
      45.34429324915906,
      43.15706713238513,
      44.0444514424758,
      43.7918152259893,
      46.530846001731966,
      44.73749602475742,
      45.519496049796956,
      46.17741593426269,
      46.54974077079956,
      46.021486465124724,
      44.5301645237907,
      46.97719837689823,
      42.08856319978573,
      44.88000538489631,
      44.055405044186415,
      43.39194584930465,
      44.15504471635977,
      44.94075466074742,
      43.62589163134677,
      41.82377719790503,
      46.31512717974558,
      44.74276296285853,
      43.5730794206206,
      43.32899653635371,
      46.63080542404395,
      46.48608911752092,
      44.21833738629766,
      41.935730026580856,
      49.71554202705293
    ]
  },
  "num_frames": 30
}