{
  "exercise_type": "lunge",
  "form_score": 82.8284224463208,
  "form_quality": "good",
  "risk_factors": [],
  "recommendations": [],
  "joint_angles": {
    "hip_angle_front": [
      178.34543625104294,
      176.1410536075763,
      181.00280917465207,
      180.923691395361,
      180.78311115735417,
      176.92172802243545,
      178.21256196343538,
      179.7085459056778,
      168.24263674984294,
      155.67232027462265,
      141.19029191634638,
      125.90089567299167,
      117.28839171015078,
      102.40171767924542,
      92.45256559554139,
      88.92349626820206,
      90.37126432167175,
      92.33689523526861,
      95.77223102124991,
      87.02097982912164,
      89.21868201594349,
      90.14123546952545,
      108.4268213174978,
      114.67495754559562,
      125.87626812167294,
      143.9053787898845,
      154.93318542822544,
      165.80751974586457,
      93.63858315137443,
      102.50458085617423
    ],
    "knee_angle_front": [
      182.15595016137462,
      181.17457841338347,
      178.68459015126524,
      178.62582722761167,
      182.12670561383888,
      180.50186355696118,
      184.29321718582844,
      179.53535820217903,
      165.50045582897263,
      152.9902772220583,
      140.4384104086849,
      125.359006179095,
      117.03792182865531,
      102.87958113877389,
      90.38041722400835,
      90.33789693238751,
      90.21517242225805,
      87.29033055779564,
      88.34968118474643,
      90.79212636716197,
      90.37607765143397,
      88.5014793286303,
      103.273700660726,
      112.6598549909295,
      127.53515832041782,
      140.26375139088586,
      152.09047909631428,
      167.95446523924056,
      87.90991907430424,
      104.72013278893169
    ],
    "hip_angle_back": [
      180.523787579413,
      179.00461091201157,
      176.20027289262543,
      180.17096543223207,
      181.44262565973207,
      179.3985449305457,
      180.71623787094921,
      177.6229297117887,
      179.7779099261802,
      184.04573358618435,
      180.55360426879926,
      181.26353115523804,
      178.14486457698683,
      179.37182827242685,
      180.33881168006033,
      181.51650239261937,
      178.38935163393168,
      178.33361225731716,
      179.12600676492767,
      180.60738753229154,
      176.14208287797362,
      182.6239831160836,
      176.39023280388474,
      182.32932633456645,
      177.348192363045,
      182.30926939254044,
      180.52108907665735,
      182.65671924774244,
      180.1775492717717,
      181.99267306692016
    ],
    "knee_angle_back": [
      181.60798964558884,
      177.56525967089212,
      177.08672646472064,
      176.9511026401304,
      177.1750936528754,
      180.62970472884066,
      177.31552913218707,
      180.33166519985878,
      168.66174669725754,
      153.50480529406937,
      142.19351240103651,
      126.56057500302305,
      113.11014486048613,
      102.2947132475775,
      94.3599046807351,
      89.49896069593578,
      91.61453081529628,
      86.08833169967619,
      89.26047555838295,
      90.36114651485154,
      89.68942979875051,
      87.88578119261311,
      109.21225232651014,
      116.81942235518792,
      125.78884129590989,
      142.73491297526814,
      151.62642999318027,
      168.91877462865938,
      89.02479406574622,
      106.60874927862987
    ],
    "back_angle": [
      -1.1724280702926242,
      -2.3785091539826113,
      0.20245002364303863,
      -2.0999205563330703,
      0.6675187583015664,
      -1.3442077390397833,
      0.33402662733156446,
      2.555474707204085,
      1.7231050574846558,
      1.2208780894567093,
      1.2200695434683233,
      -0.9619785620921006,
      3.587789017292949,
      -0.9943322914839847,
      -3.2555046048788676,
      0.740135854242829,
      -0.3879786492280024,
      2.5588046839784675,
      -2.8670144762317773,
      -3.140679457424625,
      1.8237315188766638,
      -1.9633253841421328,
      0.28482683189828883,
      -3.4292663052177885,
      -1.0622958753872598,
      0.3741745576436942,
      0.3556315244369939,
      0.5765457933210326,
      0.844220126303404,
      1.7062687899099833
    ]
  },
  "num_frames": 30
}