{
  "exercise_type": "bench_press",
  "form_score": 48.258794344113255,
  "form_quality": "poor",
  "risk_factors": [
    "excessive_forward_lean",
    "knee_valgus",
    "insufficient_depth"
  ],
  "recommendations": [
    "Keep your chest up and maintain a neutral spine",
    "Push your knees outward to prevent inward collapse",
    "Descend until thighs are parallel to the ground"
  ],
  "joint_angles": {
    "shoulder_angle": [
      91.58666544080016,
      91.08457944121047,
      92.53983867892553,
      92.9946276945263,
      89.65698630056512,
      89.58326617887592,
      89.77869313302415,
      90.82549627159959,
      89.63848539540146,
      88.406834264775,
      92.82126466313504,
      92.13170155125862,
      90.70912360236889,
      88.86723612344315,
      90.73935963895553,
      91.29711492676911,
      90.03660755448703,
      92.03780597981996,
      94.16448501014723,
      88.93958117303686,
      87.26913292696399,
      88.4553188575409,
      91.09429249943705,
      90.73177813855867,
      88.36855245631217,
      91.8806883650624,
      90.9088008989424,
      88.5723734494845,
      86.2449959679297,
      90.93363727039623
    ],
    "elbow_angle": [
      76.95452286179467,
      67.96434632795044,
      66.56430912182933,
      64.22516774352565,
      58.96729756567881,
      60.60705898814684,
      52.096879662264215,
      53.759638568129574,
      46.25933062847951,
      48.48800487301852,
      52.864553485657275,
      42.99574076358689,
      37.96080464852946,
      25.192455735012427,
      35.87663221887268,
      24.17324666939313,
      32.109486688458304,
      29.604649795617387,
      33.66382355236858,
      43.205686568158114,
      45.826695367512215,
      50.352416030419256,
      46.9368379926595,
      53.4037141663092,
      61.83385319370365,
      60.896508292506354,
      63.44482367401727,
      69.619466418681,
      69.3871994424978,
      70.11789439277693
    ],
    "wrist_angle": [
      176.1139803495014,
      179.07211137274226,
      177.54641410923895,
      179.84505058532625,
      177.77045537549063,
      180.81029486323703,
      182.2654086397039,
      180.56245545573316,
      183.40434304919293,
      180.95883909246237,
      179.33531107015608,
      181.79987379667156,
      182.74805766960006,
      179.19455918614418,
      180.4526620665461,
      180.77875879078064,
      180.51087784295964,
      179.61096342010876,
      181.85926145844726,
      179.01829084006562,
      177.6786187290823,
      178.68784097280474,
      179.5002767350329,
      180.16344651057767,
      181.84491958803198,
      179.54889545487057,
      182.3677546228299,
      182.50254804007955,
      178.06251031264688,
      180.61891571765773
    ],
    "back_angle": [
      19.06260584690846,
      21.137356003340333,
      14.568645226463193,
      23.845996504793654,
      26.820218657283625,
      19.367283712109927,
      26.95029135969282,
      22.012235042392554,
      26.725397463461007,
      27.344616276512166,
      12.638158350402739,
      24.18270691435687,
      21.10501402677925,
      24.209661016119682,
      18.10626092667214,
      23.960844786101244,
      15.745486887054101,
      18.02378672974462,
      28.264174943434064,
      28.03953934013737,
      17.657012805127472,
      23.259023612992607,
      30.028517250986944,
      28.541409900991983,
      27.354175422578958,
      29.348246077209865,
      27.178304065622594,
      23.766861211258618,
      18.169578691520826,
      22.844788510361276
    ],
    "hip_angle": [
      88.64605269414682,
      88.91813620270271,
      91.32298820830978,
      92.90533717137774,
      91.34701451005297,
      89.53070054976557,
      88.25422855615038,
      91.96758963332638,
      91.68663490710316,
      93.24323401614946,
      88.45427472448691,
      90.19366894046601,
      90.315687347248,
      92.0169554332343,
      89.46278683764145,
      89.16510535680244,
      90.8772199734704,
      93.10530984441455,
      92.34073682807544,
      86.26812234142608,
      87.94764932486444,
      90.31420413562267,
      92.20491475876547,
      87.01760027707368,
      89.25812933050081,
      92.35579021120914,
      87.51724900400153,
      88.45543447002656,
      88.45032708875809,
      91.03675789832035
    ]
  },
  "num_frames": 30
}