{
  "exercise_type": "deadlift",
  "form_score": 56.19962178970883,
  "form_quality": "poor",
  "risk_factors": [
    "excessive_forward_lean",
    "knee_valgus",
    "insufficient_depth"
  ],
  "recommendations": [
    "Keep your chest up and maintain a neutral spine",
    "Push your knees outward to prevent inward collapse",
    "Descend until thighs are parallel to the ground"
  ],
  "joint_angles": {
    "hip_angle": [
      43.0341629544988,
      43.62848091993503,
      45.60160527044889,
      47.149768936726446,
      44.73231640670673,
      43.05155845819811,
      44.711466197186816,
      44.550744188171215,
      43.670492054278526,
      44.29929184379288,
      47.070135680838945,
      57.75659243828687,
      71.30693847382256,
      86.23036702020983,
      96.60786881259395,
      113.47723959676921,
      129.32470656458537,
      138.39974566013763,
      157.0147185482127,
      164.80839827701013,
      179.12539387150457,
      169.06959172208033,
      154.97812292486685,
      136.90353581002518,
      128.94359752991983,
      111.54370179394158,
      97.8059619380639,
      86.66606870191606,
      75.7600759831838,
      60.088058729552245
    ],
    "knee_angle": [
      87.07480611897344,
      91.15656944043451,
      86.87451783389666,
      91.78575568927495,
      91.5085442329984,
      88.54091571268346,
      91.80540295063673,
      88.74508175790241,
      91.55118845645956,
      90.5141115884253,
      88.84386555893785,
      100.4314920687018,
      109.28300324774753,
      116.76421102719671,
      125.25156238257405,
      134.56194917551494,
      143.84052171966044,
      152.32156390366112,
      159.01474630271048,
      172.30287554174356,
      178.0418342921989,
      166.62701277523504,
      159.18877576601096,
      152.2018529492537,
      142.50811434755317,
      134.01854448443277,
      126.38824233965866,
      114.99595704735913,
      109.3861074788323,
      96.44124237872394
    ],
    "ankle_angle": [
      89.61570991579224,
      89.95274231134148,
      92.16423332292378,
      86.6104947972425,
      84.92183186578154,
      89.0291210168707,
      90.16892798888749,
      89.5939229329195,
      87.28369395976672,
      90.06489399494212,
      88.76502666552456,
      88.8215468630592,
      87.26396989671224,
      88.46078391679288,
      91.95674306694777,
      92.46956006725318,
      84.14211351196559,
      88.41953907746861,
      89.14227198752282,
      88.35644883937114,
      89.5359175997103,
      87.74686868442431,
      89.97019922755321,
      94.97320580498362,
      89.35010252480461,
      92.5074613786001,
      89.00362227380948,
      90.52041139413127,
      86.89992781861976,
      88.14648773833787
    ],
    "back_angle": [
      26.40364339868688,
      39.38571384557601,
      35.21818496184096,
      39.719515083741356,
      34.590035424847365,
      27.96193261250956,
      32.45805292838677,
      42.07300525811293,
      36.34466670259029,
      28.26682912777789,
      32.3095233178613,
      36.689636664479096,
      33.14223637764013,
      31.156357755004418,
      42.24643752534259,
      40.306602096265166,
      36.564242933372206,
      28.36880202608171,
      23.156132550650675,
      29.6871845698299,
      38.36367362781468,
      35.23977812276853,
      33.50581397722451,
      25.302527603696394,
      20.441798913755104,
      37.51121433855094,
      24.96417585912631,
      37.23066221191022,
      18.340462999683407,
      37.09952604476973
    ],
    "shoulder_angle": [
      93.66087191472732,
      86.88039214957087,
      91.2484398685524,
      89.83552216766965,
      88.96184598263642,
      90.10974078426072,
      87.27165583873852,
      91.86170601107877,
      92.13799097816027,
      89.13788898961941,
      93.53089092699231,
      87.99404819880493,
      84.29925474001158,
      85.18383012676836,
      88.80057267777767,
      88.78251843218783,
      90.91415709423926,
      91.91253710707805,
      91.23254340405202,
      88.78794711852042,
      89.3015985021157,
      88.1473371053457,
      89.88573529823097,
      88.86806446780776,
      91.3860964997846,
      88.82113403913343,
      89.65612245303299,
      91.22221614579642,
      91.167334050272,
      89.43053922053251
    ]
  },
  "num_frames": 30
}