{
  "exercise_type": "deadlift",
  "form_score": 57.488148994038205,
  "form_quality": "poor",
  "risk_factors": [
    "excessive_forward_lean",
    "knee_valgus",
    "insufficient_depth"
  ],
  "recommendations": [
    "Keep your chest up and maintain a neutral spine",
    "Push your knees outward to prevent inward collapse",
    "Descend until thighs are parallel to the ground"
  ],
  "joint_angles": {
    "hip_angle": [
      47.69516677685809,
      43.80060343819985,
      46.12281479671403,
      43.88872689344893,
      42.878480381726845,
      43.060552943303875,
      43.184850234201136,
      44.61644288655425,
      42.07492729378908,
      44.96379793376845,
      45.878835481069174,
      57.786603095135284,
      73.4479881039767,
      86.67065524208776,
      100.37494867113371,
      111.80805831556809,
      125.54600663682533,
      141.63687270466596,
      153.90386852798238,
      165.1723208444618,
      180.4533470708052,
      164.9531296582816,
      157.31954271666353,
      139.52895205705644,
      124.49599830465432,
      113.64542668604408,
      99.9644430485407,
      88.02399753815335,
      75.06394172687088,
      58.388328506776794
    ],
    "knee_angle": [
      86.9083557850648,
      90.25713745420026,
      86.95152817546129,
      88.41826779970044,
      92.47029055113539,
      91.55324360928232,
      95.04266531536483,
      91.08152433009352,
      94.12551758608477,
      89.94419363910828,
      92.68557773408305,
      95.60211572802694,
      109.57770092668777,
      115.39623692209835,
      128.27438153384267,
      138.37973438071137,
      143.18543039353864,
      152.86286019271205,
      163.35810479459602,
      171.78837747153352,
      178.9849217482805,
      174.68738674883127,
      158.99350465716904,
      152.38309759931244,
      139.7868641011926,
      133.61621377568605,
      124.29389153225179,
      119.38708232833305,
      110.5228398389716,
      99.1868324970359
    ],
    "ankle_angle": [
      91.32975271116355,
      92.07567008367812,
      87.00244740036081,
      92.53055550356642,
      86.88351596390171,
      89.77169320367625,
      90.79583538885544,
      91.72604442109342,
      85.04889308703447,
      87.01599473257579,
      91.28024754610377,
      88.69483673252739,
      89.35844044896297,
      88.59691414801979,
      88.76908883603029,
      94.03882979106233,
      86.52440600515868,
      90.35374749460404,
      91.5846292990275,
      91.72641506558742,
      86.91173204415043,
      90.27083272239167,
      88.54813918243015,
      90.22220457106933,
      92.47409448206965,
      89.91078969625296,
      89.56990753250435,
      88.0752121940055,
      91.12040064492517,
      88.77820746775754
    ],
    "back_angle": [
      35.9331102770708,
      27.92721534689148,
      32.67914497151973,
      39.190360107824475,
      43.93187601489862,
      34.18931047244465,
      26.78767515408477,
      35.12025059879653,
      26.723878793644918,
      35.73633353130169,
      38.76450540798705,
      26.253221394644555,
      34.21535653047798,
      30.06333754043413,
      31.929894917658725,
      28.73605343656082,
      19.73971591022154,
      29.790581859959456,
      26.480283958323827,
      34.465067460388916,
      19.44392094464712,
      27.930656153490492,
      38.31426099215938,
      29.381084184690724,
      29.923626886786053,
      26.744008632570395,
      36.745298328110366,
      39.12106775444359,
      32.74147702851363,
      39.34932584632929
    ],
    "shoulder_angle": [
      88.45994041513003,
      95.05273575564752,
      92.60123847145184,
      87.03840818146796,
      86.62265489904406,
      92.16851713786134,
      86.4122100814117,
      93.13528814955836,
      92.10432151055164,
      87.78141707138059,
      90.02278092129947,
      85.46901539742268,
      90.98843926941598,
      91.96814380702415,
      92.30682097029452,
      88.36018373868454,
      92.27927640313736,
      92.15273167445483,
      89.11846494916324,
      88.994466280637,
      90.21847280671538,
      86.7172709853546,
      88.57723896613054,
      89.58533801630729,
      90.13061988612323,
      88.32524346102046,
      93.31020653728059,
      90.69004667216933,
      93.36387829270623,
      90.38164071035258
    ]
  },
  "num_frames": 30
}