{
  "exercise_type": "squat",
  "form_score": 81.43763680861588,
  "form_quality": "good",
  "risk_factors": [],
  "recommendations": [],
  "joint_angles": {
    "hip_angle": [
      180.15256053956873,
      179.03888193066317,
      181.8463820644668,
      179.83913752993772,
      178.25649705915833,
      181.45456505089822,
      184.1703903494485,
      184.3613747902378,
      166.7679420878173,
      155.27817799852951,
      144.00572160427976,
      127.25926227480933,
      111.92834431535864,
      104.76275682458889,
      91.08198899825803,
      91.60045200133064,
      92.99385540785254,
      91.57558439442455,
      93.68705129911048,
      92.29217236552213,
      93.73605656564868,
      89.00651855723085,
      101.45447788281345,
      113.82622262176521,
      124.47862746906792,
      137.35436538540412,
      152.66435996180394,
      165.60924864844603,
      89.34488779955214,
      104.45193012491484
    ],
    "knee_angle": [
      183.99805338680815,
      180.04566515504317,
      183.01674257633155,
      181.25820858157235,
      180.34208194730692,
      181.93623679506607,
      183.90704225515415,
      183.3842154372396,
      166.69487616383879,
      155.32076992900977,
      143.82905098568787,
      130.35244739762902,
      116.7031053199263,
      103.42017261700776,
      93.68578881203717,
      88.76153148263101,
      91.83518257685611,
      89.8129782020768,
      89.78798852683859,
      92.87118112352977,
      88.99704677532287,
      89.43988798359239,
      100.2382204052218,
      117.56657443661669,
      125.9634668561762,
      142.35212890996868,
      153.87433964945362,
      165.77984651730426,
      90.42335165313438,
      101.7894161455386
    ],
    "ankle_angle": [
      93.10944776661815,
      91.73472284663042,
      89.90003007919552,
      91.88248552351578,
      92.4797654415294,
      89.52249597339093,
      85.98340835317377,
      89.65569140655273,
      90.45439998000661,
      86.3416666607726,
      82.28837873266274,
      78.12842704239183,
      80.05368310582058,
      70.67300860342787,
      72.64188229753337,
      67.39522814688637,
      70.69971059724767,
      65.97906084369421,
      69.92325589562563,
      67.70107447482363,
      68.55108444594866,
      71.04397154179068,
      71.74392900215196,
      78.39563925867108,
      78.30549203734715,
      81.51757579900236,
      84.936930595364,
      84.46187053027234,
      67.99361449332751,
      73.49948618257979
    ],
    "back_angle": [
      3.8623408681681304,
      6.5015307059395155,
      -0.11012794957056826,
      0.6219298838546201,
      -1.1066878418568553,
      5.491447543785488,
      -1.621117424515798,
      0.8167001930560701,
      2.718040133025698,
      3.407783335112211,
      2.378362047091142,
      2.0879117976659662,
      4.418627786795746,
      2.41663318391935,
      2.577909586384082,
      -0.05664225379567689,
      2.08135770244599,
      2.3208943232943504,
      4.2249844180612595,
      3.5262836606639607,
      1.4763446490257475,
      -3.300068115722057,
      -0.9265290037302101,
      1.703639035910896,
      3.9354987055633877,
      2.9392208365545507,
      2.2582933369456955,
      7.417337675610682,
      4.284712412710929,
      0.30787107700291777
    ],
    "shoulder_angle": [
      43.087658712783195,
      47.361025430014756,
      45.66689830318844,
      45.089136453023244,
      45.3589592846364,
      41.806075078986986,
      46.8862048896114,
      44.09259210592878,
      43.97789918589456,
      44.16644076572086,
      46.29015183370321,
      48.11492888037207,
      46.25788055053353,
      46.09743282725969,
      44.91725398693323,
      41.53517779316262,
      47.67609523425702,
      43.85853617571066,
      46.24672522651469,
      43.867617640919555,
      46.22435728451141,
      43.15480043941367,
      42.59025888476727,
      41.81759922413114,
      41.35795827535482,
      47.763400448308985,
      44.298041319842305,
      44.924294032784026,
      44.826055001406345,
      40.57881935971065
    ]
  },
  "num_frames": 30
}