{
  "exercise_type": "bench_press",
  "form_score": 53.40582707524921,
  "form_quality": "poor",
  "risk_factors": [
    "excessive_forward_lean",
    "knee_valgus",
    "insufficient_depth"
  ],
  "recommendations": [
    "Keep your chest up and maintain a neutral spine",
    "Push your knees outward to prevent inward collapse",
    "Descend until thighs are parallel to the ground"
  ],
  "joint_angles": {
    "shoulder_angle": [
      88.26041894664625,
      87.85338377091767,
      87.63233209875872,
      89.33920542967192,
      91.88787477617551,
      91.79181745246063,
      88.69216658623326,
      90.81005975927799,
      90.23455188207528,
      84.9970880854574,
      91.15973312708223,
      92.10328002054335,
      91.17642352773157,
      89.75160922772989,
      89.56928010004412,
      88.91946651255579,
      89.82018188460576,
      89.26535761815116,
      92.85730851079944,
      91.25983287624426,
      91.30699278605023,
      90.09181574485001,
      86.41320149865444,
      90.34438228707026,
      90.00040588432284,
      93.48846569209314,
      93.06798085855954,
      88.42611728866382,
      93.09465158213172,
      91.5213885355996
    ],
    "elbow_angle": [
      78.06064438729832,
      69.37425925030473,
      66.98739050287438,
      69.4916750627573,
      58.676535221340295,
      62.09822611061482,
      53.0347757708715,
      54.44972884354364,
      52.5373882999667,
      42.935023858148156,
      42.51716488033689,
      45.3104829194103,
      37.272147824127735,
      32.661675013010544,
      33.09660408844205,
      33.83629096752702,
      29.132820427243246,
      33.36100974036951,
      42.288917536016534,
      45.69817646261699,
      42.24344525005852,
      49.14145089989639,
      54.80122182758542,
      56.329590330538636,
      62.20653021596906,
      57.24863857762864,
      60.45234614604739,
      64.75710937938489,
      69.3537780786943,
      76.49901718681676
    ],
    "wrist_angle": [
      177.69883344145356,
      183.12620874098928,
      180.90181580961374,
      181.56010254737538,
      181.67728570536406,
      178.4483365357959,
      177.7584336940089,
      182.31720789195418,
      181.60396470319284,
      183.52117628541725,
      180.0385989149702,
      180.27308272507256,
      180.12253205707313,
      178.79461077931734,
      178.49961657752706,
      180.50114516397863,
      180.5875923574681,
      180.67610965666623,
      177.0515091521801,
      178.4221445421228,
      178.9246464974721,
      180.7336756476229,
      181.00370612924294,
      178.99813759642868,
      179.98821715932343,
      178.38796007627855,
      178.49090970132445,
      180.57585836833206,
      181.28518353569075,
      178.95475350343943
    ],
    "back_angle": [
      13.558814901191337,
      26.492487482170553,
      27.978354559174157,
      26.903724862443468,
      15.536266753807336,
      27.459345337664146,
      28.273968190637788,
      13.602706355578334,
      18.423287119920566,
      22.244230483480212,
      21.80073069960136,
      28.306542747302387,
      22.879936258290343,
      16.49184682913738,
      28.064253006569523,
      18.67087582999461,
      22.681151169701938,
      18.204952830795335,
      26.642035930233707,
      18.20840016634664,
      20.9594532898869,
      24.685557579943197,
      25.140915809855514,
      25.046253305370403,
      15.916481767781715,
      16.405389814695965,
      15.783424335858502,
      16.674772106823536,
      29.83822425039348,
      30.60066295304196
    ],
    "hip_angle": [
      88.887446323772,
      89.53095537123774,
      87.15017310177056,
      88.64117563089242,
      91.82760550623613,
      91.33203830924317,
      93.69633723403783,
      91.86556995604995,
      88.41553849082537,
      87.7295378333204,
      91.390260043251,
      89.61952335532672,
      88.24173192063164,
      88.88327804114606,
      92.02060703166764,
      88.51960902021385,
      89.16035971557702,
      91.2551937178049,
      87.41666036295511,
      91.58970235746496,
      91.32922733040333,
      92.36115980927173,
      86.2126293222328,
      88.9951028729392,
      88.09654379404714,
      85.79754626641339,
      94.46241479703878,
      92.50007188010507,
      87.46256715873376,
      91.43152291210366
    ]
  },
  "num_frames": 30
}