{
  "exercise_type": "overhead_press",
  "form_score": 83.92268562421944,
  "form_quality": "good",
  "risk_factors": [],
  "recommendations": [],
  "joint_angles": {
    "shoulder_angle": [
      89.98630777256672,
      95.0960171384628,
      100.93722337125999,
      111.03984499300289,
      113.90702993609763,
      115.0133594188732,
      126.65070195786613,
      128.0733458832852,
      135.8547851033473,
      144.19772304384384,
      153.50282648624008,
      156.45515722200378,
      163.27783451171675,
      169.33617803395512,
      174.79272752700658,
      181.35015339241997,
      174.64443297259072,
      173.11730995540074,
      161.4104136410927,
      155.54671384523735,
      149.97671185494696,
      146.15024737199622,
      139.12262381078116,
      130.89694144414855,
      128.1719265129147,
      119.60868486490283,
      113.15956195155387,
      106.11514734216114,
      101.76431165059331,
      96.30741430790366
    ],
    "elbow_angle": [
      90.47029428998906,
      96.8368317854454,
      100.12772736545651,
      109.37737841314929,
      109.68631426844057,
      123.09602234361418,
      125.12664953401219,
      128.94039481314726,
      136.91693791624567,
      142.23210934601087,
      150.26073634020327,
      158.58759540795202,
      162.25972705049008,
      165.21186793494016,
      175.03038239319588,
      178.1708207457742,
      174.01182077025254,
      168.16723348585612,
      164.96257544520594,
      151.14702723384974,
      149.9525187764278,
      146.04138253161804,
      138.11273245645467,
      129.8994038553859,
      126.76324765442637,
      121.82118693419754,
      115.2456651443114,
      109.66900487187706,
      101.45482117029583,
      97.09123314225964
    ],
    "wrist_angle": [
      178.34914765288676,
      181.87742530107923,
      180.6718347615019,
      180.5915247571191,
      180.67943625812703,
      179.39856696400614,
      182.52239897147768,
      182.28261498940554,
      177.5158817573693,
      178.02631943260877,
      181.08624660074332,
      180.2218017339188,
      177.91424817901162,
      178.08569090816042,
      180.31560029719515,
      178.90426537109232,
      180.71701390551223,
      180.60551240001666,
      182.1098857514433,
      183.6949370439501,
      181.97784573335994,
      180.0649432718085,
      179.38178185447603,
      180.6493292695134,
      179.71527348010994,
      179.8821841162505,
      175.52701049353507,
      181.66984357671134,
      178.29310343909884,
      180.64008933258714
    ],
    "back_angle": [
      3.4298155836242836,
      0.07983700280983054,
      -1.5171867918586444,
      -0.18413962126029332,
      1.6615152414797203,
      -2.1870449342444536,
      0.6332714704617445,
      -0.27484360624986015,
      2.552739248499858,
      -2.448902801180261,
      -0.2565157823745931,
      1.829259878222572,
      -2.827146606958897,
      2.0618847979399098,
      -3.2571165395559265,
      -1.7926422845567684,
      -1.4001682741304853,
      1.1339197132390544,
      0.19827297484396583,
      -0.5634357442246263,
      0.5867409013136632,
      0.6193723868153036,
      -1.9469252727091035,
      4.0957316522596106,
      -5.662123238696714,
      1.0433255508100951,
      -0.6538127460172178,
      -2.675583098436706,
      -1.9734118141038366,
      -3.6383598236888823
    ],
    "hip_angle": [
      181.08746490717547,
      180.97068010995932,
      178.9383745580191,
      178.38106432595018,
      177.43587823733358,
      180.88436843378196,
      181.04167385419507,
      180.2563745586779,
      182.16249918139172,
      178.45924725854678,
      177.11451749502163,
      180.60283184385915,
      181.7149816173484,
      179.1721835848619,
      179.7826217878278,
      181.54323936865887,
      177.4814366339219,
      177.30432791399207,
      180.10206966902592,
      179.56151502045074,
      179.80304769129987,
      180.22684372523386,
      178.27163874038982,
      178.5631865262496,
      178.87464509087346,
      184.9387053968912,
      182.9189238813689,
      179.8498177738854,
      176.49377488154977,
      182.489369724571
    ]
  },
  "num_frames": 30
}