{
  "exercise_type": "deadlift",
  "form_score": 95.13049322692468,
  "form_quality": "excellent",
  "risk_factors": [],
  "recommendations": [],
  "joint_angles": {
    "hip_angle": [
      41.46368167856782,
      41.69296039223734,
      45.1903444497738,
      44.98557397976824,
      43.58558122181204,
      45.29197724204029,
      41.7074863337432,
      45.92782734633707,
      46.2366242895498,
      48.11797311534549,
      46.84548324597575,
      57.611566666342924,
      71.22007461751932,
      85.50647125041634,
      97.92877664120674,
      113.26882007771403,
      125.40307394356344,
      139.68021733301424,
      157.8028055273427,
      166.5331491306408,
      179.87352491704092,
      170.0224141580716,
      152.09123334465244,
      142.83544157231702,
      125.57143900371351,
      109.47255744812252,
      101.11337334965289,
      86.62291398571746,
      71.46678440842216,
      60.00513811747591
    ],
    "knee_angle": [
      89.34002104901698,
      91.91313837344386,
      91.86975286627133,
      90.07459878829451,
      89.25198665912991,
      90.75734772139043,
      94.41328375471632,
      89.64225460523927,
      89.93263185357615,
      86.22993481904493,
      86.13926346552367,
      96.58314092381259,
      107.59409821328165,
      115.81221207846247,
      126.12265344745619,
      136.03542423725946,
      144.83664772266886,
      151.18702234208317,
      165.44637192911694,
      170.5165492682625,
      177.84256374102554,
      172.44071946079657,
      162.2476328114086,
      152.94945161447055,
      142.43174247174633,
      134.81997265508704,
      124.6090262493514,
      116.89873319552885,
      107.58278345790366,
      99.71798003537015
    ],
    "ankle_angle": [
      88.80361035468692,
      88.63170304459955,
      91.91950924246837,
      92.29171246705613,
      86.56095492494204,
      88.32556408202639,
      90.97193272162558,
      89.68225037074923,
      88.71839108161753,
      87.70553203545337,
      91.12715890603411,
      89.18246945082993,
      90.00195377786764,
      91.20960670922518,
      91.50849853618335,
      92.2457271029626,
      88.29521159153241,
      89.54856708457775,
      90.3543667406762,
      85.66454821378399,
      89.17159801769155,
      88.87727155057429,
      92.66711357517764,
      90.16405932314557,
      90.1136079798934,
      91.94547944209225,
      89.00313199275456,
      91.64951228050359,
      92.05059505772905,
      91.52132772195077
    ],
    "back_angle": [
      2.149486128286201,
      -1.7275210255103959,
      2.4578996672350444,
      -2.5265003538821063,
      -0.7664542249677081,
      0.9815264790048295,
      0.047957749548408486,
      -0.5755274659733122,
      -1.3501618585493234,
      -0.2922084233629287,
      3.261296728931979,
      -1.2886654025329867,
      2.467516231912485,
      -0.0492357957427727,
      -0.11752916368248716,
      4.755809662460764,
      -2.6902197456867287,
      2.1325376255473163,
      -1.6003208016992296,
      1.192725494028332,
      0.25185566085694355,
      3.206737316995606,
      -0.8058675281947058,
      -0.5375579158360722,
      -1.2578135963842414,
      0.6793746345164485,
      -1.6978187512624658,
      -0.24875127592330923,
      0.8116436021959502,
      -1.9758459855369885
    ],
    "shoulder_angle": [
      89.08844124263719,
      91.40199564215622,
      92.22534786960372,
      87.86743986005845,
      86.49921272968318,
      89.55840057438121,
      90.66192550271467,
      88.74332782568206,
      90.74251730545458,
      91.92416868232073,
      90.94784649789759,
      89.02170271068387,
      90.10226150332396,
      89.70934421581961,
      91.37441312511518,
      89.99615749574654,
      90.70838470220188,
      94.2104441064563,
      88.54356645036071,
      90.93414467653668,
      88.02481724521908,
      90.42112330490767,
      91.49751160327945,
      88.27882933610789,
      88.57682561468613,
      90.63590839117333,
      89.8616856407055,
      90.96991709869788,
      88.45996403855113,
      91.20568231976318
    ]
  },
  "num_frames": 30
}