{
  "exercise_type": "deadlift",
  "form_score": 51.05967473539013,
  "form_quality": "poor",
  "risk_factors": [
    "excessive_forward_lean",
    "knee_valgus",
    "insufficient_depth"
  ],
  "recommendations": [
    "Keep your chest up and maintain a neutral spine",
    "Push your knees outward to prevent inward collapse",
    "Descend until thighs are parallel to the ground"
  ],
  "joint_angles": {
    "hip_angle": [
      41.60771232093038,
      43.26497963208637,
      41.51140578528424,
      47.99820696155583,
      44.949780369790446,
      44.06316343912963,
      46.425771051860444,
      38.94588842512285,
      43.495167951184236,
      45.31662483581682,
      44.2503109416598,
      60.472593458379286,
      72.81872570106587,
      89.73051339727559,
      99.63147707739198,
      114.59533838010273,
      125.26814782962185,
      137.55701488497465,
      154.70681104018047,
      164.12417879645793,
      176.85381246299445,
      166.67292219265087,
      159.06165338020304,
      138.41362977967424,
      126.6638020207118,
      114.93513394869791,
      96.70318863436685,
      81.43751528625555,
      69.30135920461663,
      58.584902119891936
    ],
    "knee_angle": [
      88.83891607325141,
      91.62498024243996,
      87.806621459353,
      88.09651040069372,
      91.94886388599544,
      91.49380513681653,
      88.99633524740732,
      88.865047202418,
      88.82192008472971,
      92.23290888573275,
      91.80445454097301,
      102.7486250005721,
      107.53088398924517,
      117.22535078541918,
      126.60618218448957,
      137.06194515486246,
      141.9403098204035,
      150.90368173041662,
      161.3543159439634,
      168.48820570544916,
      179.80989893525557,
      168.64887874516785,
      162.6701306296949,
      156.31957427336744,
      140.25332339506045,
      138.15041049191007,
      122.97415379130969,
      114.36062769999234,
      107.40836876956891,
      99.52531738526089
    ],
    "ankle_angle": [
      90.46615255913304,
      92.25648002651259,
      90.5651152515683,
      90.95494709004804,
      91.38024938049124,
      94.42430471722321,
      90.98900003175297,
      90.31471167333073,
      84.16436068389285,
      88.82600673407005,
      89.27498802309326,
      86.4127401171217,
      89.29405593896706,
      89.36997546306917,
      93.18003665957774,
      93.2747600120552,
      90.49347018450403,
      94.6843231834579,
      89.88530549150424,
      87.62284314369735,
      89.9975303999409,
      87.331421907364,
      87.9167128892407,
      92.25377779916761,
      89.23935459891946,
      89.60411834432965,
      88.58150902820353,
      89.69274150213104,
      91.93085152874247,
      88.92123551856301
    ],
    "back_angle": [
      40.83942533629379,
      29.51624310783783,
      31.497083278467866,
      35.0176824840009,
      36.227858942468565,
      35.28268070261858,
      37.05593520195876,
      34.521606889696336,
      35.520645678685796,
      32.8381635264461,
      34.8442988352487,
      28.49207869140044,
      32.75517879427893,
      27.73406298744423,
      24.92686743963754,
      22.44831059451693,
      34.74288888456927,
      36.186155009097305,
      30.412757972143233,
      33.632350086931204,
      20.179155555382366,
      33.737084948539874,
      27.49996961095715,
      32.52962306245774,
      35.30455587647727,
      31.69079034765835,
      17.27932036403348,
      26.687113416268502,
      26.569798149890097,
      40.63505084148096
    ],
    "shoulder_angle": [
      88.80018326597899,
      91.24435310519326,
      89.9865762457472,
      90.11734388525143,
      88.49175349527843,
      88.15279752723552,
      87.70404702504769,
      90.67118173888136,
      87.28727795006668,
      91.55809360616104,
      90.37779315091163,
      88.99713524114004,
      88.3634687345741,
      90.76957895377875,
      90.53170866589322,
      89.36129412766593,
      87.47297126114192,
      89.79533886345345,
      85.89714606577847,
      91.4349091971231,
      85.52968332461609,
      89.8319982063125,
      92.58189812547745,
      85.62730208419632,
      89.53085240493665,
      88.09836193755064,
      92.93854499231445,
      88.60958121512265,
      88.86402858200543,
      90.82000086429677
    ]
  },
  "num_frames": 30
}