{
  "exercise_type": "lunge",
  "form_score": 42.545376419111236,
  "form_quality": "poor",
  "risk_factors": [
    "excessive_forward_lean",
    "knee_valgus",
    "insufficient_depth"
  ],
  "recommendations": [
    "Keep your chest up and maintain a neutral spine",
    "Push your knees outward to prevent inward collapse",
    "Descend until thighs are parallel to the ground"
  ],
  "joint_angles": {
    "hip_angle_front": [
      179.78715734372537,
      178.52959567569323,
      179.49201645888073,
      178.9296340728044,
      180.41142723326902,
      177.35931780318023,
      180.2868352718023,
      178.5445548666352,
      169.2670672956973,
      153.01646390083067,
      144.17554020379987,
      126.98105706026516,
      118.29141391760598,
      102.86595490389665,
      91.83322337976634,
      90.52492775941232,
      87.40254584477671,
      96.30558352578878,
      89.63636861027427,
      90.32265397051685,
      87.91765898551172,
      91.50780648579234,
      102.54276606094759,
      116.46182914240553,
      129.99445689112548,
      139.71069410852104,
      155.9546386280863,
      169.61427062566594,
      88.601029259493,
      105.06265301046741
    ],
    "knee_angle_front": [
      160.48789004848973,
      159.7992455646198,
      167.89885384440132,
      164.13852149113688,
      171.11361300154118,
      169.24562140568668,
      161.12656082926196,
      166.261387851355,
      143.28623325611017,
      133.6430326011576,
      122.74017014168335,
      114.84502860106056,
      104.50479380214398,
      91.96154966348215,
      74.00841398531463,
      72.23185014847907,
      74.56481589481326,
      73.93651492512926,
      69.53800464379067,
      79.62277198097014,
      70.55725801011724,
      75.77036634137673,
      82.24639564545188,
      103.86694787687864,
      116.31120333121567,
      126.50098396148063,
      139.6449961514024,
      149.14434195307197,
      77.8936178299577,
      81.44342824351017
    ],
    "hip_angle_back": [
      178.1246427524476,
      179.7534897661415,
      181.52160499041068,
      181.76695801418285,
      178.9773896231673,
      179.89315816609718,
      173.81856009362528,
      179.18705130496036,
      180.16339427500884,
      181.78878590066617,
      181.4429207024447,
      179.51398516876677,
      182.32929322116703,
      178.3474601217423,
      181.6849306263872,
      179.3793329178046,
      181.4084968155602,
      179.44922882358387,
      180.84264497308203,
      179.83272215536707,
      180.97830834417417,
      183.88737424730976,
      183.21270705676665,
      178.930527091353,
      181.1474545146675,
      178.46384918205973,
      180.14910755808154,
      180.68721668590015,
      180.23625223299874,
      177.21788054133364
    ],
    "knee_angle_back": [
      180.01782185639254,
      181.17733730963323,
      181.5957001546904,
      182.77071501274716,
      180.32008917320726,
      181.83999903859387,
      181.72376040992734,
      182.86541202572386,
      166.80901476236878,
      150.0626011809811,
      140.2234253304708,
      125.87767330199208,
      114.07464208282438,
      101.37456278617422,
      92.21585096521002,
      91.41764097832203,
      92.55490973398003,
      89.78159830505922,
      90.52048080223071,
      90.84658713523602,
      94.00214004590809,
      88.8795708137141,
      104.99849850785172,
      115.31754876276037,
      126.53141694982175,
      140.39847102444043,
      155.01668756508832,
      167.75604439827816,
      89.92111053668258,
      108.21146333243351
    ],
    "back_angle": [
      18.4431294632738,
      29.014177575865627,
      17.018625082165368,
      22.32842628088586,
      17.348743895140398,
      23.39216299672382,
      26.088726001019907,
      17.433100676497272,
      24.497395282131507,
      18.446266356412117,
      26.585176670459585,
      18.817243294959923,
      24.323602999904978,
      20.83598082869193,
      14.928067477293803,
      23.33230714195812,
      22.874175942295388,
      23.294350739433238,
      15.503090607439905,
      14.861427362366758,
      18.31078446436877,
      16.906581431209233,
      16.03416863142848,
      21.325017979411314,
      28.07878041878256,
      22.28157386430356,
      22.19863875616042,
      25.61269384854843,
      33.82062669324125,
      18.607142426399996
    ]
  },
  "num_frames": 30
}