{
  "exercise_type": "deadlift",
  "form_score": 96.21756231415954,
  "form_quality": "excellent",
  "risk_factors": [],
  "recommendations": [],
  "joint_angles": {
    "hip_angle": [
      47.12915165392199,
      44.379325569333176,
      43.625188066484164,
      43.28104256474287,
      43.96028747588689,
      42.31387169341527,
      43.71254548693293,
      43.0646093004367,
      42.3129585825476,
      48.846529707118236,
      45.45667880049104,
      59.45000097060866,
      72.74375861294732,
      87.1462649419016,
      100.92747261884418,
      109.39564900719873,
      126.1804119865918,
      139.50735268949867,
      153.0369193547703,
      165.0664567369378,
      177.37915817203032,
      164.67019625570063,
      150.7182740578921,
      139.0282961070636,
      126.48998354043462,
      112.27336914889523,
      99.904746032711,
      87.7048409193132,
      71.95866939874236,
      60.30453251261385
    ],
    "knee_angle": [
      92.15871965315328,
      90.5082828704963,
      89.95204402254063,
      87.3230644155847,
      87.66145567466221,
      89.75485880082009,
      87.98773069611374,
      87.1772340388136,
      87.56448251878065,
      89.03715905772714,
      88.14971919034973,
      102.45938452394773,
      103.87676605832289,
      114.04687246465659,
      126.78028448084135,
      136.03925263116034,
      147.27296653789065,
      154.68697786589235,
      160.65119507644476,
      172.1779606758898,
      182.16159366711366,
      168.85635298051093,
      167.9349290104051,
      152.20358708086331,
      143.55852450547215,
      135.80049921527217,
      126.40978855399776,
      115.71714348138302,
      107.0657021759326,
      100.00487737050709
    ],
    "ankle_angle": [
      87.50803307382618,
      87.39402417803058,
      92.68117229382361,
      90.21190882991006,
      95.09902222571463,
      89.3040028231629,
      91.24816040337262,
      88.59321825226205,
      92.14409214739219,
      88.41023783607832,
      92.69613387364933,
      91.72914247847197,
      87.30194351894698,
      90.02551970571294,
      87.19159697786239,
      89.967029633432,
      92.79688337459126,
      87.61566507322809,
      92.30843724710574,
      93.5931276216414,
      90.59009826786169,
      91.38611568759815,
      90.12298202499912,
      94.53635568177462,
      87.97987649355188,
      93.35318763028943,
      87.57692018657458,
      89.03976733991271,
      89.86662466568121,
      90.6221697222985
    ],
    "back_angle": [
      2.798348008985434,
      0.26742994231062905,
      3.03318476266697,
      1.7921899656019924,
      2.0415144997003396,
      1.66285655408941,
      -3.042909029186017,
      2.9693480086519655,
      1.5058600884724576,
      -0.6015223488355547,
      0.6924880922060718,
      0.9986320467593112,
      1.116576915288815,
      -0.7521831903022115,
      0.6166026662186614,
      0.4558267568866477,
      -0.410851315749952,
      -0.9230493374470754,
      -1.8000081779638428,
      -0.06156031631206997,
      -1.0748384906736772,
      -1.4816451134338242,
      2.289835096935485,
      -0.6712168728060391,
      -1.1649364324793325,
      2.5797805511078256,
      2.1670474929915926,
      -3.5720477200296052,
      -2.1070532055898457,
      0.5198801827592047
    ],
    "shoulder_angle": [
      88.77703688385543,
      90.1237927335996,
      89.80554593496443,
      88.98244936595559,
      88.2841671905215,
      88.51587309213821,
      90.88849417170262,
      88.51650497656904,
      92.54053506185721,
      90.96949463969199,
      88.27248439397475,
      90.08818317056308,
      88.46620442690005,
      88.31671899741795,
      93.60980444211971,
      88.91372036331018,
      91.53531134854659,
      88.71445408312687,
      89.6056905923339,
      89.66485135781568,
      88.52118122991185,
      90.07693254607771,
      90.81129103716088,
      88.56613641571326,
      88.22679342858875,
      88.77740819367088,
      86.93841352428932,
      88.0413509106066,
      89.57349250473871,
      87.67012227486114
    ]
  },
  "num_frames": 30
}