{
  "exercise_type": "bench_press",
  "form_score": 97.68656302841455,
  "form_quality": "excellent",
  "risk_factors": [],
  "recommendations": [],
  "joint_angles": {
    "shoulder_angle": [
      92.24806815250187,
      91.52771126630668,
      88.09581604773413,
      90.74573254502234,
      91.39009031375588,
      89.21304541679707,
      87.54394752369865,
      90.96884014002737,
      90.4381228265603,
      86.53611957763489,
      89.78112640850779,
      85.13203094144384,
      89.87102513113499,
      91.11094786806439,
      89.50350732865155,
      91.88983497470237,
      92.33183647902548,
      89.57026138981823,
      88.92128058116201,
      89.91533853534729,
      89.32500281557353,
      86.87730533274373,
      89.2519694613093,
      92.03113285323663,
      89.96589280446088,
      90.15631561764629,
      92.90098467772788,
      92.10281296468659,
      93.644652757212,
      86.35665092195447
    ],
    "elbow_angle": [
      89.73107618606844,
      84.91335012328977,
      84.44501390418098,
      81.01721065585848,
      77.85722492457401,
      76.23450470176019,
      71.90706316707369,
      69.60032688520661,
      67.09013996266584,
      65.40630920201006,
      59.198563045208964,
      50.733972137457556,
      54.20342519379892,
      49.96216441534521,
      48.40551492981846,
      43.30990088330729,
      45.917813200557966,
      49.72154038535428,
      55.49128962206534,
      56.99824311326524,
      59.08195690288302,
      61.5815124474429,
      66.63850125700245,
      66.51154994470154,
      70.37137641349149,
      72.62279171559564,
      80.27829800006565,
      81.50694650284967,
      83.43743323498154,
      86.0969235650982
    ],
    "wrist_angle": [
      180.33204322160583,
      179.97570611974933,
      182.77821313226804,
      178.21112080523903,
      181.8626290579573,
      180.31397202103818,
      185.64241891984068,
      180.13435329421222,
      181.74101243644975,
      180.3803684093117,
      179.60745508621835,
      178.0521417723154,
      181.666503009839,
      177.51136052428816,
      176.89756948657606,
      179.91703661092356,
      178.88178314745863,
      177.92684069242216,
      181.63355861843408,
      181.5361922060485,
      177.9222082370814,
      178.82196208021966,
      180.03810625397986,
      179.44369329775148,
      182.43049574059333,
      182.89508296157325,
      184.44578202793386,
      178.97904435371518,
      179.91402826691535,
      180.29266122954155
    ],
    "back_angle": [
      3.69569374681958,
      -1.2605923274438275,
      1.5475083699269965,
      0.8661359489550323,
      -0.4796077525705629,
      0.7124374774601782,
      2.075411895364908,
      -3.3362474020674515,
      -2.448161475186219,
      -1.6784128390689588,
      0.1967124219457204,
      0.3859796279904381,
      -1.5498547601903192,
      1.6000443910077544,
      -0.8756164148340397,
      0.9718679571692797,
      1.378630286621043,
      -2.0083717008579014,
      -3.574272122647093,
      1.0839475701434698,
      0.5768363853504237,
      1.6715235833276512,
      -1.2531966309024953,
      -4.617872776461327,
      0.14643658666389414,
      1.2541021946924578,
      -0.2918407145863545,
      -2.4739384198147722,
      -0.7211150222901871,
      -0.5666308840956429
    ],
    "hip_angle": [
      90.54339367237606,
      89.5079029498001,
      90.9166006753091,
      90.07795984747376,
      91.35632258447896,
      87.40725589402155,
      89.83762158271271,
      92.72846968960297,
      92.87474901031554,
      85.49773107785222,
      89.01365888637227,
      90.2698558978095,
      90.24121389257277,
      92.05656313775197,
      91.58713644311997,
      86.15874518148372,
      90.413706971008,
      88.37610269015283,
      89.09136918162798,
      91.11965159769574,
      87.07710845033134,
      91.49464366627966,
      93.04828294456196,
      89.20088022089435,
      91.7824585731447,
      94.1286866627026,
      90.47561257368626,
      87.12043829285047,
      88.26925462693153,
      91.92829572979917
    ]
  },
  "num_frames": 30
}