{
  "exercise_type": "squat",
  "form_score": 97.56384551269788,
  "form_quality": "excellent",
  "risk_factors": [],
  "recommendations": [],
  "joint_angles": {
    "hip_angle": [
      179.1733468358696,
      177.96954070985325,
      179.88657396526463,
      178.89998738231995,
      175.83469475192865,
      180.18651582672229,
      185.21719033331286,
      182.01372881412618,
      166.74293985822536,
      152.21753590820907,
      140.3419297252954,
      128.45631224902286,
      117.44866423142219,
      101.75132745332394,
      87.7014184640276,
      87.62098290389143,
      85.5462378747128,
      88.14947079271802,
      89.34795100012171,
      90.094856622766,
      87.42417236690618,
      90.40411065812647,
      101.80805441564154,
      114.49838833564874,
      125.78440380091759,
      140.76862061042402,
      154.37380068519477,
      167.8677785853976,
      88.70685500107517,
      101.5095211494987
    ],
    "knee_angle": [
      180.6042244381873,
      179.6858896375791,
      177.7753743279023,
      180.79447747497503,
      179.2955417702027,
      179.19614498396243,
      178.20189730216566,
      179.79560113356246,
      166.3368709740275,
      155.29677876188987,
      142.0188554067385,
      126.57813702195999,
      116.11205476724915,
      104.73195557156383,
      91.48937061703812,
      90.66357308521106,
      91.37387946384051,
      88.97687124165445,
      87.18300932698902,
      91.02016975643087,
      89.71978845252912,
      87.87079052156977,
      104.66582812984572,
      116.19547450822944,
      128.54365943922247,
      140.18068966482616,
      153.46255091969687,
      167.36640857598383,
      91.44348632407352,
      101.41508308882244
    ],
    "ankle_angle": [
      89.33486682369941,
      88.81296511681465,
      92.75883462458326,
      90.03049450260683,
      90.18194390321094,
      86.48622371451633,
      90.68361164886757,
      89.33485330831408,
      88.2175701136872,
      84.97542642605016,
      83.63141209300748,
      76.09954717567028,
      72.82479011001352,
      71.88561931978633,
      70.45360985181927,
      68.57447781864286,
      68.10944373468352,
      71.21912474893949,
      70.544669509546,
      72.23621106221964,
      73.47534299934036,
      69.23616363896593,
      71.23482220019662,
      76.99105738966698,
      80.12125416495435,
      81.16760064600037,
      84.20141303726882,
      85.45192814923999,
      72.99583876172665,
      71.76213345557646
    ],
    "back_angle": [
      1.8234807996244018,
      -0.9248536572042103,
      -3.820777381845257,
      -0.6259918328393567,
      1.449510126532887,
      -3.2551029497186095,
      1.154453739560724,
      -1.7709006022835798,
      -0.5228527309477542,
      -0.43034733027710276,
      3.157723082187523,
      -2.0061042328845695,
      1.1808186803878824,
      -2.4119612187165784,
      -3.14036814295942,
      2.3686049455564433,
      -1.3734240113465284,
      -1.2941656995895852,
      3.055584844403184,
      -2.3167941475913043,
      -0.776953035327887,
      0.5463598779620098,
      -0.680596974648243,
      2.251525131038935,
      -2.321075059136389,
      3.4059275460572374,
      0.5086120179547019,
      -0.019720166731480894,
      -1.714798711796989,
      -2.212762205929692
    ],
    "shoulder_angle": [
      46.991372685805324,
      42.76798470227322,
      45.852791736391914,
      46.63207662339906,
      45.069282584151985,
      44.35845824188623,
      41.90136093611212,
      43.04202193277309,
      45.70742405168017,
      46.88587299741334,
      47.37930629348807,
      44.67147157008708,
      40.75617386462294,
      46.092488950115616,
      45.60235657733094,
      46.274104456023025,
      44.45089463904373,
      43.39784161480889,
      47.088886905474624,
      48.67777470750651,
      45.04906938266028,
      45.76238945595416,
      43.91159520090652,
      45.421403377479294,
      45.73080931131909,
      45.34628306229503,
      49.27895333993804,
      46.03268691526006,
      43.94220554472692,
      47.79306646905934
    ]
  },
  "num_frames": 30
}