{
  "exercise_type": "lunge",
  "form_score": 75.40142242566436,
  "form_quality": "good",
  "risk_factors": [],
  "recommendations": [],
  "joint_angles": {
    "hip_angle_front": [
      176.44820239241778,
      177.48464401417294,
      181.1367867389224,
      177.69244307893595,
      182.9374316667857,
      179.8238814490773,
      179.15676681803282,
      178.42952226731904,
      171.33409029744547,
      153.1483932436516,
      142.59036124824357,
      125.83878380626942,
      112.97545207845033,
      102.45872981332869,
      89.57294384885066,
      88.00205057863823,
      89.40722732395339,
      90.44903921245482,
      88.55964848896265,
      89.04317179017669,
      91.94075611745389,
      87.1858284971905,
      104.68765008529451,
      118.44872653770774,
      127.90533887889889,
      141.9015905714911,
      157.82975719854767,
      166.45589073214182,
      90.15723160083618,
      102.08273175976483
    ],
    "knee_angle_front": [
      184.88133679704555,
      180.00320974568578,
      183.18646147760956,
      179.3496752363443,
      180.5771733828525,
      178.37519721520243,
      181.9773266414088,
      178.09336542305851,
      169.85651180534484,
      153.80191912787012,
      142.17394136062995,
      128.6723042407214,
      115.0404599968879,
      102.48063887203352,
      92.57889364256494,
      90.43127179454454,
      91.78592216573922,
      90.75057166021986,
      90.06750564950362,
      86.6181831882569,
      87.1833927760922,
      91.64633572088847,
      104.8954701680913,
      113.60163658834598,
      130.44626864692782,
      138.28396096356872,
      157.32445287453012,
      165.6913661930202,
      87.62900148689354,
      103.96963743166836
    ],
    "hip_angle_back": [
      183.97915527052908,
      178.8719322336811,
      179.72666534194263,
      179.66217066408564,
      181.24996254386923,
      178.65319933154674,
      176.1391490778558,
      177.75846979671184,
      180.28957030761353,
      178.83042771419517,
      180.0435088786143,
      176.94614148116693,
      179.07235003531827,
      183.50488546740334,
      182.573889819082,
      180.80405921391431,
      179.16098285572988,
      176.8340120413049,
      179.08065796507796,
      179.2375738395259,
      182.47558716740488,
      179.5026018429092,
      178.14952683123533,
      179.09824127343865,
      178.11832451244578,
      177.01192812318374,
      179.9900557260761,
      180.7962085319882,
      181.05869340199743,
      180.65150768655963
    ],
    "knee_angle_back": [
      184.0874193585328,
      180.37496426264212,
      181.2619174195377,
      181.20051925330324,
      178.33119691882172,
      180.16400918722735,
      180.82795257779313,
      181.83739266140444,
      168.15320158909677,
      153.89781162257177,
      141.81193818295154,
      125.08805801140325,
      113.07710929757548,
      103.62522742259353,
      87.6154394227581,
      91.1193755761281,
      89.129010066066,
      89.17578509499751,
      90.69119991489175,
      94.13435678031254,
      90.6588358436026,
      86.46624253645959,
      104.68095167916053,
      116.21375157052577,
      128.89191463254593,
      141.14943382907865,
      155.37248232679013,
      168.85058949529508,
      94.27079845767105,
      102.18552881860562
    ],
    "back_angle": [
      0.2800994592169835,
      2.329297649117373,
      3.4713321825999035,
      0.4855352043852275,
      2.295170208472562,
      2.199912846806158,
      1.395934372464023,
      -0.8896663537743291,
      -0.27677731289723523,
      -0.5935049217618658,
      -3.8730859163133453,
      -0.18231058556743646,
      0.38689579545300784,
      1.1100373285879501,
      -0.41265118125326067,
      -2.594117814298691,
      -3.2234170831554625,
      -3.632222509760857,
      -0.7066135124653374,
      -3.0458775125698057,
      -2.221909340289558,
      -1.7276610860768604,
      0.5611392706691188,
      -0.5825332228211338,
      -1.5850416244629444,
      0.30084186145967257,
      1.1938944179257969,
      2.337018334849278,
      -1.4850145317066856,
      0.6226528599514556
    ]
  },
  "num_frames": 30
}