{
  "exercise_type": "deadlift",
  "form_score": 76.16516738527206,
  "form_quality": "good",
  "risk_factors": [],
  "recommendations": [],
  "joint_angles": {
    "hip_angle": [
      44.327661667899875,
      45.567764274256085,
      43.60828431207597,
      45.688386968879016,
      42.18124809534882,
      46.312103921724834,
      45.6040474896232,
      44.073758806861036,
      46.0015283378144,
      46.316534908102895,
      44.45002008035379,
      59.61313584572699,
      76.65441682889457,
      85.80523422295413,
      98.22640990079316,
      112.11619873132608,
      126.75283116985291,
      139.30881726956116,
      152.66981756256206,
      166.43596628244748,
      179.2806487054494,
      167.72647373510245,
      152.27129710272834,
      134.28875237104202,
      128.33357081243628,
      113.9045983577558,
      99.34537167955912,
      86.24890910778913,
      75.58827175401213,
      54.662150440776124
    ],
    "knee_angle": [
      88.79434453039289,
      92.69509478359262,
      86.61751035377392,
      91.59892225335074,
      89.28722514661749,
      85.74806822529715,
      90.46115054941205,
      89.26934349115538,
      89.50915339592925,
      91.58283303181778,
      92.08029311326565,
      99.44829852438195,
      109.21169286675662,
      122.13065149753093,
      127.03601639288614,
      133.73404004837812,
      145.30035698895554,
      153.03794230602193,
      160.15340115712212,
      171.6883905218436,
      180.81760524652873,
      170.67447375630388,
      161.59215701559384,
      153.75550542406424,
      143.74302600223248,
      134.86335570922725,
      125.30700290105655,
      116.0516500349265,
      107.22158506713421,
      97.46176408442045
    ],
    "ankle_angle": [
      90.25311341582345,
      88.76539374051342,
      90.80275837833709,
      89.93731987170294,
      92.34377466446709,
      89.70186785283043,
      94.58195471244652,
      87.22872700869013,
      88.57419733613357,
      90.41362462333878,
      92.00576030861822,
      89.9911053824961,
      89.91855617338548,
      90.47207218218176,
      86.78161797108523,
      95.54690272330895,
      86.56538233865237,
      86.72529478498444,
      89.51900923814252,
      88.80853981398423,
      89.27335698199683,
      89.61254610364227,
      91.3053347353599,
      89.2187011133007,
      91.5607212185576,
      91.19927975685977,
      90.36164438880203,
      93.31060611528949,
      89.84885606707839,
      92.33022597748024
    ],
    "back_angle": [
      2.6217984352580674,
      6.095546356048739,
      -1.0406398571068773,
      2.346844970022846,
      8.979033764497231,
      6.318625210594231,
      6.900567332100848,
      11.99948219452726,
      6.301422598579873,
      8.327182830879309,
      11.41822398053785,
      1.8084888535864139,
      4.134238400649981,
      5.856547893222163,
      11.553339244719615,
      7.657221567193218,
      7.379759691290453,
      3.5430792586551094,
      6.418630885842994,
      2.790242195751197,
      3.7084921254954457,
      -1.2591340150528214,
      1.72027392474391,
      2.7767284397758294,
      8.970563659508738,
      8.882425384446595,
      0.7505325829147553,
      -0.22168034923467617,
      10.028451695057274,
      9.586988574333677
    ],
    "shoulder_angle": [
      89.75172158230222,
      89.3882993359824,
      90.64496585406764,
      89.4994146203777,
      87.24567520905474,
      87.91003782931644,
      88.81030163355808,
      90.15927010935111,
      91.00187527897657,
      89.26530844599479,
      93.45111659993391,
      90.76907859838393,
      90.3134884579086,
      89.32830180999053,
      91.79398588844154,
      90.21977244118422,
      90.1389915440707,
      89.95698724286484,
      88.55795482325438,
      90.04566969642948,
      88.42287591194956,
      90.14098648195665,
      90.81062027197638,
      89.70364081744994,
      86.17532624138848,
      92.56604859515727,
      88.99196221107712,
      86.26122828124804,
      89.89302718563148,
      88.56203894144087
    ]
  },
  "num_frames": 30
}