{
  "exercise_type": "squat",
  "form_score": 72.76722568945232,
  "form_quality": "fair",
  "risk_factors": [
    "moderate_forward_lean",
    "minor_form_deviation"
  ],
  "recommendations": [],
  "joint_angles": {
    "hip_angle": [
      181.84987382667228,
      180.83701948619492,
      179.43436570749742,
      181.8452696405931,
      182.3327070461674,
      180.36603989348725,
      178.98672970263738,
      182.14593280809197,
      165.73892521346025,
      151.21957727317437,
      138.96080529822095,
      129.6946057520811,
      118.27091238532586,
      101.6588056980601,
      90.51205643162268,
      89.82759092573313,
      93.22945405359467,
      90.2900118339279,
      87.11624966764758,
      90.40905981726195,
      87.08822856413661,
      86.50711298687362,
      102.68085002313663,
      116.99237540236271,
      130.25695547987112,
      142.35251671046404,
      156.32891940580828,
      168.03842469144104,
      90.58093621165884,
      107.17519963137508
    ],
    "knee_angle": [
      175.87672265697643,
      179.15796214605027,
      169.1658487159558,
      175.42335845910677,
      171.9531103313036,
      177.5780666935881,
      181.44676449291023,
      173.48286355318373,
      161.55178634489477,
      143.59660299093846,
      131.68652288217183,
      125.19192629126222,
      110.9711954373177,
      95.2318886569872,
      88.23606969883768,
      88.8654243397965,
      84.05873056478084,
      85.1570765977027,
      84.51339338006557,
      88.19438509009156,
      86.2802853089568,
      82.76678529946845,
      95.10780923683869,
      106.92669887707012,
      125.65468231013935,
      129.44142347383158,
      149.60547301142677,
      164.43990142712505,
      88.10169146316413,
      102.34540923364943
    ],
    "ankle_angle": [
      92.77188820487518,
      89.93701792895855,
      86.45742642223696,
      91.2771706908144,
      88.03843961891486,
      89.31993808075146,
      88.83757452321272,
      90.83082739405074,
      85.81531463046335,
      87.44300160801659,
      82.53871399136645,
      78.96671569679347,
      76.46482225196935,
      72.89899397382996,
      68.60705909672333,
      70.07234855474887,
      73.3695312941794,
      69.75076082620888,
      71.73326296782967,
      74.34906257183385,
      70.47092006023867,
      65.05923206681942,
      73.46145340568421,
      77.65958201588995,
      82.17501044396347,
      83.21346504380631,
      81.26233603576921,
      88.26609910160542,
      68.37235860205553,
      75.18147687650003
    ],
    "back_angle": [
      9.643702590946628,
      11.480880936072388,
      14.045442911238595,
      7.163701270839866,
      17.336473252674786,
      7.381946583577671,
      11.869898181416236,
      9.76055945712783,
      12.390157533246569,
      8.084025389386994,
      6.354029143086069,
      7.967772000250445,
      13.994023927606015,
      13.69028696907439,
      10.406247002860272,
      11.848939279316188,
      10.448243886083448,
      13.44033823972503,
      5.8395462352191085,
      5.79789744920587,
      8.640292070655532,
      0.40709896983755556,
      10.260579790382874,
      14.51236238770197,
      8.447970404508947,
      4.695078144492177,
      11.481563578219818,
      5.779758229334124,
      3.4065724201780294,
      16.93235801723215
    ],
    "shoulder_angle": [
      46.45031707733167,
      45.93211297036084,
      44.4699041285507,
      43.177573608510514,
      43.02152414074435,
      46.994780056412864,
      45.435280684163125,
      41.30280976958576,
      41.23479352895452,
      44.269900724391626,
      42.708730392191214,
      43.8250747877239,
      41.341593539829134,
      42.6774340875804,
      45.732560395204715,
      41.81144883813418,
      41.38029634762855,
      44.65456015281907,
      43.03818731255902,
      44.71379549118576,
      42.8022040835338,
      47.45509478698434,
      46.12700775019569,
      43.77041517909876,
      42.517752696876755,
      44.70100550369911,
      47.562191028397955,
      43.959959780842716,
      46.90920096155374,
      46.14329464781697
    ]
  },
  "num_frames": 30
}