{
  "exercise_type": "overhead_press",
  "form_score": 36.71281616069559,
  "form_quality": "poor",
  "risk_factors": [
    "excessive_forward_lean",
    "knee_valgus",
    "insufficient_depth"
  ],
  "recommendations": [
    "Keep your chest up and maintain a neutral spine",
    "Push your knees outward to prevent inward collapse",
    "Descend until thighs are parallel to the ground"
  ],
  "joint_angles": {
    "shoulder_angle": [
      88.07867074448045,
      96.64504981913545,
      100.07165949494822,
      107.1013651431956,
      112.31097763114089,
      117.82271059386758,
      128.68720646333233,
      126.26792348613068,
      138.21432832468082,
      145.35528306396594,
      150.34642787021141,
      158.25392181492532,
      163.18049252483956,
      168.46683451839988,
      176.24220890185313,
      179.3868526074408,
      171.84221560223418,
      166.51913115294545,
      160.9357211014958,
      155.06899267576708,
      149.476789092419,
      142.8479402935501,
      137.9558603654391,
      128.5573862559396,
      127.31699317040497,
      119.73783241763915,
      112.86005345467093,
      105.68759721488352,
      100.29368754039383,
      98.99935351569536
    ],
    "elbow_angle": [
      89.3696694784484,
      98.2944456303592,
      100.14859639804412,
      105.32952523683232,
      114.66619421313958,
      119.05606748433375,
      126.09963585787516,
      132.40222142342589,
      140.25908204345492,
      143.23304847684525,
      150.28171674529437,
      155.45653165649566,
      160.02573918901047,
      169.10365985823435,
      175.37068393709038,
      184.0626560979826,
      171.668807534246,
      167.12862691365495,
      166.33947414680048,
      158.15908323788358,
      150.08890533213224,
      141.17413086726344,
      138.23754235058416,
      131.14500365933756,
      127.02586002455587,
      118.0731954822883,
      116.42789132745484,
      105.89586404962704,
      101.8952561351372,
      95.89531191818678
    ],
    "wrist_angle": [
      176.26997675940976,
      179.36426394398453,
      179.47712396802663,
      177.68557836533247,
      182.57197198665187,
      177.22910895489935,
      179.08013991449138,
      181.33992232556128,
      182.12859071490507,
      179.05302958419665,
      182.0107602819465,
      176.5089174278399,
      181.1681358883464,
      179.4897757957896,
      178.04179225455084,
      178.6341874453035,
      183.62101576887397,
      181.06442018000809,
      180.68399581468353,
      180.2660677979669,
      181.61951269436628,
      177.85114466797614,
      181.74038054623975,
      183.80828428310542,
      180.91936215137997,
      180.271401354424,
      180.83373260618248,
      178.76177505399738,
      179.44560404154905,
      177.79730496833756
    ],
    "back_angle": [
      24.867075980889744,
      17.55272941448448,
      19.396015639238197,
      24.974499014548268,
      16.273784974235372,
      24.321337909933042,
      18.32653062435162,
      25.971494620720833,
      30.438171547963055,
      17.290634916412394,
      21.198138172022386,
      17.03133595943572,
      27.46900991277762,
      19.18295912112622,
      16.7430187402208,
      20.137252586735514,
      31.46578525178775,
      30.8501040476484,
      22.69742390829426,
      17.998413517547043,
      24.72953543499784,
      24.065062061708314,
      24.876095350015905,
      19.97405065288669,
      19.699718269965583,
      27.16123459519107,
      15.479785490465265,
      27.193398459374713,
      26.725052602364645,
      21.82002487573457
    ],
    "hip_angle": [
      179.2222235968837,
      180.82625152929103,
      176.79895991037122,
      179.04087859880713,
      178.43980981887998,
      182.1077648869163,
      179.21460037500069,
      180.1022674262971,
      179.9404389772891,
      180.6067130965094,
      175.9447973231987,
      178.14410825054173,
      177.97083511215519,
      180.11728582219948,
      179.05655601097274,
      178.88673650456954,
      182.8268856924476,
      180.9219556066542,
      176.37621399608432,
      178.93010310378816,
      176.43680467235112,
      181.34952896450818,
      180.4579554913766,
      180.1976571505221,
      178.61671849158984,
      178.18035545417146,
      177.31575900804023,
      182.5537708073921,
      180.80422618274557,
      178.1008535351978
    ]
  },
  "num_frames": 30
}