{
  "exercise_type": "overhead_press",
  "form_score": 62.316573407184094,
  "form_quality": "fair",
  "risk_factors": [
    "moderate_forward_lean",
    "minor_form_deviation"
  ],
  "recommendations": [],
  "joint_angles": {
    "shoulder_angle": [
      94.11640153063276,
      94.76469993869614,
      103.75832297149783,
      105.04572994060834,
      114.4138996795231,
      119.39011603068496,
      124.94569350120109,
      133.96595561888816,
      139.02368952916035,
      141.47264196755484,
      147.5051580621036,
      156.4591171915671,
      163.16594687980395,
      171.06454963500263,
      174.0310911732906,
      180.87591702200004,
      172.9508512530337,
      164.6955445606215,
      163.3137866590803,
      152.22524217170525,
      151.3475799434302,
      142.64800990971563,
      136.36295555390268,
      133.89594664070745,
      124.2674950991996,
      124.07103904782102,
      115.94542730536466,
      105.45388487917175,
      103.71739703795672,
      94.15892978645745
    ],
    "elbow_angle": [
      89.56130933700014,
      98.79680200231755,
      104.33766155863715,
      109.98268446509847,
      117.23823256106928,
      121.98829027837446,
      125.64558489882697,
      132.7397537616583,
      138.35745728422464,
      143.63946388707575,
      149.92316892521137,
      156.05121914718035,
      161.44710602131863,
      166.31195445963178,
      172.74301797582976,
      178.21575884316817,
      169.65487966891405,
      163.6667293432068,
      159.6872255583637,
      158.92518375595043,
      148.3104041123234,
      148.15411993427688,
      137.05054606525673,
      132.5172192482998,
      127.06591797452373,
      118.47722704764485,
      113.54108447930854,
      106.2596427660892,
      102.83180901904329,
      97.01673823840028
    ],
    "wrist_angle": [
      179.04744763036695,
      179.79764157166326,
      178.72231199763831,
      175.70213228188376,
      177.10974690199615,
      183.62043791757523,
      181.06774254677907,
      179.45336459199822,
      181.75845115680286,
      180.604905059701,
      183.9322877922527,
      183.22799175323854,
      181.54340270963286,
      179.4391972881958,
      180.07626346101728,
      180.82661439111257,
      180.59722267371225,
      180.0259873481591,
      180.62003328637095,
      176.94448111889872,
      178.74192075738839,
      178.00592450845204,
      183.27554324142574,
      177.60625889685653,
      180.5327781284645,
      181.8975217295847,
      178.00089166496923,
      179.25455366796155,
      179.11358230699184,
      179.0636487345712
    ],
    "back_angle": [
      13.83597620972969,
      9.59332191964397,
      10.12950894052663,
      10.20656690714291,
      16.57554642705859,
      5.767022067247304,
      15.499339821608315,
      12.810598158647359,
      6.71779335476387,
      6.239166037146205,
      15.725683301355245,
      7.52181059699275,
      13.545401726356152,
      8.471812181126595,
      4.473171495258655,
      11.363045314749726,
      13.367349217461662,
      6.31827155016926,
      2.438529665886443,
      15.099831662407112,
      9.995230044941204,
      15.56561045781117,
      17.146912898863945,
      7.7594144443257065,
      6.946293482146824,
      16.535306547028643,
      11.629261809860939,
      9.604209310838375,
      11.452707951415093,
      10.493092909844753
    ],
    "hip_angle": [
      179.24535922104468,
      177.50296566079334,
      180.1717882981162,
      180.00529921404754,
      180.57801546230405,
      181.5417772277272,
      183.17554507958772,
      182.2815932786196,
      177.96023318571898,
      177.21407386954368,
      181.72340373963868,
      177.22217066985465,
      180.49892505330098,
      181.05302254027347,
      179.35448412343413,
      179.45622185834497,
      179.23751159972772,
      181.58261643033973,
      184.25906649803036,
      180.28609065296018,
      178.52142070971357,
      182.23810603792353,
      179.28311050922954,
      180.78458031997167,
      181.28413131986676,
      179.66185683389878,
      180.7195222198578,
      180.86496625095836,
      179.77378454803343,
      175.80768366780626
    ]
  },
  "num_frames": 30
}