{
  "exercise_type": "squat",
  "form_score": 49.72598526967549,
  "form_quality": "poor",
  "risk_factors": [
    "excessive_forward_lean",
    "knee_valgus",
    "insufficient_depth"
  ],
  "recommendations": [
    "Keep your chest up and maintain a neutral spine",
    "Push your knees outward to prevent inward collapse",
    "Descend until thighs are parallel to the ground"
  ],
  "joint_angles": {
    "hip_angle": [
      182.100127956134,
      183.53570475186257,
      180.85329692919734,
      177.99106750038658,
      181.55293210625763,
      181.14520566135377,
      176.72496849015187,
      182.6922425771571,
      172.02134057946515,
      154.65817316805735,
      139.16078942058132,
      129.88089485365666,
      120.49969684931285,
      100.92720125071122,
      93.68966134532457,
      91.40505833298745,
      91.48614040237504,
      90.73893449964615,
      91.4154491621914,
      90.61441628622501,
      91.39159027624416,
      87.94515850999547,
      105.16906896836349,
      115.90607849720764,
      128.57766947084508,
      140.49928331668875,
      153.59506679148137,
      166.57972936434777,
      89.3184344273754,
      101.27286628865669
    ],
    "knee_angle": [
      165.254845794444,
      171.31360991755477,
      176.08186346744515,
      169.28467465070747,
      172.93525248939034,
      161.84241989237148,
      172.6199477840777,
      164.42481607958635,
      157.74987566254845,
      142.8759551226716,
      134.06066331317274,
      123.13251452735881,
      110.25469893090282,
      95.98563559014134,
      73.92712663746289,
      77.43942507462467,
      75.49242822638841,
      75.56709938208839,
      83.67062721581001,
      81.37912667515207,
      76.20368066537071,
      83.8106539996617,
      96.51003072876159,
      104.95320234907769,
      124.92331955779088,
      127.22174485736525,
      143.04818163565074,
      164.44769053256877,
      76.66640267701366,
      90.7026640438634
    ],
    "ankle_angle": [
      88.82540542493973,
      87.62481148853287,
      89.46437740960909,
      88.49166087721237,
      90.14306367692686,
      89.20763767737574,
      87.81302664116136,
      93.49235633775679,
      86.96542010585715,
      85.86993652687325,
      81.16564185272914,
      82.49770359386459,
      78.74160189938398,
      71.76549456291349,
      69.82729571709488,
      68.6689074522954,
      74.06806268819125,
      64.59983572456,
      69.55109480226093,
      70.00859882068849,
      70.63135266428372,
      73.63805962656704,
      72.8856175576621,
      79.74621294847381,
      77.32718355523572,
      83.71406683938976,
      84.3833220775509,
      86.18978514167136,
      72.57620944855056,
      72.61190501655372
    ],
    "back_angle": [
      25.256575732784555,
      26.273422460226353,
      16.05374562108149,
      22.132611157510627,
      25.711784815724585,
      24.398292584469313,
      15.083091396426564,
      13.232841499373993,
      19.73111057866726,
      21.928079890977592,
      14.012098746874521,
      28.342261163073974,
      17.686469715050713,
      27.892790171125945,
      18.902979428193337,
      15.82940652105627,
      20.683120688562166,
      19.406977545166527,
      12.724712623174726,
      18.737051992596943,
      25.814125103237075,
      8.107998273967635,
      18.231237350075986,
      7.62846644620607,
      13.921472668038357,
      25.225313556797357,
      17.69775249256053,
      25.88657818967829,
      13.064038224537944,
      17.389897198027715
    ],
    "shoulder_angle": [
      47.151315117070425,
      45.831016896610954,
      43.59437816054893,
      43.89391549640662,
      45.32223843543874,
      45.06353396552163,
      44.13270332995944,
      45.337999110876495,
      45.35783269149654,
      44.71088800029103,
      43.68262204663187,
      46.939812688161304,
      47.426341299274505,
      44.82508655789537,
      45.75168828307352,
      44.393531733089425,
      44.34450312492609,
      43.69906167045328,
      49.15657424273684,
      40.13904844118745,
      43.73821342131367,
      47.95192144747824,
      44.813086304299084,
      45.1205763438841,
      45.53733748184276,
      45.098637083202135,
      42.8466042494578,
      45.559612185263305,
      43.83158247345308,
      46.07300692076527
    ]
  },
  "num_frames": 30
}