{
  "exercise_type": "overhead_press",
  "form_score": 36.588595730882965,
  "form_quality": "poor",
  "risk_factors": [
    "excessive_forward_lean",
    "knee_valgus",
    "insufficient_depth"
  ],
  "recommendations": [
    "Keep your chest up and maintain a neutral spine",
    "Push your knees outward to prevent inward collapse",
    "Descend until thighs are parallel to the ground"
  ],
  "joint_angles": {
    "shoulder_angle": [
      91.47378563637517,
      98.20598967154595,
      103.27279301531513,
      108.7250688098086,
      114.65487616649384,
      120.95375646001266,
      128.82522959971556,
      136.2523932637101,
      140.073250255249,
      141.38076234407077,
      148.80413051040657,
      158.56794391155046,
      162.78350553384476,
      167.54647397544227,
      174.82366896293672,
      182.06203123986393,
      175.0543447922755,
      169.51904780639967,
      157.04394748600143,
      154.17614661685033,
      149.67265621668412,
      142.59094652971365,
      138.52420251375398,
      128.9331502536123,
      122.0259710181139,
      119.1808065751418,
      114.17927894202687,
      110.80843642889049,
      101.73863898301062,
      94.4950172560885
    ],
    "elbow_angle": [
      91.31684506547317,
      95.02372736476289,
      104.85712118888219,
      107.03237397362301,
      110.8569613847508,
      120.1325802967422,
      126.87860102205428,
      132.93919231830682,
      139.49909638556528,
      145.86464600612348,
      151.20957629460176,
      155.0855513886437,
      161.51173212687982,
      168.57895038638446,
      174.11877243658677,
      177.99523458392989,
      172.49948049841774,
      165.57785706722245,
      164.76316165943695,
      151.5927121090217,
      152.74756817709957,
      143.8033463811222,
      134.45665151630485,
      130.75432878068165,
      124.76848522340974,
      116.09580273659836,
      116.2551206695351,
      111.47716045416448,
      101.6720247981864,
      91.97977580045232
    ],
    "wrist_angle": [
      181.88691079849454,
      180.5669748899639,
      183.00729478732313,
      182.2040299105866,
      181.8313138551775,
      182.9297997641944,
      178.65568375521647,
      179.03450355203805,
      181.03615250997532,
      178.02306260581366,
      179.44232998014792,
      179.07894656949236,
      182.6343778376789,
      180.35174944649708,
      183.26970319630828,
      180.68913076229782,
      178.68509330000416,
      179.11983553351575,
      177.42247455596674,
      178.62328527079018,
      179.1435041127395,
      178.7311044695255,
      181.33130984955983,
      176.97425055775778,
      181.4450201983096,
      180.11291885550978,
      179.5791935910604,
      179.94463475998543,
      177.8613565424216,
      178.54588752312708
    ],
    "back_angle": [
      17.68047676358325,
      28.661104423419616,
      19.447147684459033,
      22.57215943392457,
      26.743208464117938,
      20.00534699406025,
      12.41368542345335,
      18.89929691849295,
      18.168647128201272,
      15.300606615361797,
      17.548529570119285,
      21.670059097315374,
      26.813955771925695,
      17.734290520850156,
      17.714050278272,
      28.033108506030615,
      17.464683820929352,
      23.31168282848771,
      25.962742056600884,
      26.67253563802973,
      17.697994222304203,
      30.411200008558023,
      15.532896429689394,
      21.559446620398866,
      23.01286996293707,
      17.98030663529307,
      25.90858310254822,
      29.453091230389994,
      26.3583931275687,
      21.71604271014204
    ],
    "hip_angle": [
      183.46809464406832,
      180.65981320814342,
      180.71453268946718,
      181.75153927146738,
      180.21608785766793,
      179.01257523475982,
      179.31553616950583,
      181.87096831587448,
      180.31270847456312,
      184.9199547714786,
      178.99578654597957,
      178.8735479319145,
      182.34642774387362,
      180.2502695528517,
      175.5998476948387,
      178.54793631361463,
      181.03696052459333,
      182.82681164650342,
      182.0616057765655,
      178.72809925445225,
      177.48545285843355,
      181.6497557668157,
      180.87238431959423,
      183.17310088054413,
      179.52048310494266,
      181.30540520724233,
      179.82459141113523,
      177.70845818749655,
      176.7871871877925,
      176.88211960184745
    ]
  },
  "num_frames": 30
}