{
  "exercise_type": "overhead_press",
  "form_score": 81.02702604838252,
  "form_quality": "good",
  "risk_factors": [],
  "recommendations": [],
  "joint_angles": {
    "shoulder_angle": [
      91.71024388610603,
      96.25921762360984,
      103.96908767961816,
      103.69497336085831,
      114.51438099172232,
      118.51188394203282,
      124.06592272501001,
      130.4690334148289,
      137.9159792355194,
      144.02273716724002,
      150.44020441350008,
      157.0102472917948,
      159.20024572840035,
      168.19318480908106,
      170.7467304424468,
      178.8191471848173,
      171.26773494559322,
      170.8166001623349,
      162.17261785824775,
      157.06357410234722,
      147.87805534809098,
      141.54839253519256,
      136.62663843023205,
      133.8028996996909,
      126.46843942903679,
      117.82054823310867,
      117.49966754533158,
      109.65767933284192,
      100.11491189600906,
      96.23076496457962
    ],
    "elbow_angle": [
      89.68888461023903,
      95.53440867691592,
      100.97604827515393,
      107.3714354164217,
      112.56822833212414,
      121.76243338139852,
      130.0180742187952,
      130.7165291794746,
      136.74904446190777,
      142.35276271606114,
      150.52512829615813,
      156.5008643316995,
      163.64672249411194,
      168.6219062947083,
      172.5816324911521,
      178.38296963928872,
      176.45292819059677,
      168.0662711759824,
      161.3523827602586,
      157.2422226506761,
      149.45093131871377,
      145.86009633054763,
      136.5711144816305,
      127.92814514776224,
      125.90370890812189,
      121.42559912172015,
      113.31087020590644,
      110.8820566360492,
      103.74919035098203,
      95.28792758590572
    ],
    "wrist_angle": [
      179.61636101925092,
      178.8567913981743,
      181.23146083024068,
      180.32996747844012,
      178.7665523546223,
      181.0012921188109,
      177.238034638394,
      180.3720657872393,
      181.3272374989373,
      175.90468944744688,
      177.09578316010175,
      179.6540198835324,
      184.20426556885207,
      179.94207845641253,
      181.69126490589704,
      176.9568815363791,
      180.85417807455948,
      181.60364085038864,
      181.38003598858083,
      180.57523767236162,
      176.52511351852414,
      179.17505764821684,
      183.3876958278681,
      182.042232265905,
      180.0148181884996,
      178.8699298754385,
      180.520563347119,
      183.50846328639335,
      178.33894738386755,
      172.98086613763942
    ],
    "back_angle": [
      -2.113419965977309,
      5.585885351128651,
      -4.167950725863721,
      1.9815035070955371,
      -0.9796211751705856,
      1.2188658072449818,
      1.2515678977404385,
      0.7701825277467096,
      2.8039133516045447,
      0.14116419137608674,
      0.46131182269676446,
      0.522044780892272,
      -0.7599364321646848,
      0.37842570890341465,
      -3.319307277224842,
      0.924555946737254,
      -1.724282250446583,
      1.081834243171897,
      -1.4656287088968287,
      0.06316546237288308,
      2.6864686884777407,
      0.8874469699476275,
      1.6865911112997802,
      -0.8758285500268551,
      -2.792319652551235,
      2.9937988257602837,
      2.162031658247237,
      -3.279353403847912,
      0.0170938245447871,
      -0.5751934652089147
    ],
    "hip_angle": [
      177.20170711800168,
      178.71739125985175,
      178.0299678702064,
      180.62792217520476,
      180.51119814361562,
      181.30056471289421,
      181.49529331273047,
      178.74404008748778,
      180.38556261665693,
      178.9686622369977,
      179.74205916906377,
      181.58952508802696,
      183.48844013157245,
      178.03357245970372,
      178.6525226026644,
      180.40665833033486,
      179.2839279477745,
      179.97159202797545,
      179.29384220679745,
      176.12974730482168,
      178.990129496624,
      180.58836975308225,
      180.5859629849901,
      182.05769416694443,
      181.53074668734027,
      182.74056140394083,
      181.97448202751914,
      179.75172934427528,
      181.4090929827613,
      180.76599411096663
    ]
  },
  "num_frames": 30
}