{
  "exercise_type": "overhead_press",
  "form_score": 84.01490906411317,
  "form_quality": "good",
  "risk_factors": [],
  "recommendations": [],
  "joint_angles": {
    "shoulder_angle": [
      89.1094430223,
      94.83039355463751,
      98.56765830441721,
      109.33644305034147,
      113.06029757678381,
      120.71847094782072,
      127.16013395145055,
      137.72826972834972,
      138.51542095684619,
      143.39874710381827,
      149.57701532901925,
      156.92526499233313,
      163.76808479272927,
      168.7593412198627,
      175.2196521757078,
      180.69255124311826,
      175.44617688092552,
      167.12908670347824,
      159.48896321836264,
      156.02531263521055,
      151.27350079065582,
      143.62982258188694,
      135.85098634471743,
      134.82141374506156,
      127.13014506900589,
      118.7705813146396,
      112.9333293604385,
      110.69942290635893,
      99.53526345510353,
      98.54429692877369
    ],
    "elbow_angle": [
      91.63528003939592,
      95.98410093321684,
      100.90222004566368,
      106.60135078255325,
      113.98999858305297,
      119.91612621273357,
      123.6734077922825,
      131.49535497794562,
      136.61845184292602,
      146.8065498304711,
      150.69381813824114,
      157.12691579664127,
      163.0787711818706,
      166.8237556071092,
      173.5597779406748,
      177.12127810029438,
      174.28068528273582,
      165.682923656282,
      159.51424410100572,
      159.875786530482,
      151.08490809125405,
      142.38833148844725,
      140.42568308550648,
      130.3418104168372,
      123.97718010794665,
      121.26908078274222,
      113.01160838693623,
      104.76361538782636,
      103.48891923454109,
      96.22805043581712
    ],
    "wrist_angle": [
      178.42753629532174,
      184.384747270906,
      182.18345478238783,
      180.16901955182436,
      179.69565907464326,
      180.2394448551651,
      180.07100488140804,
      182.59208924528278,
      178.80236596631525,
      179.03764120509322,
      183.03686712026084,
      178.57608100941349,
      180.23112732825285,
      176.20604673696965,
      179.05404232105383,
      182.48794708291766,
      176.7870876845371,
      180.20476522611483,
      177.9658351695948,
      178.12243266476537,
      179.49849176056367,
      180.57655893335954,
      179.12176783313646,
      182.82602826687977,
      182.97403193458842,
      180.18486649042003,
      179.6832155433282,
      178.11361269533467,
      180.15807150377623,
      177.4596665646631
    ],
    "back_angle": [
      2.2094584949565723,
      -0.18468049281702675,
      -0.7352708189300484,
      0.732292535939263,
      -1.728497751529336,
      3.058272772202684,
      0.07741619571043588,
      -1.0714401215407767,
      -0.16110666217274866,
      0.7043468892378294,
      1.3209757221823557,
      -1.8167828855135348,
      2.679033929509126,
      2.603654285613612,
      -0.6132133419719652,
      0.5859144421649691,
      -2.7377098433508764,
      -0.25302298840093573,
      1.8006885545683455,
      1.8645151384111884,
      0.7317909447581207,
      0.4696947127347652,
      -1.2097275021271479,
      0.28104795336067495,
      1.0253961852902218,
      0.926650037217061,
      0.9780914198168179,
      -5.981814838757569,
      1.0771582719020307,
      0.6401233333499243
    ],
    "hip_angle": [
      177.96054002231836,
      180.78820838996535,
      181.4373969717364,
      180.74932386067744,
      181.06982970756667,
      181.57735713212108,
      176.89262982832068,
      179.67354411602065,
      181.4893788083877,
      178.4228008540951,
      176.7907471730586,
      177.89707891847675,
      181.21349018869896,
      177.01530969206453,
      182.03227504602916,
      178.9732047515956,
      179.32061036874308,
      179.31536609581823,
      181.35127578359896,
      177.45209606167214,
      177.72267687866088,
      182.23068291506678,
      181.77096296418506,
      181.2947323497852,
      183.4466399364468,
      181.32096576632327,
      182.58661176886068,
      181.27248270753006,
      177.95088249486963,
      179.62718654250563
    ]
  },
  "num_frames": 30
}