{
  "exercise_type": "bench_press",
  "form_score": 98.69722110962658,
  "form_quality": "excellent",
  "risk_factors": [],
  "recommendations": [],
  "joint_angles": {
    "shoulder_angle": [
      90.826525629154,
      90.71852913848124,
      90.97067279315888,
      87.42568066999407,
      89.26019803882058,
      92.28027782036986,
      92.1804304377721,
      89.49776137638615,
      90.07843962939498,
      88.33964004527753,
      91.4538278115803,
      90.4996592964212,
      89.04841368419478,
      93.38077074915817,
      90.60351674495412,
      87.9112815163444,
      89.45898934908377,
      88.28474895085617,
      89.07121260831241,
      89.4826993070442,
      88.59679463692952,
      92.99579283834842,
      92.17792732197323,
      87.14529177276748,
      92.28369123011781,
      87.82008657760751,
      88.19308468545206,
      87.04181008286751,
      90.05658685096452,
      89.85084201963025
    ],
    "elbow_angle": [
      89.78140044541618,
      83.29438663586276,
      81.30395408244671,
      80.83634367131529,
      81.09231360992229,
      71.99538242490057,
      72.88290955092482,
      72.36503225186273,
      66.95978093743145,
      63.837033238155854,
      58.29820145896719,
      54.009219601018245,
      56.68146823690581,
      52.62602275322336,
      49.79844660283159,
      45.56915844929751,
      48.732849621051905,
      55.56950095785888,
      53.53503981993374,
      57.996302468923915,
      60.08911129280391,
      64.55695046588782,
      69.09572791023034,
      68.3985002297837,
      73.9291081454234,
      76.39404684258945,
      72.31554080637095,
      82.14268579242689,
      85.60474520080088,
      90.76226756683018
    ],
    "wrist_angle": [
      180.00539506822477,
      181.45243643232396,
      178.24296083853926,
      182.45392014961573,
      177.57182751842797,
      181.56674381739882,
      181.73156625457372,
      179.72434750739896,
      179.41170847574372,
      179.22492511111415,
      180.73909576291658,
      181.75117899008737,
      179.81172650784882,
      181.81330293466934,
      180.33910450292356,
      182.4746830746867,
      181.41447816130903,
      180.92123742247122,
      184.3760746294863,
      181.42066587143324,
      182.04339227706706,
      180.76511872004556,
      180.47882768982976,
      179.6339447089922,
      179.48234611723376,
      180.8690575029701,
      178.51376683535298,
      182.78337727305944,
      174.6164195665207,
      183.0662833274432
    ],
    "back_angle": [
      1.5587644388859818,
      2.774851728711709,
      2.8773658376739912,
      -1.7216545855644452,
      1.039324652940454,
      -1.6643891255836032,
      -2.0643264048455108,
      1.6085450522251605,
      -1.087731076870613,
      -0.18996948685090248,
      1.4450782897292525,
      -0.09176319341722504,
      -0.1885776045472826,
      -0.7717228390913942,
      -0.5669388010206009,
      -0.7067900674185799,
      -2.365873728222145,
      -1.803602958610625,
      -0.4590217229886466,
      3.663409599950554,
      0.17704543549873356,
      -0.9235459736694315,
      -1.5754459434408674,
      0.622969440352496,
      2.850081577451294,
      -0.8167071123363864,
      -1.0841365665899612,
      1.4181561522036679,
      0.3367209734960682,
      -2.328772219295331
    ],
    "hip_angle": [
      91.87661435685753,
      87.074068568829,
      92.57180929249506,
      89.69419522594171,
      90.18927217032027,
      88.97188481747646,
      89.34818069192623,
      91.35541310279136,
      91.0948528566419,
      92.03621033410721,
      89.52857567897331,
      89.95118871394307,
      91.9884667396191,
      91.65053574720675,
      94.34591538296964,
      89.49689723454289,
      87.1189432901202,
      87.40219243125883,
      94.24913061820365,
      88.46692431111579,
      92.75188939436589,
      92.28963303433801,
      91.26310170809109,
      90.48653803372247,
      91.29164695785522,
      89.08343780763092,
      90.50939466560841,
      87.77926666945676,
      88.50008349721145,
      89.78274479653889
    ]
  },
  "num_frames": 30
}