{
  "exercise_type": "squat",
  "form_score": 40.345924752148406,
  "form_quality": "poor",
  "risk_factors": [
    "excessive_forward_lean",
    "knee_valgus",
    "insufficient_depth"
  ],
  "recommendations": [
    "Keep your chest up and maintain a neutral spine",
    "Push your knees outward to prevent inward collapse",
    "Descend until thighs are parallel to the ground"
  ],
  "joint_angles": {
    "hip_angle": [
      177.87610887064056,
      181.6798235925851,
      177.8702172024939,
      182.24926339202818,
      178.64307032758683,
      176.91975941163355,
      178.32732866445332,
      176.4026807182486,
      169.76954207034666,
      155.66892718226956,
      140.02972251330044,
      126.16351219180862,
      115.03836612857948,
      103.14567726143251,
      91.53981783389702,
      89.01594460601632,
      92.07952441657294,
      90.94276627758332,
      91.0432840041705,
      89.27300006580171,
      91.036523278959,
      89.73639271661888,
      102.72262802832395,
      119.43709367162782,
      129.4603467876413,
      140.43424023094036,
      158.1184557656885,
      164.0000043033221,
      93.27511809405516,
      101.19961031601059
    ],
    "knee_angle": [
      173.09633782906434,
      165.41456636097152,
      176.50129029461237,
      174.67712655330993,
      170.3476719988692,
      173.65280134648916,
      165.42556392880562,
      170.3749293878475,
      158.72454452909446,
      145.41062900599368,
      126.35897578917728,
      114.01866189452859,
      107.96013088500192,
      99.16314484702421,
      78.6803331516833,
      83.00620254377208,
      72.28522516207936,
      81.55949247463569,
      81.50326111275943,
      81.50950876960462,
      75.08934140692077,
      76.3272159361597,
      87.35938263141978,
      103.43057628476724,
      123.26477333977182,
      129.79912831871408,
      139.38194332457593,
      153.94829235862892,
      78.90640803151636,
      93.55413862479607
    ],
    "ankle_angle": [
      89.23402940271558,
      94.02734133673519,
      94.0701655153872,
      84.98063037745062,
      91.05985742442793,
      90.81947676488431,
      89.67051862768008,
      90.29264979874856,
      85.38631908243306,
      83.03351686469549,
      82.6329105355626,
      77.89066234754898,
      73.60550599671511,
      74.70908295850323,
      68.8099920745895,
      72.57255932532938,
      69.47156467623229,
      70.0181395621283,
      67.13892619725748,
      70.73956743021357,
      70.09779966160514,
      69.14903371617339,
      72.66285593478695,
      73.48761497446613,
      80.50158025021433,
      80.90574158191933,
      82.38809252096995,
      85.53422193495221,
      68.91775903216053,
      75.93363164501535
    ],
    "back_angle": [
      12.36004490241537,
      14.506830430994524,
      11.169990187664135,
      14.373620877796888,
      18.871828895670937,
      21.0628889439946,
      24.643926255160437,
      16.202433923473045,
      23.49386648559505,
      9.986915835403131,
      26.534212240030264,
      24.37516854960591,
      20.273037393327478,
      21.429097505298035,
      17.005051812903176,
      28.951456240290288,
      22.519421246659164,
      22.826078602538335,
      27.778538504920217,
      19.17189374579354,
      28.129923878671576,
      13.8777162532016,
      30.103676471206565,
      22.14683830794538,
      21.15865490756991,
      11.249321697470926,
      13.19360215450196,
      30.531257438199923,
      29.6729542454211,
      28.23298568024361
    ],
    "shoulder_angle": [
      44.61513384022137,
      45.17231280554057,
      46.98734434489835,
      45.80729123484577,
      43.1468253598475,
      46.65983846410288,
      43.2141418230704,
      47.33296732235974,
      43.24486456259864,
      46.839941481183125,
      46.01472122580515,
      47.19203347071854,
      46.54070507837548,
      48.05112853530239,
      44.80772340807509,
      47.265693612874436,
      46.88241950132662,
      46.152112119751266,
      43.93943993767196,
      45.12312278422935,
      47.86399281554266,
      48.080280104974314,
      48.15972562330758,
      43.86385081154333,
      41.786987927779386,
      47.20670565725631,
      47.51417854451053,
      46.00339355236543,
      46.071127133338116,
      44.75218536820377
    ]
  },
  "num_frames": 30
}