{
  "exercise_type": "bench_press",
  "form_score": 68.34663490111151,
  "form_quality": "fair",
  "risk_factors": [
    "moderate_forward_lean",
    "minor_form_deviation"
  ],
  "recommendations": [],
  "joint_angles": {
    "shoulder_angle": [
      88.6612214980545,
      90.17258713475739,
      85.06527952242607,
      89.89752653278987,
      91.74243040055205,
      87.90284090318032,
      94.60220768851339,
      89.92797621968384,
      90.11033597454416,
      89.09980477742607,
      92.96331514350628,
      90.54324702487446,
      87.9493987252683,
      89.0909493776674,
      89.0276642523348,
      93.92285517035481,
      87.2430034986428,
      90.36471880904448,
      93.33922231280484,
      91.6163340036265,
      92.72692764454833,
      90.76386742671012,
      93.22493655081152,
      84.86226158723674,
      88.6938870630774,
      89.86219870607754,
      91.34157090072932,
      92.04405637192457,
      89.74721361212785,
      89.82547077919766
    ],
    "elbow_angle": [
      87.17159874238331,
      78.85032717293059,
      74.79974035068834,
      73.44275739171097,
      65.48852686328493,
      74.0107252072021,
      70.47892301247761,
      64.52378966661537,
      58.32450956292984,
      60.26473935556278,
      52.329681609425066,
      56.33651675034863,
      54.872464674790464,
      47.08750221194953,
      38.77110438476664,
      37.19107685186096,
      37.82383315621116,
      52.93575391227153,
      53.63793199468146,
      55.23624822760167,
      56.463733170299385,
      62.40512824966988,
      63.454863544281,
      63.59840232808552,
      69.12467238408614,
      68.92974198495823,
      75.02332687778612,
      78.86049305660264,
      78.21914451638838,
      84.02266867956429
    ],
    "wrist_angle": [
      181.09029042412368,
      178.8794011655672,
      179.4910979753363,
      181.00082706257464,
      178.92881203441658,
      177.0283855271476,
      180.29312146170767,
      181.03725164888124,
      180.96661461632573,
      181.20915456009058,
      177.60542711484626,
      179.87161105766808,
      175.47035907779312,
      177.76154566118174,
      177.20615235962734,
      179.2669220602905,
      181.6026218236331,
      178.55591558948865,
      178.87645198111667,
      180.2004938559459,
      179.05692322820246,
      179.65237697381943,
      179.427205420697,
      180.39667626980986,
      179.64665993844943,
      179.35663481882344,
      180.22210766140222,
      176.46848996961546,
      180.06611611009646,
      178.79310119035983
    ],
    "back_angle": [
      6.21689515666421,
      7.931512073867379,
      7.790386206395337,
      13.909480085179357,
      9.394835049446087,
      11.728809079153315,
      11.244197066434904,
      5.184387130402014,
      13.609857718808357,
      11.08333940387027,
      9.117978792529536,
      13.7227668754747,
      14.14857331123746,
      7.1231324357580466,
      13.788396905097251,
      6.752154544622962,
      9.32254006651294,
      2.3768872420938263,
      15.368812941149384,
      10.29534450120494,
      9.766340027712356,
      11.207445301346114,
      7.423008650315425,
      7.302948133372869,
      6.637861134853882,
      8.740465511695914,
      11.674931635975913,
      10.804516046861929,
      9.926736680528233,
      7.837254728441835
    ],
    "hip_angle": [
      91.5768478260498,
      91.13353559231953,
      91.18474472156447,
      92.73071795631849,
      89.52680461200431,
      88.53076093337737,
      88.66193487840201,
      87.21230344323267,
      90.63569665210349,
      88.75205525849948,
      89.14854665023272,
      90.44148035754665,
      91.84270969115212,
      92.66463827363219,
      87.89076891273106,
      87.08046429031684,
      90.70019151111354,
      88.7180380851696,
      89.63931439301027,
      91.75708451872335,
      87.35070465939383,
      91.7008655689489,
      87.27212896106086,
      91.06336523610655,
      90.86487845132012,
      87.34616606257228,
      91.74674610340679,
      89.85419861505946,
      86.47252674739893,
      91.51454917796046
    ]
  },
  "num_frames": 30
}