{
  "exercise_type": "overhead_press",
  "form_score": 87.71697287863446,
  "form_quality": "good",
  "risk_factors": [],
  "recommendations": [],
  "joint_angles": {
    "shoulder_angle": [
      88.98194339052985,
      96.37361022751972,
      102.06087576089573,
      104.33928085796104,
      116.98821897902894,
      120.76669980838871,
      123.70667956771761,
      133.4073351550537,
      136.50035630806738,
      139.69658027941816,
      148.90177742812878,
      155.96329855845116,
      161.70920147578929,
      167.5696310351307,
      171.8963850236552,
      181.3168333900369,
      175.39321645597258,
      166.39871714715864,
      163.3811251895038,
      154.6408747424605,
      147.1749233117553,
      147.33322539151982,
      136.59181925371482,
      132.48740910778656,
      125.2354570843846,
      120.38008178970047,
      116.58404199305048,
      105.84432315880015,
      104.91887902689164,
      97.18153467336714
    ],
    "elbow_angle": [
      89.61259159706599,
      97.19185621407237,
      100.86672082817061,
      108.28374494673038,
      110.75426646859356,
      119.39334664636502,
      128.94397260098907,
      133.90156686693484,
      138.13076782156543,
      145.3959513990494,
      151.27287280835176,
      157.05100298651527,
      160.0532661081763,
      170.23470015241426,
      171.44854538421615,
      179.777988104468,
      174.94491275324347,
      166.63431970701654,
      159.4361867532454,
      154.18383859426976,
      149.90997713881404,
      142.76028431420653,
      136.46325788733654,
      132.36878673627947,
      125.16409450957435,
      120.58371022438784,
      116.00215569850093,
      106.96829785727412,
      100.94326413140132,
      96.15607093385785
    ],
    "wrist_angle": [
      183.36233823680777,
      180.64181729798028,
      183.41497848717523,
      182.32611163487599,
      180.735808492183,
      178.53527833161706,
      178.19810502348065,
      181.5248284762426,
      178.3503249201925,
      179.12325980192838,
      180.58768732484123,
      176.2609205233389,
      176.90764641625543,
      177.97450137219454,
      181.69878890952404,
      180.19900698693814,
      181.70282788823707,
      181.04896419218565,
      179.85018627622728,
      179.27059908528778,
      180.96634160863326,
      177.47494677234795,
      179.15877146160898,
      179.37524568266207,
      179.6990380650448,
      180.38031000651577,
      181.69476727648092,
      179.30458021800104,
      179.48889245871436,
      183.1434314707443
    ],
    "back_angle": [
      0.912890021625622,
      -0.40252211965861545,
      1.4169147921666,
      -3.550897675065079,
      -0.6713191286000714,
      -1.7445364066413682,
      1.1801335868045923,
      -2.434009767013589,
      1.045778877118105,
      2.224747064752184,
      4.144786620533178,
      4.075554795321962,
      -4.622143809211577,
      0.826094826999466,
      -0.5512110465552748,
      2.1773454938694474,
      0.9903475998688094,
      1.081578322268131,
      -0.33332906337414014,
      1.4274290755987449,
      -1.9552485191351707,
      -3.3518778953631916,
      0.8856043500298965,
      -1.6446283682159664,
      0.44314673950604805,
      2.069697345951931,
      -0.38514037821543456,
      -1.1417602399469715,
      -2.5161709502607668,
      -2.3431716809239322
    ],
    "hip_angle": [
      180.21755530175977,
      180.66598263392584,
      181.21917342229128,
      180.01320406686008,
      181.82918676128673,
      180.0943422308581,
      177.78135360437358,
      180.70057357106634,
      182.24104076926582,
      179.91050662289416,
      177.96281412121,
      182.15006187804966,
      179.38339944469374,
      176.05068717619744,
      180.3626242260267,
      177.85496716596433,
      180.08011822518108,
      183.44010998073935,
      179.00478812257302,
      180.21577354944515,
      179.60595941189348,
      181.1837218989777,
      179.46438024095414,
      178.92996603718333,
      178.73502381522727,
      181.15037349475494,
      180.29126975344758,
      177.24013878901016,
      182.79112505801348,
      179.19676681633857
    ]
  },
  "num_frames": 30
}