{
  "exercise_type": "overhead_press",
  "form_score": 57.0448758747257,
  "form_quality": "poor",
  "risk_factors": [
    "excessive_forward_lean",
    "knee_valgus",
    "insufficient_depth"
  ],
  "recommendations": [
    "Keep your chest up and maintain a neutral spine",
    "Push your knees outward to prevent inward collapse",
    "Descend until thighs are parallel to the ground"
  ],
  "joint_angles": {
    "shoulder_angle": [
      92.91131894413932,
      97.11105213666093,
      105.43370654238325,
      107.99290651245994,
      113.84671205083625,
      120.9544844209,
      126.31400221806733,
      128.14466449771862,
      138.4946236754891,
      142.72870926242706,
      148.41345132937658,
      152.45328232892453,
      162.45956002642572,
      164.60601500446907,
      173.46450327393677,
      179.297413666684,
      170.353655944675,
      166.35577416460393,
      159.12811591286567,
      156.43662475266396,
      149.04266529420826,
      144.516606001534,
      137.31264034224793,
      129.8254568280351,
      125.31636980346747,
      121.6651576177767,
      116.34267273190999,
      106.70813516909936,
      100.31107553973563,
      94.51399082001126
    ],
    "elbow_angle": [
      87.58462387885247,
      98.98069079007374,
      101.96287868031995,
      109.28608512998206,
      115.66418474895397,
      118.43211125626743,
      124.94234136487884,
      131.01593826351618,
      139.2292389079164,
      143.99153020112018,
      147.17889332206883,
      157.88926921763388,
      162.3112591058156,
      169.0663792142167,
      171.09306069287373,
      179.9614131369973,
      176.56208999243066,
      167.96456452950693,
      164.96447788765363,
      155.5170807687923,
      152.60243438873306,
      141.62255644170148,
      135.47375469502893,
      130.6917209070112,
      123.79855576865027,
      120.56136284332162,
      113.71100879253888,
      107.93805077034209,
      97.5055124809864,
      93.38751518861741
    ],
    "wrist_angle": [
      179.55194561623227,
      177.77165232022938,
      179.4465226778072,
      180.9214953911178,
      179.36138659339517,
      184.65192710590617,
      177.8119214839846,
      179.37430079450945,
      178.75417639006272,
      178.24973352238044,
      177.74758986483025,
      179.2980510561076,
      181.4116069943141,
      180.2728024024269,
      178.73270712669705,
      181.02276198535202,
      179.3954323342979,
      182.3386729867231,
      178.97853471793846,
      180.44320926704222,
      181.56425386353055,
      180.41455130506404,
      179.95986012456615,
      179.2556127164013,
      177.13959460506047,
      179.4680206373233,
      178.3500984561401,
      182.63503556926082,
      179.97683737866,
      178.99176835915782
    ],
    "back_angle": [
      24.604698342209147,
      15.78580377828007,
      29.7397733381933,
      22.439654212565557,
      25.19951542917764,
      24.789808261754178,
      21.167995378571494,
      28.565361929807697,
      17.650282451307586,
      15.272617315298511,
      22.670954889283397,
      17.204005444810385,
      13.242934133247099,
      28.525661781171394,
      29.88290997728324,
      24.33735176284148,
      22.160644694160865,
      33.15028120218704,
      14.347037931772629,
      26.1826364975229,
      27.124760327391343,
      22.72272985988663,
      22.346966255223645,
      19.723744675582875,
      21.893787107670686,
      27.93604214298657,
      23.63158402464993,
      27.716239217653023,
      14.91287760119793,
      27.352085062772538
    ],
    "hip_angle": [
      183.5388906421655,
      182.27177119006515,
      178.62224754081888,
      181.1118248808894,
      176.6213549689072,
      182.5783508736336,
      180.2593706527884,
      180.5431024152066,
      179.98104362272136,
      182.75329932507896,
      178.68870929379054,
      181.08868213217872,
      178.80898891672354,
      178.40219853891224,
      182.5903063328797,
      175.59348209409004,
      178.70109075737818,
      179.69349206611648,
      175.78005241398574,
      183.64658686030455,
      174.05707638715364,
      182.57915450604213,
      181.87312687368018,
      180.04819221444467,
      176.50960568124498,
      181.95804875172988,
      181.01028482515494,
      181.6611557425988,
      182.9625287809026,
      179.81809904967574
    ]
  },
  "num_frames": 30
}