{
  "exercise_type": "overhead_press",
  "form_score": 37.77825292143247,
  "form_quality": "poor",
  "risk_factors": [
    "excessive_forward_lean",
    "knee_valgus",
    "insufficient_depth"
  ],
  "recommendations": [
    "Keep your chest up and maintain a neutral spine",
    "Push your knees outward to prevent inward collapse",
    "Descend until thighs are parallel to the ground"
  ],
  "joint_angles": {
    "shoulder_angle": [
      88.51574830556333,
      94.33806483317436,
      103.43847472807094,
      109.1755382978306,
      111.3266625157107,
      119.8356026140564,
      127.21910023784622,
      133.32438672883362,
      137.3422319049692,
      149.0493558270504,
      150.6533171688267,
      159.1268658117714,
      159.75792912534894,
      167.39793007436958,
      174.56053464838257,
      183.3286332982843,
      174.7457557160781,
      166.51572374086152,
      164.39237778547496,
      155.14374264964937,
      153.33378276800963,
      146.35305996192417,
      139.75269672095578,
      134.23878191260133,
      128.1336700836843,
      117.69112853630764,
      111.59569394587022,
      110.25144667031763,
      102.1801077669291,
      94.67012648187514
    ],
    "elbow_angle": [
      92.62957101026215,
      94.62366909734983,
      99.625492178855,
      104.66327677433253,
      110.90368503816818,
      118.45632991873929,
      124.88513398257153,
      134.39885428393217,
      137.37203939734334,
      140.3043449633692,
      152.2317515178606,
      153.96997696873512,
      157.13728731321848,
      166.40925240298867,
      172.60375157942494,
      179.74748732031327,
      172.12427154712145,
      169.19188157747382,
      163.06375485495997,
      157.4814703839616,
      146.06008430269378,
      143.13050394955494,
      137.1884535008058,
      133.77786959294585,
      124.25541912869363,
      123.61686468188202,
      113.31980059839734,
      104.95253396966638,
      103.10499584735258,
      96.18668012960075
    ],
    "wrist_angle": [
      181.171857151452,
      180.46102943077284,
      180.5928404762613,
      180.7384644141197,
      181.4836914309882,
      178.83027634567037,
      177.41942045256096,
      175.05750764916863,
      180.7115434829975,
      177.69706510168507,
      176.5577559458082,
      179.9557517506017,
      178.30139363029997,
      177.85470666266474,
      177.91372388184155,
      180.54625766720596,
      180.15703329963404,
      179.14736973904846,
      180.47947612535432,
      181.3983341640059,
      184.1331230494224,
      181.17541193470527,
      180.1091854401613,
      180.2580212560608,
      185.00348593870737,
      180.2844113220084,
      179.61920877282188,
      179.5722752162021,
      177.59553063228816,
      185.39590462861162
    ],
    "back_angle": [
      26.518486924478875,
      21.596692777544085,
      20.101040836147448,
      23.470406039910866,
      24.963736434373892,
      13.008816818719245,
      18.7964076626308,
      17.997440481243913,
      17.4323060028977,
      30.32920692301929,
      20.038867182947413,
      20.8065422174318,
      26.901984056299874,
      30.56284165138871,
      16.54771030929749,
      15.261415128899142,
      19.222375375237952,
      14.186932978773717,
      28.756765458209205,
      19.502602821243656,
      24.92462385052191,
      25.239389803454003,
      27.776360694500305,
      13.42966346626323,
      23.65790341827524,
      30.63379566144701,
      25.63488622648607,
      24.37509969685587,
      25.61458804897591,
      22.80146619170723
    ],
    "hip_angle": [
      181.67809488945636,
      182.16052407629175,
      179.42654839879768,
      184.50863975380298,
      180.1240598508198,
      185.27245179221043,
      180.84779212313927,
      180.0193585339376,
      179.21079288252855,
      183.74189108669523,
      182.8255947636875,
      180.43804388561242,
      179.67522072029672,
      180.5438800679239,
      178.95812390814442,
      178.38901686816857,
      177.28867021511522,
      177.56313426809479,
      181.80707877250023,
      179.07137533454332,
      177.66509024041912,
      179.34768908312464,
      180.51640544450728,
      181.38082368923358,
      180.47816505456504,
      180.27966024153233,
      176.13028305851873,
      178.47210148642327,
      177.86553912268127,
      183.60303195356718
    ]
  },
  "num_frames": 30
}