{
  "exercise_type": "bench_press",
  "form_score": 98.14416401352496,
  "form_quality": "excellent",
  "risk_factors": [],
  "recommendations": [],
  "joint_angles": {
    "shoulder_angle": [
      91.85086026973968,
      93.44397065814809,
      89.15342708327347,
      87.62381584342208,
      89.1349065723066,
      90.68692535909422,
      93.02718615576516,
      87.4492829662641,
      92.35977951038763,
      91.05155222099924,
      90.97459401179505,
      91.92043336558484,
      90.48840753404608,
      86.56951330427296,
      94.06793825953025,
      94.24167946252224,
      89.2425658616019,
      92.66005329619327,
      91.35300249547015,
      91.7818112259192,
      90.22577757025303,
      91.81452160040318,
      89.94900213699128,
      93.07527469018035,
      90.29817992961496,
      87.96431701459733,
      91.45177166343267,
      87.98849171262742,
      87.97000287915864,
      89.00685402427975
    ],
    "elbow_angle": [
      88.57434724703504,
      85.62823031951248,
      84.59341381345557,
      80.8190320510009,
      77.4497831382554,
      72.68137502274857,
      76.05158928092352,
      65.87855823418337,
      67.38179988891274,
      61.94329323572031,
      62.93035479510596,
      58.70715758558172,
      53.23531888261314,
      49.63251357068225,
      50.287029837221525,
      42.92934368919567,
      48.12976551892602,
      50.24381588584044,
      51.9996459356925,
      57.85370942654407,
      59.06388483651858,
      63.99617632754859,
      66.3444737853663,
      70.26696331630309,
      76.06486646958484,
      74.6618673394761,
      77.62334957478613,
      83.44852241187377,
      84.17272002231083,
      84.978345029331
    ],
    "wrist_angle": [
      179.68395600441139,
      180.79815878598578,
      180.86698913927074,
      179.6914590429196,
      181.68193361008767,
      178.86655351799075,
      177.46554890756394,
      180.41199825181505,
      176.03406343734508,
      181.23417628083692,
      182.18177259587753,
      179.54659892668687,
      182.86432989740405,
      180.0772541800318,
      182.9128058669943,
      179.08123538918525,
      182.90318471038844,
      178.0735999879223,
      179.69399363945584,
      178.79551527327567,
      182.86764689090512,
      181.5771951772904,
      177.4285751594876,
      181.24896152493517,
      180.35081161702539,
      182.3593550333893,
      180.0924129271743,
      181.98474715218757,
      184.5593685579463,
      181.86818332081234
    ],
    "back_angle": [
      -2.074496450776137,
      0.4975336830540156,
      1.6066710281121823,
      -2.0074893779153298,
      3.4569185637747437,
      -6.4548879728526805,
      -3.063968311048519,
      -3.309552246556835,
      1.8229595627304165,
      -0.3607691466127875,
      4.091529165775149,
      0.8042404980365133,
      -4.375394622577222,
      -2.6933202651325066,
      0.7045416196855556,
      -1.6015502199899903,
      -1.789098701680689,
      1.4717918951804112,
      -0.4441745671289316,
      4.22786044434892,
      3.835153486633582,
      -2.036048158777977,
      1.6936382768547953,
      2.9189807487595933,
      -0.9168549795240378,
      1.9759189613901333,
      -3.4573230743509087,
      3.72121024793082,
      -0.7677618633331574,
      -1.3221847408572258
    ],
    "hip_angle": [
      87.33880701134535,
      88.65390415586779,
      89.93893621654479,
      91.32310837960793,
      86.61707822757668,
      89.46216057729386,
      88.21706713124355,
      89.21512729332423,
      86.20029733322532,
      90.18515968286421,
      89.52725491581465,
      87.29201850928949,
      91.66943578787979,
      89.0324008550446,
      92.26136546505059,
      89.18569581842915,
      82.64435020941423,
      88.99910781240584,
      89.38683642448909,
      91.58846050793365,
      87.17342313134489,
      84.50257011648087,
      93.92851039730078,
      88.47311507820203,
      88.76206429294038,
      93.29133528643216,
      89.01006298224198,
      90.32657029738729,
      91.62639942091693,
      93.1023280213987
    ]
  },
  "num_frames": 30
}