{
  "exercise_type": "overhead_press",
  "form_score": 99.20911361086176,
  "form_quality": "excellent",
  "risk_factors": [],
  "recommendations": [],
  "joint_angles": {
    "shoulder_angle": [
      88.82521580492644,
      93.46430766549229,
      101.42335852187905,
      107.93509299819205,
      112.36574624985151,
      120.24203400684411,
      128.02241114686066,
      134.80172267439724,
      136.2452738917853,
      142.2118611615526,
      151.08360098726573,
      155.413473888312,
      166.75179570853183,
      170.57646690903567,
      172.34756920627171,
      181.60315237996312,
      172.26446825344598,
      165.68748381076256,
      165.0230058704492,
      150.29978831891813,
      148.54507545568464,
      142.5896431404443,
      139.7043057432651,
      133.1902156307795,
      126.00882354643377,
      119.68663795482003,
      113.05114247702326,
      105.09649172697007,
      102.82623053724441,
      94.67214860957867
    ],
    "elbow_angle": [
      92.2905386451842,
      97.60536255889265,
      99.75573376399366,
      107.41050339414743,
      116.39362095903334,
      121.37954552102187,
      126.45158542055887,
      132.4332060434121,
      135.6597783251495,
      142.3416939904124,
      150.72921189154783,
      154.07282694678884,
      161.77855219137646,
      167.0687141767502,
      177.47169233439718,
      179.56484330199388,
      171.3929236172307,
      168.07006177596156,
      160.54670734538246,
      155.89529255903355,
      149.81752048273066,
      143.68872706435752,
      137.74712997388232,
      131.3906692485766,
      126.85886269430152,
      118.23270117440738,
      117.21161053414671,
      108.77076945646472,
      101.78950683454417,
      99.36044437748832
    ],
    "wrist_angle": [
      181.23257435121386,
      180.80677409638201,
      184.33743144681702,
      179.79872368011726,
      179.29454565949274,
      181.69395695662575,
      177.9308659466744,
      178.96986125002195,
      178.37016494702894,
      180.23516778547426,
      179.30024628353974,
      177.95147847470918,
      177.01426144886344,
      176.06794150602536,
      177.91055033236137,
      182.9740982727671,
      181.1063078740803,
      182.59196016700702,
      181.95722189888525,
      179.47224563664219,
      180.54933899731816,
      180.36588356307675,
      180.65717471799206,
      179.24149266719513,
      178.63404875828442,
      180.7669998860731,
      177.17129934027216,
      177.96705214105697,
      180.82830410414454,
      182.81983475282888
    ],
    "back_angle": [
      -1.1828144177999054,
      2.9337346317768374,
      1.2515037492157723,
      0.7701633187437913,
      -2.2733532799157485,
      -3.236565892118475,
      -3.1200446523947054,
      0.06850293170159821,
      -0.019707895408198752,
      0.5007484861106674,
      1.8819806960227763,
      -0.31985573553413493,
      -0.5634780569639691,
      -0.676133262520802,
      -1.0170059761572219,
      -3.3559226825646062,
      3.022779171475202,
      4.7121539113274755,
      -0.03601841546802037,
      0.027261519217367868,
      -4.197527424118624,
      -1.273056081587833,
      2.381948073333222,
      0.03695583498687484,
      -2.485524763584503,
      -1.8435642729305033,
      -1.1115319498703469,
      1.7822715058882876,
      0.2659372744739948,
      -0.16526203303537015
    ],
    "hip_angle": [
      179.60127742240599,
      180.4682809335875,
      184.7004751750416,
      180.51247497935304,
      179.70915755913234,
      181.79555960243707,
      182.85486102181838,
      180.3877513565396,
      178.5101376986878,
      179.387734360225,
      178.66881928623917,
      176.9682636537326,
      179.38318528587766,
      178.80803981673526,
      181.20318759886683,
      180.94578666290255,
      180.45586401287872,
      176.81369416334496,
      181.7920057209426,
      182.76725504939412,
      182.64176838890313,
      183.91712487716515,
      180.076741661951,
      180.32157387047042,
      182.19386999355058,
      176.31692906679976,
      183.57133268426884,
      180.5708714828134,
      180.59048136376558,
      178.40439643358906
    ]
  },
  "num_frames": 30
}