{
  "exercise_type": "bench_press",
  "form_score": 70.34604249344365,
  "form_quality": "fair",
  "risk_factors": [
    "moderate_forward_lean",
    "minor_form_deviation"
  ],
  "recommendations": [],
  "joint_angles": {
    "shoulder_angle": [
      84.36731046245983,
      90.59313007137659,
      89.9707625041141,
      89.63079181649768,
      92.51846807949579,
      94.11308351345421,
      91.82227627425304,
      92.06055367246887,
      89.11591379512653,
      90.03653945075537,
      93.11272232023668,
      90.05097675405764,
      88.61719022023024,
      87.82953266292174,
      87.65434108332022,
      92.52822117920722,
      91.71618008357292,
      94.06151844511088,
      87.93286555293548,
      90.12259494746473,
      92.33408618498484,
      89.9246253704391,
      91.4393787874513,
      90.36486047741785,
      89.57164463742905,
      87.73113375814717,
      87.0278349621772,
      92.27490078710657,
      87.75532764253664,
      88.11852072819902
    ],
    "elbow_angle": [
      81.56891352271306,
      76.19594278623472,
      77.14913711313389,
      78.11283280414737,
      68.28845324433752,
      68.44347261059431,
      69.09400531345439,
      57.52237152350504,
      60.20347709981939,
      54.37095634928054,
      57.98729337609456,
      57.770643123273594,
      47.93406983642678,
      45.62821035690844,
      48.41588695033607,
      37.479656067881514,
      42.26488444530241,
      45.676848755937506,
      47.838099651277986,
      45.94571604253029,
      55.880311661813295,
      54.68053444548759,
      60.635210970184026,
      66.4279838590591,
      68.63676927230185,
      73.39804675011965,
      70.95700358245072,
      82.57326337388535,
      75.02944365505356,
      79.59161553977884
    ],
    "wrist_angle": [
      176.56501246548999,
      177.51949651701372,
      178.8893022667988,
      181.1526163138269,
      176.99756221342616,
      183.51990150719146,
      177.90768539645836,
      181.07552815043383,
      178.63492578317644,
      179.66511504703305,
      178.4682335865276,
      176.45094942548675,
      183.15106572264875,
      180.16714977313316,
      177.12907003321968,
      178.38808865378917,
      182.91862432248462,
      178.95072882959164,
      179.47235543254686,
      177.65235903895407,
      181.48358002501197,
      180.52332628603796,
      184.50876669127717,
      179.53136515423273,
      178.60055250945595,
      182.94792007060101,
      178.92082066460202,
      178.40156868688763,
      179.6052783731776,
      181.78624735286206
    ],
    "back_angle": [
      6.8700484718284685,
      5.472956342185839,
      5.552821916422866,
      11.796653316396945,
      12.750191257938083,
      13.310467429611544,
      10.026070582423825,
      8.724189131741161,
      6.938210480642574,
      6.634267226676508,
      5.682597390973887,
      13.162806978463449,
      14.115406051827554,
      10.561980798060143,
      10.234807066743185,
      14.174237798031125,
      9.647266749084771,
      11.984433205519665,
      16.7043836889871,
      7.650452869087209,
      14.526159181192398,
      4.497032729006069,
      3.860898599232698,
      4.823765569823031,
      8.255140273767184,
      10.56777672782853,
      7.061780627632323,
      12.39007748927565,
      6.3302621153844765,
      14.70100208167518
    ],
    "hip_angle": [
      92.87576833553265,
      87.27224611009163,
      86.81226503374467,
      85.76063087158064,
      88.74729736846807,
      87.07726069404492,
      91.19925345931017,
      88.30189529044533,
      90.56779821600301,
      89.22633926932798,
      89.67221177551764,
      91.8753766681503,
      90.67998621701828,
      85.64320880711827,
      86.8335498584011,
      89.81743160387255,
      90.85036853412038,
      90.78523878801859,
      86.18139538219836,
      92.89817150760598,
      87.84064479218881,
      90.90403564670837,
      87.33074570868389,
      89.5556726231005,
      85.97781675720061,
      95.55488572447939,
      95.39587468591851,
      89.44329203362337,
      85.05008505701143,
      90.98930139680657
    ]
  },
  "num_frames": 30
}