{
  "exercise_type": "squat",
  "form_score": 64.55087574074244,
  "form_quality": "fair",
  "risk_factors": [
    "moderate_forward_lean",
    "minor_form_deviation"
  ],
  "recommendations": [],
  "joint_angles": {
    "hip_angle": [
      180.5208322253062,
      177.94255560137896,
      178.01958818169948,
      180.7710884607145,
      183.10949934464813,
      178.64428023015634,
      180.9228831142155,
      178.80133751329657,
      169.03482067270778,
      155.5515570989628,
      140.48530883242225,
      128.66905584465013,
      114.30601537845044,
      105.08539933026994,
      89.8297208436151,
      88.8419466984579,
      88.01839123904237,
      88.77439061491228,
      86.66453651149831,
      91.79591890343981,
      93.55035221251167,
      90.97386117040175,
      101.49925013648883,
      115.82785889599124,
      128.6682403652947,
      141.239822206201,
      155.52029154424494,
      171.03951170000033,
      88.58024132833313,
      101.17868743736327
    ],
    "knee_angle": [
      171.8997359071415,
      179.32295439392774,
      177.6367211919802,
      174.8823337479265,
      174.45038851053104,
      172.2709085779437,
      175.42183302255904,
      181.10858430144847,
      164.58439336166666,
      154.73694024927735,
      135.0735334610654,
      127.0705175413814,
      109.71536131783624,
      95.27878809574652,
      90.71501163163605,
      81.68634764174901,
      89.48371620227293,
      89.48869201593978,
      84.79878782940864,
      88.11931945636618,
      87.61875534932682,
      81.65883187024434,
      99.6089714430555,
      110.04148730201787,
      120.59113117895593,
      132.9501898968034,
      144.909372209068,
      159.72008730936864,
      83.68971511458324,
      95.29005262170233
    ],
    "ankle_angle": [
      94.62857958328789,
      86.21152242881811,
      90.7222305376229,
      91.00574098911079,
      92.39105066207183,
      89.77809759400304,
      89.99602517711968,
      91.01443871028356,
      87.04058758005239,
      85.76103853960126,
      79.32545942198733,
      75.08572181527987,
      76.38358604760282,
      73.47325252890026,
      69.64456164930043,
      69.68967739781468,
      70.83614116995189,
      68.86522949751276,
      71.6778971167918,
      69.32971042404023,
      66.82110193251854,
      73.59790521043809,
      73.24725627617926,
      75.02837240357023,
      77.28318201042212,
      85.16173777993372,
      81.9387862137885,
      87.77816463648101,
      72.89031156267505,
      73.99807889869726
    ],
    "back_angle": [
      12.1313232797264,
      9.015040042192643,
      16.162290563583763,
      14.803054327421519,
      12.314401339429661,
      5.429841016079946,
      15.739069412426469,
      14.442328326736316,
      3.9508666252398923,
      10.003557536301598,
      8.434224708511824,
      12.70963250535332,
      9.62805801176486,
      7.35733356285009,
      8.897919650470214,
      10.308137465398223,
      6.038373264971403,
      13.330148851187632,
      9.709176378278663,
      4.670333360304784,
      13.73293114736535,
      3.4493857438317637,
      13.188671563203444,
      6.889484235396212,
      18.752650559748965,
      7.1319852618224395,
      7.224092185404105,
      12.396159003361511,
      12.469875236596716,
      12.475547522092954
    ],
    "shoulder_angle": [
      45.9892260801188,
      49.324158649675816,
      47.3795742810487,
      46.926409267169106,
      46.39975644735317,
      44.46701003839937,
      46.15468271514932,
      47.00417624061652,
      43.21334465624758,
      45.514502762379884,
      43.72375214237242,
      43.95903205938473,
      44.8539160723209,
      44.78278478670666,
      43.789466051451036,
      46.59952031647502,
      42.572525391119996,
      43.32229899956504,
      44.641601826621304,
      42.90546328315719,
      43.86770792081839,
      44.0753312259104,
      42.84084883079026,
      45.11356677731081,
      45.764004638668865,
      43.89922535467511,
      42.660857714113604,
      46.50007936173022,
      47.125464050104796,
      44.4337361828437
    ]
  },
  "num_frames": 30
}