{
  "exercise_type": "overhead_press",
  "form_score": 68.62408692848254,
  "form_quality": "fair",
  "risk_factors": [
    "moderate_forward_lean",
    "minor_form_deviation"
  ],
  "recommendations": [],
  "joint_angles": {
    "shoulder_angle": [
      92.06394163661179,
      93.99604838764809,
      98.9056164447281,
      108.39531843927256,
      111.12036705163615,
      113.90165097650778,
      124.49405473400354,
      135.5066314517347,
      133.28583158913733,
      142.03530792921742,
      150.22100756095918,
      156.02465676163615,
      164.41497214602916,
      164.76835242352598,
      172.44550192230216,
      180.03343813269012,
      176.17274539747694,
      169.3059770961511,
      160.8397397978092,
      154.82940857105697,
      145.5824614822013,
      146.36675070306052,
      138.34998569845737,
      136.82822511620247,
      125.51805023304378,
      120.12466455468446,
      110.53274301805652,
      106.2423029117035,
      101.44158885464812,
      96.34497288635833
    ],
    "elbow_angle": [
      95.50168088122926,
      101.86093221984731,
      103.86486652488473,
      108.43014676159818,
      116.18223217344237,
      118.98719871258263,
      127.1721312152943,
      134.0835568726797,
      138.91780427884945,
      144.1261436826799,
      150.12057455630926,
      156.707606932052,
      163.9508883866152,
      166.8943820926113,
      176.8977339544841,
      181.47856528534533,
      177.7351409164668,
      165.19292997613252,
      165.77181681504322,
      156.5105201877946,
      151.27888604076503,
      143.24408913734496,
      141.0437345162789,
      128.01124985595388,
      128.2764724522223,
      119.68120356928183,
      111.75955376249745,
      106.66601958474239,
      97.49939506042237,
      97.19161059038221
    ],
    "wrist_angle": [
      180.66961624887864,
      180.1137187458001,
      181.49321014210116,
      178.76559290392882,
      179.72505113938132,
      177.44135028656697,
      181.00303349669014,
      178.1254092266374,
      183.52070132861002,
      182.8968209684696,
      178.9007267544503,
      180.82486363459125,
      181.6564112967697,
      177.94687451988838,
      179.19890271025034,
      178.5333202770281,
      179.99963681304223,
      176.73156176894136,
      174.5399424812049,
      180.67504060200773,
      179.98157210970317,
      181.41720989838612,
      181.93961753775292,
      181.5696653702749,
      175.972170700252,
      181.1512656884472,
      177.88048107214897,
      181.08172421889773,
      181.7468516951068,
      182.3399638245214
    ],
    "back_angle": [
      14.669889482551266,
      5.357367676660978,
      11.158137505261443,
      8.849351426833964,
      11.889220724566323,
      13.341349938326335,
      5.775945744801533,
      10.33738945277721,
      11.811189881023651,
      11.066309997879227,
      15.594730850381646,
      4.751029859214824,
      8.91778412850824,
      14.052474835727562,
      12.0524438875705,
      9.565604530792701,
      2.554855567371494,
      11.298637917238157,
      6.085494546480133,
      10.360656632768347,
      8.287870955552847,
      10.573149741172983,
      8.066131343287548,
      9.03300656478863,
      12.191169414441628,
      14.904322492787944,
      13.05474540043948,
      9.843650739882648,
      7.788546732871688,
      11.082218797339765
    ],
    "hip_angle": [
      175.8115245979513,
      177.92009992364012,
      179.48146472312868,
      180.56062388562282,
      178.83204435232358,
      180.5323065534788,
      180.85333065536415,
      178.0699182155368,
      181.11784551002782,
      179.5881916049758,
      180.48970225082314,
      176.0648042855579,
      183.24714106808403,
      179.20469157169236,
      181.20648166572414,
      183.0430605436631,
      180.587725358526,
      179.09118488679346,
      178.80787449721697,
      180.8297373798458,
      181.36506525040727,
      178.2183941432523,
      178.10959539955297,
      180.64319570686453,
      178.8114428605535,
      181.4138345766034,
      183.04888884346016,
      178.29118885791593,
      182.4039345893401,
      181.48006434209142
    ]
  },
  "num_frames": 30
}