{
  "exercise_type": "lunge",
  "form_score": 77.86767597047351,
  "form_quality": "good",
  "risk_factors": [],
  "recommendations": [],
  "joint_angles": {
    "hip_angle_front": [
      180.45928634962178,
      181.95778447882532,
      184.92105367810896,
      177.86325846633693,
      177.76580362048713,
      175.6682861854346,
      180.43424918206523,
      179.88080231250808,
      169.04210240484468,
      157.1663440747665,
      143.05025145540415,
      127.74323509398737,
      112.96740828243202,
      103.79303634743074,
      88.38195948196424,
      88.03661572961359,
      90.45318446570728,
      89.14153287142837,
      89.91611453399798,
      92.28431095630263,
      88.97245901017546,
      87.19148841058947,
      101.28304800509015,
      116.05729030271284,
      129.32924708163767,
      143.47079724235977,
      153.27410439693855,
      166.90303294024562,
      91.89816186895966,
      101.0849499686754
    ],
    "knee_angle_front": [
      181.72420997794663,
      180.25502715733634,
      185.36171323638263,
      179.80258145500636,
      179.09601441009954,
      181.1254080381557,
      177.44219066094524,
      181.0708493164694,
      164.9186956270531,
      150.64688848514768,
      140.13981258597056,
      130.59861463110565,
      114.97281233454729,
      103.77652346391953,
      91.6193292617467,
      90.47938884402951,
      88.21298374466126,
      87.6103871025846,
      90.0405328361688,
      91.59718917506837,
      86.14773316377587,
      86.74154188864814,
      101.90861450590246,
      114.06695578179131,
      126.0715239346322,
      140.10525358268123,
      150.6478158942459,
      164.72209997160323,
      88.58007295139426,
      101.3473312104961
    ],
    "hip_angle_back": [
      179.97372665724447,
      182.99541179320568,
      181.56007762440385,
      180.19579450201223,
      176.4785444993082,
      180.066778242876,
      181.33829134397376,
      180.68278007510082,
      177.9580146413363,
      182.89363607692462,
      178.03320060856507,
      179.27370872398646,
      178.52229588703045,
      178.19772042962202,
      179.97438511328275,
      180.0119467002702,
      179.73404810971888,
      177.41928055901505,
      176.9028706245657,
      180.95302506838016,
      177.25985656284496,
      181.01474286540474,
      178.29993956469528,
      177.8601115253799,
      178.80521068375054,
      178.14683248667555,
      177.06856335488345,
      178.54808808481047,
      183.9438565340153,
      181.39730708105694
    ],
    "knee_angle_back": [
      177.4147630293388,
      179.8917577719089,
      181.56460639574655,
      179.05389739562295,
      181.4438573189542,
      178.6475144163856,
      179.98094352454055,
      185.87970743376405,
      164.53970582782955,
      157.50664838863491,
      141.31255275359575,
      129.72622591365604,
      116.282862652817,
      102.65442819740595,
      89.08381037901073,
      90.89021544553921,
      89.94892303910798,
      91.47210470616125,
      88.82928395940566,
      89.99731549363564,
      93.29850272873226,
      93.3091659876834,
      99.63846855872791,
      118.18516034249129,
      129.03000489996776,
      144.86950642244918,
      153.82046232930486,
      166.48419198909718,
      92.40372762355052,
      104.37580156650498
    ],
    "back_angle": [
      -0.6828485859030403,
      2.768024139041097,
      -2.0602263585014167,
      2.4049859614022946,
      0.37524839006655514,
      0.04750546255539956,
      0.07331102713505828,
      3.8291508634041036,
      0.9958171782566078,
      1.888316039906133,
      3.6206426690358,
      -2.116518320473434,
      -0.35233484957175903,
      -1.1199168891772482,
      0.4749705021846081,
      -2.6938133248481915,
      -1.9498601181678392,
      1.1050555689873145,
      -1.080731907452578,
      0.538873125648071,
      1.5931963344233664,
      -2.030881864300448,
      -2.7474474634703245,
      -1.6047238401446875,
      3.313027888082349,
      -3.5781987023979145,
      -1.068935678823271,
      1.4031077374832985,
      -2.2512714676423684,
      -2.312600726572541
    ]
  },
  "num_frames": 30
}