{
  "exercise_type": "overhead_press",
  "form_score": 44.960939844354556,
  "form_quality": "poor",
  "risk_factors": [
    "excessive_forward_lean",
    "knee_valgus",
    "insufficient_depth"
  ],
  "recommendations": [
    "Keep your chest up and maintain a neutral spine",
    "Push your knees outward to prevent inward collapse",
    "Descend until thighs are parallel to the ground"
  ],
  "joint_angles": {
    "shoulder_angle": [
      90.08849317093747,
      93.83287593706417,
      99.90005737141155,
      111.44898695051656,
      116.65122387326475,
      119.12425070550051,
      124.02649354507919,
      135.38158515064487,
      137.14839540530244,
      149.11487438906974,
      155.59045255070714,
      152.43668897749538,
      160.24746278609027,
      169.47515891461356,
      178.23035733842153,
      175.5011736597865,
      176.54885324094514,
      167.72774665083992,
      157.98985908398527,
      155.0030038249986,
      151.79549175672122,
      143.62969877085624,
      137.28155006735994,
      130.74912473931494,
      128.76304072224647,
      119.573713244296,
      111.94097957334492,
      109.93991730400445,
      104.35637710292919,
      96.5758732050608
    ],
    "elbow_angle": [
      89.54362460071165,
      94.1855152546633,
      100.51365435974165,
      106.76102505398924,
      113.790554162623,
      119.93739048951102,
      126.87971528740988,
      132.11914230502495,
      137.71296607897582,
      147.86669487108412,
      151.17130839526604,
      156.7033787315133,
      157.59060825180342,
      168.0858965611252,
      171.93332378553242,
      177.70005123102678,
      174.3090577312969,
      170.39447125913037,
      163.95538243832706,
      155.1841556700957,
      145.99600388405233,
      144.35603622876613,
      137.1858868897553,
      132.96566764689993,
      125.67934304277965,
      121.40082339668973,
      112.96638525560755,
      110.68236724099572,
      101.22441990219073,
      94.43788041258114
    ],
    "wrist_angle": [
      180.68577787969284,
      179.20370079648072,
      180.98979129128966,
      181.93516173527382,
      181.50294053230712,
      178.38165544395514,
      184.32787307476798,
      181.03344614563701,
      184.3733782984789,
      182.2093012726547,
      179.20502177036346,
      182.49722186787636,
      181.68756577433217,
      179.7675980350521,
      181.56938309102108,
      178.78402522833633,
      177.6772441520811,
      174.93171941717807,
      179.90702111000004,
      176.04813852740472,
      177.86214488167792,
      178.8945321715411,
      181.47466358763887,
      180.5724713853187,
      178.76868230006494,
      179.39610227731345,
      180.0650813222523,
      181.45581155096733,
      181.80842661078248,
      180.4852141900303
    ],
    "back_angle": [
      28.67088927008024,
      18.180723353528904,
      25.453023321734022,
      27.117385974229485,
      21.483597942896548,
      21.790656108706145,
      25.97913077857929,
      18.80650063043622,
      13.327776314250414,
      21.35520601032585,
      20.150884892659395,
      17.384255903976864,
      25.003480416679338,
      25.476610708948037,
      16.986688994532138,
      12.725393100984151,
      22.723895590000023,
      21.268928724327882,
      22.52515220777676,
      19.709915816140914,
      17.98748239561256,
      29.442073912708064,
      26.14713013863339,
      21.845471796370035,
      16.559038859842644,
      29.996107004764195,
      18.020124599061745,
      19.800354756443614,
      25.240196521133782,
      19.547058489919436
    ],
    "hip_angle": [
      175.47851246850095,
      180.59287057841127,
      179.66717533933922,
      181.9240656320843,
      179.1581675907049,
      179.59913304259257,
      182.3942262537529,
      178.8604202820805,
      178.89683243818752,
      177.7857391730046,
      177.7572519030575,
      180.26756049773775,
      182.86722613540618,
      179.8806742158128,
      185.81151361805803,
      179.74724236493265,
      178.33796755949317,
      180.5647671703571,
      179.96735162425358,
      179.9765066937162,
      179.22234635162536,
      178.97025427192654,
      186.0489675976702,
      174.57664985770228,
      178.3728130781109,
      180.1609123495458,
      179.30610295008492,
      180.88402811766687,
      183.97597351209782,
      181.30964838955705
    ]
  },
  "num_frames": 30
}