{
  "exercise_type": "squat",
  "form_score": 80.48261437410221,
  "form_quality": "good",
  "risk_factors": [],
  "recommendations": [],
  "joint_angles": {
    "hip_angle": [
      179.22122896560893,
      177.0084773224128,
      181.03503647699205,
      180.33219548751538,
      179.57013689295732,
      178.7947969331805,
      182.62222252704177,
      181.14442968122455,
      168.56031051308457,
      155.50179993179114,
      140.3196236383373,
      128.20238933592913,
      114.37764380916191,
      103.23825951825506,
      89.49293412550931,
      87.71071260088532,
      87.93631676438224,
      86.06995232256185,
      90.52483812794632,
      87.8710086713416,
      88.95881845472016,
      92.33501053329792,
      98.71207031609246,
      116.67897501293044,
      129.18833511364807,
      141.19333189500696,
      151.39616687071782,
      166.29823921175048,
      90.86972372028008,
      103.18105858163949
    ],
    "knee_angle": [
      178.4462409260873,
      180.68393847479084,
      181.01819544671378,
      178.3778693614743,
      181.0906187032586,
      177.78243223513599,
      179.8380172625108,
      179.31622167460705,
      166.10082050595855,
      156.6905762424494,
      141.37636024183138,
      128.55284409118408,
      115.95687034864841,
      102.87748918788577,
      90.07497284284631,
      86.13875295810868,
      92.98552604492824,
      91.23390947225377,
      88.48807161931802,
      92.81077595203891,
      90.60233457338389,
      90.41533097148282,
      103.8824265991963,
      112.91805072703403,
      127.81379700514404,
      141.26639327169372,
      155.68939373502616,
      168.9710480245342,
      87.68381975997212,
      102.83997461959471
    ],
    "ankle_angle": [
      89.05302557368987,
      88.79027110873379,
      90.12948744863672,
      90.53380911624498,
      90.66830029261031,
      90.26977137913528,
      92.05617850796324,
      91.82859903972589,
      87.76298079386137,
      86.01299857462169,
      82.10077660832006,
      75.0740962076925,
      71.72639182681564,
      71.54946824966699,
      71.44156909028,
      71.52854397002218,
      70.62599536092722,
      70.91251847788189,
      70.41109306552954,
      70.47231653420617,
      66.13886896347633,
      71.81980896135795,
      74.81970299321165,
      78.76386891752198,
      78.6939826321455,
      82.52063568906648,
      85.24426388244072,
      85.66717986037192,
      69.74890722814114,
      73.13050200551586
    ],
    "back_angle": [
      0.38248255555799404,
      -0.09591011995086829,
      2.3015519999095915,
      1.7314799395885545,
      5.041532671883546,
      0.4794694540030128,
      7.112343365112512,
      4.208580191693073,
      3.0677911198951127,
      4.393049819721046,
      4.6496852767275865,
      1.0652124164649575,
      4.389525520383099,
      4.80176975061424,
      0.10834148673373578,
      4.033329118556279,
      -0.6505031478165941,
      0.1907489449387465,
      4.055783852886428,
      -2.664133712808013,
      3.611962887428329,
      3.301051795774482,
      6.691287051015167,
      1.7605318782857498,
      -1.0288816533646468,
      -0.2173390986787438,
      -1.114827137157182,
      2.839370480048209,
      -1.2918740150744945,
      4.217789315205566
    ],
    "shoulder_angle": [
      45.37378479535261,
      44.47025060231506,
      43.667711331577514,
      43.10876331268075,
      47.29912147837482,
      39.85009073799218,
      46.242455294417276,
      47.78981821215275,
      43.55443798624575,
      44.61984724595369,
      42.5581583333351,
      45.55398236285764,
      45.00540658714538,
      44.10631146982267,
      45.70944343192545,
      44.876559318150214,
      43.70200144082507,
      45.68847650510511,
      47.66946003501029,
      44.84416632122682,
      43.92832887749344,
      41.92397833720047,
      43.378153577321875,
      47.3849791469533,
      43.93806977733618,
      45.35530197444545,
      47.006990242691955,
      46.58693303145349,
      45.449589123625955,
      45.759386791208264
    ]
  },
  "num_frames": 30
}