{
  "exercise_type": "overhead_press",
  "form_score": 99.84673403912588,
  "form_quality": "excellent",
  "risk_factors": [],
  "recommendations": [],
  "joint_angles": {
    "shoulder_angle": [
      90.54622626422787,
      95.5069287975177,
      104.18302424421915,
      108.77303179905566,
      111.91730002457875,
      119.8855260260582,
      128.26595292697758,
      132.90391377585598,
      135.72667488675634,
      143.3687009592209,
      150.36760835105687,
      157.57279643383194,
      164.62059069194137,
      165.4396141689455,
      175.82957187971047,
      180.87639268731385,
      177.4008672655547,
      167.01264182895423,
      159.6561309673382,
      158.18615913136603,
      150.90618485452075,
      144.58343542536204,
      137.87909113286526,
      129.42081366126862,
      130.9598537632686,
      115.68161523925117,
      109.91905632062559,
      108.59916736232464,
      99.82366421062196,
      93.40180266205233
    ],
    "elbow_angle": [
      91.49558971778005,
      94.9027508031072,
      106.86583927975082,
      110.65085240782007,
      116.46505312102235,
      119.8335853959444,
      125.89422617033935,
      135.17947381221856,
      134.79003532568953,
      145.49792480157257,
      152.0986766407301,
      157.15299912656337,
      166.16996162868946,
      169.30508916296182,
      170.42201513898706,
      180.46111562786297,
      174.03440999869287,
      166.68544533186056,
      159.31253753179024,
      158.91694751392097,
      150.17936493604228,
      147.03948439490654,
      137.98434120181045,
      135.36792707085496,
      126.3395446443593,
      117.46199769588024,
      113.84224052975503,
      107.01338489472423,
      100.49497098026481,
      95.49886356025644
    ],
    "wrist_angle": [
      179.25811025361247,
      178.77598543796452,
      180.02241525455128,
      178.04553437673073,
      179.0873429083379,
      183.2593272036424,
      180.0607081760738,
      179.76084635239573,
      183.581214532279,
      179.35901257386504,
      178.54798961555778,
      180.37800095323772,
      178.41841895233821,
      178.63464821325869,
      184.49063971254319,
      181.56638893332357,
      181.29179354987014,
      181.133128392334,
      179.81991599901198,
      178.51199131467396,
      177.74427597952953,
      179.57010758994812,
      182.0582694550899,
      181.60221055292374,
      181.21832576564523,
      175.65405945391242,
      182.3977957132977,
      182.5073593869178,
      176.99887819503164,
      180.6802263443114
    ],
    "back_angle": [
      0.34660180695133086,
      0.6476098418826097,
      0.332310844956777,
      -1.9364819089820018,
      0.1662975602222838,
      0.1923558825737494,
      2.1464889492764185,
      -0.7771947489186146,
      0.4791713777687166,
      -2.1205338417618567,
      -2.0816189865345276,
      0.9424376625072991,
      0.4887922209528138,
      -1.9977308019595645,
      -1.316131467930742,
      -2.1470088112153247,
      2.8666825328861996,
      1.1267597396808327,
      0.032202663235262476,
      1.7052085404995565,
      -1.2997849605698089,
      1.1357457658541372,
      6.136385229661739,
      2.129721075104579,
      2.927218722890221,
      0.22563222450978646,
      0.33359888166495927,
      -2.2793533535635238,
      0.8455067838365043,
      0.7629272993662497
    ],
    "hip_angle": [
      179.03418399665895,
      179.1604490602233,
      180.02227346345356,
      179.1559473672614,
      180.84398716248498,
      178.07777794082259,
      180.3313295195601,
      178.16927920643198,
      179.6468920918957,
      178.93781480917994,
      179.01830434115362,
      179.56019114271794,
      175.86186768423573,
      182.37089298350287,
      179.0596444184729,
      182.72044306966984,
      182.71714214130787,
      184.1260020827427,
      180.024571883036,
      183.64045548105815,
      179.89260910863018,
      183.2940155636945,
      181.44904417184975,
      178.8945431616088,
      181.41668130360563,
      178.2499493452112,
      178.8945420039291,
      177.6573382571758,
      178.32976897855008,
      177.9015679484329
    ]
  },
  "num_frames": 30
}