{
  "exercise_type": "bench_press",
  "form_score": 76.49560921903749,
  "form_quality": "good",
  "risk_factors": [],
  "recommendations": [],
  "joint_angles": {
    "shoulder_angle": [
      88.1059701479311,
      89.0929885477614,
      91.77088255150933,
      91.03044732117436,
      94.82403331580936,
      91.00537706033467,
      91.8420406544881,
      92.47907228639151,
      88.42362078329963,
      88.53043552682203,
      92.60516427002041,
      87.68004283336228,
      87.80596012341117,
      89.83562402376744,
      88.86890181483601,
      90.21779005350827,
      86.93729960925988,
      86.46455342014958,
      88.14020614906612,
      89.55400224129018,
      90.09851086663116,
      90.1990096691022,
      89.17487478789927,
      92.87696299475459,
      89.49991589357823,
      93.14650099146806,
      88.04865358027742,
      92.793760045086,
      92.18196431838507,
      96.60904680123953
    ],
    "elbow_angle": [
      91.03444051016973,
      86.97976046526763,
      82.75152040980376,
      80.82377700301467,
      79.81689475920297,
      71.53401476646387,
      69.68640316727121,
      70.905868048267,
      66.27386783158575,
      62.86263213433663,
      60.88685637576225,
      57.7980063340857,
      51.65580824374793,
      50.85992098605337,
      45.36929530862704,
      48.23764290987954,
      44.97954262752698,
      51.00836612695931,
      53.18473045442735,
      57.209041659333074,
      62.27271213634732,
      62.90184360444626,
      63.624318382269095,
      68.67513412743277,
      72.31813118518511,
      76.92946053318833,
      79.96144065048462,
      79.76642492321459,
      85.50661345715314,
      85.66760090244917
    ],
    "wrist_angle": [
      180.3872369373677,
      180.56798783331388,
      181.7474430672268,
      181.38553513201987,
      178.84254431152286,
      182.34619273916033,
      180.95203479609773,
      180.57869336688475,
      182.76487569820222,
      180.9239338216571,
      179.79008250765892,
      177.86277300889296,
      176.0219666120548,
      178.66689583659422,
      185.23302996386988,
      180.5382294890747,
      182.95407896757308,
      180.3724923451457,
      180.8341886689919,
      182.9359966158071,
      177.8697616833496,
      181.09916783127503,
      178.059623463686,
      179.20014544300435,
      182.14894233721282,
      176.35490598443377,
      178.91347598585565,
      179.64085547294275,
      181.05620316169822,
      181.4233280438378
    ],
    "back_angle": [
      0.5898412879669311,
      -0.3953135297766814,
      -0.6634886411537394,
      3.208908777350717,
      -2.1056763092252013,
      0.08127047304742915,
      -0.42083269266557843,
      1.9590060561536136,
      -0.15910173618962503,
      -1.6158585668846148,
      0.37252934318945213,
      -2.565178001653344,
      -0.9548840868578906,
      1.9769603598942083,
      1.154614209971534,
      3.0424840960715827,
      0.05836368353156545,
      -1.1791391979859012,
      -1.9560593104511885,
      -2.6131556930671445,
      -2.3284643450798335,
      -0.5867030206256179,
      -0.03496880347489008,
      -0.7808118832741001,
      1.0872340302301826,
      1.9273486080976976,
      1.0516525857399797,
      -2.7564067746637955,
      2.577853803754406,
      0.6468716468509748
    ],
    "hip_angle": [
      88.1823578181599,
      89.60743794456374,
      88.28863955061416,
      90.00001677201648,
      89.92680749851367,
      86.74622645257543,
      89.33373729339755,
      90.35209969553006,
      88.43811292406605,
      94.7894221820504,
      91.85989576113595,
      90.87445357999604,
      89.56561920136781,
      95.0774288241419,
      89.78370445078495,
      91.58107054543271,
      92.69602213514628,
      89.96784582499906,
      89.90497241640126,
      90.96426861794471,
      89.34347195809578,
      93.85135657428881,
      88.04623115765001,
      89.96980009272234,
      90.93981775972995,
      92.4267846411933,
      88.37896262628685,
      94.62339614944626,
      94.44810610885078,
      91.29769366136519
    ]
  },
  "num_frames": 30
}