{
  "exercise_type": "lunge",
  "form_score": 93.93394502997336,
  "form_quality": "excellent",
  "risk_factors": [],
  "recommendations": [],
  "joint_angles": {
    "hip_angle_front": [
      181.29349157518268,
      179.82822517317854,
      180.12664014981723,
      180.26761224756163,
      181.8663733701789,
      178.95879649887067,
      180.67550616860487,
      177.05935981618285,
      167.1187191791673,
      152.42846494102773,
      142.7089542637428,
      128.36682391683667,
      116.60778023575845,
      105.70713788449369,
      93.48776006928401,
      91.79955507419308,
      88.29781892819862,
      88.80873386881895,
      88.5357572652302,
      90.40039414108303,
      89.62570920652261,
      87.92559762849348,
      104.55447938127398,
      115.70591169723704,
      127.18451432037118,
      141.72393470347237,
      155.43700993068217,
      168.24635237686203,
      87.52051336753149,
      102.66997692018296
    ],
    "knee_angle_front": [
      180.8091363302519,
      178.8065510259388,
      175.64593714229744,
      178.93290183014182,
      178.0170872967867,
      179.79257735687813,
      179.45180665813402,
      181.24753822964564,
      167.6117112392782,
      153.8233151388062,
      139.13022974852117,
      130.78166960989594,
      117.62623346572356,
      102.36275355901455,
      86.17186663046782,
      89.26040456786781,
      88.90500067236493,
      91.35986508420876,
      87.54085413961448,
      92.35875668297132,
      91.8698047194843,
      86.60591004567057,
      104.37488129161508,
      113.94128279581741,
      129.45623097635388,
      141.31579297448914,
      156.12109122445304,
      166.47111267137277,
      90.86988170825195,
      102.24206715103946
    ],
    "hip_angle_back": [
      181.2303943617139,
      179.41742992707867,
      181.68438325665772,
      182.64857906207635,
      181.9041929762928,
      179.46020789877804,
      177.926508991448,
      181.12875595645525,
      176.96244623284755,
      180.2779260124479,
      176.8192945265759,
      178.0832989475431,
      177.02709328075446,
      183.10002742460634,
      179.32788450146492,
      181.99765410033027,
      181.83762202793625,
      178.5848534918611,
      179.83928925486103,
      182.3339609199119,
      181.6647519099882,
      179.63689659163123,
      182.85248799218374,
      179.94102490149714,
      177.62640672268938,
      180.76781515671826,
      179.9268707675439,
      179.95633673377785,
      179.66522291076026,
      179.88105425240894
    ],
    "knee_angle_back": [
      177.92305182931895,
      181.5562285623028,
      178.09307914467064,
      183.7282979935477,
      178.0969411178854,
      182.3688153875012,
      180.42025901927582,
      180.54831781831456,
      165.9363250260941,
      150.56430200574158,
      139.8191514646836,
      127.0901348328355,
      116.35553617935489,
      102.98298593172672,
      88.81226288363659,
      89.09391941103067,
      86.42457358714229,
      89.4023490633689,
      88.37543354918313,
      90.75061514628378,
      88.17279778834582,
      89.106716819617,
      105.40781033999333,
      115.85994336669297,
      124.4221064352756,
      142.89908723164072,
      151.62558277496072,
      167.34963693766812,
      93.19126604074047,
      103.80678742074167
    ],
    "back_angle": [
      0.7319805659306554,
      2.023666057316118,
      -0.4325686468121096,
      0.7885122771173586,
      2.3704268625503975,
      0.30782035731295476,
      1.5339944153975826,
      0.618357521202692,
      -0.030236082842886532,
      -3.719481368172377,
      -1.6642120734723393,
      -3.321138176793563,
      3.3690499214619494,
      0.7773457492635432,
      1.990329756670222,
      -1.541048753226435,
      -0.030403939107908635,
      -3.036515967737453,
      -1.3249900483934391,
      -0.6851472991184812,
      -1.376220453673365,
      -0.6000312810509669,
      1.4671191347790329,
      -1.1451443121415732,
      2.8104196906461008,
      2.415699726813014,
      -1.7937373207923935,
      -3.048150237466282,
      0.6067856888477317,
      1.5342559589874387
    ]
  },
  "num_frames": 30
}