{
  "exercise_type": "squat",
  "form_score": 30.651488734095288,
  "form_quality": "poor",
  "risk_factors": [
    "excessive_forward_lean",
    "knee_valgus",
    "insufficient_depth"
  ],
  "recommendations": [
    "Keep your chest up and maintain a neutral spine",
    "Push your knees outward to prevent inward collapse",
    "Descend until thighs are parallel to the ground"
  ],
  "joint_angles": {
    "hip_angle": [
      178.42911762550054,
      180.19622238297143,
      180.05757615460485,
      180.40780624947172,
      179.4308585862326,
      182.32459696693036,
      177.71766097464115,
      179.88612050099826,
      164.90961695216205,
      153.50736936213974,
      141.97690560651495,
      126.60552625806584,
      115.53511933682417,
      101.88231483705748,
      88.45280792980176,
      89.91361831924176,
      93.7157933448028,
      89.2366287960128,
      88.43614960387069,
      91.12474612203978,
      89.918415978563,
      90.18286685594347,
      103.46436492761211,
      109.79627917704465,
      129.4711648611014,
      143.81457346688626,
      150.48260429905076,
      165.4815464810379,
      89.8130190528694,
      100.21175681659241
    ],
    "knee_angle": [
      173.9571995179802,
      170.35763304804075,
      171.32176836399407,
      168.1455418758226,
      169.2878696021021,
      168.11074950054766,
      168.37796567483062,
      166.17818739773315,
      156.6918761785417,
      151.49266765230212,
      137.71179223041713,
      118.87079496324151,
      105.12642578350781,
      92.1317792150146,
      82.12552571379813,
      82.39069160163291,
      79.257191455552,
      85.42690461460177,
      83.22591097376933,
      78.6115491328734,
      83.18290810593065,
      79.69807817132735,
      91.13067665258623,
      107.53064321766078,
      115.4415533349956,
      128.18993605294057,
      142.92464472178597,
      158.7741834213106,
      77.00854272964676,
      92.4800391085704
    ],
    "ankle_angle": [
      91.88904996415229,
      87.50343729524704,
      88.93157536113131,
      90.40433683521854,
      90.62080711509398,
      92.0803482301468,
      90.8995149477109,
      89.88562420699445,
      86.727399534792,
      82.7896842562577,
      81.6449011022712,
      76.85251545082029,
      74.10812143614088,
      72.66239614950254,
      71.15002659050361,
      68.70441021806789,
      69.80663695133983,
      72.89242078487125,
      68.44849062635478,
      72.39182894943337,
      73.16929334512528,
      71.55581132301664,
      74.96680661461677,
      79.21596894355311,
      79.51711234424779,
      80.44510131946126,
      84.43934250765996,
      88.94355991810075,
      70.25141628400287,
      75.179479556996
    ],
    "back_angle": [
      12.262627964760062,
      16.95966736227031,
      26.9455550926482,
      10.569031351548231,
      20.044132010716474,
      20.06412283782839,
      27.20273712733849,
      12.787256711224712,
      18.07530791840827,
      26.3536644096765,
      17.9071999775759,
      22.9996562155334,
      15.267201845456855,
      15.034684582887275,
      13.734402515024346,
      10.940504010159003,
      7.581768557572647,
      27.952624273131594,
      20.612926494117588,
      24.475104379509073,
      24.303985485790406,
      17.109347633266612,
      11.086771325878775,
      24.32691687013051,
      9.127625512349386,
      25.417887021385717,
      19.045350781878305,
      25.393383546105284,
      30.332789385046457,
      18.443333209020878
    ],
    "shoulder_angle": [
      47.04109504868267,
      45.200392909204865,
      45.043174716019635,
      44.26669375975736,
      48.98774021554863,
      41.28140134023709,
      44.871276601245064,
      43.11994716085448,
      45.77898498860213,
      46.1355928690218,
      45.512536824993155,
      47.088989057590325,
      43.96831528109136,
      47.75646469360603,
      44.08769416995662,
      44.80846325512401,
      39.732487601624086,
      41.84269884067566,
      44.76031235153574,
      44.55370375236362,
      44.929069760475315,
      44.947761879728176,
      42.71747416149664,
      44.19059852022069,
      46.87754467624081,
      44.3114450716855,
      44.003641840316995,
      45.0538382741282,
      45.3187328485587,
      47.70667550139058
    ]
  },
  "num_frames": 30
}