{
  "exercise_type": "lunge",
  "form_score": 94.13261023387041,
  "form_quality": "excellent",
  "risk_factors": [],
  "recommendations": [],
  "joint_angles": {
    "hip_angle_front": [
      181.14313022200218,
      179.4418867186603,
      178.44314775477838,
      181.0766979461427,
      181.72526444858926,
      179.71869480682645,
      181.06367157898717,
      179.95294356288198,
      166.91625342980328,
      155.90454982028257,
      144.0781007347798,
      130.4442478851132,
      113.8848776820535,
      106.87190210442559,
      91.3124839251067,
      87.33867455552938,
      89.47904790668817,
      90.17410172637537,
      87.86754967753858,
      88.99910820792958,
      89.59373754226992,
      89.76362078351718,
      100.59781321169216,
      117.94701831735182,
      131.369894901254,
      140.19242162185517,
      154.9152961066775,
      166.1388178388905,
      90.18414357601132,
      102.57911510576751
    ],
    "knee_angle_front": [
      182.71110975050604,
      180.0694064957815,
      181.6452724700801,
      174.3993021233063,
      176.7991348069635,
      178.60262380704418,
      182.07443548860718,
      180.39093072519063,
      171.53415941788435,
      155.6795638806732,
      144.19547992799403,
      129.88224444928085,
      114.38989967532568,
      101.02182909266894,
      86.01511340402227,
      91.22175891118707,
      91.12646634349692,
      90.95559756482045,
      86.92932150692951,
      86.32603829230933,
      92.16391964734704,
      90.81723013843727,
      105.66161592844051,
      114.63988217315375,
      127.95534903476738,
      141.9424259218694,
      150.30964444957334,
      164.62707969873568,
      89.62147250539441,
      97.71167376492696
    ],
    "hip_angle_back": [
      177.676177337058,
      181.47988258171924,
      179.65727025699346,
      182.02479365135153,
      177.86127417133213,
      182.2959843558503,
      179.2575605533663,
      181.48065854868472,
      183.3338001379867,
      182.67582661926488,
      179.95432319064955,
      184.44633520818044,
      174.95930820808036,
      179.64877119823302,
      179.15413087144884,
      179.77798227426345,
      178.981822352635,
      178.80406499698717,
      182.41720598505913,
      178.79228970335214,
      180.5978604688059,
      179.68120239878195,
      177.63588868478382,
      182.45029536948334,
      180.82254841297046,
      181.81572204178494,
      181.27115443688334,
      180.45073866413844,
      181.48656606429466,
      180.64652355439713
    ],
    "knee_angle_back": [
      175.15130756120334,
      180.3530138150096,
      181.69101814173462,
      184.2192760026735,
      179.18595895975378,
      177.64365279151627,
      179.88787958795504,
      181.55416636449849,
      169.0501363648128,
      154.49537344328965,
      141.50343271137058,
      127.60624062330314,
      116.30745623880378,
      103.01000823508639,
      91.95269619308687,
      90.59816369684688,
      89.27460619065641,
      92.29995382314269,
      90.43031961698954,
      93.40400631407985,
      87.22447510445292,
      90.28530540778783,
      101.75675727770813,
      113.33718072487137,
      130.95612303469943,
      140.78437237234752,
      152.2530212788612,
      168.30578766982828,
      87.82743264442901,
      101.69194553896016
    ],
    "back_angle": [
      0.4253899928365962,
      -0.9548616400481428,
      2.6123334402747322,
      3.6734317236749736,
      -0.5741271130036284,
      1.571364326113004,
      -1.2162129139706626,
      -1.2884152441433097,
      4.292163398076952,
      1.8313202468557828,
      1.8634121047671306,
      0.3237488932492978,
      -0.7295890363337969,
      0.5249380720507997,
      -2.0780548849395086,
      0.1251216070421258,
      -2.574044945754308,
      1.2656408561968198,
      2.137233553453533,
      -1.3014220076216882,
      0.9905656684557793,
      0.8957989197715522,
      0.5319421858287672,
      2.9060868806067055,
      0.8756582066634607,
      -3.342907426808569,
      1.8615321323809142,
      0.4141519926833115,
      1.0640348920737248,
      -1.8049042022116968
    ]
  },
  "num_frames": 30
}