{
  "exercise_type": "deadlift",
  "form_score": 72.4253830363149,
  "form_quality": "fair",
  "risk_factors": [
    "moderate_forward_lean",
    "minor_form_deviation"
  ],
  "recommendations": [],
  "joint_angles": {
    "hip_angle": [
      48.026897191148194,
      47.979235157651864,
      47.91022909999252,
      45.29454807559078,
      45.20716444541516,
      41.320894910642075,
      46.39559007475059,
      45.05789378492413,
      45.67263414363062,
      47.51392095774621,
      48.9479201946762,
      58.92096949809199,
      73.92324656324026,
      83.9040368760583,
      100.40591453469597,
      113.79760180888171,
      127.14250409878902,
      142.8529988363865,
      152.45305560678588,
      167.4195776177151,
      181.5329242828431,
      166.70555336210137,
      153.25832288191785,
      140.9259731742065,
      128.98719548458956,
      114.2697436309087,
      100.71007729649074,
      85.05766297687116,
      74.11443512704356,
      57.71375044193387
    ],
    "knee_angle": [
      90.14528492587664,
      90.42265590207793,
      89.43039447187651,
      88.21811304856028,
      87.32467675139905,
      89.30502534735264,
      91.73241102307232,
      88.39254615197638,
      90.73441002287885,
      93.3626401977969,
      90.26576189069081,
      99.65723110618617,
      106.06385375603693,
      115.35370013652862,
      125.42085371632808,
      134.3033393918233,
      142.7897144855717,
      152.29735650774433,
      161.38966031092755,
      174.56851674093002,
      182.2223136616595,
      167.22161176353163,
      159.27274914873755,
      152.28864963153694,
      144.34419808748234,
      134.49471049667474,
      127.5754319808268,
      114.9210307769286,
      110.2818353668874,
      98.76200097155265
    ],
    "ankle_angle": [
      92.2609715400809,
      89.37440867838434,
      89.84630236801817,
      91.67855281289951,
      87.74690226496598,
      89.3972021119584,
      93.08836351864814,
      89.10225485869702,
      89.89183264269512,
      87.07293663505868,
      93.39020354223,
      89.43023376954393,
      91.44469521226016,
      91.94004130103461,
      92.12785733702233,
      88.7994718980809,
      91.54457457121205,
      91.53677283703237,
      89.18135972470125,
      90.47253727453906,
      90.44669154438867,
      90.22277580344829,
      92.13295946338454,
      89.6253036720064,
      89.55542893099538,
      90.55245658787662,
      89.1120250487365,
      91.88749641840938,
      88.47830571857529,
      89.93536049282966
    ],
    "back_angle": [
      16.141978972282562,
      10.903402079035146,
      15.517933886692536,
      18.891222335116236,
      17.44007175325311,
      13.822897940779635,
      10.132231116654138,
      17.72666428211523,
      8.795967679391545,
      17.761693292491262,
      17.799801374180714,
      14.987851072939595,
      20.03972365721291,
      9.884015030433575,
      16.85433733673464,
      14.471507775247643,
      9.45906169874539,
      22.217355974549594,
      13.403729607833462,
      17.531959473151915,
      19.705325986006688,
      15.582426829224005,
      11.855496256977014,
      17.304744331930298,
      15.793737254822414,
      17.555119330107082,
      15.085222759958594,
      12.345214335031786,
      11.066011128504073,
      15.772978158388826
    ],
    "shoulder_angle": [
      90.6517282694692,
      89.16025683878065,
      90.19763915626584,
      90.47335665235752,
      85.87832000348915,
      90.42810351395742,
      94.40215846091301,
      92.49487846814966,
      90.31657186815798,
      91.00700918615635,
      94.21200385532141,
      91.44642821869463,
      89.26638705540904,
      90.9336825326233,
      87.68220498668981,
      89.7854462437343,
      90.27762789826339,
      90.26383415899947,
      91.97171051603559,
      88.45415472237671,
      91.05506265037343,
      91.15673982231851,
      87.39047990820184,
      92.22657270071718,
      89.22779380809584,
      88.6940627654034,
      93.58614414499442,
      90.41909782294182,
      92.27454704927163,
      90.40447099060489
    ]
  },
  "num_frames": 30
}