{
  "exercise_type": "squat",
  "form_score": 87.46757006374527,
  "form_quality": "good",
  "risk_factors": [],
  "recommendations": [],
  "joint_angles": {
    "hip_angle": [
      179.7226657984402,
      179.91562333467857,
      178.3653008674844,
      178.60515583291198,
      178.6106832339652,
      183.0062947625559,
      183.76049230593833,
      179.2314955759776,
      167.75578977369887,
      156.61682716347556,
      142.373737638251,
      128.49217755180487,
      114.30040839059043,
      101.07808836909034,
      92.93800609075929,
      89.75306573367489,
      90.618239025093,
      88.91785602439826,
      88.35869254397855,
      94.13418222428136,
      89.57232717196834,
      94.46911839479775,
      103.49395037895306,
      115.50055645477616,
      131.37933569443015,
      141.30961345369232,
      154.06712263892717,
      169.4136419305212,
      90.27815104439823,
      100.287765468763
    ],
    "knee_angle": [
      177.50149350808664,
      183.05745880708744,
      182.10702648153742,
      179.3244273525747,
      176.64338411762972,
      178.63211638913077,
      178.9282460077385,
      179.10604197496374,
      168.23815924120208,
      154.46724862729943,
      139.9577571844097,
      130.86587689262328,
      117.19060884173776,
      102.42568958501191,
      89.6881569050176,
      92.77615045694809,
      92.77429531601258,
      88.1323492440676,
      88.35670723008411,
      88.64572259651797,
      90.58650327949918,
      90.14431164422909,
      104.51970517781683,
      116.41757081300044,
      128.24793722577536,
      141.72994037962556,
      152.79079685946087,
      166.9681796342144,
      91.79387674162622,
      103.279977582135
    ],
    "ankle_angle": [
      89.5346044666343,
      91.01256564961106,
      89.07424600163534,
      87.48051830252163,
      91.39531490656896,
      91.3680648125741,
      90.08716983133323,
      89.18431691894546,
      87.42534415857106,
      85.37610958857029,
      81.52759789341135,
      75.3124531865357,
      77.89458726549032,
      72.80012175504143,
      67.76627612578713,
      73.76459793541052,
      71.19681223298744,
      66.02179254252053,
      74.18276916994847,
      69.21710756567973,
      70.9263138056826,
      75.08249397335763,
      74.32950943162037,
      74.13561200593043,
      78.00329013340894,
      81.11788406944703,
      89.08393617012331,
      87.46994080695552,
      69.61081366719644,
      76.79436577152129
    ],
    "back_angle": [
      -1.4260784167621114,
      3.1803297545472766,
      2.321982637407147,
      1.8377733315924725,
      4.245144800163058,
      -0.13049090744878278,
      7.145443118238445,
      -1.220064276855299,
      -1.3066108481056031,
      6.714197936242376,
      4.007654640763771,
      5.039283381811221,
      -0.1582790072557403,
      0.775014970673748,
      0.846912547903607,
      4.858555686513472,
      2.0438910575795046,
      3.0326150114962913,
      0.9298490679387408,
      2.309845328085334,
      -0.12838586565672738,
      -1.6854507258901676,
      0.684419909669815,
      2.9300498650744125,
      5.0304585235129196,
      2.4131658291264353,
      4.395637829698802,
      2.392298540870806,
      1.92363908225694,
      -1.527904737560931
    ],
    "shoulder_angle": [
      40.17282395789853,
      45.022597667744144,
      44.06082040541559,
      44.2702694794103,
      47.47922046582853,
      41.90419464864321,
      47.204248037854406,
      41.673720510392926,
      47.87955287491705,
      44.895612443816816,
      43.26737703996601,
      44.63569885400966,
      45.22506348885235,
      44.35333273021488,
      46.29056106425732,
      44.0482764731154,
      42.749839128100795,
      50.46154392915083,
      41.28669127507373,
      44.65073092433805,
      47.003164292491824,
      44.89323971906024,
      44.193397199664616,
      44.2882276935207,
      48.97366818609925,
      47.79717678654221,
      45.718529922543475,
      40.83398514112493,
      45.31715790679892,
      43.36296378165189
    ]
  },
  "num_frames": 30
}