{
  "exercise_type": "squat",
  "form_score": 85.46856529693846,
  "form_quality": "good",
  "risk_factors": [],
  "recommendations": [],
  "joint_angles": {
    "hip_angle": [
      180.54738792955914,
      181.42600397040505,
      182.8124642787576,
      181.54993149472656,
      178.91095630890513,
      179.40405237207452,
      183.16717946916978,
      176.73195878020368,
      164.9234426282847,
      154.2803862266803,
      139.39649959676328,
      126.56052107445694,
      114.3085089126241,
      101.46886146798093,
      91.40749214789598,
      91.60345472870407,
      91.65151021098205,
      91.7567156843384,
      91.67943458053463,
      92.17890988892482,
      90.13215545418433,
      91.88500398369648,
      102.5408837840437,
      112.84615054919735,
      128.37684343563654,
      139.50722030842147,
      158.24340691163013,
      165.64163147563767,
      89.12675930284902,
      100.21138089728782
    ],
    "knee_angle": [
      180.17307733040215,
      178.88903281902023,
      178.58678501167918,
      180.71643649394653,
      179.9470309581213,
      179.38833656486455,
      181.0433727539526,
      182.41688756911273,
      168.83204961044171,
      154.173833865459,
      141.83020388957434,
      129.4835279364415,
      112.85763233324083,
      101.11488701457137,
      94.21095485869698,
      88.5942334631588,
      91.89674685211534,
      92.10904436987788,
      89.90032760205351,
      89.71639036938474,
      93.65109049706724,
      92.09768487501862,
      103.00059322204054,
      115.6269432977766,
      131.39806858119252,
      142.48240854116514,
      150.97352013077264,
      165.68017669512838,
      91.12193344578932,
      106.15616046916075
    ],
    "ankle_angle": [
      89.31093627932833,
      89.10883077360424,
      89.375225592997,
      92.4573004447189,
      91.56982299833673,
      90.46204403297405,
      90.02959225723522,
      90.01403223174957,
      86.35553924885359,
      83.24014608245993,
      82.32906649276073,
      80.02490038159655,
      77.39457103151827,
      73.08765235363603,
      70.24305899649133,
      67.91841923468897,
      71.19436222703396,
      70.43423988714606,
      68.52883159855243,
      71.4412381954831,
      67.96898904138789,
      69.02222066189313,
      74.63826588426322,
      80.11315469414079,
      83.47030429168034,
      82.28117721463528,
      85.8912633187709,
      85.02788865000502,
      71.5301321316308,
      71.70630613854321
    ],
    "back_angle": [
      1.480705910542022,
      4.547231203800131,
      2.510678915924254,
      5.550768651290312,
      -0.23447524935331743,
      3.029545653646644,
      3.2669405353320076,
      0.5952528371392498,
      2.1358887668277697,
      -0.07796411630614569,
      3.991798158001659,
      6.36979340463531,
      4.027446682214864,
      2.7120171825248236,
      4.892711871650959,
      4.1765500887900915,
      3.6522367006018905,
      -3.6254027018759833,
      2.108507358186192,
      4.090045649689005,
      4.3429046363372015,
      -0.13711609282186277,
      2.1319360076297693,
      2.880173608253946,
      4.9769573270082414,
      -1.2563880327720254,
      3.7553330773169598,
      1.0463444254863048,
      4.523664426225301,
      5.156507519435377
    ],
    "shoulder_angle": [
      44.40398475125428,
      46.63710372982149,
      44.61163422571035,
      44.71594635576211,
      43.68824406079654,
      43.32076228064676,
      45.13620737655022,
      45.38907107121785,
      42.014292059332334,
      46.77148754894531,
      44.4217869605158,
      44.13157895014341,
      42.23677589309414,
      46.75273642846371,
      46.911509015553335,
      45.147678863267885,
      44.40072683679544,
      46.614300852280806,
      45.1797480514065,
      43.27834362284546,
      45.252058545655615,
      46.53125649434805,
      48.50224987655585,
      46.269089427973995,
      45.741167837256334,
      43.63192890935269,
      39.36220367426818,
      44.481501125068434,
      47.51953850494595,
      43.9369077630915
    ]
  },
  "num_frames": 30
}