{
  "exercise_type": "deadlift",
  "form_score": 34.60800108311602,
  "form_quality": "poor",
  "risk_factors": [
    "excessive_forward_lean",
    "knee_valgus",
    "insufficient_depth"
  ],
  "recommendations": [
    "Keep your chest up and maintain a neutral spine",
    "Push your knees outward to prevent inward collapse",
    "Descend until thighs are parallel to the ground"
  ],
  "joint_angles": {
    "hip_angle": [
      45.280046447709466,
      43.43084289682691,
      45.8228419516322,
      47.21131972881555,
      45.42404362494708,
      44.07536207624904,
      43.09644807511128,
      46.85616384871819,
      43.430780804786416,
      47.8044498068444,
      43.57441705940135,
      60.150963666867625,
      72.23107278378163,
      85.41290683627012,
      96.8626969060499,
      110.11126827710048,
      127.75152554043224,
      137.78475589433523,
      150.69146621789233,
      169.2482455370509,
      183.26268237338041,
      166.33090760695057,
      150.9435447924849,
      143.61845725819416,
      125.28303429051589,
      113.6207396700013,
      102.83081000619816,
      86.15088109679607,
      71.84048794418315,
      58.35190983984824
    ],
    "knee_angle": [
      91.91641054101062,
      93.89998728191411,
      89.14481258313887,
      90.03168585476645,
      89.40739351459023,
      91.6018826076183,
      89.09048637838235,
      88.99188219395728,
      92.04560612576176,
      91.47208760456047,
      92.85772800401963,
      97.77375005292508,
      106.55250791855481,
      116.77434829209201,
      125.63564138939368,
      135.1891976513109,
      146.90089559747517,
      152.46043192456048,
      159.46287558005935,
      173.05230265513845,
      180.620095776465,
      169.19773717124752,
      160.21602254814962,
      153.81644826670768,
      147.3149319360089,
      137.10375332993834,
      129.8754554087067,
      120.55646958677342,
      106.65739596825247,
      95.87639713548553
    ],
    "ankle_angle": [
      88.69469663944776,
      95.24290150563819,
      87.75266761177237,
      88.97747251973983,
      87.18803304391379,
      90.16352019509186,
      92.91420810462756,
      87.17116025426253,
      91.41648972235275,
      88.83852428591311,
      92.3315060057466,
      87.78640698641894,
      88.37495918638713,
      92.23189292076064,
      88.0704249873473,
      88.32556836136702,
      93.49800495257442,
      88.89458676714356,
      92.91513117309215,
      91.087618910812,
      91.29379375328841,
      92.60790650827683,
      91.51018110606586,
      90.71262334805823,
      88.67310454065064,
      92.68971124287637,
      92.68633340135911,
      88.0809771396088,
      91.80683942757454,
      89.18692520823618
    ],
    "back_angle": [
      23.550670882406873,
      23.197841696631066,
      29.08077468249265,
      29.45716275726567,
      23.24481130620736,
      31.60089745072508,
      28.66975497004293,
      20.628943081517924,
      34.01644880877626,
      23.91938719781615,
      32.18617572913306,
      37.16267140411482,
      37.239463930125225,
      32.565381944569296,
      33.04531241732453,
      20.175583036798074,
      31.381606334626152,
      39.8480644093376,
      40.006296519135134,
      24.94972337924145,
      27.511324276516216,
      34.02453904884665,
      30.906355449450306,
      24.463311736213416,
      20.31124933248503,
      34.64458887876536,
      25.40179317161403,
      23.586427052196516,
      26.632875581924488,
      33.20043723247026
    ],
    "shoulder_angle": [
      89.65603703300026,
      89.17021326830945,
      90.45019959692819,
      90.37139174193518,
      88.1925042523288,
      90.96444064278985,
      90.88157702984265,
      91.10029563197475,
      86.99161804479458,
      85.57651407886634,
      87.77448351403247,
      92.50398771495824,
      92.00770519955086,
      91.1622378202659,
      90.66779571033395,
      92.66728484342175,
      91.13209831572297,
      90.1000445327814,
      89.12872735173175,
      92.13285361533163,
      91.61619010319895,
      89.90705076432765,
      88.85739427707419,
      89.14828981516389,
      90.205198115413,
      89.18236181753797,
      89.53137102173615,
      89.30343121781121,
      92.07279396817468,
      90.97659892593317
    ]
  },
  "num_frames": 30
}