{
  "exercise_type": "squat",
  "form_score": 95.08832966793837,
  "form_quality": "excellent",
  "risk_factors": [],
  "recommendations": [],
  "joint_angles": {
    "hip_angle": [
      177.52409692249734,
      179.0567660192526,
      180.2093322124292,
      183.67948040876462,
      183.49618592502475,
      177.59265109015143,
      178.62833203998244,
      179.16549072281205,
      166.78953779267903,
      150.33275140485352,
      142.33726269103386,
      130.53475085112743,
      116.49943088319968,
      105.4543493572609,
      91.98938156029799,
      90.0651992512689,
      88.7076827253137,
      89.57117947486384,
      92.47178056479903,
      90.12190305550506,
      92.22118293169173,
      91.57883482845627,
      101.85550394003981,
      114.92798801696713,
      130.3912965217679,
      138.94864872476086,
      152.83542461984447,
      168.41690297416716,
      91.0897133415037,
      102.1107771454529
    ],
    "knee_angle": [
      177.79913020039774,
      177.76945004963073,
      179.81028991916548,
      179.5489737992777,
      177.42596818651083,
      176.81727575623654,
      178.78153051580864,
      181.38170831451214,
      165.5369282928705,
      156.13871008679183,
      140.21050346889945,
      127.05889850274438,
      116.16461533060063,
      101.9159377396089,
      88.4291710197064,
      92.48916699031761,
      89.31754832290048,
      90.77391660272906,
      86.47458821163474,
      91.43755232661573,
      88.98191508952834,
      93.9854018229991,
      104.91998704581151,
      116.57610096789038,
      131.88282465505722,
      141.88826920760488,
      156.78667454843125,
      168.38766627678228,
      90.58245815122388,
      105.32467152564608
    ],
    "ankle_angle": [
      89.88007889755742,
      90.10445156871413,
      90.60153577889211,
      91.61841559999208,
      92.01582742505835,
      90.61819320269633,
      90.63551568408563,
      90.4196306770778,
      88.93753141216656,
      85.14763344193135,
      77.61621368035452,
      78.55383275299518,
      74.2902722515655,
      73.20304989285808,
      70.9396024691806,
      70.51041661268913,
      68.8351981154957,
      72.69140182715364,
      69.47345303037582,
      70.35808611848483,
      69.04317495182046,
      71.35675121628161,
      72.68207115180029,
      77.40364094263519,
      80.39939216831156,
      80.47621358003046,
      85.41851783057068,
      86.67295782651148,
      67.44957566526097,
      73.35508261642836
    ],
    "back_angle": [
      0.49828108139937427,
      -2.3252276075546674,
      6.380800271115713,
      2.078459065386003,
      1.061606157487564,
      -3.4572012448683296,
      1.8263413683580152,
      -3.8923100805121598,
      1.5305063532414096,
      -0.2438003659442184,
      -2.3952983101246326,
      1.1076198547808735,
      0.42810035816958336,
      -0.07220324773798459,
      2.043798512798244,
      1.7872394634182243,
      3.1581693777924844,
      -1.3939818260428796,
      -2.835401980820462,
      -0.24406256656413627,
      2.6165195985661343,
      0.13115503524353261,
      0.4296096904559155,
      0.7666603130190072,
      1.5839325746630544,
      3.5801807716266207,
      2.3531297895786216,
      -0.9640748762590943,
      -0.26993663481991415,
      -0.16613480404484374
    ],
    "shoulder_angle": [
      46.068823165468615,
      47.36464501234905,
      46.49332101117237,
      44.187052559090574,
      47.483811285738796,
      44.96256926026721,
      47.478607001469,
      44.11067900329694,
      41.13259083258002,
      43.170595978228,
      43.02283812137545,
      45.271798180276576,
      45.36347539910983,
      43.71269890076205,
      46.2982897625715,
      44.24012463365884,
      41.58775064671806,
      40.93717107897046,
      44.8661565513484,
      46.82734163321449,
      41.966038415482274,
      46.992897735833644,
      46.28039566966671,
      42.406380660184105,
      44.35806249987977,
      44.170998902822255,
      46.293463127633416,
      46.380728718888854,
      45.3828964777835,
      48.11130081451639
    ]
  },
  "num_frames": 30
}