{
  "exercise_type": "lunge",
  "form_score": 44.75046373662239,
  "form_quality": "poor",
  "risk_factors": [
    "excessive_forward_lean",
    "knee_valgus",
    "insufficient_depth"
  ],
  "recommendations": [
    "Keep your chest up and maintain a neutral spine",
    "Push your knees outward to prevent inward collapse",
    "Descend until thighs are parallel to the ground"
  ],
  "joint_angles": {
    "hip_angle_front": [
      180.55038897710295,
      180.62690881616237,
      180.28146083228245,
      176.90181317457413,
      180.3095913614797,
      182.35681832657903,
      179.42162486404712,
      180.84162561394913,
      167.55123920418012,
      155.8552375978693,
      142.66942001795667,
      125.50155245189794,
      115.6951765441123,
      105.3297154273058,
      91.8938236209982,
      90.42786503798622,
      91.97581318461809,
      91.54815235776137,
      89.45179402867718,
      93.36266091682309,
      90.4100444164183,
      88.99608976698269,
      106.60030179759548,
      115.02899933117367,
      128.5230761312738,
      143.82422283000923,
      157.61037747889043,
      169.18472119317892,
      86.52662842042682,
      102.65355372725462
    ],
    "knee_angle_front": [
      159.96727020522783,
      163.62275924916943,
      162.41039973450526,
      162.43315935118326,
      163.6910015309289,
      170.1109310801893,
      159.58003500325242,
      165.21837844898684,
      148.9404419697043,
      136.40454061743483,
      126.26002756983004,
      108.64755838544227,
      103.94697328006208,
      86.75474810367234,
      76.58212300793828,
      71.13766486790072,
      78.24997890541677,
      70.23792513962718,
      74.23227455701979,
      74.71309850404805,
      78.4457201958327,
      72.2875502913169,
      84.43383150870717,
      105.47916099006018,
      109.09319617618925,
      124.9409031581262,
      142.57981859672006,
      148.24739367298193,
      70.80351694576431,
      90.0441300632086
    ],
    "hip_angle_back": [
      183.0856494735269,
      178.07938710521438,
      177.21026383258828,
      179.05318691309444,
      179.74131930941633,
      180.6543427899306,
      180.80055761990627,
      176.67694037215017,
      178.10341519119564,
      181.98145931266666,
      178.74986808166452,
      180.02958596274843,
      181.96397580766694,
      177.19817305240454,
      179.34461909854616,
      178.94005247896874,
      180.22062091437274,
      183.76812883407473,
      179.98410801966142,
      180.56727708627443,
      179.2029610976191,
      180.96792079484587,
      183.54332921600138,
      176.39745873146876,
      178.63907167590082,
      179.96041219872717,
      181.70169969544637,
      181.6788946922989,
      180.6181645795789,
      179.09688951743667
    ],
    "knee_angle_back": [
      179.765590239458,
      182.0036494653293,
      178.06725054387724,
      183.8295778655432,
      182.0894055252175,
      180.00627827695973,
      179.89711801703197,
      178.33279471919082,
      166.27042512229994,
      152.9517177971456,
      138.23152553748906,
      124.78648232129838,
      113.77291014221801,
      99.59491185503657,
      87.21896597110904,
      93.77141410996659,
      91.86411029569929,
      90.06161287435765,
      92.25085468154819,
      90.45726885324636,
      87.10372718548247,
      89.39725193809318,
      98.44600033091038,
      115.61920870402287,
      127.28047753172801,
      142.03114947133164,
      152.14071192533368,
      167.1101910116619,
      91.97986851338462,
      101.89951110527221
    ],
    "back_angle": [
      22.668885420563548,
      24.345206938873496,
      30.050145703135836,
      23.444180478844945,
      20.543532400932715,
      18.51458361700508,
      27.29741584745925,
      20.71105792998732,
      17.753329142395852,
      24.377775565308482,
      16.507390470375128,
      21.885457950381216,
      25.367628503814537,
      18.557579151972803,
      29.55752382000105,
      13.152822006514214,
      16.88016045125127,
      17.575467876731967,
      27.892148403407404,
      18.635756437054592,
      16.080104308550133,
      18.4528927671376,
      18.68288654764784,
      16.786750309672055,
      19.728860728351485,
      20.606375326101755,
      28.338076579649677,
      19.07287234928588,
      13.969561938042897,
      27.270424930532787
    ]
  },
  "num_frames": 30
}