{
  "exercise_type": "lunge",
  "form_score": 69.14115561110148,
  "form_quality": "fair",
  "risk_factors": [
    "moderate_forward_lean",
    "minor_form_deviation"
  ],
  "recommendations": [],
  "joint_angles": {
    "hip_angle_front": [
      179.78873670160147,
      184.50154302969244,
      179.56472791002727,
      181.41549618648142,
      178.89091882689837,
      180.68004903192204,
      175.13044955913924,
      179.05860151259202,
      166.24101727476594,
      155.23781359825736,
      138.61167600859005,
      123.72558346255424,
      116.77717957222838,
      101.53638812369186,
      85.56119005345582,
      91.03101212867908,
      89.90629679643492,
      88.43859024818146,
      93.16597762816261,
      89.38545394547627,
      91.66581377084336,
      89.6885521690263,
      104.12272376471046,
      117.80469434136481,
      129.50968359487624,
      143.63134481895742,
      155.3085491891026,
      169.1407415318543,
      85.95711881554219,
      101.98178534086725
    ],
    "knee_angle_front": [
      178.70511903114595,
      179.91739937697793,
      182.31415666258573,
      178.98296335315757,
      178.23145577074573,
      181.78876282997592,
      174.39453118442714,
      181.21064846252156,
      169.40440099363076,
      156.74458414250236,
      139.87276978759792,
      123.33231840921496,
      117.19568767820672,
      101.9170668885453,
      92.72958075004982,
      84.56002895361499,
      90.88043190736566,
      86.58652910151076,
      86.6020704489037,
      87.15398639561803,
      87.4027098319036,
      87.06344895745539,
      104.03476347233342,
      117.76381304471444,
      129.61884572117737,
      139.35695359871173,
      153.6817815199438,
      166.76348903754555,
      89.98543968068482,
      101.84551155052601
    ],
    "hip_angle_back": [
      178.96562071042888,
      179.03284292758397,
      181.4197895939904,
      177.38249931594717,
      184.9403539207901,
      180.5405475272257,
      180.32655226904683,
      180.49848474652407,
      179.04232748722518,
      178.5640096082374,
      178.17630859469452,
      179.11136207628473,
      176.00798988260877,
      177.2464508191229,
      179.76051942277218,
      178.8410980383872,
      179.9151813822629,
      180.38323424953143,
      180.146405847426,
      179.73402869502604,
      181.56079407615556,
      180.06103126255286,
      177.34887985168857,
      178.94138304694278,
      179.8448738019691,
      181.44953941102492,
      181.3324369882432,
      179.87728152733095,
      180.37176472721538,
      177.7962946673975
    ],
    "knee_angle_back": [
      181.77935517081005,
      179.33721166408816,
      180.47666924417334,
      180.93408797770957,
      177.33820024617367,
      179.72457024412853,
      180.4472807401839,
      177.33814282774864,
      166.13142191462072,
      157.12018051299833,
      144.27850386813267,
      127.68264447057399,
      112.48744003887352,
      103.93093057270856,
      90.94917524489284,
      88.02255490009364,
      88.71443057637997,
      90.01161660637906,
      92.38291216363933,
      86.76024659174477,
      90.80175765981069,
      88.49128914057032,
      104.55519025736109,
      118.51816722857771,
      130.1231995864264,
      142.03963535463237,
      153.97058958539205,
      165.9411182621474,
      90.28530532234446,
      102.67080981267974
    ],
    "back_angle": [
      8.846803176011788,
      9.03125387158689,
      17.87302031370256,
      9.01280213630242,
      4.563252347124331,
      9.18633493735976,
      5.582922386029516,
      14.892272368174355,
      11.775391228381391,
      5.497044597757727,
      13.556523172642507,
      11.195073173110476,
      5.684528031171131,
      6.791544077351947,
      7.811365153914856,
      14.058819588163189,
      10.894336233366685,
      11.026197378737532,
      6.363281155110785,
      15.601490917765798,
      11.592138292934644,
      5.301748648748052,
      9.464598739331661,
      4.286795388052559,
      6.780588371966366,
      8.323618851442298,
      6.773688732571436,
      9.090012279391285,
      10.42071735591467,
      9.863996784520044
    ]
  },
  "num_frames": 30
}