{
  "exercise_type": "squat",
  "form_score": 52.81730451251093,
  "form_quality": "poor",
  "risk_factors": [
    "excessive_forward_lean",
    "knee_valgus",
    "insufficient_depth"
  ],
  "recommendations": [
    "Keep your chest up and maintain a neutral spine",
    "Push your knees outward to prevent inward collapse",
    "Descend until thighs are parallel to the ground"
  ],
  "joint_angles": {
    "hip_angle": [
      179.2178088832089,
      179.98784664938037,
      180.68404203748526,
      179.75572585288648,
      182.66210363167914,
      182.3117775336748,
      180.79793890832426,
      179.1936702332606,
      165.46444381235716,
      154.3512712687518,
      145.8155130184591,
      135.79879608200352,
      116.4743706957008,
      101.79260573345285,
      89.61425563258025,
      89.48915935747625,
      90.39983211930453,
      88.33429747519797,
      89.64816580377038,
      89.97435426364424,
      84.97032784847391,
      91.57709571624142,
      106.22987543536856,
      119.78682924850717,
      128.13299988854453,
      139.6747574263798,
      156.32515397162942,
      166.73584751531277,
      90.14455713920377,
      102.47300899877638
    ],
    "knee_angle": [
      173.14045314200195,
      177.05824963407264,
      170.66033095867482,
      167.83711610971352,
      166.650884931397,
      168.2635584786436,
      168.07560384248916,
      171.08975343619394,
      156.178045954656,
      137.77858513506223,
      126.41799686051552,
      120.48683924801493,
      103.95445353126678,
      91.195736698462,
      86.59313168940601,
      77.66123346251018,
      75.514640862488,
      76.99749113051783,
      80.06881629048479,
      79.79119721510483,
      78.23594450723627,
      80.53978889798876,
      91.00874445939208,
      108.62223809072448,
      121.73860125989121,
      129.08461742474782,
      143.08132094970009,
      158.4040977063869,
      80.51338443993207,
      95.21624214185202
    ],
    "ankle_angle": [
      93.8441580302831,
      88.34885434660461,
      89.46538419856545,
      89.65975882320258,
      91.70150835845226,
      88.1328822852163,
      86.83169163901702,
      87.18090946269064,
      87.84300209726776,
      81.044313262433,
      80.72232779544902,
      77.67307946407121,
      75.17762469175483,
      73.57102903130715,
      70.88101975633334,
      71.65546784184266,
      72.27818452581788,
      70.30154580932414,
      64.2035287449675,
      67.22643595977168,
      69.80823330794394,
      68.93125233289831,
      76.1149756929673,
      75.24068800118927,
      77.22964773762774,
      80.96630918662288,
      86.6876460860825,
      83.0044052727859,
      68.60334288406843,
      70.38628988397326
    ],
    "back_angle": [
      14.585956423427671,
      21.07774546399159,
      14.076613102260158,
      26.323686964385026,
      18.41758458130447,
      22.156662736118882,
      18.671980947028192,
      25.979727287876752,
      25.981183262616778,
      11.44930609761008,
      12.796962980970928,
      25.880185211588483,
      20.044889828689627,
      18.07971958198455,
      16.390580406634417,
      14.524377021776969,
      14.221993633789026,
      22.76883976460421,
      13.137244545041646,
      22.51280804291779,
      19.398569732997814,
      25.981041054414362,
      28.784646815505702,
      31.937701289538982,
      29.56532814805015,
      21.36313355905803,
      14.123695016749751,
      23.828504585381552,
      17.355166651066735,
      21.059168528973153
    ],
    "shoulder_angle": [
      41.064897698824694,
      46.24292138584852,
      43.92387909798908,
      45.81843701726753,
      43.687825233525885,
      45.49633897070143,
      46.48419192632894,
      43.43858766587634,
      45.36116626475487,
      46.42914670341204,
      44.85613208383485,
      39.18950619841034,
      44.155934429146214,
      44.30619992522773,
      47.87683551937103,
      45.17751933502963,
      43.608988993386134,
      42.578246416453524,
      41.967872236723075,
      47.87319565282658,
      45.52383482614391,
      43.90688790616501,
      43.53163762307406,
      43.723571287120066,
      41.60898702748521,
      42.42095342845539,
      41.935042739222546,
      45.263327362552644,
      46.43526237872286,
      45.78320412485587
    ]
  },
  "num_frames": 30
}