{
  "exercise_type": "squat",
  "form_score": 82.77409874549147,
  "form_quality": "good",
  "risk_factors": [],
  "recommendations": [],
  "joint_angles": {
    "hip_angle": [
      177.63093958862677,
      178.9654235801144,
      180.36059257213597,
      181.0086706145052,
      180.93519352841665,
      182.38500661146463,
      180.92813497723006,
      178.2467802759237,
      167.96446068302473,
      156.49322390558825,
      141.07716742824806,
      129.11847999790976,
      118.67745803735103,
      98.96364872867842,
      89.30196906890913,
      88.1813065245857,
      95.18997945135848,
      89.87659925593255,
      90.82517619933692,
      90.52157327073216,
      88.51942143019747,
      87.87904790369905,
      104.39324593026203,
      115.95971477005621,
      128.78685711499622,
      141.94820280556283,
      157.0891912984291,
      166.45612972576654,
      90.1639256463702,
      101.72305001399981
    ],
    "knee_angle": [
      177.09622410500867,
      174.21088561701376,
      177.62842241883646,
      181.80262639870435,
      181.60072912499658,
      180.21789710449568,
      181.262504347232,
      179.8089954401986,
      168.47365041603925,
      153.99210813054435,
      139.91570578960537,
      128.66547965799708,
      115.51534831770213,
      107.40807315251627,
      89.37379369722734,
      93.5189963674295,
      91.56460915400055,
      89.40207579030086,
      90.50539629759332,
      90.20792087856668,
      90.50736790521418,
      95.45665932874799,
      100.64095236900243,
      117.1458133464486,
      127.5126227897659,
      142.04806143910102,
      152.7798625285674,
      167.8457181247295,
      89.23935642485122,
      104.33158423841927
    ],
    "ankle_angle": [
      87.39311042197465,
      89.26480155452336,
      87.51061361355657,
      86.5952960493599,
      91.65827959216588,
      90.37273073735071,
      88.62083609954003,
      89.8081735084089,
      86.0774983960198,
      86.36164460656178,
      80.59601197655783,
      74.35665218732856,
      76.36411851647566,
      69.45457092630754,
      70.5320007763591,
      69.53779027286065,
      70.87311215951789,
      69.79320855800547,
      69.0313606615524,
      69.8502345674467,
      70.46866784717757,
      70.30441137774874,
      72.9951255283284,
      76.9004234939318,
      79.82912067839952,
      83.07192961632288,
      78.83518668924448,
      83.37396927208309,
      71.13293609262861,
      73.95473866445414
    ],
    "back_angle": [
      -2.1967423804970343,
      0.7722265427301083,
      2.250979156827102,
      3.5555552190683337,
      -2.036077238985247,
      1.8900599539573995,
      4.377368196618788,
      3.4453684491280043,
      3.241956879871551,
      4.537031131581049,
      4.977627657254464,
      5.847968866060532,
      5.654283541163128,
      0.22428146611850597,
      7.480806174386805,
      3.566097964629015,
      0.8318304399894396,
      3.1186676400345816,
      2.2950379148958273,
      8.396670642609703,
      2.944462242440024,
      3.235645392994061,
      2.855489675516824,
      1.6623446809921678,
      2.13900888929736,
      7.228661111102262,
      5.392255993117753,
      1.851911940921744,
      2.161621605720744,
      5.523980514039302
    ],
    "shoulder_angle": [
      45.291300923311724,
      41.97815382095796,
      43.92764300608008,
      45.92719822053823,
      47.00944300348345,
      45.67732068789445,
      45.25631164169913,
      47.45108925150515,
      46.94934194731617,
      45.92638196831344,
      43.21805787396305,
      47.446421455851336,
      45.34727239073261,
      42.64491308366734,
      46.69006348436277,
      45.15348960302427,
      45.10984025584192,
      47.04172374957678,
      46.79277737856073,
      43.53857377479028,
      46.91893843483428,
      47.045113786729985,
      46.21350892547358,
      44.243558729893294,
      44.3126131688842,
      39.84482172762094,
      42.47286731752412,
      47.95032949393246,
      45.975211479588445,
      45.6533170435953
    ]
  },
  "num_frames": 30
}