{
  "exercise_type": "overhead_press",
  "form_score": 48.114020678773656,
  "form_quality": "poor",
  "risk_factors": [
    "excessive_forward_lean",
    "knee_valgus",
    "insufficient_depth"
  ],
  "recommendations": [
    "Keep your chest up and maintain a neutral spine",
    "Push your knees outward to prevent inward collapse",
    "Descend until thighs are parallel to the ground"
  ],
  "joint_angles": {
    "shoulder_angle": [
      88.4104882691495,
      95.12612499541032,
      102.61640187377375,
      103.51699520771896,
      115.46602163994041,
      121.63816814653067,
      123.74400914996191,
      131.43507647147734,
      136.89176408674732,
      147.25874228281043,
      148.8983524331688,
      153.93396584886227,
      162.67784787882965,
      166.9699274361695,
      174.62848076166935,
      176.42997516241758,
      173.86280948717524,
      169.1385021622224,
      160.32600840535306,
      160.04620814308316,
      151.49719823806407,
      142.52328197385452,
      138.43697757948271,
      135.56155594251686,
      128.01315043758646,
      115.9128348959888,
      115.65153292745616,
      110.61084547477832,
      101.02668185470333,
      95.87078148971105
    ],
    "elbow_angle": [
      88.63771729663478,
      96.62042796002255,
      103.05250031488696,
      109.25196875106029,
      111.7084584470098,
      118.93087784670996,
      124.00835073158389,
      133.64844342404862,
      133.7612302684304,
      143.95625218257166,
      146.69765652085067,
      157.16339087799852,
      162.49383313674846,
      166.34881933392012,
      172.10064163827346,
      182.41838703775056,
      179.462901363906,
      166.9432213867014,
      161.88033394281516,
      158.30159883627346,
      147.23283247997753,
      142.85770717819042,
      142.14166462032034,
      131.68129781678851,
      126.79695622774224,
      121.70768951432234,
      111.75642904805241,
      107.44211915279845,
      104.08599991608325,
      97.64685175955395
    ],
    "wrist_angle": [
      183.13966195341177,
      179.7438017799199,
      179.3148645815576,
      182.3267169533112,
      178.68498568961365,
      178.50337631149256,
      181.83369462294613,
      179.81677028742294,
      181.10461101740017,
      180.1389596412559,
      182.17655723568078,
      176.86576918052427,
      184.09328563109844,
      178.1889913176577,
      179.91337434222692,
      180.553406027382,
      176.3754627718791,
      180.84176184951238,
      180.75282553843215,
      178.64526990162958,
      182.51749858033176,
      179.48348905143422,
      180.7611010799619,
      178.37723289962662,
      178.55357595109285,
      178.94550607991852,
      177.2256418782207,
      179.13216325679883,
      179.8885557833633,
      181.75595115783796
    ],
    "back_angle": [
      17.16978950056147,
      15.424673471453131,
      18.67630816673751,
      22.708672100482712,
      21.60536972588278,
      25.480155362193315,
      15.218573178248295,
      15.653204049633906,
      26.815038247213636,
      25.760336995906652,
      15.80124126098536,
      15.430747245927748,
      26.166213402595567,
      26.59397694978817,
      18.600419758453857,
      33.432759034703295,
      26.74623529900752,
      20.589021252490223,
      29.8905475002939,
      12.495432323822229,
      23.874353505422572,
      15.150310493002126,
      30.22616896038996,
      29.466233478284938,
      30.637254441957136,
      28.489556110849698,
      29.155094291320257,
      20.98689617762138,
      16.62140749859634,
      25.13552567728019
    ],
    "hip_angle": [
      179.57108849041168,
      183.70460733802972,
      178.55709818182157,
      178.02035046688974,
      181.236677107084,
      180.90564194453026,
      178.2400626589271,
      178.86069156636086,
      182.03749514237717,
      175.20212936530774,
      181.1240153485863,
      180.14211408315413,
      177.63753424256743,
      182.2320504589648,
      179.39819966315127,
      178.95360315487838,
      181.48714905184642,
      182.63144423836482,
      181.61268572870344,
      178.92514562419643,
      179.80288027242776,
      179.49219304021105,
      180.37936566933027,
      179.30908440854094,
      183.1847486413477,
      178.8736210651105,
      182.33101262298632,
      178.75290710054466,
      181.24593996222757,
      180.36302552253582
    ]
  },
  "num_frames": 30
}