{
  "exercise_type": "deadlift",
  "form_score": 51.12307800931918,
  "form_quality": "poor",
  "risk_factors": [
    "excessive_forward_lean",
    "knee_valgus",
    "insufficient_depth"
  ],
  "recommendations": [
    "Keep your chest up and maintain a neutral spine",
    "Push your knees outward to prevent inward collapse",
    "Descend until thighs are parallel to the ground"
  ],
  "joint_angles": {
    "hip_angle": [
      46.99726125423374,
      49.75576886568541,
      44.44889635398414,
      42.085239556917486,
      43.55983523656046,
      48.11870885822871,
      43.55642122095274,
      45.99119589528829,
      46.43570620678608,
      43.764382092761366,
      39.94932768436277,
      56.77132444780037,
      70.24147660769609,
      82.87499781127282,
      97.92477608172558,
      114.68758836165475,
      126.1508847311406,
      140.8231670167427,
      150.6982002192968,
      167.8731062551727,
      182.47704362702177,
      167.43561154521555,
      155.47288741017627,
      137.26371815767948,
      124.2872109690979,
      112.64099394664487,
      101.06256811109579,
      86.26846231893593,
      69.66331653181896,
      60.22019345361777
    ],
    "knee_angle": [
      91.28831585033357,
      90.90010137361583,
      91.33787463992219,
      92.72815231391476,
      89.01873233333536,
      89.94517755514464,
      87.18297866961016,
      88.65764145439276,
      90.78567789053878,
      86.80019445715075,
      86.45940903948923,
      99.95088230787687,
      110.80877910289276,
      117.89651311817234,
      124.74585691898044,
      132.2195144549814,
      146.32875785770395,
      151.1413751694693,
      159.18934601208554,
      170.99158929337898,
      179.63998438602593,
      173.01221026713213,
      159.12345429770437,
      155.5793186245794,
      144.58577553611346,
      137.09339097007575,
      126.11873015556621,
      119.16926185595801,
      109.71283658157554,
      96.88236849777495
    ],
    "ankle_angle": [
      88.01539901775483,
      89.70840632177504,
      92.44976151516687,
      93.89725881298723,
      90.2688541127973,
      92.7311986985124,
      91.1790553055679,
      87.30834841898948,
      91.61941178660369,
      87.82621242567701,
      89.96304503964467,
      91.02935385481578,
      87.02553556191124,
      86.76329907419478,
      90.5180790057428,
      91.5966347229962,
      93.2623414833992,
      87.48261466561439,
      95.50761772634559,
      91.05476580477338,
      89.23511862317031,
      90.90494659169079,
      92.89889608323705,
      87.78169036240497,
      87.68261169941135,
      89.45147555926101,
      89.36132487413526,
      88.77209774984678,
      87.88261529376264,
      90.256094446073
    ],
    "back_angle": [
      21.297089067722357,
      36.421144432427994,
      37.12587874507793,
      21.44563224174019,
      34.19447551107683,
      33.73773184007684,
      32.64364501763427,
      30.00479041635792,
      17.56730610644014,
      22.0193044899115,
      37.95392615778071,
      35.33776811725187,
      31.911810760193113,
      40.07847582141333,
      38.97139131310482,
      34.57022760228428,
      20.704898580148953,
      38.47550877392555,
      33.23441586640772,
      22.70213723856163,
      32.632225383021165,
      42.25623186436253,
      39.04158447221128,
      24.580794067887858,
      27.460131408436894,
      19.326577564882186,
      27.060114714929945,
      24.460993421888176,
      25.021002291625084,
      23.3851933543044
    ],
    "shoulder_angle": [
      90.78723276716751,
      89.47078418171112,
      90.11208369277256,
      91.99066665809465,
      90.97274401558961,
      86.86077579384525,
      86.7388211390677,
      86.94273506571288,
      90.88665032348528,
      90.75777627481864,
      92.01420316249518,
      91.7107306187089,
      87.33736675469285,
      86.90491762498992,
      87.72306143953074,
      87.77582588194645,
      92.91566298376186,
      87.48507507983942,
      89.49144152634602,
      86.97016199790366,
      88.57213080746203,
      89.86943918920551,
      91.47779324164992,
      89.10713448061354,
      87.4234626545148,
      89.666562427292,
      93.79966808955537,
      92.07364197403383,
      90.63405776544218,
      89.40695054038991
    ]
  },
  "num_frames": 30
}