{
  "exercise_type": "deadlift",
  "form_score": 94.16165460196656,
  "form_quality": "excellent",
  "risk_factors": [],
  "recommendations": [],
  "joint_angles": {
    "hip_angle": [
      43.09547476415678,
      47.22158926029051,
      40.66907580326628,
      43.90743970256439,
      46.83404157303943,
      44.30500087106131,
      42.918265036453526,
      44.514304479547384,
      45.33419611639579,
      45.33139163858124,
      44.404118616893385,
      57.65865754712859,
      75.61186963937558,
      85.25728028819725,
      102.18092740790102,
      113.60699830978007,
      125.64786505625722,
      139.85626826714955,
      151.71784305770797,
      167.61027888095347,
      182.0227251864868,
      169.62773226951634,
      159.72797430445655,
      143.15896810116337,
      124.17972895089433,
      112.03979330303378,
      99.25382679298357,
      85.07341854749698,
      69.99065386083363,
      56.40866098488786
    ],
    "knee_angle": [
      88.83884224544182,
      91.81958395648867,
      89.5823070076227,
      89.29628109588639,
      90.20608403540038,
      89.9793698933729,
      88.7134395159685,
      89.34867618943241,
      89.2476125919478,
      91.31358442494265,
      88.78194932282639,
      97.46600730197389,
      107.5025185912686,
      116.94690851099436,
      125.42632195385973,
      133.12743336287713,
      142.73238484477787,
      154.85769906570812,
      164.03765467858685,
      170.13214958400363,
      179.52787162269354,
      171.0096744618479,
      164.11581428961003,
      152.71297385830368,
      144.3098737993174,
      133.4138598425966,
      127.07522480652395,
      115.00488672743228,
      109.8295530701573,
      100.42649256332163
    ],
    "ankle_angle": [
      89.46074057589003,
      88.40218779450079,
      90.61945819810819,
      89.17033560945507,
      90.51639912524902,
      92.60606883373529,
      92.30378414517666,
      91.19149926180538,
      92.27214751194096,
      88.62699259725076,
      91.55978887246245,
      89.36583358813692,
      88.6687786573315,
      89.39639108370379,
      91.85616605701873,
      89.98212348798538,
      89.18922368049405,
      88.7023756812358,
      90.07323872254901,
      92.25140963897717,
      91.57788000848078,
      86.18713655153282,
      92.43934816927755,
      89.90316297426124,
      87.54108274205437,
      89.1447685973793,
      92.51913492339935,
      92.67421664685244,
      85.85945071984054,
      88.21852369137794
    ],
    "back_angle": [
      -0.4279876601658477,
      -0.5904300756288913,
      -1.3967343198056938,
      0.5905686384793939,
      -1.9306814628424518,
      2.570260960241558,
      -1.1562630226859325,
      -2.3170752039984976,
      -1.5752576091306305,
      -2.1309010149465046,
      2.0182180142941664,
      2.1812301244794403,
      1.9918329968880677,
      -2.3314770735485104,
      -4.505944550493436,
      1.8143646459278182,
      -2.8733368403830153,
      0.9911149015907984,
      -1.9822049581971681,
      -1.1944777037921983,
      -1.9440877968989791,
      -0.8666141410699744,
      -1.597949104104911,
      -0.73020031171321,
      0.12425684813199964,
      -0.6125447487791661,
      0.5862031840523803,
      -2.1628325743529984,
      -0.3224005110910972,
      -3.41320226516647
    ],
    "shoulder_angle": [
      89.3147459576842,
      88.19348807483242,
      86.88561855175679,
      91.64077383712826,
      90.29698884113765,
      90.85365274996252,
      90.25641754859254,
      90.7407080204974,
      90.6117662010084,
      94.29528700331274,
      87.11838307428279,
      83.9191394671324,
      90.6976529110568,
      91.03038900275695,
      90.87400594895634,
      89.50857951613955,
      87.3276414409901,
      88.28805208519766,
      91.97355498656447,
      94.6581790420067,
      89.38442838210737,
      90.6189964427495,
      92.0573264298622,
      85.1400705785877,
      91.0946704655523,
      87.71786430863358,
      91.93134046092297,
      92.61539394313796,
      86.72324875980765,
      85.93364369355733
    ]
  },
  "num_frames": 30
}