{
  "exercise_type": "overhead_press",
  "form_score": 34.586967999123594,
  "form_quality": "poor",
  "risk_factors": [
    "excessive_forward_lean",
    "knee_valgus",
    "insufficient_depth"
  ],
  "recommendations": [
    "Keep your chest up and maintain a neutral spine",
    "Push your knees outward to prevent inward collapse",
    "Descend until thighs are parallel to the ground"
  ],
  "joint_angles": {
    "shoulder_angle": [
      85.87120020391853,
      97.28785418823092,
      99.79852875673785,
      107.34854603115633,
      115.48607807445339,
      123.17011691337748,
      126.53696087405646,
      132.6409532659322,
      140.0968208519241,
      143.97042215908036,
      151.07600052621365,
      157.9934160572614,
      162.53446081154982,
      172.725172596001,
      176.12222283874706,
      179.58531159692794,
      169.8045134598013,
      170.30572872845127,
      161.89440334568107,
      158.747436827612,
      149.95138447342322,
      140.30408540319638,
      140.4979744812926,
      132.49537061833053,
      123.85119331521408,
      120.43890402837296,
      114.1192230912036,
      109.82250263120574,
      103.19265516331973,
      98.29085109207585
    ],
    "elbow_angle": [
      88.33355221029838,
      97.46376149835562,
      105.712955297799,
      113.56663597746928,
      112.82872242777539,
      123.053451497255,
      124.0602327401802,
      135.87284834527867,
      132.2105802124553,
      143.2854230429248,
      150.6135811120834,
      155.96434104423994,
      164.82645037319529,
      168.05527118211268,
      176.42106210698853,
      179.6361434894007,
      173.16563341092532,
      169.24390264888675,
      161.27757805671902,
      155.27687322592976,
      151.36646106331213,
      144.310540273265,
      139.54854054166677,
      131.36449619704874,
      121.7174271056071,
      117.41194439384351,
      112.54511636092155,
      107.45613533029976,
      104.3111464158594,
      97.95849792284393
    ],
    "wrist_angle": [
      179.3672014584171,
      180.28566055891747,
      177.5998148511756,
      177.14275535759023,
      182.05320906889006,
      175.36111909140806,
      176.78049335847825,
      181.8039399010325,
      178.2807367965243,
      178.8818750739048,
      177.28774607118777,
      179.76950334756143,
      182.45429230488816,
      180.09226941645642,
      180.6301156580913,
      183.75100692066232,
      182.9211516040209,
      179.900832218809,
      179.92515028948367,
      180.70506961631895,
      181.0828770165877,
      179.2431814367131,
      181.95794556780098,
      178.96871459631896,
      179.02782573578918,
      178.78246268439264,
      180.5300405679783,
      178.2358520891436,
      181.32566167202648,
      182.0600506466371
    ],
    "back_angle": [
      20.904315963935606,
      30.22568187947714,
      19.037200508136394,
      23.132120077236667,
      31.001852153190033,
      21.970140277473522,
      21.486485041700107,
      30.96209881975646,
      25.91574669275383,
      16.13725567548302,
      17.75477517803621,
      26.757076767931046,
      20.439196742733373,
      25.98694254470244,
      28.7711482982417,
      21.999430606137018,
      15.623521844128547,
      22.13533822002737,
      18.1740168130729,
      30.75718158104877,
      19.340780085494377,
      28.930889090962367,
      26.875715630766642,
      24.439748300713443,
      26.726685436576652,
      23.209732625619164,
      30.522857526141053,
      29.18442088147993,
      17.309438896865426,
      15.044394541568684
    ],
    "hip_angle": [
      177.88113239083484,
      183.47630470023404,
      179.74781985414887,
      179.71258244451545,
      178.55929756693322,
      180.06006731531733,
      180.73557418809668,
      181.0609738473515,
      176.5516899986464,
      177.14811159672357,
      181.49926094446803,
      175.82515992506217,
      180.13377806669928,
      178.9569749703095,
      179.44565057882733,
      183.40764760416857,
      184.23255466305778,
      183.97891683605272,
      178.65896935267253,
      180.22360307663223,
      182.9979007734963,
      179.47485216305122,
      182.25638155384513,
      176.5101150751548,
      181.73507830746604,
      179.2848688828693,
      180.27554428918583,
      181.09605599966923,
      178.59142310500323,
      181.1841353880054
    ]
  },
  "num_frames": 30
}