{
  "exercise_type": "squat",
  "form_score": 95.0836469317273,
  "form_quality": "excellent",
  "risk_factors": [],
  "recommendations": [],
  "joint_angles": {
    "hip_angle": [
      178.5539043294561,
      178.65080853111317,
      183.05429218067704,
      182.00263217655055,
      179.81503217636487,
      183.91131461257982,
      180.61635282835132,
      180.7482404757288,
      168.90287795691424,
      152.98482401371683,
      140.94050198621383,
      129.68912515082866,
      117.29764565660939,
      98.43973939530444,
      90.67364559081726,
      84.78686126853272,
      89.60361773583804,
      90.6578870340203,
      89.90394217260366,
      88.94303689489016,
      88.88643462053273,
      90.63776581279205,
      103.4456959854806,
      114.71113417669068,
      126.53297910652365,
      138.7742150749864,
      153.78029993805632,
      168.7450337294301,
      90.68852037259971,
      102.33987273779512
    ],
    "knee_angle": [
      183.60069985466006,
      178.0376487048483,
      179.44766656558548,
      178.44621530324358,
      181.88192532336245,
      182.96389103377052,
      182.999100001308,
      180.76026229412852,
      166.89716441378155,
      155.15554596172063,
      144.90923206755141,
      128.04151009435827,
      119.49506608514031,
      101.91508686011105,
      90.64686954908726,
      91.99327374741722,
      91.91590619211279,
      90.72999390337552,
      85.59202750400983,
      87.9317525316905,
      94.20624817775288,
      94.00029604726332,
      97.16122202528842,
      118.31611052891057,
      128.43415077175476,
      138.19446390261703,
      155.64554505999664,
      166.554736370443,
      90.15515294127238,
      104.28855309339185
    ],
    "ankle_angle": [
      89.07298867405017,
      89.74106091814849,
      91.43619450078532,
      89.02454669269798,
      89.30528574046407,
      89.0780331567243,
      91.22659429439788,
      90.43785003182677,
      89.26682491497023,
      81.40209605837417,
      82.3842583860173,
      76.64691045151254,
      77.13018889746883,
      68.62323275775263,
      74.2093845409985,
      72.26381173250273,
      70.24442475324702,
      70.59163724854018,
      69.06266178308356,
      69.58233810252865,
      67.71712171884315,
      70.05392756455221,
      72.39644679535621,
      77.70394325599084,
      79.77412481346495,
      79.71731387525843,
      80.62512923238924,
      87.84895479146992,
      73.54636492524538,
      76.26989912052632
    ],
    "back_angle": [
      4.69309313121688,
      -0.454055679901976,
      -0.06592172316930268,
      -3.4331235252063825,
      -0.1860743334227006,
      -3.166537267701059,
      -0.8040827637086052,
      1.3827797602658822,
      -1.1335474624632635,
      -1.796370792536646,
      1.2124808559412223,
      1.77705469103827,
      -2.2226353501480687,
      -1.5348262448762067,
      1.4516391363050802,
      -1.3369540293590971,
      -1.5497246025006362,
      -3.2011469457816135,
      -1.4026485123882237,
      -0.002958291050416098,
      -0.6323281025728008,
      -2.10850513927174,
      0.8472813356215182,
      -1.4649533363550695,
      1.3323749704711934,
      -0.20113119048758593,
      1.4739903276575221,
      4.13481996473702,
      -1.608548390338243,
      3.1504584047450637
    ],
    "shoulder_angle": [
      46.57439415253231,
      43.90648306267054,
      46.48744542034161,
      46.69281038721449,
      44.070758046485,
      45.38222871696787,
      44.59404242046651,
      43.75205196249438,
      41.061294532451996,
      45.536463728034434,
      46.6637280755649,
      46.98337025932361,
      43.34184937090397,
      41.04804035752464,
      44.52967179585039,
      46.45206967445703,
      48.51097799236297,
      42.4450677748614,
      46.65912765977748,
      43.91431678937638,
      43.51319811118611,
      46.44562059630645,
      46.43086917437863,
      46.75520911079044,
      45.40171098738051,
      44.8937152562944,
      46.71106938108687,
      43.53450591760671,
      42.490594108120746,
      43.380133803421074
    ]
  },
  "num_frames": 30
}