{
  "exercise_type": "lunge",
  "form_score": 97.98027173280934,
  "form_quality": "excellent",
  "risk_factors": [],
  "recommendations": [],
  "joint_angles": {
    "hip_angle_front": [
      182.09042389214878,
      180.78215905160232,
      179.97530508279996,
      179.5572921003429,
      177.56659742421144,
      181.36458979202484,
      180.61589728458569,
      177.85932827687827,
      167.8506797962889,
      152.6596036862236,
      142.70301787790325,
      127.39802672598859,
      115.74164738874404,
      103.41878452300595,
      88.75125277972988,
      89.40473817886698,
      89.62289153265272,
      91.57889839042959,
      89.79739051729742,
      93.0867382149003,
      89.73433242148744,
      91.41675870692957,
      99.61702981964964,
      113.94460905299304,
      127.74057208138801,
      142.91880111949928,
      154.9856309470723,
      167.44129939248538,
      89.58704329045493,
      101.82509296593891
    ],
    "knee_angle_front": [
      181.3139694098204,
      174.99378755313197,
      179.82780599328694,
      180.1110018919063,
      179.50641901092902,
      180.11709128886417,
      179.57398377377882,
      183.64797641012828,
      169.31054884626215,
      154.1694308699365,
      141.39356670675065,
      130.7548236090491,
      115.54335810528391,
      102.12337238869608,
      89.42201775091286,
      94.18611514485734,
      89.57312072797522,
      91.22030961127889,
      90.06271810425444,
      87.10339734497639,
      89.7744649632168,
      90.00741083454601,
      100.86848161655877,
      119.1142724653831,
      128.3235547005443,
      143.78534160721148,
      154.6134323519026,
      169.6780744585484,
      91.20726991462992,
      102.47798373702913
    ],
    "hip_angle_back": [
      179.55551952265915,
      174.78808179890018,
      182.4686106968474,
      177.68936231469849,
      176.61323190154732,
      182.23581777050305,
      179.42703573974606,
      178.62826947162668,
      178.24723870079126,
      175.21540411667723,
      181.66430436502458,
      183.40746548650463,
      181.28231889359597,
      179.88907637454304,
      183.48463005183802,
      178.1134750519396,
      179.5719556599068,
      177.91547418035435,
      183.2014079060483,
      179.2720992174139,
      180.05611310510815,
      181.79866000268407,
      181.12798476839686,
      180.2172391049835,
      179.88029900521218,
      179.06442872287946,
      177.67891085798024,
      183.26434538757357,
      181.75674872915533,
      178.88600703193487
    ],
    "knee_angle_back": [
      181.38133402522632,
      178.43347029891396,
      183.8454654389985,
      178.1896431310508,
      179.4318938812287,
      181.8388195927551,
      178.8416377840606,
      181.6666551295709,
      165.8274418570287,
      155.30507910197042,
      141.45124166650936,
      133.41326336975874,
      113.77404753389384,
      102.76259747622615,
      92.18462667338139,
      89.90304680319157,
      86.07809401524118,
      89.79118647270629,
      90.37738441933652,
      86.9484250827063,
      86.79204650936067,
      93.0438739825029,
      101.23776105198476,
      115.99247736858217,
      128.25982400986018,
      139.07942879575788,
      151.85497304714025,
      170.32905819640058,
      90.36247374286893,
      100.20633378168935
    ],
    "back_angle": [
      -0.4501933288303097,
      0.46999219682615134,
      2.3813678530982623,
      1.552013829871995,
      0.8325572699843661,
      0.5495196121496068,
      -0.36964231298027733,
      1.6784785616305746,
      0.13953110595604123,
      -3.6160887004723516,
      -0.8435380718720277,
      1.3025792356759376,
      -1.554208364923453,
      2.087923595621321,
      0.2536251202699743,
      2.0930260280837047,
      3.7868575811539946,
      0.598528973851258,
      3.859369362011178,
      1.9420132134878605,
      2.233644286783822,
      -1.1441912876210214,
      0.26420351048573437,
      -0.48582788899946416,
      -1.4707799924931482,
      0.5416567626590623,
      -2.7714677569106088,
      -1.35341379919979,
      -0.03455025156990978,
      -0.0204452830156482
    ]
  },
  "num_frames": 30
}