{
  "exercise_type": "bench_press",
  "form_score": 79.48847419645361,
  "form_quality": "good",
  "risk_factors": [],
  "recommendations": [],
  "joint_angles": {
    "shoulder_angle": [
      91.88931266333836,
      90.07462133318465,
      92.38282871582452,
      92.59867417601293,
      91.02660780391416,
      90.9456082465316,
      89.40238420068674,
      92.23634253412644,
      90.32727816125177,
      88.24499415670076,
      88.25841683307745,
      88.65710149538963,
      93.0824618186762,
      88.63551171954646,
      88.66182593283281,
      87.29334718376039,
      89.5615899255864,
      91.53408896200311,
      88.84299687498297,
      90.39768186460215,
      91.41638015406666,
      87.73443886348629,
      90.47876970917363,
      88.54212694124676,
      88.06805013192734,
      91.76136833957204,
      89.3031793596338,
      91.5680556608347,
      89.06149173086297,
      90.94699363921899
    ],
    "elbow_angle": [
      91.18117027118272,
      88.97706750889277,
      84.77935674084435,
      79.99527221475094,
      77.26485266279221,
      76.30960373950104,
      71.96918490390487,
      70.36197294698812,
      69.26233592757394,
      64.86824899794576,
      59.21304993215129,
      60.70970732076681,
      53.744147039245554,
      50.53003435650139,
      51.67960963152459,
      45.09863071340584,
      49.61499451871407,
      46.90367224847849,
      54.055824001708096,
      58.61330063472407,
      62.44097004899692,
      63.292552886889005,
      68.70541436479316,
      68.7054767686937,
      73.63954978997542,
      78.06229807016673,
      78.03977338777865,
      81.62879389371601,
      84.61502734729514,
      89.68003574693401
    ],
    "wrist_angle": [
      176.9285663280957,
      181.9592084928687,
      181.55082897701777,
      181.95511402056854,
      180.6626650816466,
      176.12411340341527,
      185.43619018570934,
      180.1882708957974,
      179.79005256439777,
      181.12446565150677,
      179.76909344213536,
      182.58231465977417,
      179.60049977244628,
      176.71246135058166,
      182.00564573264296,
      178.1104088251602,
      182.5133101020447,
      179.03515506530195,
      180.1310185550825,
      178.64122641047155,
      179.00578029901874,
      183.2469741675064,
      180.88218856155373,
      177.8610618580643,
      180.23532914686655,
      178.58270994944667,
      176.28472328729154,
      182.04588210823317,
      182.3799948247121,
      179.95234494720773
    ],
    "back_angle": [
      1.8571862349122668,
      -1.1699059837811867,
      -1.0773519274642123,
      2.024726492221189,
      -2.7005084455710704,
      0.4791412827929413,
      5.728612313275931,
      0.2183734419788442,
      2.684336857485383,
      -1.559962655227931,
      1.1330242634123373,
      3.5080586752473817,
      -2.1377951914930886,
      1.1831815535179042,
      1.4538198199197423,
      2.002138676317001,
      0.06768948301771571,
      -4.469213465813602,
      -4.451079814919665,
      -4.920460025861866,
      -1.4704565778079246,
      -2.483937613265136,
      -1.3118572899415804,
      -0.6146281367318753,
      2.478908631314362,
      0.8289863462613231,
      2.6387914113386954,
      -1.1976175738222135,
      2.6010141239229414,
      -2.779456293903079
    ],
    "hip_angle": [
      91.09395059910041,
      90.85620065980974,
      88.6356273596834,
      89.17840883923965,
      88.76233832221536,
      86.60867092449865,
      90.77818686717875,
      90.83462989086725,
      89.55717562423598,
      91.33786748986186,
      91.73160165008561,
      92.4510618487843,
      92.42547445807503,
      88.20039803135468,
      88.05125833264216,
      88.98127945345908,
      90.75474044564574,
      89.13415901273267,
      91.69075372728628,
      93.44047148958227,
      88.96324562559336,
      91.02558597399884,
      89.20454866015493,
      94.92394434594081,
      88.83419932390761,
      88.75078659757659,
      87.88389933761708,
      90.90447542707201,
      91.67102077582906,
      88.40584961433622
    ]
  },
  "num_frames": 30
}