{
  "exercise_type": "lunge",
  "form_score": 62.18748561952717,
  "form_quality": "fair",
  "risk_factors": [
    "moderate_forward_lean",
    "minor_form_deviation"
  ],
  "recommendations": [],
  "joint_angles": {
    "hip_angle_front": [
      179.19678617158985,
      180.55152555442987,
      178.21773229333195,
      182.23090227007773,
      180.46028802377035,
      178.50974635636996,
      181.24116153570452,
      179.76939232713784,
      168.77289932708217,
      156.27869235338065,
      139.24996906490497,
      131.87063653122243,
      118.5617451825915,
      101.45364667512351,
      93.72407817594454,
      87.7997506260735,
      90.51811329935104,
      85.85389504891093,
      88.699645671829,
      89.23804609709411,
      90.23983871102267,
      88.30226442764122,
      103.55671649576598,
      117.03252523099097,
      128.5844516476291,
      140.786405939953,
      153.4342640385409,
      167.70942826820985,
      90.15101677390193,
      104.25534941137835
    ],
    "knee_angle_front": [
      181.13651008505136,
      177.73349210421188,
      177.32386880981613,
      180.7786797035434,
      178.00713482355792,
      183.40002820493166,
      179.4753472476059,
      179.74505316632235,
      162.50661294393265,
      157.50256909169948,
      140.13077718956671,
      128.40545870039932,
      115.54806710406838,
      103.79467727274495,
      88.94365883610855,
      93.41712505380426,
      89.65106699037278,
      89.46650308104375,
      88.83746458549828,
      92.82769485703082,
      93.96063175091172,
      91.15653040225895,
      104.62580672455816,
      110.7834662851149,
      127.75397438684435,
      140.99189192359864,
      157.72178203364265,
      166.22935947804055,
      89.52716211259487,
      100.92439843628814
    ],
    "hip_angle_back": [
      180.31122851614765,
      178.8218021478174,
      176.37093381134756,
      180.8972648889029,
      178.4072178251458,
      177.78405802605266,
      176.98179270488018,
      175.34888138358983,
      179.38138346916753,
      182.06551728362504,
      177.09899795089456,
      179.52653125350844,
      179.18287735605432,
      180.35380015855765,
      181.07217350211047,
      179.6790241309778,
      179.8262415369947,
      180.644869473335,
      181.90398328346686,
      182.78848663047478,
      181.08308928018806,
      180.07155067332715,
      183.9276337970947,
      175.7748568250082,
      183.2097246322004,
      182.12217723327538,
      179.86439870022323,
      182.39159402496557,
      182.0938476107718,
      176.64423951610343
    ],
    "knee_angle_back": [
      182.29668434635656,
      183.52386581148994,
      179.3701400675308,
      179.12673908308895,
      178.86186462012097,
      180.63003908624324,
      180.793172647652,
      179.04194844732515,
      167.43956276497335,
      156.70567409519393,
      139.81252295770133,
      126.28940014561586,
      112.81758986948432,
      102.5749639606405,
      90.23107330273027,
      90.76240716207869,
      86.85480878996492,
      90.29524798063177,
      88.86741645271168,
      90.58640072031696,
      92.820727035942,
      92.04836435796243,
      101.47374368484553,
      116.41900399695112,
      128.53611992061093,
      138.9819386912665,
      153.01393769172478,
      166.32646463788072,
      89.36203753477534,
      102.89518319085072
    ],
    "back_angle": [
      3.942142304867476,
      14.219016315423275,
      12.277106716636467,
      11.808572384198046,
      10.184797689709123,
      3.6680889687256397,
      10.850731025229694,
      15.07290841828807,
      7.854632649662836,
      13.21654373346578,
      8.194556103472394,
      16.651622322279312,
      11.40606980613646,
      13.15268094027446,
      10.60887736669577,
      8.310165500324773,
      13.530135461240345,
      5.502369259802153,
      14.20530205486195,
      10.668176823194363,
      8.648655567048737,
      10.901151074864789,
      12.802915526070143,
      9.966247127063522,
      5.33447727666757,
      7.818247473935127,
      15.432388516621218,
      5.421895110724079,
      12.522169875763716,
      11.276166631510366
    ]
  },
  "num_frames": 30
}