{
  "exercise_type": "deadlift",
  "form_score": 79.64138379316061,
  "form_quality": "good",
  "risk_factors": [],
  "recommendations": [],
  "joint_angles": {
    "hip_angle": [
      45.52338763215694,
      44.19342939037431,
      44.48599651444365,
      42.62873753049373,
      43.4116776532599,
      45.968165052418755,
      47.343243571044276,
      43.9803577906627,
      46.32077808493141,
      44.35560641296226,
      43.35786145995384,
      57.639469202880875,
      71.16836857827727,
      81.9142010176276,
      99.19550975134094,
      112.58430977863665,
      125.47612707298687,
      139.91666000044955,
      155.34877027499323,
      169.06885694927,
      182.71432088439266,
      166.80597047440523,
      155.3404288177963,
      143.7237555955917,
      126.39121680448662,
      111.30565337026813,
      98.5839602147206,
      85.47669072831577,
      73.8525811044915,
      58.39614231352971
    ],
    "knee_angle": [
      89.24803020586901,
      87.23646986934668,
      93.48495765248167,
      87.25058511672148,
      90.49782854317834,
      87.94086665812351,
      87.15741179560517,
      88.40930153858197,
      89.66075641743906,
      88.05725789204318,
      91.35851413284958,
      101.64734838620771,
      109.7599564097136,
      114.64792500702706,
      127.4160581049093,
      134.24699871808608,
      140.45374800939578,
      153.86152344161164,
      158.99451326985064,
      168.3647962719518,
      178.39892390978213,
      172.8818107967656,
      163.13587235188504,
      156.07481252844042,
      145.00181156606357,
      140.69606512762283,
      123.31144280204127,
      114.25893520829231,
      108.77728277781806,
      99.27893470602967
    ],
    "ankle_angle": [
      88.34984114472607,
      87.69518859929332,
      93.87561623178084,
      89.40605940246704,
      90.72674778225776,
      91.22122251427409,
      89.7588599574349,
      89.0792357110331,
      89.3620739062683,
      89.16520678537462,
      86.40169542864528,
      87.8542777453023,
      89.82501197190105,
      93.19452933734883,
      91.69373232981076,
      91.97451898235163,
      87.23117533312542,
      88.88503188915479,
      87.06187712223557,
      88.10780333493659,
      89.53652815550154,
      91.81332944803353,
      89.7078777890476,
      89.74238901018431,
      92.7774461791108,
      91.39575510831757,
      90.0952250894949,
      90.20657907387016,
      87.98963853467772,
      91.36784766488258
    ],
    "back_angle": [
      8.544211082929321,
      1.3610938215928963,
      3.658327313621443,
      0.31386064680854786,
      12.434953165209652,
      1.4483688748630195,
      0.9116117507607027,
      1.5531472622804041,
      -0.766064161716981,
      9.214296116103576,
      7.0753921392069365,
      3.507347957098724,
      4.382674197588676,
      1.3631858704068285,
      9.010758768424866,
      4.70873840106357,
      9.62345790276526,
      1.8411693845931951,
      4.452394846271678,
      7.902049525465657,
      8.409549524911773,
      3.0520145527434765,
      -1.240456641034737,
      -0.35880116364565995,
      0.10427118998600138,
      6.023325600942577,
      5.748241725542662,
      3.402727628228104,
      3.964601357962006,
      -1.5651350421306836
    ],
    "shoulder_angle": [
      87.88733477343247,
      89.07038481051319,
      89.454769253605,
      91.72560249705305,
      90.78083916966551,
      91.07585948344801,
      88.22786110272686,
      88.78843276757797,
      87.04446759263607,
      88.94033945946691,
      89.1669891538081,
      92.51489502910268,
      87.32401727356739,
      87.85953352970961,
      92.23796566771989,
      92.01069084260824,
      91.14447667088524,
      91.43528725476531,
      86.07294292806021,
      88.14909424545998,
      88.96623698305669,
      88.03259471422265,
      88.55001968490497,
      90.09036746780836,
      89.81202677007907,
      93.97586856316153,
      91.46532369599629,
      91.80225869867448,
      89.97898091829117,
      88.9871179859476
    ]
  },
  "num_frames": 30
}