{
  "exercise_type": "overhead_press",
  "form_score": 87.23942056736936,
  "form_quality": "good",
  "risk_factors": [],
  "recommendations": [],
  "joint_angles": {
    "shoulder_angle": [
      90.18361042052253,
      94.39694105664181,
      100.65026593444632,
      106.67260997555157,
      116.21495990494527,
      121.64863328337685,
      125.29364585484679,
      125.9305654822255,
      136.4855061423758,
      145.71834894865054,
      150.40705325710772,
      154.91288382345311,
      162.64501833059163,
      168.19079439726733,
      175.23525044039087,
      180.28617193472672,
      173.7456756322855,
      171.41482857911055,
      162.05593697053322,
      157.86439346037588,
      152.35861010485812,
      144.20881371438958,
      135.29544881408592,
      136.62564002805598,
      124.57612261023654,
      120.73975908658576,
      115.22771215923208,
      105.30387254052796,
      98.6017065291466,
      94.96744255961674
    ],
    "elbow_angle": [
      91.0256194980935,
      93.7176286833892,
      103.66127053563305,
      105.9611031366727,
      112.20956090230068,
      120.27744627358607,
      122.35966479856283,
      132.55664788827312,
      136.19007469117835,
      141.68621693171085,
      149.04546657626693,
      157.71433500509093,
      162.47289049329538,
      166.10501730416402,
      175.85884718297885,
      180.90222265083054,
      171.03027581448924,
      166.93440512330844,
      160.49136248417597,
      157.61292211312298,
      148.17690645833574,
      143.7292263305075,
      136.8965810332525,
      133.04964359815608,
      125.04221751442094,
      122.14894500459712,
      112.07116307936924,
      107.14564261863157,
      101.73074236097341,
      95.63737900054056
    ],
    "wrist_angle": [
      180.62227100633416,
      179.0473368648652,
      177.3453767219069,
      181.61980473544637,
      176.17888132003714,
      182.72713683874187,
      179.48208308643558,
      179.89878606011266,
      182.5305094063707,
      177.1885407578471,
      180.61638229958584,
      180.0361409326535,
      178.2471772465657,
      179.56578970918832,
      178.30292938126914,
      182.04676709284354,
      179.03832233750813,
      179.80866836323406,
      183.69336816297968,
      181.08030731718188,
      179.92613405875255,
      180.71346615799402,
      179.9576412772186,
      179.7112575442602,
      181.34347867850397,
      179.6529424518088,
      180.19071993652045,
      179.42966323461567,
      180.5426954170339,
      180.4816777798229
    ],
    "back_angle": [
      -3.665989802203511,
      1.5817721124414212,
      -2.4294113335888734,
      2.2763289792021513,
      1.8640951197274758,
      -2.1103351157677492,
      0.8990998670532507,
      -2.405945771914795,
      0.7449520625911755,
      0.031950898025545474,
      5.648234339508828,
      -0.2768049916348444,
      -1.076331327110742,
      0.7887005576335562,
      -1.7628861976955075,
      -2.1017991860138103,
      -4.916726970332585,
      -0.9320202517427758,
      0.6389570928560426,
      -2.051259755245866,
      -0.48084998814150437,
      -1.8949739603158773,
      0.7389779446620699,
      -2.572682610014375,
      -2.001275345029953,
      -3.11382174522679,
      -0.45610485559208275,
      -1.3777476908782256,
      1.3152304928304233,
      0.3182074246761669
    ],
    "hip_angle": [
      178.53875016469456,
      180.46727796846037,
      181.76337809342286,
      181.67152003652348,
      180.29001886399695,
      178.33450642465002,
      178.5622602547613,
      177.33770660131398,
      180.49413414948373,
      182.11979321601274,
      179.7658843124911,
      177.75117968412343,
      179.57822878093643,
      179.6133593374808,
      176.3639398851928,
      180.4538078984024,
      179.7560035892291,
      181.77945388398413,
      177.6953397015164,
      177.9605323624722,
      183.6223831418031,
      179.29221906371168,
      179.1721172896082,
      179.03128869340802,
      183.81401115500225,
      179.19612814810503,
      179.4375875628992,
      183.21755832190715,
      180.36180987994143,
      181.9486756742606
    ]
  },
  "num_frames": 30
}