{
  "exercise_type": "squat",
  "form_score": 63.00762442105449,
  "form_quality": "fair",
  "risk_factors": [
    "moderate_forward_lean",
    "minor_form_deviation"
  ],
  "recommendations": [],
  "joint_angles": {
    "hip_angle": [
      179.5998373141448,
      181.6790025951576,
      177.40439229127665,
      176.66830641085616,
      181.95105303203354,
      179.181515241881,
      182.344537498675,
      181.2208554682667,
      167.2317744964393,
      155.18316816167535,
      139.79490872659585,
      128.99946529649162,
      116.11272513317073,
      101.1830532719722,
      91.70334614851689,
      91.15179679579619,
      89.88573234643555,
      92.21470599368543,
      89.62014587862818,
      90.86972814508111,
      87.8570249618007,
      86.4003639546069,
      105.21550645547624,
      114.35134460536618,
      133.11178237441533,
      142.98212556957313,
      158.76304803376266,
      163.45354305354127,
      88.86906145837456,
      102.16412063619309
    ],
    "knee_angle": [
      176.3878697783728,
      178.21774141033052,
      179.3255944591966,
      176.8128620160391,
      174.30058130150996,
      174.65711288270515,
      175.2005956774131,
      175.85204594319615,
      165.2008929133847,
      145.94921938429076,
      134.0910731720131,
      120.87006210852319,
      114.37799760295277,
      104.76708369768268,
      84.36799795469584,
      94.11344023425382,
      87.14204565857199,
      85.65793118885247,
      83.27217525338897,
      82.5074034671155,
      87.40190583523008,
      81.07536502628702,
      98.2302753936302,
      108.82255517157822,
      122.95009586107088,
      135.83664168028218,
      143.1740403243813,
      163.36470018339068,
      81.80867870895524,
      99.5612004725493
    ],
    "ankle_angle": [
      92.88302947747722,
      86.28950361584386,
      89.40588417405301,
      93.49564031559372,
      90.99655888574549,
      89.49522232670573,
      88.8021254481751,
      88.18995832796394,
      88.54171997172166,
      83.04283934459762,
      80.72835795757507,
      77.793229934451,
      78.3091354477384,
      69.11623961432932,
      69.09617672048412,
      69.18161305001509,
      70.60623417236941,
      69.23534910345982,
      70.53032317700686,
      69.81740571252877,
      71.22137878538915,
      69.92845516385597,
      71.9786681234301,
      75.1946197176805,
      75.68724377630436,
      80.36303703655364,
      83.06492113777622,
      86.4686776076779,
      71.09580414479487,
      74.62409394830922
    ],
    "back_angle": [
      13.407887445893456,
      14.90892291216278,
      14.394388060172124,
      3.102920826057765,
      13.673317533662862,
      8.05547921228494,
      4.020840497786875,
      11.939594876517635,
      1.3497188315560975,
      15.217645105218704,
      12.76874529917887,
      12.536359396556565,
      13.155330907020709,
      11.149347159902215,
      7.2096366326930745,
      8.251170858229825,
      11.657893150568981,
      14.455222426426444,
      15.782247503059944,
      5.743343634338239,
      13.820982862965712,
      6.136951558034223,
      17.41829024234326,
      14.393099226684503,
      9.455058582214278,
      8.528348604477932,
      6.928006860837135,
      13.267954543554975,
      9.354444824322151,
      10.692356267471794
    ],
    "shoulder_angle": [
      44.47628300299091,
      44.48771587801816,
      43.141047849327606,
      47.39709591893115,
      43.85571728290842,
      45.25411849973528,
      43.733714005729574,
      44.698893234561524,
      43.813063294792755,
      43.12854574882747,
      41.40282759663093,
      48.054555757728046,
      43.94007793618847,
      45.767383912157136,
      47.424465900950516,
      44.18336934696661,
      45.048408967462606,
      44.428251257336626,
      47.995495619840966,
      44.92518738307357,
      43.24685887641538,
      46.13968808455872,
      43.51968626941573,
      44.48332575932828,
      43.347991619816035,
      44.87427436678255,
      43.44579309477228,
      47.81915250401633,
      46.415245954348315,
      42.2979581378485
    ]
  },
  "num_frames": 30
}