{
  "exercise_type": "overhead_press",
  "form_score": 53.222381316745754,
  "form_quality": "poor",
  "risk_factors": [
    "excessive_forward_lean",
    "knee_valgus",
    "insufficient_depth"
  ],
  "recommendations": [
    "Keep your chest up and maintain a neutral spine",
    "Push your knees outward to prevent inward collapse",
    "Descend until thighs are parallel to the ground"
  ],
  "joint_angles": {
    "shoulder_angle": [
      89.25696210925538,
      94.1299620959366,
      100.09362615548508,
      114.81537562482167,
      114.05545318903394,
      125.3495714363124,
      129.6023824672423,
      135.75517004790527,
      139.76232901263367,
      147.35749573678015,
      149.17725286572158,
      155.7164711893139,
      160.06767795533278,
      170.10439072617046,
      171.93035631914836,
      180.26046972156294,
      177.0968237020682,
      166.32455354260395,
      164.99279136793876,
      152.37062604678127,
      149.59731805992703,
      142.9354994424894,
      140.07931424705995,
      132.2056154914341,
      124.1644398717429,
      118.36199374630662,
      117.04994878958595,
      105.5881710727696,
      103.54969626602146,
      96.12603649762303
    ],
    "elbow_angle": [
      90.18913813265729,
      98.69439113650107,
      99.91814046184119,
      109.35272022711061,
      115.15674538352464,
      120.63063192781611,
      128.77800638954042,
      128.39515018087565,
      137.22736991753345,
      143.80523561558425,
      148.83363533052034,
      153.22852474350623,
      162.61772535218762,
      166.73356403363772,
      171.79196095806012,
      177.08867292372668,
      170.88968706700697,
      165.33175455651244,
      165.206318553922,
      157.30070585907984,
      149.09871331372432,
      142.84422638539556,
      141.18441509901365,
      133.23912540092442,
      134.1926869992934,
      120.0123128003097,
      114.25263031155302,
      111.60694719345808,
      99.12316189438963,
      97.40154558150725
    ],
    "wrist_angle": [
      177.61567834283775,
      178.15654480777974,
      180.361469969605,
      179.88680556724825,
      179.54858946906967,
      178.9386895003329,
      182.04460342954215,
      180.14891699643488,
      178.466622732213,
      180.8084488371767,
      178.1744356879423,
      179.26223486950462,
      179.91790104949058,
      180.730890730282,
      177.26688041439593,
      181.07909455267796,
      179.1144919694193,
      180.22491905441345,
      181.04162491031371,
      178.601082198525,
      176.6033446439751,
      179.49817135002385,
      178.569917425725,
      184.83838433267394,
      179.3971690117429,
      176.5223320878789,
      179.7029892957853,
      181.54306758546048,
      184.606820879936,
      180.00232303569666
    ],
    "back_angle": [
      25.453641649226757,
      26.805682061668524,
      19.89235178523591,
      27.504444190581008,
      22.47668527143585,
      29.297713681115248,
      25.719148013643522,
      21.847530531487116,
      21.832464915130277,
      24.32766014099361,
      31.18224974941476,
      20.646316722467247,
      19.40203704836635,
      20.220205216637325,
      21.534871764585574,
      22.28704295198397,
      29.29131179018586,
      19.664714866880708,
      27.606949630550947,
      27.486349561979484,
      16.597607398163653,
      29.48842815517687,
      17.70892852381898,
      16.404359657375714,
      26.117631555804827,
      18.798027461096808,
      23.395601977045803,
      20.02000607112261,
      26.236683739375657,
      22.4658399209495
    ],
    "hip_angle": [
      178.87715914004133,
      179.11584789459846,
      178.9469642549663,
      181.15322872944205,
      178.38046382912225,
      180.1590806305644,
      178.07947049893767,
      178.83061570848247,
      180.85155438244826,
      179.99450608079746,
      180.5387072706949,
      179.21223788911314,
      180.18954806750546,
      180.60116627328156,
      181.15033240809808,
      178.58588909422727,
      181.57092763966418,
      177.26008585222638,
      179.25175265326885,
      180.92985554626765,
      182.4154455650102,
      176.44624722892377,
      178.3570934032205,
      178.66804865784718,
      179.22945091656297,
      181.69398387808604,
      182.93678766071736,
      181.35586440812534,
      179.41579747649342,
      178.7157341521614
    ]
  },
  "num_frames": 30
}