{
  "exercise_type": "bench_press",
  "form_score": 66.33460555154541,
  "form_quality": "fair",
  "risk_factors": [
    "moderate_forward_lean",
    "minor_form_deviation"
  ],
  "recommendations": [],
  "joint_angles": {
    "shoulder_angle": [
      88.8328845028779,
      91.49094805934944,
      91.82125215301541,
      89.59530961852897,
      89.32812151984731,
      93.99272903724722,
      93.1254268713909,
      91.56584163288764,
      89.24649074491552,
      91.06361077285243,
      95.04090683169795,
      91.14934676847912,
      91.73317698327253,
      89.36019380129568,
      86.78012337601005,
      91.2288863753429,
      87.46303951426599,
      94.27744112383976,
      90.77819821582133,
      88.4278702434872,
      87.34980891335134,
      88.94735943034969,
      88.17487045912196,
      90.50659834302995,
      91.82023023096603,
      90.80511645742187,
      88.78201183334457,
      92.40592102040998,
      90.80899211664564,
      88.17982279758782
    ],
    "elbow_angle": [
      87.22228368827996,
      81.48818192981918,
      80.54615580243455,
      72.98736645868652,
      72.1064312150054,
      74.11801268877221,
      64.04568580681851,
      63.87303272704326,
      55.31725226449976,
      52.898441778305454,
      51.16958897418176,
      44.544296640084866,
      48.955099306479156,
      46.880336830704096,
      46.87634684712885,
      41.44800155348868,
      38.26423176818761,
      45.03961970913774,
      50.149121757061955,
      52.98586969045351,
      51.494712481311154,
      58.100012154263254,
      57.78565841377309,
      61.888811696150704,
      63.50633974821989,
      65.01207628063025,
      80.90938837114518,
      79.59249263290687,
      74.87102154823557,
      79.85111345093506
    ],
    "wrist_angle": [
      180.41266372267054,
      181.3113925825908,
      180.875468145108,
      178.51059399121445,
      181.15402910681246,
      179.9935886900631,
      179.69362443777334,
      177.6164313031056,
      182.10574405585018,
      177.69340240124254,
      180.51634958253135,
      178.85242917541282,
      184.10015813239448,
      181.09580435594387,
      176.97477742868097,
      179.20421963631034,
      180.97210536660606,
      182.2634581056469,
      181.51735712855032,
      181.39238093969232,
      182.3774691281916,
      179.5769112715128,
      178.63716012878274,
      179.76788505705025,
      182.44493128907894,
      180.98234896936884,
      182.34302987763175,
      177.48598707306328,
      179.31603455174513,
      179.8067255614378
    ],
    "back_angle": [
      13.972224330203874,
      8.44986261118527,
      8.555501871598453,
      9.311406326892298,
      5.076861559057646,
      7.763639089686099,
      7.7746057411265275,
      12.893751366413655,
      7.486333562171498,
      16.526677605814214,
      12.100676723351011,
      6.167618854011768,
      7.549083595596298,
      9.229930908557941,
      5.996951084656989,
      5.424145689065417,
      10.504957159813152,
      11.740793367045216,
      9.366200407053963,
      13.529491176866163,
      5.140437730904793,
      9.152973377940448,
      9.708874921734648,
      8.384152539277219,
      6.629643284659842,
      6.771668011050179,
      15.1881401866259,
      8.417134773310458,
      11.414727238415123,
      13.7116040998262
    ],
    "hip_angle": [
      90.74513668270633,
      88.80462475419685,
      89.72490990599323,
      94.75982778601538,
      90.3101111241386,
      90.11910821891534,
      90.83895512197145,
      95.04500552917644,
      89.82810998576375,
      89.49315133175796,
      88.6931810492441,
      91.58436567264862,
      89.84076014792261,
      88.71648031846824,
      92.2324018424522,
      91.36169150247343,
      91.16106398341488,
      95.7183108593271,
      93.18622607566716,
      88.53357643905933,
      93.55841071909514,
      89.56575544726027,
      90.04293814410404,
      91.35337142739534,
      85.58518467796327,
      88.61374369007201,
      92.67940279845632,
      90.91316328259451,
      90.45060732908405,
      89.37341673607784
    ]
  },
  "num_frames": 30
}