{
  "exercise_type": "squat",
  "form_score": 92.6745977457087,
  "form_quality": "excellent",
  "risk_factors": [],
  "recommendations": [],
  "joint_angles": {
    "hip_angle": [
      178.87936456390202,
      177.09303965487743,
      180.21205676647463,
      178.58060825813942,
      181.50848006482514,
      178.5414440273666,
      177.38232221951566,
      180.77171881766662,
      167.0264193927541,
      155.94503632425133,
      139.81018394066908,
      129.91561477465518,
      113.45451794443099,
      100.97636264143064,
      91.72189585139589,
      93.18595497622455,
      93.55006058468261,
      90.95771585923316,
      88.42803877541947,
      89.31512366508156,
      90.51505362308242,
      90.95288141210247,
      104.21686863182599,
      112.66890314721377,
      128.35460481140694,
      142.1721994934424,
      156.34273574720612,
      167.5235938793122,
      87.43433006237566,
      105.506317569818
    ],
    "knee_angle": [
      180.52788489407683,
      178.6152732170057,
      180.79439885059043,
      179.56968825157617,
      177.256054395727,
      180.43166987240642,
      178.28025385568017,
      181.2347008458953,
      166.5514248932268,
      158.75583467849836,
      143.27849054365697,
      130.17844248362204,
      115.75219034723328,
      107.83988598125282,
      90.17572221076729,
      90.29638610130989,
      89.69245768502556,
      93.18218319900004,
      93.06344035992682,
      89.65262779430998,
      92.60815222890271,
      89.96808982488588,
      106.55616176937987,
      116.44981952017297,
      130.78473853640983,
      138.51560604340608,
      153.33574255103187,
      165.70326605515947,
      87.9736390135621,
      103.31326372749912
    ],
    "ankle_angle": [
      89.36695813189874,
      90.90243789934209,
      88.63000547917413,
      89.43008301133881,
      91.12613742950285,
      90.50294690994888,
      94.39639184951768,
      91.61613144778812,
      88.85747408840633,
      83.67264727707897,
      82.54723541959943,
      76.79003009337603,
      71.83193603539709,
      73.35576877279011,
      71.60215369173383,
      72.62157726663824,
      73.20316743558665,
      70.29688840801633,
      72.24703130110585,
      68.19289021691957,
      70.65902671189562,
      69.13097077202353,
      74.18934788390544,
      75.29512922224458,
      78.45652545018906,
      82.35049453904438,
      83.95104204511331,
      85.151768529459,
      71.2382086995237,
      68.07143522155644
    ],
    "back_angle": [
      -0.5482633185560053,
      -1.931980810250515,
      2.0881188911340107,
      2.6848452232745976,
      0.26268279483984786,
      0.06676616121511432,
      -1.839121109644453,
      -1.8077913124714322,
      -0.6267112054743673,
      2.1729422657196813,
      -1.2792769425763766,
      -1.9670954176019613,
      0.12483911167159051,
      -0.08366601413576435,
      -0.5293389807458467,
      0.37441236973352104,
      0.0427790792513416,
      -2.903106045764146,
      1.1961907569866959,
      2.3362985794210975,
      -2.2772799476362735,
      -0.3638819100374034,
      0.5543025867131216,
      -0.02753905661402453,
      4.029355087629175,
      -1.4721844978173604,
      2.628808241460178,
      -1.493018197605363,
      -0.7796636555752559,
      2.8826654057151724
    ],
    "shoulder_angle": [
      43.573069987322654,
      45.887448269723166,
      49.35402295102547,
      44.14979064628491,
      44.91265593457841,
      47.422796710277794,
      42.236158108110146,
      45.12066005846261,
      44.50512975528225,
      43.50372920441002,
      44.334700869773016,
      45.14172635828082,
      49.421165160236455,
      41.967743372608126,
      49.19324426720693,
      45.94413699680128,
      46.338179172380016,
      46.38859101491623,
      45.944037695816185,
      45.29144955853759,
      43.79460988284973,
      48.49828272991567,
      46.41115259784136,
      45.561350650734674,
      49.09729984855626,
      45.77905398350449,
      42.226477579605024,
      47.31154661434253,
      42.96789275721189,
      42.901221857454516
    ]
  },
  "num_frames": 30
}