{
  "exercise_type": "bench_press",
  "form_score": 94.4567439425939,
  "form_quality": "excellent",
  "risk_factors": [],
  "recommendations": [],
  "joint_angles": {
    "shoulder_angle": [
      91.6451466064284,
      92.21424182550267,
      85.50980130006995,
      89.60698889261097,
      95.87790388947501,
      90.66860122093375,
      83.69513304176076,
      87.66631795742276,
      89.33993187702318,
      92.18622909081537,
      90.27230249411014,
      87.82716252138744,
      89.48850509283737,
      88.68837668267857,
      92.46492052695736,
      89.15147141729628,
      89.30248235160289,
      90.22547222371934,
      92.18405280475262,
      91.50622217016425,
      89.01383454208558,
      87.47341017319643,
      87.78824260295855,
      91.88356887114479,
      91.18611308141877,
      89.09562228732744,
      89.75301902102164,
      88.58867434384044,
      91.42812203899278,
      89.04843813936253
    ],
    "elbow_angle": [
      90.73956805909346,
      88.12206257482397,
      85.91655163131709,
      81.62445764998158,
      78.16908038434238,
      78.27954280878585,
      69.13665001132074,
      71.02138496329454,
      67.55274667676622,
      64.61239744313457,
      57.63365756769171,
      55.408099025441615,
      55.918522727853954,
      48.489677647100805,
      49.28328459088334,
      49.62312683331246,
      45.52910815413587,
      52.2089061144605,
      51.75935794391481,
      58.55174885929777,
      59.91999942506352,
      62.834715528252524,
      65.05436375324908,
      64.82641692340303,
      73.29032740185309,
      74.54627272426158,
      79.57238716788501,
      80.1309797318915,
      85.89166108906642,
      86.19689429219817
    ],
    "wrist_angle": [
      179.3936194202425,
      181.04001573422354,
      180.48416793612896,
      178.99154394757065,
      180.94508436378723,
      181.29515853816238,
      179.42555724887043,
      183.01165602593284,
      179.26455544701113,
      179.7984370554381,
      182.1470676159463,
      177.76732753740956,
      176.05290021047196,
      180.20380600751497,
      182.46876660965293,
      179.98402999031205,
      184.4223099880273,
      177.86375684221795,
      181.18025328211735,
      180.71040922048513,
      181.49230649420917,
      181.5507122731491,
      179.7768882952782,
      181.49074578089576,
      180.37488557309467,
      179.53865625055258,
      180.19796444005777,
      181.9402527577082,
      177.68675015589008,
      180.83813925035508
    ],
    "back_angle": [
      -0.07532087008619087,
      2.0695075510044885,
      -0.02442636061155083,
      -2.6029529700667036,
      2.596244064251821,
      0.5045350356128268,
      0.47554005558987883,
      -1.4676701045918272,
      2.4777137866340895,
      -0.34640235470210806,
      0.5948811576252853,
      -1.6988542090192524,
      -2.473739315475837,
      -0.3479950225531866,
      -1.3604200171988823,
      1.6610076159484652,
      -0.2746355685509133,
      3.7963280981915033,
      -0.7468183079144355,
      2.4628244559531436,
      2.9511446293859227,
      4.75717479739521,
      -1.0724285339581607,
      0.31596889327465855,
      -1.4029289590335015,
      0.9401695523785394,
      1.9367309857924566,
      1.0961001292938481,
      0.5192573412071528,
      3.259100327645201
    ],
    "hip_angle": [
      86.75251531472368,
      89.385217533677,
      87.21396309652584,
      88.99944856804309,
      86.9326237459121,
      89.85027539954608,
      92.48717794759348,
      87.84466956545329,
      84.9679408996104,
      84.51466608816129,
      89.26029746684404,
      92.77983251017226,
      89.02857784440462,
      85.98676338484464,
      92.54831869239918,
      92.704082278687,
      87.69979877748942,
      88.26884212358202,
      91.64042505354853,
      88.76768322118446,
      91.9467053198257,
      91.14578720738422,
      90.91080772681838,
      91.83253022584442,
      91.40071797385724,
      88.58022015678299,
      90.96951699213895,
      88.96638868275326,
      88.65605476761198,
      89.2643934162951
    ]
  },
  "num_frames": 30
}