{
  "exercise_type": "deadlift",
  "form_score": 72.76693405189319,
  "form_quality": "fair",
  "risk_factors": [
    "moderate_forward_lean",
    "minor_form_deviation"
  ],
  "recommendations": [],
  "joint_angles": {
    "hip_angle": [
      43.75785799493657,
      48.09781849529905,
      41.65487039544116,
      46.94408998452282,
      46.78244832646668,
      41.41711842136604,
      47.38286961640431,
      47.08814454546684,
      46.31401014060749,
      40.526468583940826,
      47.29165559210997,
      61.37898862163902,
      69.99629594790397,
      88.67653233807278,
      99.94032153460039,
      116.7555850139504,
      128.36163654290053,
      139.06254386857074,
      151.35089385534744,
      166.7155338747181,
      181.51818608715607,
      169.90557675104424,
      150.33503975353494,
      144.47075791273897,
      124.73726969956199,
      112.82320918544934,
      103.40602464343398,
      85.26993865259355,
      73.28317837683161,
      54.75483763826682
    ],
    "knee_angle": [
      89.48296657936564,
      93.05754542989531,
      90.40449705612964,
      92.10498154960698,
      91.84908082216627,
      90.80728956699993,
      93.23251735694049,
      85.91880299571837,
      86.48458751422598,
      90.38408641704385,
      93.11479734468324,
      99.89048994086298,
      109.1738928632372,
      116.97879256930283,
      123.29503689991631,
      137.0253200249922,
      145.3394742890651,
      154.61750240925366,
      163.61150996487262,
      171.6860052390267,
      176.67802554274286,
      170.47483453339106,
      163.54751181475925,
      150.90978760846733,
      145.76735547330304,
      135.98190049502114,
      129.6951831849783,
      114.89716436742496,
      106.61707739150455,
      99.7700959798975
    ],
    "ankle_angle": [
      86.71613598815513,
      88.90397768123402,
      88.10993741962854,
      90.2000518639177,
      91.10161341089578,
      91.41830090846145,
      87.05899779063702,
      86.90409254373655,
      89.75718956650026,
      91.25471215873601,
      87.29728155609111,
      86.8387939878119,
      89.01619150374499,
      85.66193445248665,
      87.30823381010232,
      92.88224848398508,
      87.65118831715851,
      89.7252620681247,
      91.70586671096476,
      89.03839183137067,
      89.52641382756748,
      91.58604908910678,
      90.65435498995305,
      91.93696945908307,
      87.41607975151864,
      88.56160345630498,
      88.63907956107909,
      91.06003232375298,
      89.52533682215571,
      91.31523966391288
    ],
    "back_angle": [
      9.787017723535122,
      18.193696549432133,
      17.450351841031825,
      17.130454433797194,
      14.184118421089623,
      21.05649500542489,
      18.03181671547367,
      13.705375631322443,
      12.465211478861931,
      15.0846042442891,
      9.280767852850694,
      15.627420911223501,
      11.267779869097277,
      17.02104874645218,
      17.495472321266522,
      20.128145515712653,
      20.89321403107405,
      11.53512920669084,
      10.270003456435598,
      11.79479000158334,
      19.9863322869188,
      10.981125374853612,
      8.99132683505146,
      15.492937266554671,
      16.218240966010494,
      12.451414826608813,
      16.60347392143437,
      9.181685675790277,
      20.00076150559709,
      20.507917736703565
    ],
    "shoulder_angle": [
      91.73017003155857,
      89.80936095340735,
      91.72325571960049,
      92.13372098809302,
      90.71351611785666,
      89.16507436086629,
      93.70653497281793,
      92.30044004250492,
      89.34994830456644,
      89.74054460414396,
      92.81273775590023,
      89.33602052898621,
      93.83049042498638,
      88.59896027116984,
      91.84959032015047,
      90.39494565155984,
      92.32620886209169,
      86.65617863490293,
      92.6451111889736,
      88.76035296509346,
      89.55886046993398,
      90.73971671020513,
      88.98707860579302,
      92.5728273374607,
      86.74713800716711,
      90.09865958937736,
      88.64166711537248,
      92.18162731182223,
      89.4233199156374,
      89.3968019966277
    ]
  },
  "num_frames": 30
}