{
  "exercise_type": "squat",
  "form_score": 46.5917485080066,
  "form_quality": "poor",
  "risk_factors": [
    "excessive_forward_lean",
    "knee_valgus",
    "insufficient_depth"
  ],
  "recommendations": [
    "Keep your chest up and maintain a neutral spine",
    "Push your knees outward to prevent inward collapse",
    "Descend until thighs are parallel to the ground"
  ],
  "joint_angles": {
    "hip_angle": [
      181.10141654757447,
      179.38149974497418,
      177.4319783866264,
      177.53247046537,
      180.92145111915463,
      177.79166988223045,
      182.42479127766336,
      179.75152388660155,
      166.69014914872776,
      157.02618055268877,
      142.44994897391553,
      128.78228699394944,
      117.12228196844913,
      100.9945849788709,
      91.62386642399792,
      89.79427380866652,
      90.93435638894351,
      90.60167911914553,
      92.21365717742874,
      92.21125303676521,
      88.53637902436631,
      89.43190098619306,
      101.69626565485783,
      116.43769812315126,
      128.77315466572696,
      141.27013178142153,
      151.4391165262282,
      166.4806600439361,
      91.2761953025653,
      100.10782377496037
    ],
    "knee_angle": [
      167.07709553596575,
      174.02743913516542,
      164.44277924663697,
      173.53397990630765,
      175.05883812497575,
      172.38048198289334,
      167.74529751599147,
      167.89818828764413,
      154.70312445141454,
      142.27870035889782,
      127.97323850719813,
      120.3374457459397,
      103.49299473906386,
      91.49894621334076,
      75.61601722854297,
      85.85996117290502,
      81.25231995853775,
      85.21168887442678,
      81.84002266812517,
      86.63196472128854,
      78.2884848492612,
      80.17952930322944,
      95.63647725608782,
      103.10464262711413,
      120.98121741269631,
      136.17947073866085,
      143.46027634567014,
      161.18244363454644,
      77.42223658523525,
      88.47336829732164
    ],
    "ankle_angle": [
      90.9099565136005,
      89.84058003984951,
      92.58917742655328,
      90.82690679500604,
      91.2445823047543,
      88.54630192067965,
      90.05469349109327,
      93.4891247572773,
      87.78224390598209,
      85.57278373681761,
      76.13370857037863,
      78.81329190384153,
      74.80252693595425,
      71.79573828453644,
      65.80901460320914,
      69.94081101019663,
      68.1558486429852,
      73.10095152981398,
      67.91169407440245,
      67.53878228287094,
      71.21825688472055,
      66.6171393646274,
      74.38481936593779,
      75.90708963593694,
      80.5084204643773,
      79.97838321258551,
      84.18991563948752,
      87.51845350580801,
      71.04669250471221,
      71.54015656892389
    ],
    "back_angle": [
      27.088725478646985,
      22.33514700406422,
      26.490045976200943,
      11.526556941069618,
      22.565628289460246,
      27.616895147857576,
      24.903669634317165,
      20.184745409384913,
      23.899148968052778,
      23.715503017215145,
      25.623968794407553,
      15.37813493456798,
      24.59627901676078,
      18.565740415921567,
      15.491216146904664,
      11.161807305462725,
      19.394118663646005,
      11.24345300073893,
      29.1285090293775,
      10.547813116578586,
      26.954751201919333,
      22.855399056305927,
      23.397259148403545,
      12.626019927468104,
      28.0054813495729,
      18.90068664615029,
      12.554335362320947,
      20.88547270925126,
      28.458540642532633,
      18.457103094453128
    ],
    "shoulder_angle": [
      44.250384963551184,
      42.32919884870524,
      43.27527979884233,
      44.57401537904023,
      43.072511014633214,
      39.90172905572305,
      48.623629075607845,
      40.19967123367207,
      46.72518225694719,
      44.701409660742556,
      43.21529796110672,
      47.61648844355001,
      44.60261269810518,
      44.78923444687582,
      44.789841359795226,
      46.24859906879065,
      46.62024335808101,
      45.49171176474699,
      47.92992401022205,
      48.30741329356954,
      46.09560788957182,
      45.21309422154496,
      43.812168949027125,
      43.456011074570505,
      42.03985060051276,
      44.86542026574677,
      44.23210821480355,
      45.273680184037914,
      47.451213568638785,
      46.23487023584001
    ]
  },
  "num_frames": 30
}