{
  "exercise_type": "lunge",
  "form_score": 88.79517639248417,
  "form_quality": "good",
  "risk_factors": [],
  "recommendations": [],
  "joint_angles": {
    "hip_angle_front": [
      182.1978866005618,
      176.23002049606333,
      181.33564556982017,
      180.14422273062087,
      183.074105845413,
      180.12821829219706,
      175.9994057355193,
      178.32325842020495,
      167.6154428162626,
      158.56910769467083,
      140.77053780680183,
      130.12930820767755,
      114.778478461569,
      102.90130535324984,
      90.33314978958431,
      90.3769088283824,
      90.93542609031572,
      93.79225529987144,
      91.91458736911517,
      91.39930320927341,
      89.36902952290669,
      94.46016202677355,
      99.77334218778029,
      112.92827570471826,
      126.49522412710672,
      142.26568342131205,
      156.23807398743537,
      163.40892915736018,
      88.03170582067031,
      105.8127423052538
    ],
    "knee_angle_front": [
      176.90303612843658,
      174.9170648132973,
      178.74871700148188,
      177.20839869854797,
      180.42095075234272,
      181.36639872026828,
      179.23246465546544,
      179.44274306670602,
      165.45456504071524,
      154.64687814042517,
      142.8878904621474,
      128.23556366546592,
      115.03775451063078,
      104.09647216934874,
      87.93313926525231,
      86.14089409486478,
      91.6817756138051,
      88.60288940456677,
      86.97399696262777,
      88.5843452000084,
      88.69465347315325,
      91.71390257614965,
      101.60952480088375,
      117.33510872491627,
      127.99734448553492,
      138.5372895164586,
      152.43973055995116,
      168.76351250391946,
      91.77591480489873,
      100.84107465638394
    ],
    "hip_angle_back": [
      184.24319697109948,
      178.6186932226363,
      181.73917075218733,
      181.17555654518628,
      180.24402153741437,
      180.80630767203266,
      179.51128497427513,
      183.08873779923303,
      173.78467107507208,
      181.75889391455027,
      177.69209920051446,
      182.38556738225338,
      179.85040015534432,
      184.06157902241935,
      183.04311912803658,
      180.67826192959075,
      177.62709191907516,
      180.65896580879146,
      180.99412881328877,
      177.92956049917603,
      178.4543128096433,
      181.08407842421985,
      181.63092565055055,
      178.52405990927608,
      177.62310122651706,
      181.150935506344,
      180.5520861439481,
      178.01284118762848,
      181.25339174632686,
      179.88945536153523
    ],
    "knee_angle_back": [
      178.1067347065921,
      180.9743245141763,
      180.9992167174677,
      181.44487191686991,
      183.73415793520763,
      181.20363928235244,
      179.25936361919722,
      179.45689698702463,
      162.84434347145455,
      153.26668783335992,
      138.92558094925596,
      129.49004379354741,
      111.06592597539843,
      99.53096922128736,
      92.81167857412937,
      89.17341376010036,
      90.7229318973003,
      92.24547355007036,
      88.60174536189788,
      92.3600764033956,
      91.63047361885319,
      88.17056511672682,
      103.73786741484402,
      116.59936843424013,
      124.09316899225074,
      136.11525080473612,
      152.45321605514786,
      168.50426694312202,
      91.45412348127489,
      105.23451294441584
    ],
    "back_angle": [
      -1.0495517003958126,
      -0.7381881032084036,
      2.2166163726237365,
      -3.370179138984798,
      -2.326022902809302,
      0.6849129242733069,
      2.5491355181337125,
      -3.024810292141692,
      0.07428550739257458,
      -1.5998096524726608,
      -0.8304489696486939,
      -3.9620267382674452,
      -2.6102609309375193,
      1.5594013573865813,
      0.8875089039676806,
      0.4901033900452817,
      -1.3099888503498411,
      1.5299425101607382,
      -1.690024344108154,
      -1.2410582756912807,
      -0.9099229012078429,
      2.7391805195367516,
      1.0365701843610917,
      -3.2576471949173333,
      -1.5812918816861194,
      0.5747486939281784,
      -1.0907758433195387,
      -2.317351163166982,
      -1.9511027512977535,
      -3.28002457515716
    ]
  },
  "num_frames": 30
}