{
  "exercise_type": "squat",
  "form_score": 92.14242438629466,
  "form_quality": "excellent",
  "risk_factors": [],
  "recommendations": [],
  "joint_angles": {
    "hip_angle": [
      175.54195376028017,
      178.84479323048708,
      177.16076430599276,
      179.34464728245777,
      177.53246724237826,
      181.7293384497323,
      181.1439001122535,
      182.52077504751995,
      168.47065903387204,
      152.60756232559487,
      141.57465975243736,
      127.82064885190937,
      117.7568048485917,
      103.90780439942995,
      88.13017230800509,
      88.72796959152143,
      85.82755807211093,
      92.5988347004455,
      87.0845204967788,
      89.52088942967008,
      87.04453088317179,
      88.81531976088121,
      101.39744934055905,
      113.42418261749329,
      128.29697864628892,
      142.59830654371893,
      153.04240812161385,
      167.79284811342384,
      87.9143054205607,
      102.2465831933267
    ],
    "knee_angle": [
      176.18177843888583,
      178.5955514019432,
      176.976149929444,
      179.6813239300228,
      181.15030650396145,
      180.72809890376473,
      178.9919956529608,
      179.29077942859718,
      165.55608781063722,
      154.52332909346032,
      140.66601257685937,
      129.30494160866337,
      116.40074167958188,
      104.69527758747839,
      88.95442807720765,
      91.3874735387284,
      88.65431342256706,
      86.64278756312335,
      91.96079805643882,
      93.27559281122483,
      89.58697116815036,
      89.36096632098179,
      103.11294413498945,
      116.73847352017874,
      129.57433960855417,
      141.61049963198855,
      151.3572778780529,
      170.02969089545394,
      90.68968839483377,
      104.711543084846
    ],
    "ankle_angle": [
      90.23394311738109,
      92.97495720093562,
      90.29229647669487,
      92.06927845657276,
      89.8442413892592,
      88.60040403897858,
      91.02313068165145,
      91.49227152450277,
      90.12970346284095,
      86.81334961795294,
      76.41076704327149,
      77.6278380413164,
      78.14593932069421,
      74.32073656491085,
      70.65377988300344,
      68.46778676471966,
      70.82545061458359,
      67.58306061760106,
      70.7014781723485,
      69.78594510267678,
      67.4057013744121,
      68.21961393012809,
      68.39398889023971,
      75.06132520779136,
      77.11611381186914,
      81.62673546538319,
      86.45982951237565,
      89.36176153018988,
      68.75486580908263,
      74.76214076524964
    ],
    "back_angle": [
      -0.6066803288035663,
      3.149371834312855,
      -2.3050044672669436,
      2.154731904400587,
      -1.9947981491564852,
      -0.4386734503236911,
      -1.9135293192862175,
      -1.240618643890057,
      0.5984247511016595,
      -1.1681684281490605,
      -1.5046754734828436,
      -0.5235484549853346,
      -0.10218064286795499,
      0.026515474795107116,
      -2.322430962269928,
      0.5292697756323694,
      -0.374699882771611,
      -0.21696228668588294,
      2.4692923818720587,
      2.4223023687114926,
      -1.2060220539232456,
      0.16092704639847777,
      -4.0183211759956325,
      -1.4134175026130982,
      0.9344088090561827,
      1.7462779307020817,
      -1.847717530541641,
      1.734714511563711,
      1.934766877494342,
      1.1309346316273579
    ],
    "shoulder_angle": [
      44.99568246986709,
      43.30980608220199,
      45.86498972676794,
      47.49166557861556,
      47.54958889302377,
      44.95011408168618,
      47.2216898457157,
      45.73872376218274,
      47.204451803973186,
      48.07386325921461,
      47.50986312998694,
      44.89730423299108,
      47.881041631316464,
      51.39196435269325,
      43.63713798601679,
      46.29175473696278,
      42.572113504141285,
      44.04957581466878,
      45.06349872568308,
      44.99445095101037,
      42.610437235958834,
      44.35342057650234,
      45.08862519429139,
      47.6113700223296,
      43.57593019309991,
      44.65541294823666,
      44.6267655383391,
      46.3515706157247,
      45.237231702640436,
      46.56034272382301
    ]
  },
  "num_frames": 30
}