{
  "exercise_type": "overhead_press",
  "form_score": 91.14253154718308,
  "form_quality": "excellent",
  "risk_factors": [],
  "recommendations": [],
  "joint_angles": {
    "shoulder_angle": [
      90.37458352438733,
      98.4872470113348,
      103.1697352093542,
      105.26189229147293,
      112.56719957768189,
      121.13841492519525,
      125.04619436763112,
      130.30491503085193,
      140.7936712046059,
      140.7897753246235,
      151.33588779725457,
      157.76067626922293,
      162.3616851750912,
      167.26847600758265,
      174.95133525012687,
      184.8147875459959,
      174.3361109602619,
      168.47113164944182,
      161.11834641909329,
      156.88376620010078,
      150.96579779355173,
      144.84938402191796,
      137.3986094768662,
      134.86175597542393,
      127.8301574352321,
      119.9480562003747,
      112.51512363709475,
      106.18447219898391,
      99.57255093405814,
      97.24247503393704
    ],
    "elbow_angle": [
      90.55426776327262,
      96.75882524890139,
      98.15031302317423,
      108.32596504357065,
      109.50617554960324,
      119.54176645974135,
      127.6284644974765,
      134.6960208386563,
      136.44009184635738,
      142.65727370122315,
      147.09309766777878,
      154.5430736416183,
      161.32665451957624,
      168.09085392172418,
      174.3149762062254,
      181.61402209076903,
      170.88227555766107,
      166.7479650409593,
      162.77798841189414,
      154.7205335457762,
      150.02271557644838,
      146.82420232178754,
      137.95892350567104,
      133.7702455288013,
      126.36426534331173,
      122.32335437795238,
      115.41640866673814,
      105.34565451541341,
      103.34242746243899,
      95.55736086451789
    ],
    "wrist_angle": [
      179.772028937975,
      179.4886146533847,
      178.57686722645468,
      180.41119588342454,
      177.93510215706254,
      179.7598148736533,
      178.73601458270034,
      176.4539223720496,
      183.41418406848197,
      177.7661904925663,
      180.92381890504166,
      181.86397325034505,
      179.97668089905133,
      178.78509151723074,
      180.03164417213682,
      177.88884777272324,
      178.85889919892213,
      177.83471085104955,
      180.9085711837668,
      184.6667707205211,
      180.05806064702202,
      179.9634214931037,
      178.32843083455174,
      177.05664097622912,
      180.7462267089409,
      183.06533060542426,
      179.66390561089952,
      181.28188300923026,
      178.06113748785847,
      183.21270766514573
    ],
    "back_angle": [
      3.4641165144152763,
      -1.4597972151737575,
      -0.8394011620318961,
      -1.1130707896873977,
      -2.4168087765579966,
      0.05721573580134608,
      -2.4683862413537496,
      3.928552402804901,
      0.2030622354503586,
      0.3100054820171116,
      0.12642055335597596,
      -0.9265476254572351,
      -1.0440234405408437,
      1.633048953449213,
      0.033366525880645946,
      3.3673311639668175,
      -2.9240419660588826,
      -3.7232618930212706,
      0.5616273752120443,
      0.09736970925048632,
      -1.12087683776077,
      1.168251843032231,
      -0.06357531512023808,
      1.3338279475467125,
      -1.2496152198918749,
      -1.4215561003226458,
      0.2140483831583283,
      2.496858268628953,
      -0.07689380085876475,
      1.9671252763834333
    ],
    "hip_angle": [
      180.38566231753285,
      177.11961375910536,
      183.25012946519487,
      178.33287746473027,
      176.3389254225981,
      179.7505829940372,
      183.165594751718,
      179.1239396446428,
      179.83399396458648,
      178.9351566801392,
      179.89212144094168,
      177.15532478641987,
      180.22995224415396,
      179.8331361448378,
      178.4113702947523,
      181.19315381757153,
      182.77900156369927,
      180.68066695083414,
      178.8107122655354,
      173.78280991348618,
      179.70931084795865,
      183.25481583438784,
      179.3468701966472,
      180.40595371365941,
      180.44753861191003,
      178.06742274375418,
      182.18809109855002,
      179.11735355596556,
      177.0357222918823,
      180.38360085190365
    ]
  },
  "num_frames": 30
}