{
  "exercise_type": "lunge",
  "form_score": 96.5300241882172,
  "form_quality": "excellent",
  "risk_factors": [],
  "recommendations": [],
  "joint_angles": {
    "hip_angle_front": [
      179.19736740554524,
      181.92513432318623,
      179.39057653896384,
      180.4076583502586,
      179.87899246526112,
      178.05077747149315,
      180.74985549118537,
      180.9079428644219,
      164.16503313700898,
      156.9282514797012,
      140.8259904693679,
      129.00977703777605,
      115.44910147664552,
      103.57050775950631,
      89.14020170288934,
      88.72774055483514,
      89.8675750295329,
      88.59669003748684,
      93.98291722043598,
      89.90654557821534,
      90.88017475595827,
      87.32277594786919,
      106.52164177792577,
      118.54687948240363,
      128.95210556626316,
      140.28076920924443,
      151.93994725636495,
      163.82787278774646,
      87.52569443140484,
      102.11176518296091
    ],
    "knee_angle_front": [
      182.77686841621858,
      180.75279884831107,
      183.1342559534109,
      181.02303108720756,
      179.33740341343247,
      180.1090307322544,
      181.0237451903028,
      176.55954967935912,
      167.64160292108645,
      152.7032993825334,
      145.40581301046504,
      127.1712067786877,
      112.69734537466317,
      105.47423904955207,
      89.56057666506979,
      89.61366513143328,
      90.26156516994233,
      93.23524597627369,
      93.05260370274958,
      87.83954923693848,
      92.54503694778523,
      89.46413046548058,
      102.38610305241525,
      114.2325766333679,
      131.30124014657946,
      141.69542031928185,
      157.09340369570927,
      164.96224735228154,
      88.31311369296235,
      103.28348720648059
    ],
    "hip_angle_back": [
      179.74804805054762,
      178.03873676739536,
      180.9561857954117,
      181.79553299910043,
      179.40952139836804,
      178.23446542943242,
      179.8971682981754,
      180.42670853071863,
      178.54962665882394,
      181.5571292218697,
      180.65423282765929,
      181.43705145543706,
      183.6199233422203,
      183.40515517152048,
      177.990495659306,
      180.37412887977442,
      177.3758255714151,
      181.6848386887685,
      180.37395556544334,
      179.82407310779553,
      181.82258908713678,
      181.0310625874074,
      182.12559073537764,
      180.38096655504955,
      180.589691569603,
      175.4478940595465,
      179.3230927089335,
      178.7193660345687,
      182.30146965300796,
      181.61410571359755
    ],
    "knee_angle_back": [
      177.6654713706083,
      178.72212954810132,
      180.67377353784482,
      178.64118175596434,
      179.65663934037948,
      177.21250899080582,
      178.19232621112104,
      180.38796982163763,
      167.16107676784927,
      155.3897522948392,
      142.68914966083628,
      126.92352058736971,
      116.16311847725737,
      101.06504504728848,
      88.96612990147247,
      91.36049750653417,
      93.39105284556925,
      90.7367713277387,
      90.88884725536087,
      92.5595718885134,
      92.529462925785,
      87.5150281575188,
      100.39622224272394,
      119.68090752377552,
      132.55125112811646,
      139.02502095537403,
      156.95424391641794,
      167.93200804741724,
      90.65238972807163,
      102.21827852470679
    ],
    "back_angle": [
      0.5402956431307784,
      0.19738905327072537,
      1.4304287894818388,
      -2.071035606154479,
      0.012770335819812642,
      -5.076910741152389,
      0.6195805982543464,
      2.8120133259713107,
      -0.6650064430148792,
      -1.898725208775921,
      1.0480865985242955,
      2.2292324886961725,
      -0.7722527910432981,
      3.3080725575365624,
      -2.116128470311397,
      1.727831175663264,
      -0.8686335449502086,
      0.3069910245831935,
      -1.4562657813235622,
      -1.3921798006403632,
      -2.550362460585312,
      -0.8611961393648585,
      -1.108805418980406,
      -3.904439250406791,
      0.9587055004917258,
      1.596279349502305,
      0.9820344848276847,
      -0.720653970972069,
      0.38706361847012877,
      -1.9785349090469175
    ]
  },
  "num_frames": 30
}