{
  "exercise_type": "squat",
  "form_score": 32.625186883021804,
  "form_quality": "poor",
  "risk_factors": [
    "excessive_forward_lean",
    "knee_valgus",
    "insufficient_depth"
  ],
  "recommendations": [
    "Keep your chest up and maintain a neutral spine",
    "Push your knees outward to prevent inward collapse",
    "Descend until thighs are parallel to the ground"
  ],
  "joint_angles": {
    "hip_angle": [
      179.58629256118164,
      178.7071382052154,
      178.17411071738303,
      182.0697170964697,
      178.3946635057025,
      179.28583431429317,
      180.60849576966643,
      178.6337739539919,
      165.89514646060678,
      156.19850857714704,
      143.5075296198771,
      126.1009853105639,
      115.07031878637767,
      101.0107232181849,
      88.63157696557961,
      86.84553825396206,
      87.97927222425018,
      89.7170568886364,
      88.74189099873301,
      90.06220092586894,
      89.99254999350006,
      90.30253395135298,
      104.7026177031826,
      115.40312052878375,
      128.76338696787548,
      141.37111486282492,
      149.66848321258175,
      166.7179210863723,
      90.05146214102021,
      101.46664448832091
    ],
    "knee_angle": [
      173.08122029678734,
      171.34801386728094,
      165.69509961287798,
      172.87243659798904,
      167.8967643288207,
      164.3428148449399,
      167.71330258704688,
      169.45247203622986,
      153.20147421409982,
      147.58425896179273,
      129.92958053216105,
      118.52546395101326,
      110.40706738611102,
      94.94239603680062,
      76.02731128647973,
      76.82519775337047,
      76.77456731013514,
      85.06567095808907,
      76.340039010711,
      76.0260794185984,
      79.11704685907607,
      82.80766848581189,
      89.85275739265934,
      106.00338835892043,
      120.76461150607626,
      131.4579513393464,
      138.29707017341872,
      157.19859442051902,
      84.34745840516818,
      93.52454644148767
    ],
    "ankle_angle": [
      87.45285010763655,
      88.1474750207492,
      90.03303827088897,
      93.18619000563321,
      90.10624002159804,
      93.94534548239635,
      89.18194977014605,
      91.61154441592197,
      88.08622454695288,
      85.18509077200291,
      79.83033481655082,
      77.64042593948086,
      75.42298407992597,
      72.43820838316306,
      71.24934275859304,
      69.20648537942515,
      65.75604402730302,
      70.7125927158912,
      69.70917819916646,
      71.4749734468993,
      70.97181031619405,
      70.33976861469786,
      71.42980694063507,
      74.84862171790074,
      78.4977529561033,
      80.8252092356786,
      82.77069908292067,
      86.47622462923525,
      73.99111517293728,
      72.15071249118957
    ],
    "back_angle": [
      16.261342243372198,
      31.453684627663538,
      25.924064619976747,
      17.70667614569112,
      26.072238884800523,
      14.745492635635838,
      22.21386737377039,
      17.879203997113233,
      20.19064066068704,
      19.32098934737947,
      19.92365647294075,
      13.442895428471543,
      18.444674468713426,
      23.60216352568294,
      15.219871671516916,
      15.06201442766493,
      29.332480505655287,
      13.456964076081306,
      23.443903738952777,
      19.602162857309672,
      15.9540239229946,
      25.53083101649308,
      27.22425936151277,
      30.713538868349023,
      8.724174292402106,
      13.691212053432956,
      25.966814130843755,
      18.986172145307965,
      5.922459393972493,
      21.778246522563286
    ],
    "shoulder_angle": [
      44.25841061824837,
      47.39757939462145,
      45.92165206686919,
      44.02018920311948,
      48.492911689833946,
      43.28551312519866,
      42.67696855258867,
      45.19273593032044,
      44.627366693230385,
      43.02542816100634,
      46.71204238317376,
      44.43612160648859,
      45.288476289604915,
      43.950686225668335,
      46.29990708250616,
      47.65448480554381,
      45.7660814099457,
      49.30691133483414,
      47.18798021737088,
      43.495813462269034,
      44.04014163667697,
      42.21857189347889,
      44.92391276851791,
      40.471520698417436,
      47.27361886272089,
      43.16945068372611,
      41.60926461875601,
      43.462054496481194,
      45.033532804423515,
      45.19915922832658
    ]
  },
  "num_frames": 30
}