{
  "exercise_type": "lunge",
  "form_score": 83.89125194473179,
  "form_quality": "good",
  "risk_factors": [],
  "recommendations": [],
  "joint_angles": {
    "hip_angle_front": [
      181.2519643758096,
      182.32389837652264,
      178.23221191961534,
      179.8193663127073,
      182.80209486136687,
      176.94529157011274,
      179.63935585572628,
      178.66051524556747,
      166.1110759816477,
      154.13205276413944,
      142.84181423801414,
      127.8908419533262,
      116.01458179707653,
      103.37728818860715,
      89.31841798030716,
      93.03042126209836,
      91.54162454207518,
      89.90044259362043,
      90.76500862588662,
      89.58000279588411,
      88.73497822032671,
      87.15199985571249,
      104.66664442759534,
      119.41552466229031,
      126.54632129474399,
      141.11474838911232,
      154.88164131677777,
      168.57437706443557,
      91.83332580036543,
      102.993034873459
    ],
    "knee_angle_front": [
      179.5896389695445,
      181.92514293586564,
      180.62701103151315,
      180.86553814714335,
      178.42303637549597,
      179.0033088576303,
      177.48510698001073,
      179.75169492485927,
      162.84481694136105,
      152.95411086133478,
      140.58439955248673,
      125.87196952439842,
      118.90582245274395,
      104.62642607848144,
      86.57530767479001,
      87.03608916238926,
      87.28583142571313,
      88.61649865125047,
      90.17128682641089,
      89.3168984796339,
      85.69176755206475,
      86.17440550132885,
      102.98459470169813,
      118.07311141869083,
      128.67783118908395,
      143.9910497161403,
      154.36655304326516,
      169.37645270055492,
      92.44172208043257,
      103.49470165027887
    ],
    "hip_angle_back": [
      183.74469858043983,
      180.90072608141767,
      179.54388206475642,
      181.24797958752185,
      178.59570516066353,
      183.05912365602654,
      178.9613747451206,
      182.41733527432106,
      180.0258314155946,
      182.3001986409053,
      178.51291409844455,
      182.40927378501974,
      181.96336420513467,
      178.0920716320983,
      181.02887124245964,
      180.7122634284735,
      181.62698455509448,
      181.68714943555912,
      180.6896049090691,
      178.21311196564528,
      179.5941367584034,
      178.52324913206994,
      178.42380005999888,
      179.59060156292682,
      181.36725410252774,
      180.77725219826394,
      180.88591324971082,
      183.2369355781058,
      178.89911614385667,
      182.23761691783915
    ],
    "knee_angle_back": [
      179.53856552290313,
      178.82998249489157,
      179.99478469526417,
      180.02963149746552,
      182.24350105418898,
      178.33755078801258,
      179.0510905753954,
      181.4235312404294,
      167.3206115045972,
      153.6065081810494,
      143.75814156035955,
      127.91895759210843,
      116.79935223003893,
      105.47387387238945,
      89.00235375563,
      90.08315745411979,
      88.10216303438146,
      88.85970999527345,
      88.12642587155625,
      95.08479694258983,
      89.15491222230943,
      93.21104832001231,
      102.11523499423117,
      117.23131497016706,
      127.19600118480993,
      144.8616462857293,
      152.54034897677107,
      169.87229778796168,
      88.94156144386592,
      102.51575259560127
    ],
    "back_angle": [
      -0.680032815529761,
      2.1686598576494616,
      -1.0828964174597615,
      -0.19639071036148423,
      -0.9361916160993853,
      0.9769864105993358,
      2.521926642685292,
      0.27261672164632983,
      -0.3144107179328602,
      0.8108632052659375,
      0.11347800355646773,
      0.9366356914827197,
      -0.0829193536984427,
      1.2290019318327536,
      0.019772882058797216,
      -0.5917898980948769,
      -0.6424142196236974,
      4.348099371039979,
      -0.38316293898231574,
      6.399597942235483,
      -2.3351554348500208,
      -2.519130316116071,
      0.9180120693979292,
      2.793595743471721,
      -0.40431862461923057,
      1.7326228575118598,
      -0.1116763492795847,
      -0.9006911946902612,
      -0.6968304443431395,
      -2.2582779924471943
    ]
  },
  "num_frames": 30
}