{
  "exercise_type": "lunge",
  "form_score": 75.5820984836151,
  "form_quality": "good",
  "risk_factors": [],
  "recommendations": [],
  "joint_angles": {
    "hip_angle_front": [
      177.96280372824808,
      175.50385577153858,
      177.7075461555309,
      178.23838082314165,
      187.6914304019953,
      181.48846731715625,
      180.92853989263295,
      180.344843958151,
      168.8351282934715,
      155.28286841208495,
      141.8468901660728,
      125.63603781899005,
      113.96402029811146,
      101.60838674451246,
      85.2865343830492,
      87.45288125824183,
      88.44123976093094,
      91.46392510579057,
      88.29887728862892,
      91.83556754173297,
      89.07751791067479,
      88.87506257429558,
      103.704214390676,
      116.75878461689757,
      128.84175700188555,
      141.14846599136268,
      153.55742986853008,
      167.32485613108435,
      85.26006936176788,
      101.08657791342604
    ],
    "knee_angle_front": [
      177.9302268605997,
      181.2679500204273,
      179.67331286280867,
      181.63402491849024,
      174.96115038489302,
      180.97421741404662,
      179.1717995049487,
      179.9779941262095,
      166.92615440715187,
      153.37643883784563,
      144.65714126497434,
      124.87826508176379,
      118.45513930332109,
      103.86822069532492,
      93.04158356141374,
      92.902906361916,
      90.13245150577508,
      88.9690439422405,
      91.08976012074335,
      87.8990284770088,
      89.82433170750991,
      89.41334892135072,
      101.07495785471158,
      114.8943260415557,
      127.8641550070777,
      141.44927683070546,
      155.59526437196482,
      166.13202263269963,
      89.25111853221716,
      102.46501405299735
    ],
    "hip_angle_back": [
      178.47542193583715,
      179.72897952147898,
      179.00589474794896,
      180.71404441706437,
      180.44902638238798,
      178.08523091184702,
      178.45566104411003,
      179.97508033459457,
      180.148419059424,
      178.47864410635972,
      180.5568900212795,
      182.84865463597262,
      182.64313669423464,
      176.44432156556437,
      179.1686931450724,
      179.3583927803208,
      177.28863880465673,
      178.91957271921527,
      179.2332421436216,
      177.76768899837538,
      179.16428487194523,
      180.35362512123513,
      184.40581841657573,
      177.74663414618527,
      176.85281380252346,
      183.57332340966664,
      176.45438119762298,
      180.51274468366822,
      178.49855606941276,
      182.32164667337824
    ],
    "knee_angle_back": [
      182.03660817843414,
      178.57843281847062,
      178.75151037024733,
      176.1586253308729,
      183.7239703229846,
      180.94861253913766,
      182.92933123301475,
      179.53400315416053,
      166.402227487002,
      153.49349694741744,
      141.3609121355753,
      131.14710358851224,
      114.56278309100985,
      103.4982212801418,
      90.55682683150832,
      89.65601052237255,
      91.59628191774075,
      94.20742759633049,
      92.53169569935702,
      88.85134324644122,
      89.6994935861775,
      90.3572061044843,
      105.61396859199255,
      115.91763205723416,
      131.81358806179193,
      141.70479463612077,
      154.1295284092351,
      166.14090927696475,
      88.11714981630944,
      106.63676317119612
    ],
    "back_angle": [
      0.629531231755877,
      0.7669444402522465,
      -0.9511420641393902,
      -1.859398030006134,
      -0.12586489938793466,
      0.7044048003759221,
      1.3075061477019703,
      -3.5227245540998164,
      2.7539217458716,
      -2.7068906969407047,
      4.068513315773103,
      0.33933426585896076,
      0.3197758528477335,
      2.562433992063137,
      -4.67395605958761,
      -1.301089821961183,
      -4.787954377757946,
      -5.826440598381174,
      -2.5786931668867474,
      -1.8082569641322777,
      0.2650260239818162,
      6.146184568766512,
      2.9256521187614757,
      2.4013483524445762,
      -1.2229140137675185,
      0.047871819198327295,
      -2.404545024385352,
      0.6519405701245277,
      -2.282600580535964,
      -0.9506109217878146
    ]
  },
  "num_frames": 30
}