{
  "exercise_type": "bench_press",
  "form_score": 93.8058877947544,
  "form_quality": "excellent",
  "risk_factors": [],
  "recommendations": [],
  "joint_angles": {
    "shoulder_angle": [
      92.44050445914702,
      89.84599999476211,
      89.54561804893012,
      92.07508136876424,
      90.87835660245248,
      88.79262361618765,
      89.05264611341183,
      90.47476528173635,
      91.14617057927565,
      90.17684997810278,
      89.87210429766726,
      89.62962896874446,
      88.53862010508533,
      88.60577894714147,
      88.89446901171324,
      86.54764454048673,
      91.02877780634994,
      91.7374665845747,
      93.06715791791218,
      88.7084875648325,
      90.80948390069688,
      89.07593283651522,
      88.33825318073744,
      89.79866506475932,
      92.34674196051324,
      85.34506179483854,
      90.21328211223366,
      89.65822333132756,
      88.46884261110434,
      92.67065894138165
    ],
    "elbow_angle": [
      92.01557473952758,
      87.51369545833981,
      89.12532597043821,
      80.4862346432393,
      73.701836896753,
      72.16113577344865,
      71.47267631531862,
      68.77557249450099,
      67.11518578731852,
      64.82503166650689,
      60.86405004595517,
      57.03066651543197,
      54.836285225681515,
      50.18561127053502,
      50.043598883899655,
      46.91529583970106,
      49.94675647643136,
      49.178228916803896,
      52.23739225472649,
      52.10752683397081,
      59.340130688374984,
      64.87650181864352,
      68.82293512488889,
      72.81263258465138,
      72.86282550665749,
      72.97114998352212,
      77.63867806872283,
      82.65495554002138,
      83.5201862794283,
      88.27100448512606
    ],
    "wrist_angle": [
      183.39096145439228,
      175.5166117435307,
      179.56302966071246,
      179.83409640367745,
      179.27825386407795,
      172.96028922247467,
      180.04277340342756,
      174.71285134206764,
      182.85215647871757,
      177.08261917182128,
      180.6768584145409,
      179.38104573356054,
      179.66124155467566,
      179.71734636830286,
      179.05464675882075,
      177.93461441631788,
      184.7152317373754,
      178.43245590199675,
      182.52870944191258,
      179.32240757490007,
      180.05931056698364,
      178.36140325936927,
      178.53116170193906,
      177.21694344158482,
      178.70043534578338,
      183.00545995072488,
      179.80544281616105,
      179.0004129292904,
      178.27376534041542,
      179.81466535117795
    ],
    "back_angle": [
      1.5494704372374064,
      0.4489139310811928,
      -0.8105505130241123,
      2.9716048700136657,
      0.39167599250650886,
      1.163539619951515,
      -1.9244766452608886,
      0.6086789974006623,
      0.5741338757840476,
      0.6076586046897686,
      1.5858771293541363,
      2.8572547320274486,
      0.551749561144073,
      4.91923890625241,
      0.3513375884063051,
      0.23789810517293572,
      -3.277916849742876,
      -1.1236257927938647,
      4.537128891560039,
      1.2878128748633249,
      0.8398073755805467,
      -0.29515804038715737,
      0.731711665792603,
      0.6910708075964043,
      -2.014909617865154,
      5.13761193424154,
      -1.717998425808181,
      4.811055409234007,
      -1.4919456050834377,
      0.6130020557425689
    ],
    "hip_angle": [
      86.81446708724671,
      89.92557455405495,
      88.60159140754827,
      89.1227358611955,
      91.12398228800016,
      94.30428140253186,
      90.15055734751891,
      91.73179713432387,
      89.37152772419158,
      86.58609198600372,
      92.0488125389461,
      91.59315215846709,
      90.19650533466697,
      89.14851637695578,
      88.520497321717,
      88.04009504461108,
      88.80689077386305,
      87.78797921127189,
      88.46238381578436,
      89.64619114146441,
      87.55667733043097,
      88.70932857798853,
      87.12884120470075,
      88.68614868943138,
      87.87504636223935,
      92.0541590501185,
      90.71005228810807,
      88.25148155725925,
      87.08490702516315,
      90.90178365767754
    ]
  },
  "num_frames": 30
}