{
  "exercise_type": "lunge",
  "form_score": 97.99506380632127,
  "form_quality": "excellent",
  "risk_factors": [],
  "recommendations": [],
  "joint_angles": {
    "hip_angle_front": [
      181.70144388944362,
      175.8781413023398,
      179.2104063846048,
      181.63108293420908,
      180.58772482405956,
      178.31301254639425,
      177.15615575144514,
      176.7000934940176,
      168.37423154450553,
      155.36072693008074,
      137.53655246283492,
      130.15435424269702,
      114.35966048071467,
      99.99239760976566,
      91.9042573920252,
      87.66026455707984,
      90.58892941964834,
      91.46342876629174,
      91.70898130569573,
      90.2457484335741,
      90.67983045439746,
      92.8626569860365,
      99.16703966787549,
      115.03392693534876,
      128.83810948138066,
      140.92191501969788,
      155.33250937374257,
      169.99437070082382,
      90.53747919371997,
      102.84767273909252
    ],
    "knee_angle_front": [
      177.77049027066533,
      182.40660363962758,
      182.52012198154685,
      180.72275732197483,
      182.86952456133886,
      178.98321896315906,
      178.64047735255903,
      180.70836626215606,
      164.16029276287168,
      151.24749650884277,
      142.93303631383338,
      126.44934184986138,
      119.46483953108664,
      102.59256693041381,
      90.41525030788036,
      91.75339323456609,
      91.37425239123488,
      91.32548175119604,
      91.62265491057997,
      87.67614374914577,
      90.34123714991074,
      89.93147076359666,
      102.25244277815256,
      117.6371393735691,
      128.45838479582235,
      139.3663516603364,
      150.38866125023,
      164.95506911164983,
      93.21486626944383,
      100.76413214412179
    ],
    "hip_angle_back": [
      179.97418999365468,
      177.8462306391983,
      179.78982076269412,
      183.4865320789369,
      181.661784749355,
      179.3560461663298,
      180.06504675399617,
      179.5586409427683,
      175.89145974040648,
      177.62703920399557,
      179.1263265768369,
      179.6596221157696,
      178.3221343889983,
      176.48712933769096,
      177.53126318628077,
      181.84302825226027,
      180.73218168030033,
      179.11098991904282,
      179.64216097631547,
      179.57246056595622,
      183.1295910447593,
      181.28233110448514,
      179.29374479003533,
      179.99995317934867,
      177.23758868237147,
      182.0108705629218,
      181.69100999943967,
      179.18960964009725,
      183.1170017369903,
      179.33526142950393
    ],
    "knee_angle_back": [
      180.86160784572021,
      177.8618389346308,
      179.06547886389518,
      183.10796261905364,
      183.37075413775344,
      180.70182607423837,
      177.1882238687437,
      177.50218007158315,
      171.14009711066518,
      151.36724419463303,
      141.1270619458858,
      126.13794146011338,
      115.66750435828676,
      106.08191828644507,
      95.17348752817375,
      90.71658248786649,
      92.10363140637335,
      89.04019530867095,
      92.34585590632503,
      90.74903322267325,
      88.25883867270993,
      92.36787231687553,
      101.76056430765938,
      119.25714364008037,
      130.71139496340376,
      143.2296876846175,
      154.7084541230415,
      165.6840117053679,
      87.34628351682481,
      102.44412878113384
    ],
    "back_angle": [
      -2.9910101575248826,
      0.8360490448414714,
      2.573100979225986,
      4.320649076518461,
      2.1504726403806687,
      3.984898481096034,
      0.6336702363304723,
      -1.0336869236222845,
      -0.9401970173946358,
      0.3804753830420323,
      -2.380761195653114,
      4.213682148724056,
      0.7205068156256259,
      -2.073642069036481,
      -2.2776897125268105,
      -1.8377551057659325,
      -0.6043949529679721,
      1.02672722908402,
      -4.312411230213965,
      -0.16034409305873412,
      2.112621676341144,
      0.10781555826812969,
      0.7277053524057014,
      2.232029984012036,
      -0.19618973710597612,
      0.4386599299557324,
      -2.81704279749745,
      -2.5143798280250156,
      1.8396092452632173,
      -1.2189819810500093
    ]
  },
  "num_frames": 30
}