{
  "exercise_type": "deadlift",
  "form_score": 90.68997478260346,
  "form_quality": "excellent",
  "risk_factors": [],
  "recommendations": [],
  "joint_angles": {
    "hip_angle": [
      46.07017257699269,
      49.098685579379975,
      44.23640400097962,
      45.945434093219234,
      46.71902935470901,
      48.0779059909715,
      46.290648897224585,
      43.357563109515624,
      43.032223217425276,
      45.34021934038202,
      47.76292140269795,
      59.29351714855618,
      70.01781528123158,
      87.38776354963858,
      99.69999120515942,
      114.82594969363804,
      123.80866972924505,
      140.64700068361978,
      150.59415978847613,
      164.3861255038386,
      179.4100754721158,
      170.27902366462013,
      149.96388675715605,
      137.25531730012153,
      124.00072888624008,
      112.5589445720345,
      99.78819542721509,
      84.78506930731447,
      75.08056685068559,
      59.440025879991474
    ],
    "knee_angle": [
      89.46391594907507,
      92.03355836307897,
      90.53238869408615,
      86.56671914831956,
      89.4901757466647,
      91.29631967123908,
      89.36548924771483,
      88.85823418441574,
      90.5659863952068,
      86.5981950219917,
      88.55749691601075,
      102.53721543266322,
      108.43562054551938,
      116.25676648854176,
      125.73483441067708,
      135.7598838158053,
      141.25648938761515,
      150.15872312185942,
      161.56057927565428,
      166.67325388079223,
      180.5458079774914,
      167.54216877210217,
      161.1301159730202,
      157.38698581318312,
      144.26247406647775,
      133.8899623998012,
      124.93658235156138,
      116.98198024983473,
      105.49517173658151,
      97.30845717149302
    ],
    "ankle_angle": [
      92.08464434610933,
      91.14849135143047,
      91.06509766882978,
      89.82241652887188,
      90.64972506862368,
      87.5380417951175,
      89.46823695873223,
      90.89025922016276,
      92.31698409116862,
      88.22649953176636,
      94.13590388554229,
      87.76571003877451,
      89.7086044544336,
      89.12071328540318,
      84.88849329772624,
      87.40598499436989,
      90.90776091325296,
      89.977094166539,
      91.05788043578593,
      94.64897815540141,
      91.51282688621457,
      87.89501661535819,
      95.13595926495361,
      90.9152751555958,
      91.89010405625933,
      91.50465792410839,
      90.34295059627412,
      91.38796048198485,
      87.8145179676355,
      89.59432133291646
    ],
    "back_angle": [
      3.682556911171358,
      1.0119555201488684,
      -0.6454652475266844,
      -5.3610519623388715,
      -0.4584453434796517,
      -1.076082269978862,
      -1.3366131117657447,
      2.725637223489433,
      -0.5178228673519442,
      0.15504480946979587,
      0.541218783188336,
      -1.45222780491874,
      2.413915633797189,
      0.7442678982896153,
      0.7149059206661647,
      1.4582368776640233,
      -0.899888079993934,
      -3.710675420692369,
      -0.5118391645903125,
      0.6829633662614115,
      -4.764432381320562,
      0.21630030972562478,
      0.9856889139038406,
      0.9919635397168672,
      0.694209722331831,
      -2.6959586181831785,
      1.6202133632136884,
      0.4741004417815967,
      0.8157143166987529,
      1.8565435439486933
    ],
    "shoulder_angle": [
      90.64037640779773,
      88.81176676563456,
      89.34276609964414,
      90.92466973057073,
      87.20992073546138,
      90.83785664457332,
      90.06113535308734,
      89.1766068663484,
      87.90927584941635,
      88.32163607270654,
      90.15106996933608,
      91.26360809999551,
      91.97231331843466,
      88.3125293753058,
      91.0838365430141,
      93.71928796627242,
      89.31397035654571,
      91.5624793634636,
      94.81983193890662,
      87.86020274579408,
      90.29605453065444,
      90.31773158948043,
      94.92088636728744,
      93.13818548460839,
      90.39230511847546,
      87.67186501828054,
      89.75451132900496,
      89.17153581697013,
      90.72528372195109,
      87.51751275946413
    ]
  },
  "num_frames": 30
}