{
  "exercise_type": "deadlift",
  "form_score": 42.143600535874725,
  "form_quality": "poor",
  "risk_factors": [
    "excessive_forward_lean",
    "knee_valgus",
    "insufficient_depth"
  ],
  "recommendations": [
    "Keep your chest up and maintain a neutral spine",
    "Push your knees outward to prevent inward collapse",
    "Descend until thighs are parallel to the ground"
  ],
  "joint_angles": {
    "hip_angle": [
      45.1295242463463,
      42.97950458883609,
      47.409309160675825,
      45.269448345692844,
      49.646911537352395,
      46.66236196037923,
      44.25582948263162,
      47.44946143077609,
      48.234986205507255,
      45.47052485725389,
      46.24855757201561,
      54.37107131470091,
      69.27708766581951,
      85.15001096621707,
      98.17413599494755,
      115.22748116820279,
      126.20404766224826,
      138.27805869320437,
      151.24423531898802,
      165.23025406380813,
      180.93721734198482,
      168.2343369213358,
      156.0890212714278,
      141.20367687659464,
      124.38123272010161,
      112.84452651370805,
      101.04708580864302,
      86.05375876731371,
      69.48987640072973,
      59.478679073240535
    ],
    "knee_angle": [
      90.33691114271662,
      92.52130040537043,
      90.7621220531738,
      89.39875721345068,
      89.66929339133108,
      89.23158593824711,
      88.72876597377379,
      95.99011403125495,
      89.24513943337195,
      88.41457726310341,
      89.61793556085728,
      94.08795543911675,
      108.5521757543304,
      118.32827895638334,
      126.44464792265151,
      131.94081013931262,
      146.85774149022566,
      153.81046257365554,
      160.52310360181147,
      171.62992674708488,
      180.38010410972086,
      168.7559222970173,
      164.48373296150865,
      154.3497520922359,
      142.50566709888548,
      135.33311793764213,
      123.89833627435499,
      115.87769563263089,
      109.75553455023015,
      96.02676364553193
    ],
    "ankle_angle": [
      90.35604674980071,
      88.46201159977161,
      90.66261759309333,
      89.9493412083245,
      87.76304113298441,
      89.1074663368753,
      89.86232968925657,
      89.61707657616654,
      88.18610649905565,
      89.54976544106077,
      92.67936007392885,
      90.86515140201226,
      90.40644790258746,
      91.0331674408132,
      90.47070754763823,
      91.62802160487229,
      88.63532608340185,
      88.62433023098552,
      89.73518742087306,
      90.94365438609128,
      91.94244906578355,
      87.23655576472382,
      90.76245624563295,
      87.03827976967813,
      90.25646632508025,
      90.23745022749128,
      87.54878128609307,
      90.46454707723446,
      88.9236796885136,
      88.17512417481464
    ],
    "back_angle": [
      32.827823107245656,
      23.414326129350822,
      29.776312601819974,
      37.71465139179608,
      34.730731410475116,
      38.10645687873822,
      31.868370115935715,
      38.43621436763712,
      34.57715138215522,
      34.18298234604123,
      28.10630529378992,
      25.306136291862384,
      24.48936649556277,
      39.90065873409171,
      34.54218517033601,
      22.749413249352667,
      38.383843054503814,
      27.82429165044886,
      22.465826693691778,
      38.19446469354313,
      38.42422480295055,
      39.117718787664025,
      29.053878281612935,
      28.620671953259,
      19.22850341672642,
      20.994752374699523,
      32.4780548181294,
      38.89068416740492,
      25.54754092549621,
      27.751713559510588
    ],
    "shoulder_angle": [
      86.80172670637103,
      95.42686632030836,
      90.81211064293103,
      90.83011543092552,
      90.6596442126735,
      89.655522434306,
      91.83862206508903,
      89.84381505581011,
      89.66848896468034,
      88.5230100624051,
      91.13778225243472,
      91.91670264892458,
      89.58706628279091,
      88.21079331299202,
      89.37330200028684,
      87.89655446203898,
      91.4872841367397,
      85.63184363734223,
      87.69663686998051,
      85.94296502410981,
      88.25530065125034,
      91.20834556407523,
      86.87171529927292,
      89.56086859867476,
      90.29841585305819,
      91.32726141240188,
      91.0473369456341,
      90.38422579516407,
      88.47131720518915,
      90.59028376423731
    ]
  },
  "num_frames": 30
}