{
  "exercise_type": "squat",
  "form_score": 58.25487014374567,
  "form_quality": "poor",
  "risk_factors": [
    "excessive_forward_lean",
    "knee_valgus",
    "insufficient_depth"
  ],
  "recommendations": [
    "Keep your chest up and maintain a neutral spine",
    "Push your knees outward to prevent inward collapse",
    "Descend until thighs are parallel to the ground"
  ],
  "joint_angles": {
    "hip_angle": [
      178.71829446365675,
      181.37898096281955,
      175.539507486405,
      182.88269232556235,
      180.2895174075002,
      181.09501887048364,
      175.89285351731542,
      180.87276671667678,
      167.617005724636,
      153.00713550591402,
      140.21081694330434,
      129.2103934455414,
      112.95357738094185,
      105.0461630636064,
      85.70814920547843,
      91.74290692363569,
      93.49583400999019,
      91.11604084261958,
      87.44531958128067,
      89.18422239297311,
      91.58042065773894,
      87.85306544529357,
      101.90763617489958,
      111.63476642958663,
      127.93759028651843,
      139.33479641637948,
      156.57369376025738,
      168.25519878276228,
      91.47699936141024,
      102.02415221877577
    ],
    "knee_angle": [
      170.25377776526088,
      165.3688605254513,
      168.34571612836805,
      170.72156844780156,
      165.32195736288386,
      175.01769936601505,
      163.42224965608602,
      165.58616558100243,
      159.66770038836705,
      143.16902590029144,
      130.56184124901338,
      117.53392878920822,
      99.01761730169937,
      91.30465563065509,
      79.92330418096957,
      74.39379639563595,
      75.75824374707403,
      82.12340462674767,
      83.68527422762767,
      83.73438907065088,
      82.51948198314707,
      79.45694051669481,
      92.16086439597301,
      102.52150650399064,
      117.70830685004697,
      126.46984661247811,
      140.0844308683884,
      150.1148984711923,
      82.24485391015284,
      85.15245724549555
    ],
    "ankle_angle": [
      89.8287700397181,
      87.91820852068054,
      87.6237481496891,
      91.81307025430169,
      87.05940298340674,
      91.31038554975166,
      88.30854800768623,
      90.24765859958013,
      85.45850797282948,
      83.61658792190164,
      83.50157997422382,
      77.48251068605781,
      79.45671995063022,
      75.47427154894508,
      67.79530813635846,
      66.93858223929361,
      73.0796480580771,
      69.72297670483356,
      70.57018393575535,
      69.54603989573566,
      70.06177367124616,
      71.85334172942643,
      72.03901105957343,
      72.55760221308405,
      78.580297298845,
      82.97200756623705,
      87.22477094835224,
      86.09542595761312,
      68.02710930894732,
      70.81857376241359
    ],
    "back_angle": [
      29.958953057982527,
      14.428709657486653,
      18.948822354819256,
      23.801587599645384,
      19.881944985407102,
      26.806435679480284,
      12.530088228569694,
      20.81158992028864,
      9.980625571775757,
      11.454345559954405,
      24.503186451210006,
      16.48275933334305,
      14.94189042881638,
      15.558778496818139,
      24.182084343916955,
      30.11378838487741,
      19.8173095738982,
      18.593237480015812,
      22.68134338699694,
      30.15938820858562,
      9.90961118859892,
      25.161345989286154,
      30.16921523980684,
      11.330173959711328,
      24.010943426803305,
      24.867320625221005,
      29.290508766330518,
      17.549196366007244,
      22.799418157510363,
      22.5603084729967
    ],
    "shoulder_angle": [
      46.21360364938505,
      44.93446512935939,
      41.974377202280806,
      44.84541990458811,
      47.84083022291416,
      45.26223001135165,
      44.19535946498262,
      43.71860218942606,
      45.0668801167832,
      44.71619446089903,
      48.98488726256341,
      42.62309254411901,
      42.609910368612326,
      43.806490425179504,
      47.92888367362966,
      45.49689111460118,
      46.33622327168004,
      48.00613466529369,
      46.22821951391173,
      42.876560075957904,
      43.076099126186826,
      43.086472220118786,
      46.1503908081224,
      46.82832954452415,
      47.1255468347427,
      43.72342737784844,
      45.09851353466786,
      44.835401812830455,
      45.920786943779945,
      45.07002273704022
    ]
  },
  "num_frames": 30
}