{
  "exercise_type": "overhead_press",
  "form_score": 97.77742245347937,
  "form_quality": "excellent",
  "risk_factors": [],
  "recommendations": [],
  "joint_angles": {
    "shoulder_angle": [
      91.01243713688079,
      97.08694090598676,
      101.03820509053499,
      108.69914786126348,
      112.82410747207877,
      120.60812437180203,
      128.39476956678737,
      131.48301145839366,
      138.26125179643296,
      148.80230665584367,
      148.13204326574805,
      155.85414509743228,
      160.41988132502533,
      168.63357099893938,
      171.42447337732324,
      178.8848162223824,
      173.54438382150212,
      168.50956967400242,
      162.03138580702733,
      156.85974338545046,
      150.7601966698014,
      143.0541529699,
      137.94362385109687,
      129.5353061738453,
      126.99601050935412,
      125.7554062294296,
      115.14397574925553,
      108.134306100053,
      104.39000218866697,
      95.65494527274113
    ],
    "elbow_angle": [
      90.23963357165128,
      92.98706888375503,
      99.58719062304809,
      108.64007428029049,
      115.61489774155315,
      120.50693418527278,
      121.45835205486415,
      131.78756891330087,
      139.42687535398207,
      143.03105065880774,
      148.87243243497733,
      153.89016240475775,
      161.1389170606048,
      165.81850757918502,
      174.13488178172364,
      176.02057208344976,
      174.54968482952518,
      167.12014170628046,
      163.90003603206492,
      152.59565780555707,
      149.71823793593305,
      140.7320275647787,
      139.34040140738895,
      134.9817601233256,
      129.06418925172696,
      116.15974599747113,
      117.68204438252607,
      111.54021855077909,
      102.25670474422316,
      94.64849940177072
    ],
    "wrist_angle": [
      178.54877552918438,
      181.82695284668094,
      181.03445917296057,
      180.54012880986656,
      178.0620732677064,
      181.17733368404893,
      182.44604852605556,
      178.72163036619938,
      179.22607163129808,
      184.89045086566722,
      178.445871283339,
      178.91194684458344,
      176.57584027841938,
      179.24190016195908,
      179.32811026896792,
      177.29214975468807,
      181.43370731620152,
      178.98584674367558,
      180.16180882002755,
      182.81742015005588,
      179.56175601340294,
      180.35692754322716,
      180.99206003390955,
      177.4695188842565,
      182.9237916872998,
      179.9474352503815,
      176.47352625701464,
      180.83203086662763,
      181.4008887912054,
      174.19715804587966
    ],
    "back_angle": [
      -2.581329178623957,
      4.3433704108836375,
      1.0364427057393777,
      -0.5137651590564023,
      -1.1835795974731025,
      -2.531777676974942,
      3.2365694336956174,
      0.30701038920477697,
      -3.6092641754237604,
      -1.265897562881533,
      1.026634224904395,
      -2.534289754924263,
      0.3273536954923867,
      -3.1941475703568636,
      1.434196800766436,
      0.9629241567216388,
      -1.796134285964604,
      2.890268173301627,
      -2.852841970806376,
      0.6763442627135211,
      0.2609366195928709,
      -0.812029616008995,
      -0.5253564755243715,
      2.7610525264274646,
      -0.6903001327966577,
      -1.1321281728270847,
      1.7688948464207834,
      -2.9274721175860856,
      -0.9145464293384644,
      -4.075495634054135
    ],
    "hip_angle": [
      182.35889189737307,
      177.86332997224696,
      179.6924466015545,
      177.67224089499894,
      179.90236607590256,
      182.85111936576158,
      181.13495175364585,
      182.51396201887815,
      179.75458154842252,
      180.20588020358846,
      182.55366890004584,
      180.93568815143786,
      179.07012802711455,
      183.39083032198474,
      182.44165151764443,
      180.86299099898343,
      178.32290039005017,
      178.03997223652004,
      180.40069487222146,
      181.57567087425355,
      182.20294317693572,
      176.962375910253,
      181.69981180752868,
      182.11363396687403,
      178.03703240645825,
      176.50046813030204,
      181.0992666432268,
      179.73945463755064,
      178.42887481077932,
      181.2626007566616
    ]
  },
  "num_frames": 30
}