{
  "exercise_type": "squat",
  "form_score": 71.9334907608203,
  "form_quality": "fair",
  "risk_factors": [
    "moderate_forward_lean",
    "minor_form_deviation"
  ],
  "recommendations": [],
  "joint_angles": {
    "hip_angle": [
      181.52991659567073,
      182.2158937083787,
      181.03032085019277,
      181.4961027182793,
      177.41032783508777,
      178.26884752715048,
      182.722593412742,
      179.01627369612325,
      167.90313358242514,
      154.27202093070207,
      139.3708677049188,
      128.16739815125132,
      117.85117464445808,
      100.58439453506966,
      91.7081351107596,
      85.7497769012568,
      91.35381046967782,
      93.58781046546483,
      92.48553449486631,
      92.24259913335703,
      90.05638812168226,
      91.90582840602282,
      99.78197151287694,
      114.5891791528363,
      129.2392105773518,
      140.26428835628718,
      158.59342719105481,
      168.7183654510525,
      90.13127023880419,
      100.72520297843263
    ],
    "knee_angle": [
      176.05186549950042,
      179.5739970201607,
      178.27898814948088,
      172.50621480013626,
      170.43999745587539,
      176.2955220481088,
      177.85776472411857,
      179.4134116128427,
      162.08306864479516,
      151.5951500894956,
      136.73053513208973,
      118.05663054230388,
      107.80129669301805,
      97.82286946264992,
      82.35496967046396,
      82.11683156983737,
      77.0009134660118,
      82.47360467778132,
      79.94152567860162,
      80.36003387456651,
      77.02652253065618,
      92.5360401923272,
      95.51444112486135,
      108.56973117248532,
      129.92364893317102,
      133.77811948782025,
      149.65371801691253,
      164.25568907259208,
      84.76775168370305,
      96.72880024967068
    ],
    "ankle_angle": [
      91.60672794336749,
      91.58532990274203,
      92.55253733340997,
      93.32131031206191,
      87.49121395670703,
      91.91189684005565,
      90.31010477393669,
      87.43282755468924,
      82.90984233985232,
      82.27406246748082,
      79.70985219508498,
      76.70445110226427,
      77.47516094647747,
      71.2573106177515,
      72.74765490877785,
      71.05289801248598,
      73.69401225143072,
      69.93960258037042,
      69.07948478475821,
      72.21256260328944,
      70.05374872895094,
      68.20606071890828,
      73.06196677496776,
      73.90243572218341,
      76.13550858208063,
      78.27951892748425,
      83.62401669672124,
      87.06083061312101,
      69.96972904568499,
      74.8170643588794
    ],
    "back_angle": [
      12.652132669436357,
      7.522300604458891,
      7.032383282370575,
      6.029410945774224,
      6.477659211041537,
      13.48930774909437,
      16.155049451337295,
      9.176191974402537,
      10.626986184354303,
      8.84506062254081,
      13.71593402149755,
      14.879726340971418,
      12.87394269515671,
      7.6787913880456165,
      12.741309974900073,
      8.972390405511145,
      11.817681318319927,
      9.300359174077206,
      6.382829651860787,
      7.698471837311616,
      10.61733752245291,
      13.948442435459333,
      6.698041725029353,
      6.045949729043965,
      15.571134035119654,
      3.80648278153873,
      13.41832492800753,
      14.353381828900408,
      10.659331004266823,
      13.406519775616026
    ],
    "shoulder_angle": [
      47.3076668403535,
      46.09108296286455,
      43.451301711067174,
      42.013684969354856,
      43.97089339260464,
      44.10917685830539,
      43.00383144493766,
      39.7962161006443,
      43.00864956690116,
      47.00246958095127,
      45.84195121126605,
      44.19342193509209,
      43.601510683928765,
      43.83858378097396,
      43.562617394663306,
      44.534757743142634,
      45.47306500639394,
      42.741896393599426,
      44.69021503457636,
      45.56383822120605,
      44.49769443713948,
      43.902768873777376,
      45.7828633364141,
      42.959065579162115,
      44.59992831878557,
      44.13251659298621,
      49.64041102748698,
      42.84486362567256,
      42.219976683760756,
      45.2446474903851
    ]
  },
  "num_frames": 30
}