{
  "exercise_type": "deadlift",
  "form_score": 33.461370519058946,
  "form_quality": "poor",
  "risk_factors": [
    "excessive_forward_lean",
    "knee_valgus",
    "insufficient_depth"
  ],
  "recommendations": [
    "Keep your chest up and maintain a neutral spine",
    "Push your knees outward to prevent inward collapse",
    "Descend until thighs are parallel to the ground"
  ],
  "joint_angles": {
    "hip_angle": [
      47.0502538103514,
      44.88511681736147,
      44.42574111591314,
      42.334705127108435,
      40.8498778149094,
      49.59734099436697,
      45.46126502120086,
      46.119293960723205,
      41.91924552108107,
      46.44736821448841,
      43.780605682878125,
      63.87678337203409,
      72.36444793687976,
      87.63310277786248,
      98.5158978486901,
      112.62939529877247,
      124.8759901849426,
      138.98945330807882,
      155.83049015839853,
      163.26190057233185,
      177.3761035908473,
      168.9162662851359,
      154.29650485272575,
      138.77221334572283,
      125.3189070236813,
      115.13949407063502,
      98.45005560413786,
      81.6981056057658,
      68.86543752994628,
      60.286107297129206
    ],
    "knee_angle": [
      92.25805302717184,
      89.94049416136887,
      86.14872478328756,
      90.71557338381076,
      90.46208200063022,
      87.1703298785511,
      90.23426787657394,
      89.67962515257764,
      86.60852209204505,
      88.92438003504506,
      90.11051311236756,
      98.11887815917105,
      105.82731601008335,
      118.67460426197819,
      122.21881493228469,
      134.13539690746543,
      145.37389382468695,
      154.89979208279667,
      158.46329512093888,
      169.13466397955048,
      179.83623366130686,
      169.2746551749811,
      162.5651520243655,
      151.3591918930837,
      146.50673706294882,
      138.39734493194763,
      124.0749678294129,
      118.27109233550259,
      106.27603321000993,
      102.75403577780797
    ],
    "ankle_angle": [
      92.08484815947101,
      88.70450033314248,
      90.11707845019238,
      88.92700467346828,
      90.16446663133931,
      90.92283104685198,
      87.78257310622254,
      88.4859669383453,
      90.18672958621308,
      89.33193472833382,
      88.84169569144204,
      90.06145992659181,
      93.14680843419593,
      89.83834769312094,
      92.26169217611769,
      93.48952072492285,
      92.11740683498127,
      89.04725539953867,
      92.2677802393786,
      91.6548965837497,
      88.12187435429534,
      88.75092769805711,
      93.9381025540149,
      89.97965649930418,
      89.5542767667023,
      87.90230329782177,
      90.83752396896602,
      92.65896981117363,
      90.88095938301578,
      88.96443533730165
    ],
    "back_angle": [
      30.337853189991122,
      40.40382866975056,
      19.546974389265003,
      19.22686740668544,
      22.209132434079446,
      33.57439811295629,
      22.010901886753768,
      32.04775031953018,
      38.67130367545282,
      33.178579734054566,
      33.08718538985334,
      29.955028478592126,
      28.381272552143933,
      27.512682184611155,
      41.33551567804221,
      30.19573448584405,
      26.56798911016019,
      40.525120553152874,
      20.6305739314788,
      24.469943019585788,
      31.048552698784153,
      32.359713943606515,
      30.726494801549556,
      26.3363309577258,
      37.26373234676776,
      39.75546097742564,
      30.307454870119773,
      25.95742233394415,
      23.6448544979824,
      22.827881593788444
    ],
    "shoulder_angle": [
      91.10631561761903,
      87.99370994440991,
      92.29733712967308,
      89.68137283805217,
      87.5414814229427,
      87.90373684086445,
      90.82004156209784,
      87.56268366390795,
      86.99836955223334,
      86.41110338641131,
      90.0475050121767,
      90.34925305476177,
      87.40867163237348,
      90.37795345046953,
      87.1727836437046,
      88.449831974352,
      90.87919584216525,
      90.73641619775552,
      88.20739222154855,
      89.1933103210096,
      88.86371338401746,
      88.54040228546401,
      88.78520043990375,
      88.26710856679634,
      90.33974569471953,
      88.47560842796376,
      91.01852915636205,
      93.19614175969616,
      88.0483414094021,
      88.31215312217014
    ]
  },
  "num_frames": 30
}