{
  "exercise_type": "overhead_press",
  "form_score": 30.516484212429532,
  "form_quality": "poor",
  "risk_factors": [
    "excessive_forward_lean",
    "knee_valgus",
    "insufficient_depth"
  ],
  "recommendations": [
    "Keep your chest up and maintain a neutral spine",
    "Push your knees outward to prevent inward collapse",
    "Descend until thighs are parallel to the ground"
  ],
  "joint_angles": {
    "shoulder_angle": [
      93.28328433847359,
      94.81872792676592,
      101.986879409348,
      108.61265848943638,
      113.42007723805044,
      121.45335476530505,
      127.83226557371138,
      134.8164705298973,
      140.4166463638287,
      140.3160011757393,
      151.0057176396064,
      156.63203428727135,
      161.86788796560143,
      169.07874226655056,
      175.93743167241004,
      176.749594270781,
      174.0982189570387,
      169.27981370056725,
      163.77904640014498,
      155.70817449179341,
      149.0604502004002,
      142.00913665025308,
      140.5928350027977,
      131.25549113006804,
      125.75674549448823,
      121.94630631486658,
      117.88769338157722,
      104.53578869173123,
      102.74584762254653,
      97.15555974004502
    ],
    "elbow_angle": [
      88.9278389573351,
      91.40624613356162,
      103.63385113454599,
      108.11792548389886,
      114.39814601538836,
      118.10742970839352,
      127.78859062766584,
      135.33027349491644,
      140.59816000838424,
      141.78222018927832,
      150.80921958382925,
      155.99476905038097,
      159.854462928546,
      168.8383219353922,
      169.397847971489,
      176.8892905781746,
      172.18211846882957,
      166.21687412337647,
      162.27343177223332,
      157.17576090203323,
      153.23663519761922,
      143.8559474654475,
      137.4007509498697,
      132.83898689940008,
      124.08648449906421,
      120.05553237946124,
      114.91779221998041,
      105.02742662037474,
      101.04994352183353,
      97.58621757778285
    ],
    "wrist_angle": [
      179.67744830474993,
      179.02339121395931,
      179.88009308823138,
      179.88313502191772,
      180.82052245843053,
      180.6218503301193,
      180.96386088234667,
      178.38014386536835,
      180.91645541544966,
      181.845793025523,
      176.600941852726,
      180.6947226023682,
      177.9358611750467,
      183.3475256330043,
      178.7285858297253,
      179.03397117504738,
      178.0412516641011,
      184.10933925231134,
      179.67107499958635,
      179.16929908531696,
      179.52935022773602,
      176.84008282145317,
      179.02367372455365,
      180.0661969661563,
      178.4835138868574,
      176.28394569650726,
      179.81127296053558,
      182.03618323274694,
      181.18481324678362,
      177.99482323750772
    ],
    "back_angle": [
      28.235483918945423,
      21.206714330414176,
      22.38427498114397,
      25.947271767477883,
      24.737533468731957,
      28.81117832144904,
      27.52541595095451,
      15.371504865559555,
      18.66531135912388,
      24.882243592635742,
      23.35376665880925,
      28.67688426709081,
      22.13480252219886,
      22.217772611008343,
      25.681437264354457,
      19.180707302207,
      21.759645114937427,
      16.378923760258676,
      16.647501297935897,
      21.626915157950922,
      24.824487643751468,
      29.28911174111929,
      17.83901747248571,
      19.30115396204799,
      14.03680628224641,
      29.715734581591704,
      18.318027616291502,
      14.3632482165084,
      16.83815860988056,
      20.503103205588733
    ],
    "hip_angle": [
      178.35118217720918,
      178.7701669623861,
      178.1306168864151,
      179.55655836314943,
      182.232780009065,
      181.94447002770931,
      181.0108708990273,
      180.3149946780983,
      179.08869670333377,
      177.50145112206363,
      181.17614415043508,
      182.50380183404533,
      179.67359954670772,
      177.72012937349177,
      177.70041795370375,
      182.81340862902516,
      179.32446659237254,
      181.13745805182626,
      177.02799962930388,
      180.48656741961813,
      176.73130165762237,
      180.3434621088254,
      179.02881291745612,
      179.58236489107182,
      178.60051328640628,
      177.0965727142022,
      182.6329698492352,
      183.1313430817811,
      177.83035015439404,
      179.4173441069342
    ]
  },
  "num_frames": 30
}