{
  "exercise_type": "deadlift",
  "form_score": 91.38826489840915,
  "form_quality": "excellent",
  "risk_factors": [],
  "recommendations": [],
  "joint_angles": {
    "hip_angle": [
      45.52804585572365,
      45.03400185648958,
      44.48559937883408,
      45.155467899210635,
      45.546161394965836,
      43.79369279042517,
      47.7082317104412,
      43.8334360589421,
      47.58382455011235,
      47.168984804329455,
      41.83224710585456,
      58.888596733611216,
      75.04045369532561,
      85.95045888614214,
      102.30281273551019,
      112.91745343972512,
      125.19675931705704,
      140.1956446710453,
      155.28435509042114,
      163.2086682939836,
      177.53129264678296,
      165.7128377834602,
      155.07676825087717,
      140.7082621498336,
      124.99439170453809,
      112.8898109882794,
      101.4555420214434,
      86.29276304379283,
      72.41286466687635,
      53.467840099437524
    ],
    "knee_angle": [
      91.10676268632095,
      89.70831062243943,
      91.42452969333654,
      87.54241370813358,
      92.77677926697532,
      88.23290297228365,
      88.60433246367282,
      85.73329241622227,
      88.3834031953553,
      88.66833914424701,
      88.68426044553598,
      100.28317228672239,
      108.44471644094207,
      115.63889470385622,
      128.6267664252825,
      135.3998579245539,
      142.94383886975172,
      154.6929140227666,
      163.55301063832638,
      171.17332034189036,
      178.94185304450988,
      168.581886275693,
      162.13488757866656,
      151.95613993703697,
      140.970135806795,
      134.61153870305287,
      121.92945595088206,
      118.49131602303797,
      108.68817763318494,
      99.36117654120991
    ],
    "ankle_angle": [
      92.56252290222774,
      89.26052062399842,
      92.0642000570133,
      95.0159693265491,
      92.12580920370787,
      90.44780646525008,
      90.47622165466866,
      92.62808669962097,
      90.89183750368575,
      87.1250721951537,
      90.2770667939668,
      85.28445165164018,
      88.72419012316658,
      90.09368951860607,
      89.86752277522257,
      91.06373506981502,
      90.57703393323189,
      88.19271836467426,
      93.06537933352196,
      89.28561945644907,
      91.02758718214959,
      91.14221338662833,
      92.54602052184735,
      90.83034629407895,
      89.66923818333112,
      90.3544373734831,
      90.42750683155452,
      95.60043307270769,
      92.05688788056241,
      90.99528167131167
    ],
    "back_angle": [
      -0.797068940832388,
      4.145633892472886,
      3.299484826416096,
      2.4937344077153254,
      -1.9022712131211041,
      -3.1510612089259413,
      0.4791302817130198,
      -4.435746625159405,
      1.108835157207098,
      2.3968176441903744,
      -1.5228636641825544,
      -0.6560956308490198,
      -1.3762875883719743,
      -3.1960342718198786,
      -1.9303364782411059,
      -2.3693569496309066,
      -0.15069324905762888,
      2.8499199951636025,
      -2.2315804387333507,
      -0.99310594143575,
      2.2816518120137714,
      0.36632949108120527,
      1.841736613871127,
      -2.6404448073095494,
      0.5482461395911777,
      -3.252935762545795,
      1.6831928090518364,
      -0.02651566624628485,
      -1.8223152602340575,
      -0.41720007388911173
    ],
    "shoulder_angle": [
      87.8657438040835,
      94.1662160944649,
      90.26328767149924,
      91.84591522110503,
      90.03881630897203,
      87.59095653442199,
      86.62574141766326,
      88.09615211605924,
      87.74698649960872,
      90.03879557110896,
      88.27553016717403,
      92.33039312870194,
      94.00788963907442,
      87.33461854384869,
      91.8601464217713,
      91.92584129280156,
      87.44112949938129,
      92.19573077649068,
      88.79448753427266,
      93.49104664244838,
      92.38085293270349,
      91.15758226386924,
      91.38948061812579,
      90.59629622883406,
      88.63788264344477,
      88.87104043617799,
      91.5720198133353,
      89.6513762707448,
      89.36454349817211,
      92.12339607435756
    ]
  },
  "num_frames": 30
}