{
  "exercise_type": "overhead_press",
  "form_score": 39.90569333243239,
  "form_quality": "poor",
  "risk_factors": [
    "excessive_forward_lean",
    "knee_valgus",
    "insufficient_depth"
  ],
  "recommendations": [
    "Keep your chest up and maintain a neutral spine",
    "Push your knees outward to prevent inward collapse",
    "Descend until thighs are parallel to the ground"
  ],
  "joint_angles": {
    "shoulder_angle": [
      88.31094150997465,
      91.1215755398868,
      99.49300909763586,
      107.77521344775958,
      116.43010310666112,
      120.36245234682455,
      126.90237932118893,
      129.84513475072885,
      138.20230521502762,
      142.10028250978297,
      150.7316172671507,
      155.4830670473358,
      164.04417171344326,
      165.22107307896894,
      171.49714256308798,
      179.8149287225797,
      172.42882893471818,
      167.0441811396931,
      163.69509480521796,
      153.72806665871693,
      150.36052548650906,
      145.4611235495004,
      133.104121608099,
      134.17240143648417,
      125.52909104969724,
      115.5197320847979,
      110.41523719530285,
      107.50472280202774,
      103.66929230345737,
      94.79437275603478
    ],
    "elbow_angle": [
      90.21760623558849,
      94.48145721148126,
      103.87736736602281,
      109.57005738702036,
      112.8714430537473,
      120.56902103869945,
      127.91290864814843,
      132.88600397276497,
      135.21984357154565,
      144.77419404299374,
      147.16790599701824,
      159.8788332510874,
      161.11621344893348,
      167.02289953281166,
      177.63012050488612,
      180.78989726447728,
      173.30815467465683,
      168.40960462925008,
      164.10744600072414,
      156.69375692238594,
      149.07615453955722,
      144.22308004407154,
      137.2003590194926,
      133.94763706241724,
      127.19442968669983,
      119.63723461664488,
      117.41103636349865,
      109.07908529139064,
      98.49878353852881,
      99.52842855532569
    ],
    "wrist_angle": [
      177.62329124916178,
      181.30128269057832,
      176.5012338977601,
      180.70934286612803,
      180.8994260772314,
      179.69913869257167,
      179.0406910994615,
      178.37965211917006,
      178.18046870805654,
      179.48943311005814,
      180.21689869986864,
      178.69042047690368,
      180.78267547850095,
      180.33829574881779,
      181.52610730210773,
      183.49207368183144,
      177.71598562671235,
      180.2969332374063,
      182.16827313728524,
      179.87848907510255,
      181.7900443942599,
      181.60076071506643,
      181.753255910155,
      177.4253668640785,
      178.47988989569058,
      178.75509180547257,
      180.3814903667082,
      179.8162671622745,
      177.00366625942192,
      180.31922347812434
    ],
    "back_angle": [
      16.834568544058456,
      21.731204379593933,
      20.714736764713376,
      15.113147735845082,
      29.37459794596314,
      24.257293234328273,
      22.26979574822601,
      17.88983978045901,
      18.016422365150294,
      23.2373417845769,
      22.07266256305291,
      14.36938396882361,
      20.800814468884404,
      14.61968589944882,
      16.704277356611613,
      22.054553887266557,
      27.67269385489543,
      18.775394720915678,
      31.187851645636538,
      16.471732451643543,
      23.272512444355463,
      23.76189644369847,
      17.369958416263795,
      23.323772270091077,
      15.643340067587731,
      28.324242989860785,
      20.391630793829496,
      26.378078902175613,
      16.615616537174205,
      18.526297254617234
    ],
    "hip_angle": [
      179.00453546261897,
      182.6368256342256,
      181.65574010017906,
      180.339267133524,
      179.57559411690542,
      182.49581023082163,
      180.93273165973443,
      176.5946294996662,
      180.89540340032886,
      180.4322162365407,
      173.98218004122813,
      178.88136519177644,
      179.7117131737858,
      180.94365484827136,
      179.59834228873947,
      178.69035265600905,
      180.53510747468715,
      179.18072595431596,
      180.22696109296362,
      182.97171913611683,
      181.1811741673057,
      180.97736295418795,
      179.7159663907181,
      179.5666762386554,
      178.81265692137958,
      182.88621458575946,
      178.881381332043,
      179.32718312787455,
      180.23856197219013,
      180.42944297446894
    ]
  },
  "num_frames": 30
}