{
  "exercise_type": "lunge",
  "form_score": 92.52615275301969,
  "form_quality": "excellent",
  "risk_factors": [],
  "recommendations": [],
  "joint_angles": {
    "hip_angle_front": [
      180.0632692858081,
      181.48778154226062,
      177.15512820930786,
      181.0231318114194,
      183.64217977010344,
      183.05667111206932,
      182.7352593391699,
      175.29202539863545,
      165.6403585308497,
      157.5896357010068,
      141.95330211614888,
      130.7430719460154,
      116.30565446206919,
      103.09760855732011,
      92.02203443120531,
      93.28026805997821,
      88.1356780097574,
      92.03821019233641,
      93.85178771113857,
      91.88251948411211,
      88.94772572149941,
      91.49093034636988,
      99.44057655899657,
      115.77969315255899,
      130.48256083726108,
      141.53604311378209,
      153.12200120598064,
      164.80988898328388,
      88.82826519359925,
      102.42494966875715
    ],
    "knee_angle_front": [
      177.79617347339695,
      182.1931696713415,
      178.1228771001776,
      177.1442306733439,
      180.26500664048655,
      179.03065271296867,
      177.81248427696488,
      178.94636762982302,
      167.90220101855257,
      155.40024810428375,
      140.8121666962526,
      130.09410309056713,
      114.35697495583237,
      98.48962894633294,
      92.51825640118636,
      92.21277492471374,
      87.68665960316261,
      89.24839947485042,
      90.23666646953902,
      88.45417531596239,
      88.77475018678358,
      88.83191766128209,
      101.11589208427208,
      113.89394513940806,
      132.4096429426547,
      142.27565940306016,
      149.82906941683416,
      165.55926916956207,
      88.52214527340308,
      100.39927409531361
    ],
    "hip_angle_back": [
      181.28665245647304,
      180.2833581663844,
      180.64183472802284,
      180.19403958615064,
      178.98117788900757,
      176.67670150357642,
      182.59246423636037,
      179.83800712965098,
      181.65631107421854,
      178.780680710447,
      184.05184406467237,
      177.79674161467153,
      181.01076628926174,
      177.91345799753987,
      183.24470412179355,
      178.3318790086947,
      178.93822197225262,
      178.93864180212913,
      178.73627214683052,
      178.17957736238918,
      182.41362631557553,
      177.66025614723833,
      179.44536645266268,
      180.02666725376875,
      182.9286603351181,
      174.84867830074856,
      176.93916623649923,
      179.37303800062304,
      181.74483945648115,
      178.5386014238568
    ],
    "knee_angle_back": [
      180.0449099010714,
      182.4704724581843,
      179.0524744362825,
      182.53039076282312,
      179.98644474498525,
      182.147735175255,
      182.4799481662454,
      182.44122932750722,
      168.6296450579254,
      156.94842869364075,
      140.4296911213895,
      128.81103696962296,
      114.81089321235261,
      103.17074461614588,
      90.6142653024802,
      91.14720299021893,
      92.41175949504941,
      91.40345357208352,
      86.89806287703449,
      89.13986638767587,
      87.71972140353452,
      88.60475611397236,
      105.55870856258129,
      116.25991363510424,
      129.15263520391332,
      140.8563428964515,
      153.41733324708818,
      164.54686544115978,
      88.11849947977765,
      103.72238488591262
    ],
    "back_angle": [
      2.1212598821373327,
      2.7128853187924893,
      -0.9218518682148562,
      0.7182292875108869,
      2.7480560401864684,
      1.4672613212944172,
      0.7975831944551077,
      1.466050655972726,
      1.3532649573447695,
      0.33768444865800606,
      0.7287225312021569,
      -2.4073342181601847,
      -0.7782839639321557,
      2.9671188477995716,
      2.444485574373724,
      -1.3994021394571245,
      1.2213318309481527,
      1.9422344935936515,
      3.566307646908393,
      0.9210594567138629,
      -0.10472439508043462,
      2.4984100164036738,
      -1.957918717898833,
      0.3143156592504329,
      -2.5313628039575877,
      -1.543715830127278,
      0.02078201688327807,
      -2.1951607156614985,
      -2.0425269222388893,
      2.187104883442309
    ]
  },
  "num_frames": 30
}