{
  "exercise_type": "bench_press",
  "form_score": 75.44645603613456,
  "form_quality": "good",
  "risk_factors": [],
  "recommendations": [],
  "joint_angles": {
    "shoulder_angle": [
      89.79678116229368,
      90.84653191744474,
      91.77330592192469,
      88.38964014319522,
      89.20458313376132,
      90.08527932108848,
      89.01550777367757,
      90.79126059872218,
      89.49729847915322,
      90.09821117796476,
      90.6313024215917,
      89.39321276095417,
      91.26862466065718,
      88.25223368174989,
      88.96704174916269,
      89.97746255090055,
      88.69457706400196,
      91.96070662674875,
      87.6532617537826,
      90.20057875207708,
      92.483839938563,
      92.84756911595719,
      87.57218568128674,
      89.6945639274782,
      89.78145857628681,
      93.19704877812919,
      94.03849038148653,
      92.34626627650725,
      85.99458009552974,
      92.46669590169104
    ],
    "elbow_angle": [
      88.83972278613018,
      85.54147477741466,
      81.91015685235107,
      82.33465815456685,
      82.66528999258873,
      72.55463999626761,
      71.94206526384401,
      65.33558981840726,
      69.04246071379866,
      63.48698702998968,
      60.319094656143754,
      59.175180938608925,
      54.73875262799401,
      52.19523579901964,
      50.306647693025035,
      43.40829220384933,
      50.61671429501915,
      50.896362231969206,
      51.31345470014064,
      58.232965106642304,
      63.39783671595877,
      69.81237332049298,
      65.58729279613082,
      68.27079329069944,
      67.94605452942223,
      73.03681375742062,
      77.70027995839305,
      84.2270100378213,
      86.23757850253699,
      87.17398977862352
    ],
    "wrist_angle": [
      177.79825176861425,
      181.7291589617498,
      180.71106708187995,
      182.15419016211848,
      180.84264164876672,
      178.96389028625225,
      181.00923257842368,
      182.49975914360562,
      179.172048025299,
      175.98325652037505,
      178.54981578107305,
      181.99362280395664,
      174.8419464053745,
      179.03083954492038,
      177.5524960983019,
      179.07615449894607,
      180.55052053374655,
      180.4323604371248,
      181.57843592415125,
      181.93074575212742,
      180.41783996417107,
      180.14959969324943,
      180.25289061930724,
      177.2181737281116,
      181.95744937998225,
      179.363574603218,
      181.60543270719066,
      179.18043218972514,
      179.82254963500287,
      180.2280844998054
    ],
    "back_angle": [
      2.196581435834114,
      0.06587549529019555,
      -2.0927377895110486,
      -1.0209703281943137,
      0.374116693520377,
      -2.312495018082884,
      -0.5808010767008139,
      0.7247904185035512,
      0.41807796760547367,
      -0.37807000621843617,
      -0.3891512612488406,
      -0.15678688431118737,
      -2.6768303691329716,
      -1.9338739776295901,
      1.1101214717359644,
      1.677090875972489,
      1.1985406510173409,
      -1.259291562503074,
      -1.0328413698070502,
      0.14291200230442896,
      -3.5638975585132946,
      -0.6650326547633703,
      -0.23722245370863246,
      1.8307192853496457,
      -0.1981079230720888,
      -5.013527153205121,
      -0.7875051986440965,
      -2.959786911997432,
      -1.7591126509020905,
      -0.24585218638296324
    ],
    "hip_angle": [
      87.80270830812059,
      91.06740501474226,
      87.60354141971091,
      93.92579798699381,
      89.58808570776114,
      89.18885896866882,
      88.79652065578433,
      90.02298910191557,
      93.65586437280886,
      90.70041065911772,
      92.01652469413654,
      93.47393077089342,
      89.77545243085352,
      93.0040916148396,
      87.94446765691914,
      91.83042280278431,
      88.81653892280798,
      88.7502307779619,
      89.47498434164267,
      87.36002055438597,
      93.70419060640444,
      93.32489801626954,
      86.81331871894164,
      93.25011091325402,
      89.46475797639569,
      88.50621563837043,
      87.86040185305855,
      90.16572958620242,
      89.24123084437254,
      93.48649184764837
    ]
  },
  "num_frames": 30
}