{
  "exercise_type": "squat",
  "form_score": 73.35940629566903,
  "form_quality": "fair",
  "risk_factors": [
    "moderate_forward_lean",
    "minor_form_deviation"
  ],
  "recommendations": [],
  "joint_angles": {
    "hip_angle": [
      181.4199981961406,
      179.180341210927,
      179.19164179164008,
      177.66921829890782,
      182.2162871424031,
      179.72002367744795,
      179.07971854015,
      177.58832051473144,
      168.04356167000967,
      157.11542633477796,
      140.7459653560933,
      131.49208258628826,
      117.47081693146191,
      106.54824812028228,
      88.73316131110506,
      90.03174713989559,
      87.86284214181202,
      91.94881376918292,
      88.91122340830695,
      87.22317294813709,
      92.71218001046432,
      88.4709478823399,
      101.09725993799374,
      115.89163243619886,
      129.90054988942407,
      142.6463779590906,
      154.36727614868866,
      167.26522917286186,
      90.0907221115532,
      101.97479375826288
    ],
    "knee_angle": [
      171.29970378290685,
      175.00059216429958,
      175.9563015742209,
      176.00502161479514,
      175.88505069978547,
      169.55910558499204,
      175.6983712492082,
      169.04178513136628,
      161.6575981911768,
      147.6355694651716,
      133.47515629528175,
      124.26898224319233,
      108.18335097583739,
      95.03951223929377,
      82.67375787908718,
      81.48216501003076,
      81.7650548129384,
      88.072348978771,
      81.42138256799326,
      79.26720730398988,
      85.94694648431154,
      86.32543800435259,
      95.90889720725242,
      115.28729163510079,
      125.91407435744682,
      140.14671604537156,
      154.63941683063814,
      159.76311643765527,
      89.0297060741375,
      91.88878981228956
    ],
    "ankle_angle": [
      90.25517328035232,
      92.15420773111664,
      90.97269344940435,
      90.81326975689801,
      87.92591927490527,
      87.45869947820327,
      88.63285952837987,
      89.15071881990147,
      90.17621195536147,
      85.65741198020477,
      81.40127358998909,
      76.01347856719448,
      75.2638395675438,
      72.07478885334326,
      70.36832512954683,
      70.58021797201606,
      69.34504276698797,
      71.82624415756209,
      75.16859106377464,
      71.5734426756641,
      68.27165991944605,
      71.75509178779662,
      73.5866668764481,
      75.540546184917,
      77.47829284683355,
      83.7850489952501,
      83.37877263172304,
      88.03217230214842,
      71.45765324550096,
      72.42952396266662
    ],
    "back_angle": [
      10.87484571828659,
      13.644068513855789,
      2.6037464572380595,
      17.748615940841756,
      14.211743421404332,
      8.491837418509874,
      9.214129364505162,
      13.95997004601528,
      9.285755607681818,
      14.304072018072805,
      5.84437924106425,
      6.114089800089729,
      10.573793241388,
      15.46587720291409,
      11.180999266848888,
      12.92846865469182,
      1.4211918280259308,
      10.528149515185115,
      14.836814792771259,
      9.414411848876508,
      11.066453603360639,
      4.710593969226607,
      8.662773929571836,
      10.552352586467558,
      9.366817565003137,
      7.936082665198071,
      6.8938612992202195,
      17.229119120164192,
      12.286512720988682,
      8.644973059370267
    ],
    "shoulder_angle": [
      47.434589053347416,
      46.099737364996635,
      45.596236131495516,
      39.66100739127562,
      44.28483944759808,
      47.02142540666448,
      44.01682017940102,
      45.14586090879436,
      43.9364723767761,
      44.046593545807035,
      45.361396052776776,
      45.049134831241616,
      42.122286599815624,
      43.81408638649767,
      45.716678874203055,
      43.75738485061422,
      44.320138860864326,
      42.40968613715603,
      44.88181461363155,
      47.48749437140033,
      46.14654434503086,
      44.03464494939825,
      46.20778901228026,
      47.145441914074325,
      43.48755543100483,
      46.30153275858842,
      46.94869386046742,
      45.4854769871512,
      42.62931289518746,
      44.6224068646389
    ]
  },
  "num_frames": 30
}