{
  "exercise_type": "overhead_press",
  "form_score": 93.66880083991954,
  "form_quality": "excellent",
  "risk_factors": [],
  "recommendations": [],
  "joint_angles": {
    "shoulder_angle": [
      89.3477289043731,
      96.18650672335508,
      101.30358177071332,
      109.82172819124247,
      112.78889598176994,
      120.09203400605227,
      127.74993246503888,
      134.19512384359624,
      132.02102382473578,
      140.45592901564137,
      152.21120199593224,
      159.01829574406008,
      162.58250600848564,
      167.21914852787444,
      172.22427393017736,
      180.3235961277563,
      172.67444643610696,
      164.50245171866666,
      160.8245501057311,
      158.22638236713442,
      149.32479550580246,
      144.5845475177607,
      139.66347414698942,
      129.6599820323566,
      125.61745867497909,
      119.59250217287725,
      115.47484651867656,
      108.55308852789095,
      103.77217674804636,
      95.18170501463119
    ],
    "elbow_angle": [
      94.22411875623594,
      98.18579922840621,
      102.47425758777106,
      110.6801298374982,
      114.11549762036014,
      120.36488187271115,
      126.09624500389066,
      131.66121816526976,
      139.27707360889784,
      140.40001903912292,
      153.5931112841258,
      157.64587448955498,
      162.46441403848107,
      170.7237821718051,
      174.96866866411844,
      178.52122165807526,
      173.7616996972335,
      166.8283271557275,
      166.35147515574994,
      155.51694833874882,
      149.93538006792795,
      143.41840519705633,
      139.74267501751845,
      130.00969924583018,
      124.46620581808446,
      122.0229982629478,
      116.12196789823942,
      107.59460607856657,
      102.66285526705802,
      98.86362723415388
    ],
    "wrist_angle": [
      182.07553440259062,
      178.13847753748507,
      177.43466361540573,
      182.33574701812913,
      178.6192632467931,
      179.89001878131512,
      181.38960490507765,
      181.65420567141737,
      179.30700673343264,
      182.32832693825978,
      179.52148989899015,
      182.6074825755558,
      177.23592438332767,
      179.67420307655757,
      178.09687800593676,
      176.9710198612868,
      181.44022599330026,
      180.4938083587399,
      181.8759800447158,
      178.977438665169,
      176.67503561271428,
      180.8131319513552,
      178.93421472743307,
      177.6912838229047,
      179.19322960017612,
      180.7993284125021,
      182.03903798649876,
      183.33645176103758,
      179.05921397678188,
      178.53257773195367
    ],
    "back_angle": [
      -0.23998221029843433,
      1.3070459001295323,
      2.4286795868211946,
      -0.7626043152344614,
      2.91818852767469,
      1.4081802258660594,
      -4.577996190882595,
      0.6913813695423576,
      -2.3397978199437666,
      0.15622615165067186,
      3.4515793646009985,
      -2.555872544707315,
      0.39868225237861177,
      0.15788827258602425,
      1.6828013838104032,
      -1.0627552634878104,
      0.7853152824685774,
      1.1406297902450515,
      1.831380566437153,
      0.3661275592929428,
      -1.5557547842836386,
      1.3259542957664436,
      -0.5279639057596688,
      -5.898846424826453,
      -2.165928756961591,
      0.3748638510412848,
      2.8966106848145645,
      -1.0376718316282174,
      -3.6825519156745736,
      -0.8532694986345404
    ],
    "hip_angle": [
      179.5195073560074,
      179.8677246254623,
      180.7414104249547,
      177.88327705635302,
      179.63972110842937,
      181.6445227132011,
      178.03827543970942,
      180.92212015060596,
      180.1231945732033,
      180.8279683983321,
      182.4762469703833,
      180.6098025884995,
      181.0087972216436,
      178.74527377532522,
      182.08198617941116,
      178.3995668945758,
      179.4247182777505,
      176.7727414411749,
      179.1455323436619,
      183.20412518279983,
      175.362366750815,
      185.78419512107553,
      185.0287444572516,
      178.64591341849714,
      178.32831576148692,
      178.32873496808247,
      180.4189092811915,
      180.0459613976045,
      180.77204338151932,
      181.61013415848004
    ]
  },
  "num_frames": 30
}