{
  "exercise_type": "squat",
  "form_score": 60.514560537799355,
  "form_quality": "fair",
  "risk_factors": [
    "moderate_forward_lean",
    "minor_form_deviation"
  ],
  "recommendations": [],
  "joint_angles": {
    "hip_angle": [
      181.95549842560766,
      178.92429424121065,
      181.73429139438346,
      181.4314368136124,
      180.45803987090207,
      178.94061559716732,
      184.81505127773,
      182.00834567557678,
      165.84779490781457,
      156.40286444468398,
      143.12361692512286,
      131.70647429157447,
      117.13609070798938,
      101.04499201268796,
      94.77146250241094,
      90.86248777786014,
      92.54704254224538,
      91.29873097073042,
      87.48180704845177,
      90.3770633725572,
      93.85818331110295,
      93.66417616425903,
      102.94871837593513,
      109.87687833453096,
      127.96420393879703,
      140.88348542952883,
      156.63098682897513,
      167.71475742788442,
      90.98943629664143,
      100.77273374405455
    ],
    "knee_angle": [
      171.04814262909449,
      177.85661632713618,
      176.7986340005763,
      177.68799144639252,
      174.62471424843588,
      172.6426681777356,
      172.89844277541087,
      175.80692809801835,
      162.13719366364376,
      152.1499466550922,
      138.38389923758194,
      127.81844612214049,
      115.48362355543544,
      98.16877489075198,
      83.60317998037421,
      88.50952535447381,
      91.12993198511496,
      84.72235925682979,
      89.61578110949955,
      79.64426258585566,
      85.01359751475931,
      80.49043698311557,
      96.00641767926965,
      107.63944028822387,
      127.1294749082608,
      141.3944539110003,
      146.96962715579434,
      163.45758706628726,
      81.65516215382226,
      102.79786568382158
    ],
    "ankle_angle": [
      91.87879505470346,
      87.16047761855668,
      90.97622613524302,
      90.30162928985514,
      89.72558762079083,
      90.49101382031111,
      92.4863402780965,
      87.94306546398703,
      88.46346884246607,
      83.10310094569816,
      82.56772102845763,
      81.08198475737453,
      73.89258571346562,
      75.80700596256703,
      68.9894562416347,
      71.5619748052875,
      69.2653408713733,
      70.88225071836335,
      75.17140828905389,
      72.74190129227924,
      69.85872223286445,
      70.93270868563816,
      76.59618842728585,
      75.81189545601644,
      78.13544619929202,
      79.07752187836498,
      85.22032991029806,
      87.30933999765048,
      71.28691660279726,
      70.64714288642892
    ],
    "back_angle": [
      2.096079061451044,
      13.303076417629741,
      14.157000363795364,
      16.319606170225267,
      8.699904428514488,
      4.490080646318364,
      10.866941254186191,
      8.400462883361813,
      12.421950137683353,
      6.833915173363243,
      9.776688357289366,
      13.27459652337884,
      13.554355112492733,
      13.263122186695584,
      7.967860268623078,
      9.1577568814502,
      12.034375579092348,
      10.237898691590658,
      7.425009674411928,
      11.851745360377926,
      9.487225568457825,
      10.850675673727753,
      15.537190984680077,
      14.381206715279587,
      12.015090819232652,
      8.949609074516344,
      16.2585242641514,
      10.868119307061974,
      17.692731014272862,
      13.128134824528267
    ],
    "shoulder_angle": [
      47.197608560492974,
      46.86160935874469,
      46.32207634395465,
      46.35758880646472,
      44.15793762890703,
      46.26475463202574,
      46.36329552899757,
      44.44214027489343,
      46.25074354905124,
      43.70645831464971,
      47.13561768155564,
      43.84360674854916,
      46.05920113317989,
      47.22611447702078,
      45.32886243118864,
      44.99216542269331,
      45.43513358445721,
      45.52745879859835,
      46.871882332876496,
      44.35188856024552,
      47.640881979428386,
      45.289733637111766,
      45.3028682411736,
      44.85916401580114,
      44.50559319252199,
      45.52294740254453,
      45.167982678830825,
      41.06365628937978,
      46.84736570515282,
      45.071860446029646
    ]
  },
  "num_frames": 30
}