{
  "exercise_type": "lunge",
  "form_score": 96.53157264046317,
  "form_quality": "excellent",
  "risk_factors": [],
  "recommendations": [],
  "joint_angles": {
    "hip_angle_front": [
      180.2197659577259,
      180.10510232665587,
      181.93968156975,
      180.8421806241657,
      180.17148739161107,
      177.70091654908597,
      178.70365888188613,
      179.46029347197728,
      166.43077643247494,
      154.64006198601555,
      142.19231313150306,
      125.69357803621922,
      114.2521903340356,
      101.57391414368288,
      87.45072588730767,
      87.21086813760887,
      87.99824102372479,
      92.8456578348776,
      91.78739823414821,
      87.63819286762264,
      87.32867304541837,
      89.53038666799766,
      103.92041909659221,
      114.40356388719312,
      128.96878054684078,
      138.2166500621585,
      153.95505436173605,
      169.017197767725,
      92.0154876094879,
      105.66005969736223
    ],
    "knee_angle_front": [
      180.22468277477145,
      177.48509990335745,
      177.56256094817053,
      181.39582848087574,
      181.4086724219965,
      181.17046264299572,
      176.71652522858062,
      177.75630539107436,
      166.18002549701265,
      154.72007030970266,
      143.0802422213008,
      127.7044219804656,
      119.86781784104208,
      103.84472187551413,
      90.23968136531396,
      88.17948465656369,
      89.24274324057875,
      89.86087304931095,
      89.81687371005319,
      90.10707768521617,
      89.11807525398216,
      90.33849316685975,
      102.33191900222235,
      117.5073077400191,
      127.72013304043338,
      139.537036885824,
      153.0114281282098,
      163.9676095458885,
      92.02523509481875,
      104.738536911638
    ],
    "hip_angle_back": [
      183.16153736765688,
      182.89874495156903,
      179.37564865098798,
      180.96193513835297,
      177.71124518073285,
      182.63140914636958,
      179.03009880615363,
      181.6678486817543,
      180.71803017967875,
      179.9896008883903,
      183.0103362700549,
      177.64290643044964,
      177.20705354144337,
      178.70094282343922,
      180.27609770581418,
      182.36062413047665,
      178.4457832461091,
      179.28388179647573,
      180.3181613970093,
      177.7561607007286,
      181.44752799870176,
      181.5378020254543,
      181.23043614198033,
      175.94615140792448,
      181.64886248198593,
      181.98314278476371,
      178.89766170192854,
      177.46742045963506,
      182.23413383030433,
      176.31935690817184
    ],
    "knee_angle_back": [
      181.5584954450095,
      181.25642287979994,
      179.258674264662,
      181.08818297961014,
      177.61146690468544,
      181.7113712691986,
      180.83052918699005,
      178.55291318239662,
      166.81007606703778,
      152.0023136801501,
      141.48445683351653,
      127.93735570237332,
      113.87617460253547,
      97.50084213931285,
      90.6301404695189,
      89.4088208406942,
      90.10391477130233,
      87.84107346282545,
      90.38374965285193,
      89.81246578224707,
      88.10195478258404,
      91.61245414414432,
      100.1211648199768,
      118.0073874262144,
      124.73759557093418,
      140.47663804696836,
      153.54503611482846,
      168.94719010440062,
      91.14171290228929,
      102.2609569021291
    ],
    "back_angle": [
      0.4179766044575787,
      -2.2964217523432833,
      2.51668755292283,
      0.7379733106712303,
      -0.3095271579178455,
      -0.3278760891305526,
      2.178337738902434,
      3.1018837021753267,
      7.735296420944287,
      0.10454199554019919,
      -0.45317196495043305,
      -0.24682210718205394,
      4.022501659924263,
      -0.03511540118959925,
      0.1877838451805866,
      -0.6429872675411625,
      -0.7305006878871277,
      -0.9177615268580883,
      1.0750757759480412,
      1.6739226454182703,
      0.7498414015380529,
      -2.8795826529822834,
      0.0738751058653991,
      -1.3717197079470183,
      1.2313801791763246,
      -2.2684378327928743,
      3.7278506871788655,
      -2.2261842674673575,
      2.5945545582179816,
      -0.09062346452058412
    ]
  },
  "num_frames": 30
}