{
  "exercise_type": "bench_press",
  "form_score": 90.74352119328556,
  "form_quality": "excellent",
  "risk_factors": [],
  "recommendations": [],
  "joint_angles": {
    "shoulder_angle": [
      88.4819831404262,
      92.15845332359689,
      91.92066906156934,
      87.0109792641067,
      93.04319125835829,
      91.90147576198099,
      85.0615038480387,
      87.99369121358426,
      90.186950537258,
      89.50168571026062,
      89.69930697611126,
      91.26398587105011,
      87.65285952495108,
      90.45299516703291,
      89.87737864752378,
      91.94105432047465,
      88.36615567826018,
      87.91070864371561,
      92.59957423200606,
      90.88744870389465,
      89.53969260854535,
      85.66238082445875,
      87.67004465838869,
      89.32485612032077,
      87.92740345809868,
      92.22033679492642,
      94.26393083280082,
      90.9396215730948,
      86.50068238899279,
      89.42914028607898
    ],
    "elbow_angle": [
      89.33578858055787,
      86.3806359313201,
      85.28920809304935,
      79.52747412604354,
      79.15337863480984,
      75.754837531999,
      73.65212116050172,
      70.06575052684632,
      62.23284788753583,
      65.49620285327049,
      60.49541289355202,
      61.85105244329498,
      52.7476477779488,
      53.770082097411375,
      50.78050781055673,
      46.579432937329194,
      50.41839594837955,
      53.11325549724815,
      53.653961544849516,
      54.99552785934469,
      61.45141697799468,
      65.83967563873105,
      66.15485242576582,
      71.25941034718355,
      73.74711428667369,
      78.51960798285901,
      77.00137613567757,
      79.98278071098537,
      86.78812577099636,
      88.55420666841839
    ],
    "wrist_angle": [
      180.3916303345729,
      180.18461974350552,
      179.8409268355222,
      181.23865283542162,
      183.9722898392491,
      178.4144222676368,
      182.6487096468377,
      177.11473624849484,
      182.41305057009106,
      178.11564620590713,
      180.08654075384737,
      182.91316015361969,
      177.3573216907213,
      180.9421590229665,
      178.2554523362126,
      178.9951430322577,
      179.3996305225265,
      179.87428428743877,
      183.87374144698785,
      177.81292423860887,
      183.3376980397791,
      179.19138289466244,
      180.44015614599772,
      175.40800271099167,
      179.25146374358107,
      180.2142011377602,
      179.11185922051047,
      182.66760985507253,
      177.81857777632317,
      178.94962321877205
    ],
    "back_angle": [
      2.1397894809257787,
      -0.8690925951694737,
      0.7989723556313949,
      -0.9757349500715825,
      -0.4265957603038561,
      -1.193442857884753,
      1.3987226790651615,
      -0.31730499516530253,
      -1.2761541728919632,
      -1.1679166838427313,
      -1.9366063350435874,
      2.8999295240525536,
      -3.084574878221496,
      -1.4514919633494208,
      -0.7193886233619466,
      2.1312913877598167,
      0.07529050765125476,
      -2.7141509510658497,
      1.4325813266123701,
      1.2271642551874196,
      -1.716484900124294,
      1.817623188673599,
      0.16908702054649616,
      -2.3803091638301352,
      -0.9832450950941578,
      -0.09360733657033049,
      3.451844611485785,
      1.1519486892793085,
      1.8604095612579574,
      -0.6192346809107673
    ],
    "hip_angle": [
      87.63843337092744,
      88.42335718296995,
      92.54628075135238,
      92.64990270067274,
      86.79671461066056,
      90.85520799255274,
      87.57554700504626,
      90.19023542056026,
      90.25350743788674,
      88.87223962261092,
      93.05448827813632,
      91.65969818531752,
      93.07381864400173,
      89.12696263266743,
      91.57641796910636,
      89.19124863255207,
      90.24183625433962,
      90.33688669268817,
      90.08768451158375,
      92.91906698878255,
      93.36791693475392,
      89.38554021017957,
      86.22475421229682,
      90.86104972724789,
      90.06163286092702,
      84.75238775108318,
      92.9830751744887,
      88.54660962657641,
      87.99929488240144,
      88.10324228560046
    ]
  },
  "num_frames": 30
}