{
  "exercise_type": "deadlift",
  "form_score": 92.22502470785591,
  "form_quality": "excellent",
  "risk_factors": [],
  "recommendations": [],
  "joint_angles": {
    "hip_angle": [
      44.01303827660844,
      42.23590712182954,
      43.276335959801436,
      44.10563058148407,
      46.755138793823924,
      44.88658159285099,
      44.38099131076129,
      45.250833550967855,
      47.60153907715341,
      42.21456242718324,
      46.809490367427045,
      58.324257316857135,
      69.3917192604052,
      87.49798150989709,
      100.83681418133337,
      110.44948846285251,
      122.03035944558926,
      137.9795405770602,
      152.35302935171458,
      167.16680671286787,
      180.74955210622116,
      169.3881195719042,
      153.1088666712888,
      137.9395495260194,
      126.14596475947637,
      113.60768757248735,
      98.2276917854878,
      89.02458216327014,
      67.73873677883778,
      57.48644052638692
    ],
    "knee_angle": [
      91.52634831965298,
      90.32536663388144,
      90.56548437329474,
      88.87781176418443,
      91.56289357667248,
      90.56519588931182,
      92.34034694230759,
      85.52786205917309,
      83.37268975774828,
      91.89634382233066,
      90.82565443561549,
      99.76930536104287,
      108.18374894255996,
      118.60405217221849,
      127.3653327105043,
      133.43119161021988,
      143.7324780499522,
      153.20626837433284,
      165.58538898347845,
      173.82201812032255,
      179.77413168370762,
      173.51066078669533,
      162.5821548804535,
      154.20235532699408,
      145.57441922756638,
      135.4398726622556,
      124.29167574100981,
      119.37132178721953,
      102.95379270637532,
      99.76359769206441
    ],
    "ankle_angle": [
      88.82407364759963,
      88.72960282014742,
      90.29572820828469,
      90.58212884155866,
      83.96794905473301,
      90.17019954817128,
      90.32434546890066,
      89.15737529392165,
      91.41840536092431,
      90.37776435604354,
      86.69091871681833,
      87.96631824872466,
      92.32900270605313,
      89.3198036881786,
      95.27143505250541,
      88.86538790509285,
      90.58573320134323,
      91.69701057238633,
      91.44170052453875,
      88.54229771405501,
      87.1146041482144,
      89.45008668243398,
      86.93533916609522,
      91.79699494753102,
      90.7480530289625,
      92.40992420792458,
      94.01600735363712,
      90.04731584823048,
      92.23088560690245,
      89.92296312535326
    ],
    "back_angle": [
      -3.7130638154261844,
      -0.4027525823207369,
      -1.1594102948644882,
      1.7748312835329243,
      3.398702635772491,
      -2.1244914380874187,
      0.9856907575626623,
      1.482884934606722,
      -3.098702134740561,
      1.421999974386116,
      -2.2564187136422698,
      0.8194121287366635,
      3.2844936150707387,
      0.4399296542332783,
      0.3730649551931621,
      -0.7077250903421264,
      -1.3567213341395947,
      -1.091036263480962,
      1.2686102550705052,
      -1.858802107856955,
      1.108016658614731,
      2.980702093667422,
      -0.5191331447434728,
      1.2724771914170419,
      -0.03268450534302618,
      -1.3263761703500554,
      0.37097153779396613,
      -0.4096853428633129,
      -2.133719818466887,
      3.0904469345714376
    ],
    "shoulder_angle": [
      88.41957934991001,
      86.16043645422413,
      92.26822933733567,
      87.05220983161594,
      93.18692287280597,
      92.75044130108246,
      88.92916740507475,
      90.45371579646259,
      92.14352094226189,
      92.7075507214201,
      90.59283760514982,
      89.31092087475929,
      91.84284835119912,
      92.47362577141894,
      91.58092445197354,
      89.77394529794861,
      91.19854087681183,
      93.75225112230808,
      88.74189919394827,
      89.36800357539708,
      86.85563962410193,
      88.93286749556862,
      90.30617356224573,
      90.06933371154265,
      90.62644280223932,
      91.11054682441453,
      86.63822460221587,
      92.11331024196953,
      89.42884244686196,
      93.6480808876028
    ]
  },
  "num_frames": 30
}