{
  "exercise_type": "deadlift",
  "form_score": 78.62778313534771,
  "form_quality": "good",
  "risk_factors": [],
  "recommendations": [],
  "joint_angles": {
    "hip_angle": [
      44.34268662516915,
      47.71153505521181,
      45.19207646074632,
      44.677359804630086,
      47.09615525680556,
      45.389038715390996,
      45.84872519934067,
      45.89984208812189,
      45.85400053495678,
      44.87071997156795,
      44.14189163760723,
      59.309499619434206,
      70.62433195262626,
      81.06928192218459,
      95.52322996473075,
      112.82227864616127,
      121.92559473920241,
      142.67945547887496,
      154.65465797308684,
      163.28365178708464,
      178.5202307982272,
      163.56231838505178,
      150.50580204930787,
      137.14376107411854,
      125.69219622160485,
      114.59461649821402,
      93.87887850736999,
      87.26463579913688,
      70.26373072808366,
      60.24177583677168
    ],
    "knee_angle": [
      89.62102695263779,
      90.59084229122763,
      88.43957103100526,
      91.05593592499152,
      89.95928019648935,
      87.43518728943411,
      90.0511676368981,
      95.04331087982682,
      90.2237328461297,
      89.5374702396407,
      93.63445431223725,
      98.78116673082673,
      107.79142784214106,
      118.71931854523595,
      127.06281549942085,
      135.55356889820362,
      146.11776718186806,
      156.67035920888304,
      162.38136090020853,
      171.16170343268612,
      178.16558554693816,
      169.9827351807292,
      163.5004938967507,
      151.78585981889069,
      142.9789623728687,
      130.37330120161656,
      123.35070106027923,
      115.88185026666935,
      109.59961971642439,
      98.81504292200225
    ],
    "ankle_angle": [
      91.38562674841543,
      88.44025754944605,
      91.17351349181817,
      91.88826427853893,
      90.02681391152733,
      92.38802877670956,
      87.2227460425812,
      92.06206712117374,
      90.47416764596089,
      89.14857762952114,
      89.53688589540293,
      87.23878245706764,
      89.82019161552194,
      88.02195675897153,
      90.46522111116869,
      89.71372764009081,
      89.47953988551589,
      88.1312734187032,
      87.52661355400933,
      88.30903477504258,
      90.32019736985369,
      92.01267592811958,
      91.07304448687562,
      90.00108554872283,
      89.29056988068695,
      90.41785669641331,
      87.99918150147563,
      89.58634289574937,
      90.96867034635444,
      87.8308870370833
    ],
    "back_angle": [
      6.804687532347064,
      -3.4714474981004706,
      -3.0938559237555108,
      4.696069977535056,
      12.207898608491703,
      1.3539528735058086,
      5.053396296448957,
      0.5171145747058659,
      5.849189024253598,
      5.471354124586559,
      8.601887665363511,
      5.369528871981613,
      5.54075228619289,
      7.395932301845167,
      3.6962802810181095,
      3.1233785635010802,
      5.288435128357098,
      2.07342290601834,
      0.8150318597624183,
      10.630280053119622,
      4.750275518222951,
      5.786309741517766,
      0.37198100450508986,
      3.6749147911241877,
      2.037215793934387,
      1.9461134744701822,
      7.360900499849288,
      -0.04153073139575891,
      -2.849851469365537,
      5.543501113964879
    ],
    "shoulder_angle": [
      89.14086887735417,
      89.82561006278915,
      91.43760823844903,
      91.99473290533122,
      90.30247986275639,
      93.33042093981275,
      91.82952908114031,
      87.89476757449117,
      86.58385537085235,
      89.63328570285019,
      87.20895866618028,
      89.19213426848574,
      90.86533538090825,
      89.25738430822038,
      88.16501285292144,
      89.04243016982817,
      89.02863063434856,
      90.96383131446193,
      91.71499774944597,
      88.08499733186686,
      90.49072233880217,
      88.48658170665315,
      92.17501983654842,
      90.2972978089292,
      93.05562824224886,
      94.02314665592019,
      94.04550951335688,
      90.76866103360705,
      90.40795489525487,
      85.57344087404486
    ]
  },
  "num_frames": 30
}