{
  "exercise_type": "deadlift",
  "form_score": 48.98701479620937,
  "form_quality": "poor",
  "risk_factors": [
    "excessive_forward_lean",
    "knee_valgus",
    "insufficient_depth"
  ],
  "recommendations": [
    "Keep your chest up and maintain a neutral spine",
    "Push your knees outward to prevent inward collapse",
    "Descend until thighs are parallel to the ground"
  ],
  "joint_angles": {
    "hip_angle": [
      45.86320493047211,
      45.290057248760874,
      44.97318746237361,
      49.13173670197354,
      45.20323904146329,
      45.58216584895377,
      44.56802526475984,
      47.28155267549411,
      45.46547634536131,
      46.84371681422334,
      41.058773033238644,
      58.230004766165536,
      68.6977828824661,
      85.17026164622216,
      99.0711145250496,
      110.6108155767544,
      126.12290461383617,
      138.22759642425777,
      148.89330454520743,
      166.5282336203461,
      178.55266325526372,
      166.06912502021544,
      148.81761236655646,
      141.00727861050075,
      124.23076379866349,
      111.4296441002974,
      101.05746355100668,
      82.41504844732998,
      72.35640524349121,
      58.6169156276744
    ],
    "knee_angle": [
      86.62785349907215,
      89.28608095007286,
      86.06582227009334,
      89.89011404905764,
      88.2974121831788,
      89.13946867588983,
      85.55179323556837,
      93.07932591009978,
      89.43729379026986,
      97.01802363391701,
      90.61769052016673,
      100.06215790350952,
      110.15554643652683,
      116.44480867725649,
      127.91677905415288,
      135.62789463983603,
      144.2430932559361,
      153.59314857497284,
      161.9149738213352,
      171.46388601715,
      178.6537094353476,
      171.87826911427493,
      165.4432923329215,
      158.0102223082283,
      142.68485460740715,
      136.43685056342676,
      122.0855604170686,
      116.41801675848804,
      108.70590546024688,
      98.35131441648565
    ],
    "ankle_angle": [
      89.90321659389184,
      87.05536693192516,
      92.93590987056932,
      88.81814489106407,
      87.1812523908495,
      91.1702780892077,
      87.98897192587566,
      92.72192291133439,
      91.86052738882019,
      92.95341830843851,
      89.43131715915732,
      89.40799565716954,
      90.86591721846104,
      91.16739605570969,
      92.98288373152525,
      94.59401419943137,
      83.68170892166431,
      88.09663672456284,
      84.88004174732681,
      92.01694000490004,
      93.0974253335273,
      87.7775893951477,
      86.7390698821475,
      89.82632171157152,
      92.27774738605633,
      90.86589174239442,
      87.15845595346838,
      88.04241958311424,
      93.90858970585762,
      90.32057705663921
    ],
    "back_angle": [
      24.20508462604025,
      23.504600815356017,
      30.58858025650712,
      21.508302859052936,
      32.76910860245467,
      21.896267949971246,
      24.091417702137377,
      15.975338862530677,
      39.21865153282772,
      34.314623812392135,
      19.734635199931358,
      38.77710593801263,
      23.367988076605144,
      29.66901425778904,
      32.10711838253948,
      34.148551984355905,
      32.9176513175223,
      32.473968930663496,
      38.50715204242626,
      22.020776539044153,
      31.937887649368218,
      35.919140884790316,
      39.67279263010631,
      26.7112948323184,
      42.1978737130385,
      28.07793445176881,
      35.60044133340585,
      41.63761911959647,
      28.676454038303028,
      43.89485216602803
    ],
    "shoulder_angle": [
      89.26903524338204,
      89.27367093395766,
      88.97638751224117,
      91.32396661445675,
      87.16079507314255,
      87.63942434038769,
      93.65587220990263,
      90.3642737072193,
      88.56145770369429,
      93.76924904560244,
      88.13243530856036,
      94.72333000112427,
      88.89993908299545,
      88.60854562971923,
      93.75713104709851,
      90.26036964480785,
      92.02671439821883,
      89.6664310772663,
      90.84981735653844,
      92.94375588854284,
      87.35823540929546,
      90.15360379880812,
      90.18599820754993,
      91.96695668692095,
      90.06780212886113,
      90.40953115281263,
      90.80762164571182,
      92.87230150481814,
      91.3366836398362,
      86.85444684343564
    ]
  },
  "num_frames": 30
}