{
  "exercise_type": "deadlift",
  "form_score": 83.52154687643565,
  "form_quality": "good",
  "risk_factors": [],
  "recommendations": [],
  "joint_angles": {
    "hip_angle": [
      44.38144904907348,
      44.51988555070134,
      44.916461752746756,
      48.20393414253005,
      46.840417927527675,
      45.45448726193085,
      46.19150649338915,
      46.61548594561126,
      45.77897716872454,
      43.859600034542346,
      47.35114395118827,
      58.166562001221806,
      73.3554850028625,
      84.65470498626298,
      104.04937144600028,
      108.54928686020513,
      127.49013610087559,
      136.28771119018145,
      155.40010655296774,
      168.05786905977087,
      180.92090305199577,
      170.7369360515478,
      154.17431223809032,
      140.00991298079038,
      124.00966542163461,
      113.39631954548904,
      98.60564152626377,
      83.20982992474605,
      71.48845578088722,
      58.71555139336212
    ],
    "knee_angle": [
      89.02667251046284,
      92.3702679482376,
      88.84159659547421,
      89.50834377903526,
      90.11532609919901,
      91.03400955008217,
      87.54792769432771,
      87.50943274822704,
      88.2214327018463,
      87.75776737452144,
      89.58472290601433,
      100.52011745557408,
      107.09774311350901,
      116.22075769134385,
      127.40450904571696,
      134.0473457862922,
      147.90750716211403,
      149.3495791075597,
      158.9329961497954,
      174.6901184467111,
      181.8208939577709,
      170.1946411975957,
      163.77898442858546,
      153.74619929814938,
      143.01918793163802,
      138.53597072207558,
      126.13848070097067,
      117.22913621046803,
      111.65353837080481,
      97.84449216556257
    ],
    "ankle_angle": [
      88.19531238367416,
      91.9448181771528,
      92.36270639978247,
      89.29925470683091,
      89.7604876092539,
      89.0727588825788,
      92.86796180238532,
      92.65529750969468,
      90.30196879154828,
      90.55068996104008,
      89.9325555307123,
      95.31258685053663,
      88.89775531222442,
      90.42060505197908,
      89.48167476462172,
      94.09345117857163,
      89.7175767053813,
      88.41052024539516,
      87.86573923565082,
      89.84067062183871,
      91.01553007845129,
      87.52038402459674,
      88.54491865257724,
      90.62137105785676,
      90.36980810669947,
      92.54542732739792,
      91.44873402540557,
      87.55907156866301,
      91.92403025211516,
      92.36782254233685
    ],
    "back_angle": [
      2.6207950950128347,
      2.046085955387235,
      11.417950744121356,
      4.749815596368785,
      1.6262596933069926,
      7.903357496790926,
      0.9363803210548556,
      6.576309217644883,
      11.002632912628076,
      3.0542218095482827,
      7.382760659646102,
      13.287420351307881,
      7.046601910508835,
      7.535227338029625,
      -0.14008092802550864,
      5.1571166249900315,
      -0.9409314165384612,
      0.767829825418902,
      2.038069714920753,
      12.402869875760969,
      5.414623740185062,
      6.499052650122163,
      5.703994542317597,
      11.77693904735439,
      6.970186642742742,
      8.355978630105444,
      6.26950125608067,
      0.5095033255612644,
      8.048852462367034,
      2.564556112288159
    ],
    "shoulder_angle": [
      91.94252427908623,
      92.06264989102043,
      87.11901427651276,
      90.46583379637681,
      92.36177214810071,
      92.50448129489538,
      90.19600703880673,
      89.80104546820314,
      88.08643962147833,
      90.19407840080765,
      92.47940281396095,
      92.75224220109087,
      87.88410212934521,
      88.13303383403992,
      91.44891050728057,
      92.10069865710419,
      90.50335409082219,
      89.05679118720742,
      88.16790816881002,
      94.16971727701728,
      91.79889320993458,
      88.59689735319638,
      89.17361869438263,
      87.88239572440793,
      88.52555673833629,
      95.59382136863331,
      86.45519934317288,
      90.44643758680871,
      85.44372342354994,
      91.99960674833538
    ]
  },
  "num_frames": 30
}