{
  "exercise_type": "bench_press",
  "form_score": 70.02737197578716,
  "form_quality": "fair",
  "risk_factors": [
    "moderate_forward_lean",
    "minor_form_deviation"
  ],
  "recommendations": [],
  "joint_angles": {
    "shoulder_angle": [
      86.61908422638805,
      89.78661052683272,
      85.08249521894466,
      86.64744375266626,
      88.60393714340806,
      89.28975288274988,
      86.7471449893323,
      87.12368802686076,
      90.40139106537264,
      87.4504890176274,
      90.11468959896384,
      92.45836957101717,
      88.83087961898397,
      88.77407989460674,
      89.75252174294009,
      87.50503369874639,
      94.18407419637123,
      92.59027204066035,
      91.24423340652056,
      88.95262491172545,
      91.79834728818662,
      89.98995721140953,
      89.64048447968857,
      87.92237834599882,
      88.22675763686438,
      90.54685449088137,
      89.41620948151065,
      90.08202047575936,
      92.80955785952466,
      86.11805125198434
    ],
    "elbow_angle": [
      88.47591771270177,
      83.71016082472858,
      83.32557419642298,
      72.66870230093073,
      70.20553460827281,
      68.03669520007043,
      61.98915272690018,
      56.61709310986626,
      68.48852588009308,
      63.64463775598918,
      55.19180984786137,
      54.78703535402193,
      45.26915968333715,
      49.12911588139297,
      43.766633509699936,
      35.176617583516524,
      40.05815849388875,
      47.35622973543181,
      49.89401387402456,
      57.539201185163414,
      46.39044761792864,
      57.374893693745655,
      58.73235645068737,
      64.96787273703305,
      65.64571265031073,
      68.43904283587172,
      72.14163381479662,
      75.54120485020562,
      84.98498913932919,
      85.33401757528765
    ],
    "wrist_angle": [
      179.32117318338697,
      180.21624292300567,
      180.1191070587423,
      178.44447102939532,
      184.96871891576137,
      179.33832546170618,
      181.26576944568313,
      179.94303621030025,
      183.15580994027573,
      180.99169109151845,
      183.152063675041,
      177.93484019410698,
      176.4458683448013,
      180.56491566424162,
      176.41339747064333,
      180.37782585966207,
      179.29295130015856,
      178.8278696081867,
      180.35537634118407,
      182.02335828903074,
      181.87880369703655,
      181.8102463569697,
      178.96628350372808,
      183.2047040288135,
      181.42325540596454,
      180.92992966576068,
      180.40531398773555,
      178.74853273862652,
      177.0844047103128,
      177.18514028547244
    ],
    "back_angle": [
      12.446330873444875,
      5.095821677973163,
      5.781178694581826,
      11.33632820846228,
      12.214117777272811,
      7.072351888186887,
      9.103740524507312,
      12.320104859270874,
      12.44490599443979,
      6.927672180793401,
      12.988674174248171,
      16.65639575365232,
      6.92999403552489,
      10.01918455538098,
      6.646805867478699,
      14.618754316753469,
      4.858892698780611,
      7.728801187034428,
      8.112264432381654,
      7.955989246633349,
      14.359700054062223,
      13.893227583678009,
      13.746191507685,
      7.07687572051265,
      16.36642202141944,
      10.340920599683564,
      12.849105159660366,
      10.268747317083525,
      11.519093446572475,
      12.485960303309058
    ],
    "hip_angle": [
      91.44675138403767,
      89.815182966024,
      89.84827102281567,
      87.48421201202676,
      88.0659841969056,
      92.24383852065341,
      88.63074627326688,
      91.98320118454734,
      90.04092481974943,
      90.51837402456789,
      91.99457072737883,
      87.65067031269083,
      93.0599869954046,
      91.76345442384766,
      89.3421070548148,
      90.42115160475667,
      91.71617122492248,
      91.75618825631115,
      91.50145329368264,
      90.40142395662869,
      91.65140182725997,
      88.28969474484393,
      91.09605719945587,
      90.44548079760017,
      88.07426573003221,
      88.94001159199942,
      90.33301522138278,
      88.95519859500173,
      89.0869312315185,
      90.33684357164347
    ]
  },
  "num_frames": 30
}