{
  "exercise_type": "squat",
  "form_score": 84.32488660054454,
  "form_quality": "good",
  "risk_factors": [],
  "recommendations": [],
  "joint_angles": {
    "hip_angle": [
      180.2316930135312,
      179.9630012372063,
      176.9229318098316,
      180.23972648027322,
      180.61472871663852,
      182.24644720789377,
      177.44333836949409,
      181.69084716768504,
      166.11667118225122,
      157.26300992929802,
      144.94347769469564,
      129.32290524186905,
      115.83972479629786,
      105.97134720738705,
      91.14272520217774,
      85.99027194934138,
      90.98220342432772,
      92.9875284467161,
      87.84284010318709,
      91.09969989004597,
      91.1950393011353,
      89.27426344687663,
      104.05232820564753,
      116.64826824748648,
      129.64285653664444,
      141.21695568843228,
      152.8113436445735,
      165.03379937164857,
      88.67081729729634,
      101.97396100139039
    ],
    "knee_angle": [
      181.32385384386686,
      184.21802337128358,
      177.80093351183416,
      180.4648173480753,
      176.0764385308675,
      179.97733271291048,
      179.1783561125287,
      179.9407242589456,
      165.52586462178584,
      152.92274918795866,
      140.69565280861184,
      134.24457716007623,
      116.43703104879297,
      101.78298476950383,
      93.59686190159607,
      87.85643775774143,
      88.10796457980757,
      88.8667586318687,
      93.1547607438697,
      91.86250327390643,
      91.63066107384347,
      88.94990070183991,
      106.19363560017162,
      118.37914293900073,
      127.4631875620505,
      136.42796446770615,
      157.0686414626407,
      167.64089713475133,
      88.1615702329497,
      102.75379653742272
    ],
    "ankle_angle": [
      90.36827649877277,
      91.30902229710165,
      86.56814649681554,
      87.80242275187823,
      91.1647996262287,
      90.40581980835906,
      89.7343768487184,
      87.09147685417346,
      85.95251609508932,
      82.6481113327278,
      76.82160540305571,
      78.57790736101151,
      74.0984884128176,
      74.33069579544396,
      71.21431624340892,
      71.11705528038378,
      68.22757421969217,
      72.35361880983652,
      65.58006375189017,
      72.35502301596823,
      70.45926786861033,
      70.30116787160496,
      74.00952149296702,
      75.1435758538247,
      78.8671163025271,
      80.9090968772349,
      85.1760974124228,
      84.73571430437713,
      73.15068284678966,
      73.65551445346773
    ],
    "back_angle": [
      -0.4636855276206413,
      3.789407220304172,
      3.180800133939409,
      3.5949274515288487,
      3.9503649470669027,
      6.549854238814659,
      2.0305578293282327,
      4.673242613862349,
      1.1649108383441171,
      1.749036893612854,
      4.341334798506539,
      6.139385449042855,
      3.1141630200487733,
      0.9244127470016333,
      0.4690620621563205,
      3.857880086812135,
      5.272416336549342,
      5.109128532966253,
      -2.125762260745822,
      3.9398184474444298,
      5.025473298151593,
      1.4312951517188028,
      1.613160072411567,
      2.0995046584258885,
      5.70768414904593,
      2.8896016658119574,
      2.537419447966981,
      3.5338393396465344,
      4.0345786985167615,
      8.195842548262487
    ],
    "shoulder_angle": [
      42.1352809657453,
      42.74871976944807,
      46.97274035196906,
      47.77666693992681,
      48.235766901799224,
      41.7895925978301,
      41.00532660317514,
      45.94859196680423,
      47.07775430075613,
      44.82286981130297,
      46.67491590714179,
      46.74891756844265,
      45.17111574253601,
      44.22606646718028,
      45.31449831959699,
      44.848169948470314,
      46.32375973653124,
      44.745763263597354,
      46.50653659801691,
      43.66757223733979,
      44.91483046151272,
      46.212034424384726,
      44.69316076973704,
      43.76860466904747,
      42.383880616744115,
      46.74261740044019,
      45.86803688003233,
      43.211162635207195,
      43.88928425087502,
      41.18426719615842
    ]
  },
  "num_frames": 30
}