{
  "exercise_type": "lunge",
  "form_score": 77.93438456992587,
  "form_quality": "good",
  "risk_factors": [],
  "recommendations": [],
  "joint_angles": {
    "hip_angle_front": [
      181.09367009331436,
      180.92460445662084,
      180.9576478554194,
      180.51942933891394,
      176.4767614984488,
      183.5067554953091,
      179.6298671853396,
      182.8394580815481,
      170.00503042925936,
      156.53779191949008,
      144.15374944515784,
      124.93410678653198,
      116.42949581364816,
      103.1092502114497,
      89.48688260755875,
      91.38662109958585,
      88.4011670006093,
      91.48876408811972,
      92.54897172189685,
      90.98105600202516,
      89.31485274056095,
      89.33095081480107,
      102.16698916374527,
      116.0998128139181,
      130.102500675502,
      141.7744966802461,
      155.78370335413553,
      161.94163782545613,
      91.23343704568491,
      105.83319346866443
    ],
    "knee_angle_front": [
      180.50002026466768,
      178.9743201015863,
      177.70358352128966,
      181.08359208801437,
      181.69231083255013,
      174.82127127788266,
      178.78877450104443,
      179.15787144931733,
      168.62480953006678,
      151.12203176466966,
      142.83359635393145,
      129.1896477536155,
      114.21589723461146,
      102.53298740344681,
      91.61462684729786,
      89.45690714410343,
      88.88170074898112,
      90.32313417522815,
      87.08562154929207,
      90.46312043607044,
      87.83287209370927,
      89.7270794831559,
      102.57253216246532,
      113.32655033843416,
      125.70161310906343,
      140.3005761664185,
      156.4072105730152,
      167.82711847731142,
      87.9444743990439,
      101.91493109253469
    ],
    "hip_angle_back": [
      179.00093548404433,
      181.09992951913082,
      181.5506159667044,
      178.47064004835428,
      179.24821268513597,
      177.85392938122698,
      177.24752002412157,
      178.22942680230403,
      182.42545113404233,
      181.63518254408862,
      179.2580212536449,
      182.54729318513068,
      179.03388210033725,
      176.49191474311857,
      180.43770740409815,
      183.59702817792459,
      175.16007702741106,
      179.24224230711184,
      179.04740961684394,
      179.16840349754762,
      179.62833377564755,
      178.57269210138776,
      179.18601901988663,
      181.62378848024647,
      179.34271002044926,
      178.70914242196528,
      179.56789497313338,
      177.88186464842923,
      178.27516105744874,
      180.02564012795486
    ],
    "knee_angle_back": [
      178.9611950328324,
      182.78389051165152,
      180.90700010767753,
      183.82305239394802,
      179.80372546672086,
      180.47174818211226,
      179.14622282836993,
      179.3787570571908,
      167.7123691026714,
      150.00995094881463,
      137.92550593958623,
      130.0447191743243,
      119.27736086008284,
      105.73266196836163,
      90.45095507174508,
      93.22497192279371,
      92.90556186261824,
      91.45837532857914,
      91.34098051117142,
      89.12839809863065,
      89.08031449866101,
      89.00621314239467,
      102.45763787411052,
      114.59987222076406,
      130.46415414391436,
      143.27259836692878,
      156.228920224886,
      165.73536996631447,
      91.78905655514764,
      102.83044748733867
    ],
    "back_angle": [
      2.440473225062489,
      -1.4460891173379153,
      0.08864831475730015,
      -2.0641712826616225,
      -3.527164203513023,
      1.3509592973539435,
      -4.639663271129894,
      2.2506335902391106,
      -2.332763227212205,
      0.8854223174701464,
      -0.856370380583912,
      2.2139407877123207,
      -0.9953624859906234,
      1.6579290026973086,
      2.005511863969043,
      0.42740641803110807,
      0.5562417915349959,
      0.29159722047208997,
      0.1545139760803623,
      -2.459639141320979,
      -0.21933967502909615,
      0.10657697263683619,
      -0.7433218961850652,
      0.6164256256257229,
      -1.2194932136703156,
      -0.14237663473627518,
      2.5008305673363154,
      2.2863780088538173,
      0.8478104735138073,
      -1.1070877818752312
    ]
  },
  "num_frames": 30
}