{
  "exercise_type": "bench_press",
  "form_score": 43.94763704064956,
  "form_quality": "poor",
  "risk_factors": [
    "excessive_forward_lean",
    "knee_valgus",
    "insufficient_depth"
  ],
  "recommendations": [
    "Keep your chest up and maintain a neutral spine",
    "Push your knees outward to prevent inward collapse",
    "Descend until thighs are parallel to the ground"
  ],
  "joint_angles": {
    "shoulder_angle": [
      91.2803714815421,
      89.6199442303605,
      88.35519846926837,
      92.07916948579708,
      93.84269654068041,
      90.14427481824121,
      90.46949605553812,
      90.66896289120203,
      91.42918704859736,
      90.70609499705208,
      87.78599278419173,
      92.634442326056,
      89.87065258387918,
      89.34975923483051,
      92.64507453921179,
      91.74043251963009,
      84.81103216237663,
      92.01264892851063,
      93.22414351408355,
      86.64054387258312,
      88.28442388301768,
      91.41941058157406,
      92.55161781775685,
      87.52029929398417,
      87.79786943034068,
      90.14329838520473,
      88.29495966818979,
      89.53789536606449,
      88.98231347778342,
      91.56265505881207
    ],
    "elbow_angle": [
      72.67644475286635,
      67.60712027122517,
      66.35574212457354,
      63.83618286166981,
      62.12296029389475,
      61.792992367768065,
      57.57394904179849,
      58.06997541325701,
      52.393107699561575,
      44.10858693669104,
      50.57528771254073,
      45.52047098392154,
      39.88763063598281,
      38.648969127143,
      35.12390259383718,
      31.024512088646095,
      35.20300605552573,
      38.699033018460625,
      42.03349631682317,
      44.36878916013746,
      44.357837997740916,
      51.73234746371348,
      47.94426189475524,
      56.08744704924901,
      57.638904129107324,
      57.91561894259029,
      66.29862898134633,
      67.04243267587339,
      64.62125527516125,
      74.00012937999277
    ],
    "wrist_angle": [
      177.84339842978542,
      178.43503432444578,
      182.8980639798572,
      180.21866421003915,
      179.44706220831534,
      180.00614762550097,
      179.65230622398596,
      180.08388046942292,
      179.73503025052312,
      179.1679521552587,
      180.47829923126594,
      178.95858916106624,
      178.4645712000095,
      181.02288879759297,
      180.26439333482705,
      181.30228207136517,
      179.4205542014575,
      181.8475866372756,
      183.4434416672779,
      178.81033805748956,
      180.4396229618542,
      181.97071246090434,
      177.17296294934738,
      180.45460834597108,
      181.29383735368123,
      177.54960887436334,
      180.48749641462635,
      179.39814988967285,
      181.80938915170725,
      178.5088583839335
    ],
    "back_angle": [
      23.434076287376982,
      27.513797405777648,
      15.192367139308647,
      27.884734265130653,
      16.830717842885676,
      13.088082036269798,
      23.90953705222909,
      26.378230654779696,
      18.933373447061403,
      28.621799049536385,
      13.055424260837706,
      25.088910692428332,
      14.122964139461319,
      17.18384452510548,
      24.080661096065718,
      24.65316309151621,
      26.23282848177073,
      16.246179917944353,
      19.638651064612816,
      23.15033891907398,
      27.735520362063927,
      15.943025007361525,
      19.29864467472407,
      16.824823490630827,
      26.431917036586817,
      19.654313841931025,
      25.694118218144506,
      29.16823437404517,
      23.156871599644525,
      26.257341452267593
    ],
    "hip_angle": [
      87.80738300160898,
      90.7803191136918,
      87.79522068432534,
      90.76311020272627,
      88.98252579462302,
      92.8399869272121,
      89.42678303471271,
      88.64013301542214,
      95.08387675354811,
      91.32619728211407,
      90.09705910864432,
      91.8069164251833,
      89.77741958928254,
      92.01678397882067,
      93.13846365188685,
      89.86903098069523,
      90.67483785066057,
      89.27013269866356,
      89.8320655126029,
      90.79236191739717,
      91.5993127153968,
      91.66713906842274,
      86.51779575419933,
      90.57120471378049,
      89.12804378480325,
      87.5485651178926,
      87.08726224468504,
      89.96047431323214,
      89.73640463698601,
      92.18285143091488
    ]
  },
  "num_frames": 30
}