{
  "exercise_type": "lunge",
  "form_score": 72.08327110700539,
  "form_quality": "fair",
  "risk_factors": [
    "moderate_forward_lean",
    "minor_form_deviation"
  ],
  "recommendations": [],
  "joint_angles": {
    "hip_angle_front": [
      183.1836883385914,
      180.60270549082406,
      178.50098955153447,
      179.47418195476985,
      175.91034549850622,
      181.0366294099886,
      178.66899616731936,
      181.84761706896808,
      166.61507217422243,
      156.20922194745168,
      138.58980397610975,
      126.12663363042742,
      111.54002053502924,
      99.13673738435784,
      87.35733888511132,
      89.58587397774463,
      89.980699299069,
      86.78197851221563,
      91.61523110361792,
      87.75341182069732,
      83.22822478849068,
      93.21070468113516,
      102.27077354525457,
      114.54363743715756,
      129.58264882299966,
      146.23468546709242,
      155.06569198213907,
      167.13792420745335,
      92.33266273222146,
      104.78892793845819
    ],
    "knee_angle_front": [
      181.2069875668922,
      180.60875408357484,
      178.8951825869986,
      182.6661692097447,
      182.11305010375938,
      177.64470238376816,
      181.21481149591892,
      178.24614295337403,
      166.80613189269823,
      153.16521632027383,
      143.65562895411938,
      128.5600381015779,
      115.01888757830935,
      103.44601525905365,
      91.19580064591254,
      90.3335077700327,
      87.2353377640634,
      88.8401493704345,
      92.88978715136273,
      88.96699710734919,
      88.43529457877781,
      86.38988527224605,
      100.94818058408923,
      114.41632871791616,
      126.71118619285807,
      138.2903500669201,
      154.57665703804048,
      166.05659252183526,
      88.11339975429227,
      105.71632136795142
    ],
    "hip_angle_back": [
      182.55404330287925,
      181.37171644719814,
      178.7849055046644,
      177.73080129047045,
      176.5050453870622,
      181.75391846243514,
      181.83722604512226,
      182.5316617169809,
      181.08722452160595,
      183.0767127443203,
      179.0854133116527,
      183.60155032890904,
      179.51643757849365,
      181.29237706872584,
      178.46506273764436,
      183.5048634523195,
      180.2808623991125,
      180.55302303273143,
      180.52505870618802,
      178.4126598973067,
      182.56683992823133,
      178.76948722957152,
      178.61843270695087,
      180.67447041659045,
      176.17206022926123,
      180.6756879045957,
      179.7383214979838,
      178.3640751794865,
      177.0109854188177,
      177.36285125839956
    ],
    "knee_angle_back": [
      180.32415609038804,
      177.2556496988074,
      177.4113774453016,
      181.64059954207252,
      179.6059853515888,
      177.44876283537099,
      179.67964769362237,
      181.806963055571,
      166.87533353301077,
      156.40113446128925,
      139.58552395089922,
      126.66731824733802,
      117.44730687257915,
      104.68811205010205,
      90.01623861015045,
      90.97149731625858,
      90.798710993969,
      91.15807916375164,
      90.54419521702475,
      90.85396734445818,
      92.4692826450566,
      88.55398233533629,
      104.01070171363813,
      117.13160936920508,
      129.6479785833404,
      140.56423621702805,
      156.2253272302825,
      165.84168047860496,
      91.36634901555676,
      101.20076409375476
    ],
    "back_angle": [
      13.510755811471768,
      10.5427328608497,
      7.241880992423771,
      13.031798293485437,
      6.968896495459044,
      7.512586040167881,
      9.20078876327283,
      7.005502998221851,
      16.60841382669585,
      16.947636860779504,
      9.099690972277436,
      6.942964876937143,
      10.421474063732115,
      9.551943102871773,
      7.0301123034917765,
      10.925818745839353,
      10.594217767421439,
      5.819262278297489,
      10.06375765207358,
      21.245310775661203,
      16.73921873161459,
      9.579544853652333,
      7.765670531223739,
      7.793895109127597,
      8.944423941287052,
      11.740932130371105,
      12.487523858899307,
      3.436753395213447,
      15.581232656460157,
      10.717305347585738
    ]
  },
  "num_frames": 30
}