{
  "exercise_type": "squat",
  "form_score": 43.233430487630365,
  "form_quality": "poor",
  "risk_factors": [
    "excessive_forward_lean",
    "knee_valgus",
    "insufficient_depth"
  ],
  "recommendations": [
    "Keep your chest up and maintain a neutral spine",
    "Push your knees outward to prevent inward collapse",
    "Descend until thighs are parallel to the ground"
  ],
  "joint_angles": {
    "hip_angle": [
      181.29374351700386,
      179.9806428803269,
      181.97387302965834,
      179.8017242166228,
      180.0403414211262,
      179.94829868250523,
      180.00500134679214,
      180.92503822639907,
      164.43770906864415,
      155.09454782636965,
      145.57128262726332,
      128.63283828312814,
      115.07991258791395,
      107.69617039125274,
      87.83851399899325,
      90.16837190319625,
      93.63759899122488,
      89.08521455748456,
      88.22462844084204,
      90.9528109277757,
      92.83504431897249,
      89.79886829235353,
      103.8587304036042,
      114.03691302956169,
      128.45645329813476,
      141.19353012689285,
      155.56364598018786,
      165.29807380381362,
      89.88999415668843,
      105.36566004622604
    ],
    "knee_angle": [
      173.02413112300272,
      174.1985920112092,
      165.7606048455375,
      166.1426855712569,
      166.2160336469067,
      175.36692275441146,
      165.09963926150104,
      168.36898786287216,
      161.7238641260886,
      140.94971733833427,
      124.68088553756196,
      114.81055431481556,
      102.16411877102665,
      92.60219580584186,
      82.33505836868433,
      78.56204634315034,
      79.25483993256825,
      78.31754102935756,
      81.54894554858167,
      76.6389440399258,
      84.48147632095164,
      79.00828013411616,
      91.20575583651005,
      113.02779864902136,
      116.35662406269937,
      130.0697102345851,
      143.9323277014226,
      156.33301379787292,
      77.52334300472705,
      92.76348716047406
    ],
    "ankle_angle": [
      91.69122864823298,
      89.77973492499922,
      88.8375462822472,
      93.25901151139244,
      90.52798767530413,
      91.56211670937476,
      88.30670002562786,
      91.10127330731358,
      87.07584661165167,
      83.46269391919668,
      82.19524068350671,
      81.49686984138505,
      74.16901740948775,
      72.40315286617755,
      70.07831256199957,
      70.95135089693454,
      65.31838498987906,
      69.57670787546404,
      67.7424931649403,
      72.56820559992143,
      69.66495617402069,
      71.27503385801785,
      72.43913440484785,
      74.32053902973816,
      75.65000352782933,
      84.47981117436038,
      85.01718255533832,
      85.62669050226,
      67.72716706716481,
      73.31275972467382
    ],
    "back_angle": [
      24.541052798142946,
      24.849012286796594,
      23.387378042208244,
      21.928267228343422,
      23.722422845674558,
      25.260896208774483,
      29.4048299534129,
      27.382157360316004,
      13.313752860131407,
      21.293879414865494,
      24.62386112398719,
      15.49341449007483,
      15.921881218348183,
      22.4113198531658,
      5.160623692184398,
      11.741325452279721,
      16.735039845677935,
      24.139857951483314,
      18.22544064960446,
      13.813954219140196,
      23.55543620406597,
      15.948927701691039,
      17.697741026109544,
      16.528768266663256,
      26.071033175961347,
      27.696366179154868,
      20.41254457324803,
      21.115030670158127,
      22.004836122165553,
      9.885381207665842
    ],
    "shoulder_angle": [
      44.50839798715571,
      47.316154005780284,
      42.49123817417702,
      45.648269196337786,
      45.705787106102285,
      43.47482728140265,
      46.80161061124432,
      44.78129288578422,
      41.40608126510514,
      43.5525234375178,
      45.427660035459226,
      45.425938415805206,
      44.687144218914796,
      43.19517647338018,
      45.211201814391416,
      45.231337577808425,
      46.442816086694066,
      45.450235393373845,
      42.960011265808305,
      44.14550442296724,
      44.34758716046126,
      44.459910680536474,
      46.54034380615581,
      42.92914481726819,
      43.52776677818227,
      48.83869752489543,
      44.10391377630441,
      43.61664257023054,
      47.39124930112964,
      46.489262317287476
    ]
  },
  "num_frames": 30
}