{
  "exercise_type": "lunge",
  "form_score": 41.19931156793462,
  "form_quality": "poor",
  "risk_factors": [
    "excessive_forward_lean",
    "knee_valgus",
    "insufficient_depth"
  ],
  "recommendations": [
    "Keep your chest up and maintain a neutral spine",
    "Push your knees outward to prevent inward collapse",
    "Descend until thighs are parallel to the ground"
  ],
  "joint_angles": {
    "hip_angle_front": [
      179.9418625984651,
      179.93052247469095,
      181.37320604023094,
      178.13383257420065,
      177.62548936669305,
      181.0353260261328,
      185.38729357085813,
      171.91286150270273,
      164.85411805685575,
      152.4653289702628,
      136.32002256961513,
      131.8039259641847,
      115.467339306967,
      104.9175711457567,
      87.9924234390535,
      88.82793706407246,
      92.24551345329371,
      92.96007302004331,
      88.02262341562752,
      89.40342279507425,
      89.8115083106742,
      88.75018564779418,
      103.8636380963975,
      113.9143769207441,
      132.79266645442462,
      143.1459727268287,
      157.08741526214098,
      166.98764557786052,
      89.69503512957951,
      102.19789458558914
    ],
    "knee_angle_front": [
      162.33014077516643,
      166.42706919534456,
      165.5144328696608,
      160.91553972463208,
      163.2042387867913,
      163.52763601430325,
      165.9725525681432,
      167.64612056892378,
      148.5572434870474,
      139.42128093187443,
      125.63991111776625,
      114.93143769742306,
      96.35365636736151,
      92.62696406527958,
      73.42965987084209,
      73.10720986382695,
      68.9762090670758,
      75.96352756753605,
      75.8192464384903,
      79.18831877872339,
      73.90160034589614,
      77.27534060354594,
      81.19216140149472,
      97.66219600080603,
      112.38715400577524,
      122.88234251961275,
      136.06644802393194,
      156.46341669576907,
      75.27959232177383,
      84.34439768199259
    ],
    "hip_angle_back": [
      178.84671059980556,
      180.07142209593053,
      181.71440391451566,
      177.38218588676847,
      181.79417897836194,
      183.34359953994849,
      178.34806241186953,
      180.3986851719103,
      180.75537376796797,
      182.14830541859408,
      177.53847085618412,
      182.7219981064635,
      176.47566743842097,
      176.7842403516969,
      180.61015017583176,
      180.519884916204,
      177.58194237121148,
      176.86899126413826,
      177.78845982177495,
      181.95057309208073,
      178.88193920644852,
      179.9802622865598,
      178.73702393678172,
      181.41532894994475,
      182.0999649702223,
      179.99365842390756,
      182.51944347220117,
      177.6789425939058,
      180.14323782323174,
      180.06313755639033
    ],
    "knee_angle_back": [
      180.22789670591803,
      178.45794722461676,
      180.26741731772123,
      180.10003120819826,
      181.19593443281565,
      178.7201030203469,
      183.71390740824646,
      183.25271934679932,
      167.16667401968886,
      151.7127371200931,
      140.95307910135412,
      131.70817922297786,
      114.80867044490078,
      100.48035509769302,
      89.4621466588036,
      87.10432668552068,
      90.06393388215301,
      87.37470403059017,
      91.09248075520507,
      91.93486936401075,
      90.18837046562003,
      89.29214936998474,
      98.6249752573069,
      114.31463341529562,
      127.40866162298818,
      140.793952776384,
      152.6220210709049,
      166.95558461577434,
      88.09387563527626,
      105.37036899154951
    ],
    "back_angle": [
      28.969882372483074,
      25.463728107822657,
      19.76356247488195,
      25.805277139526307,
      26.845714541238753,
      13.32726091079997,
      14.60582334565896,
      19.003233020873946,
      23.8619202741818,
      24.098390590482385,
      28.194513302272252,
      28.797079682799506,
      22.58520277742202,
      24.171486598911493,
      17.546359356593303,
      21.606534914377146,
      20.31907357863973,
      18.37576378615261,
      26.8118348597997,
      21.360380417933506,
      26.46610644721874,
      23.132792726542498,
      15.842906566786732,
      19.4495161844603,
      14.240644829156723,
      31.52351165905663,
      16.096446559230138,
      15.195273050926662,
      30.326736454233846,
      29.234222285386466
    ]
  },
  "num_frames": 30
}