{
  "exercise_type": "squat",
  "form_score": 71.56498252177684,
  "form_quality": "fair",
  "risk_factors": [
    "moderate_forward_lean",
    "minor_form_deviation"
  ],
  "recommendations": [],
  "joint_angles": {
    "hip_angle": [
      177.67722514151387,
      174.1869159788279,
      178.7299319310423,
      177.5693446547361,
      181.39639196739952,
      180.76372470442197,
      181.00508079188228,
      180.35715244585026,
      166.58870871584048,
      151.65427421036986,
      143.79963119567677,
      125.12925312331897,
      118.64760543974843,
      98.9462350025433,
      92.10598704367243,
      89.84602029365755,
      88.55331054674808,
      93.24745854775948,
      88.4023048542976,
      86.72390284960666,
      90.99110738549075,
      90.26219183807522,
      103.03943779110519,
      115.53812583323774,
      122.71396678607927,
      145.20530893904933,
      155.4897954914988,
      166.51630538986996,
      88.42007067892084,
      107.85025048038058
    ],
    "knee_angle": [
      177.81206046422082,
      169.66542132381988,
      183.92156516958596,
      175.02508631002473,
      169.12342395607473,
      175.94559834032376,
      179.49372193871358,
      174.99636507465917,
      165.83968061473246,
      145.62034337562645,
      134.56960162797958,
      119.60659563295361,
      109.53945249741473,
      96.98571052413719,
      87.15874941992779,
      89.32261588735442,
      81.81307454530977,
      87.5134912421414,
      88.99444010279512,
      85.45453691038314,
      86.13871522649139,
      85.6425919321883,
      97.89233620092284,
      106.5193370298094,
      116.84146870240363,
      136.1248419582123,
      146.03588545191727,
      161.8855182002825,
      85.61900087175651,
      92.97049413085766
    ],
    "ankle_angle": [
      92.94041913847882,
      87.9521883019168,
      91.74933312677027,
      88.13534041567836,
      92.1885039251664,
      89.35758663670353,
      87.5647427958259,
      88.83194240374874,
      88.82779584894504,
      86.13086076016322,
      77.29197820586202,
      77.300747994272,
      75.25690263425277,
      72.36730036023252,
      68.64881691491986,
      70.95970101832732,
      70.12540643257589,
      70.18496806103757,
      68.9475169299983,
      72.75544234831555,
      70.10132927194446,
      70.34318503998368,
      73.13209062975268,
      72.68839791100889,
      79.73881947995366,
      82.5323699224573,
      84.25703837183985,
      85.42673067319035,
      71.47009344074452,
      76.95289568759706
    ],
    "back_angle": [
      8.918403038994377,
      5.883175139327411,
      13.367634951798271,
      11.107877601336165,
      8.592873502716127,
      8.731454769480344,
      13.410377104256245,
      9.932115032354023,
      11.08613523508452,
      8.90363408280917,
      11.214037402695245,
      10.855999891848908,
      13.744697524355603,
      5.265532336479277,
      9.282619178915512,
      8.922598655270821,
      14.86918829785686,
      5.755338380619584,
      8.878029202772662,
      14.446760662909522,
      4.374476677215725,
      8.869032570414118,
      3.036325692877103,
      10.140770344784602,
      9.908136644382504,
      8.644410199726629,
      6.744569793729581,
      4.0117479810183845,
      11.86452355807532,
      9.31759450240172
    ],
    "shoulder_angle": [
      47.23895576647954,
      43.39219805427314,
      45.56305627270835,
      43.001619183008536,
      43.08533969187953,
      48.169272173104275,
      46.47536277584043,
      47.02722626655499,
      44.431025381612336,
      47.498001122900156,
      43.23463381908711,
      48.88442245418432,
      45.03121045218443,
      45.399155404343865,
      44.896866637163164,
      44.78309591288637,
      43.62579104473787,
      45.97775051207323,
      47.57959457236768,
      46.17323042001946,
      47.99357236199488,
      44.390918674537396,
      42.48361608063116,
      49.596979523998385,
      43.921079705235506,
      43.09746869573884,
      43.9885952391752,
      44.37722209983303,
      43.55226817106956,
      39.58398758300634
    ]
  },
  "num_frames": 30
}