{
  "exercise_type": "lunge",
  "form_score": 88.67958167702501,
  "form_quality": "good",
  "risk_factors": [],
  "recommendations": [],
  "joint_angles": {
    "hip_angle_front": [
      181.101017732995,
      180.30209834376387,
      178.60524913156974,
      177.14807160829585,
      178.68620737621274,
      183.4700236131453,
      178.95422365776355,
      183.1813610416541,
      165.10448331385732,
      151.1392079306224,
      139.77318357805694,
      125.48647737770375,
      113.15448614231921,
      101.29497804833439,
      87.63332938094725,
      87.64495079065783,
      87.19213292080984,
      88.87636737364863,
      91.4676920175523,
      92.5668928626741,
      88.9132580343724,
      86.9996970874433,
      101.36905954592804,
      113.28571856280553,
      129.50230478645386,
      139.11426738786622,
      156.2152707619164,
      166.9491499393106,
      91.89614806418636,
      103.80116640853002
    ],
    "knee_angle_front": [
      178.9613040291928,
      179.49142525430418,
      177.6413657846742,
      180.84139770228416,
      178.0726981885961,
      173.38481240329776,
      181.2596820131062,
      180.2825447530303,
      169.1635594716356,
      153.11627685868098,
      142.7362929492405,
      128.1590711528856,
      114.38988959859326,
      103.99161375609522,
      91.8295868136414,
      88.40509620357051,
      89.29231211670282,
      89.64270359617933,
      89.66697663730517,
      88.88192989058979,
      87.7916595839673,
      90.0546759750356,
      105.58385879179022,
      117.76718758718114,
      124.90984138400856,
      142.35298576687217,
      152.69658280646462,
      166.40100591898033,
      90.16590918381908,
      103.21443052118967
    ],
    "hip_angle_back": [
      179.30623756646108,
      180.358761691075,
      179.42913089089225,
      179.28617414313922,
      179.2912805005768,
      179.34771228659014,
      177.37827352091057,
      181.89590208480826,
      178.05154083998502,
      180.3612510777648,
      180.7933877999018,
      182.6770746374769,
      178.95414690340056,
      178.03511479938388,
      178.9305970705007,
      179.8691685579573,
      180.58736702184538,
      178.47096600837273,
      179.7079307915031,
      183.16684109848032,
      179.78537921416068,
      174.69823082980395,
      183.82873010558296,
      178.91159559767127,
      177.9063524807682,
      180.1657043904877,
      180.84287662992705,
      181.99270022407356,
      180.26058001715893,
      181.44983119912385
    ],
    "knee_angle_back": [
      180.83118947431294,
      174.8715018338283,
      180.3557936845358,
      177.9018736787201,
      180.02465389298553,
      179.21856776667252,
      179.4821624891682,
      179.3161774661155,
      170.21376965586984,
      155.99900376582872,
      139.2026031741197,
      128.67877715044585,
      115.77726556802415,
      101.85767513958116,
      88.9290804664537,
      85.73606981247889,
      89.51489317457686,
      87.9249646290809,
      88.2613256323542,
      90.9308711579307,
      90.15679045151593,
      93.50250155023038,
      103.30152455171374,
      117.49454125231753,
      129.52017783600434,
      142.59311718652575,
      154.11698597571373,
      165.57312365843174,
      88.77104025741428,
      102.88579989778412
    ],
    "back_angle": [
      -2.993630056509626,
      -1.8225936872815562,
      -1.6984481726146263,
      1.5775379508229348,
      0.48865994051739237,
      2.167696559553398,
      -0.7984667113907818,
      1.7022300340936118,
      -0.6554853901709842,
      5.3413207246885195,
      -0.7218193209223214,
      3.0686312329380527,
      -0.42749051344232725,
      -1.7573639790028592,
      -4.71211997088624,
      2.536157559793584,
      2.5548096998120626,
      3.18801116734405,
      0.33125743241548944,
      4.137176607696586,
      -2.336202056128838,
      1.248667343180348,
      -2.769986866700726,
      -1.375566051116255,
      -0.32494329308201936,
      -0.5903739200429943,
      -0.5220514174269831,
      -3.1929021754062457,
      -2.61191503649929,
      3.0402126124228293
    ]
  },
  "num_frames": 30
}