{
  "exercise_type": "bench_press",
  "form_score": 79.40036163166695,
  "form_quality": "good",
  "risk_factors": [],
  "recommendations": [],
  "joint_angles": {
    "shoulder_angle": [
      88.50113467279849,
      91.56365038495068,
      92.17702165247951,
      86.49621765722084,
      89.8189244966635,
      93.83821688859804,
      89.48358404007061,
      92.650618785346,
      90.86261672200563,
      91.20321923902084,
      90.1312687339848,
      86.05748180182644,
      91.58495526148918,
      88.36784730278866,
      88.67021163082491,
      84.06442574866043,
      90.61124701395653,
      89.47766467445504,
      93.79262678447837,
      91.51684676246047,
      87.92504903302277,
      91.37368202535022,
      90.18213056773696,
      95.33899407990299,
      88.35818600834081,
      85.89909484765917,
      90.64689944592725,
      89.57296252990271,
      84.55734403441133,
      92.43512167866822
    ],
    "elbow_angle": [
      88.74911310162494,
      87.89946850214352,
      85.80058416921665,
      80.89731941617077,
      80.06804067810488,
      76.00922405399136,
      70.13526633999551,
      69.22325158452352,
      69.26134398357364,
      61.756425402076225,
      57.4676803792692,
      57.053499153115595,
      53.030966973795074,
      51.27903091175739,
      45.72001847325486,
      45.73525481209421,
      47.668196041772845,
      50.42104567550549,
      52.565847590856116,
      56.0318879453301,
      61.91999401358467,
      61.48489367809317,
      64.90836706345951,
      70.82918749428518,
      71.66933870413443,
      72.54020271912553,
      75.18360043124248,
      81.46345456266629,
      81.88045747362418,
      85.53582321566428
    ],
    "wrist_angle": [
      179.0526943827832,
      178.28120407972162,
      181.09434479809232,
      180.40243054599003,
      180.04016347635053,
      179.39556650194885,
      176.79553564911666,
      178.07606618029305,
      177.94694016169285,
      176.89024681539453,
      179.63050754340185,
      179.05557466038766,
      178.46020930435952,
      181.83010318781803,
      177.0845094114142,
      178.4838734084949,
      180.57722285667015,
      176.5005506503118,
      181.02000021276817,
      178.93982380906075,
      180.156311418385,
      183.26328241742348,
      181.44991421957397,
      178.47046099446075,
      183.23467877918068,
      180.31616978141818,
      179.21219440562754,
      179.86053008686147,
      185.33565142409552,
      177.59554788937754
    ],
    "back_angle": [
      -2.993254388915315,
      -2.0393095994179986,
      0.6987408987393585,
      -1.7725839632478664,
      -0.6242583791342544,
      -3.16307489279729,
      -0.9603738774608988,
      -0.7228611631352461,
      1.3577388313572556,
      1.5936973563869818,
      2.5044080307324927,
      3.812272433908549,
      2.0124856540681204,
      2.9094097407425896,
      0.3056798382221429,
      3.733451416233162,
      -2.0488685017649986,
      -2.83828542614105,
      0.6045921839727706,
      0.9202124425577288,
      0.6540522040629676,
      3.019135457157657,
      3.421359113844477,
      -1.7889701362553792,
      1.4552485708419531,
      -1.2352565108571993,
      0.8778047797064119,
      2.231404473125961,
      0.011527800539620868,
      1.4172045391831336
    ],
    "hip_angle": [
      88.93339878591993,
      88.84170632017724,
      92.48303652686191,
      96.15231621841305,
      91.3510203807446,
      93.42630162707859,
      91.92960318794916,
      89.47649049137009,
      91.26438752247934,
      85.88861507434673,
      89.25676701525683,
      86.6299524490135,
      89.76073157468258,
      90.28733579710209,
      89.97955731837442,
      96.32850615946367,
      89.40279279091367,
      92.52347983495926,
      90.72039237272024,
      88.49959269550196,
      87.03291823983808,
      88.49693526859163,
      90.28575967579745,
      89.53975499566339,
      87.48633785004485,
      89.09152713337116,
      90.61964213172158,
      89.89630512434837,
      93.90032112995428,
      85.94327094338529
    ]
  },
  "num_frames": 30
}