{
  "exercise_type": "deadlift",
  "form_score": 64.10701914710306,
  "form_quality": "fair",
  "risk_factors": [
    "moderate_forward_lean",
    "minor_form_deviation"
  ],
  "recommendations": [],
  "joint_angles": {
    "hip_angle": [
      45.11553379364267,
      45.05740929794889,
      43.921826067680975,
      48.01528607821665,
      45.262991534054215,
      46.59738316119324,
      47.81499385451026,
      44.582859489871396,
      44.527871229190474,
      47.81602505268812,
      44.832548529916274,
      60.126348318309326,
      71.43451128699954,
      86.54512724879169,
      98.63124918530623,
      112.93747095900581,
      127.08498595275559,
      144.09597020392673,
      154.37837879090984,
      168.09111304810756,
      179.76926617840613,
      165.0057821241203,
      155.26392852426756,
      138.90361572010818,
      127.86364893804748,
      111.16579138932518,
      93.79831541113936,
      82.75526471532686,
      74.55862784650628,
      59.842157295620545
    ],
    "knee_angle": [
      89.1793265526316,
      89.41173276680043,
      92.52400036561951,
      90.23191254420156,
      90.891491251922,
      91.66035043225592,
      90.3810471225411,
      91.01736672536822,
      87.0273274709085,
      89.5223661815707,
      92.05233335563553,
      99.15913266845027,
      108.54374204008062,
      120.2381362806989,
      124.19617625048112,
      135.56409496202605,
      138.37045306507082,
      150.90630935862694,
      161.74887868757585,
      171.61425270023074,
      183.67006414341108,
      168.29734300523043,
      164.84533664891944,
      151.62539438378366,
      146.22495240225746,
      139.32596417732773,
      123.15029704580354,
      119.07431004491602,
      109.0470090841739,
      99.09431817558905
    ],
    "ankle_angle": [
      87.51304015527933,
      88.27464312754054,
      89.307784088304,
      88.47058054513698,
      91.12628042878175,
      90.9248839743229,
      89.6592506061311,
      87.9866279434632,
      89.7913133308916,
      91.60085052805898,
      90.03999052016346,
      94.30659244690797,
      88.43024256378585,
      87.8596286249661,
      91.44051657721758,
      90.60706116454423,
      87.83053205592223,
      89.5698011732486,
      91.48301972204233,
      89.24940923769525,
      92.35187591089588,
      93.33799721038983,
      87.64486488676913,
      93.49872872752496,
      87.74840717809019,
      89.89853466597437,
      88.67219306654626,
      89.88054544499074,
      91.7685154721825,
      90.9113723200213
    ],
    "back_angle": [
      17.27247454534423,
      17.23312638456084,
      18.653070618869773,
      11.757509114063662,
      17.714944846468626,
      17.334896592131702,
      8.917786842376497,
      13.650737497107851,
      8.269536757952105,
      13.163412055762693,
      9.125358864420768,
      19.200369059252928,
      14.937125951619874,
      17.869908533894623,
      18.14519850585121,
      16.513188118068406,
      10.525927607513422,
      16.388536340355778,
      13.076067207766254,
      21.402045333580222,
      10.21159721306063,
      12.684155811801666,
      13.178725947166924,
      18.308232051623218,
      11.944171059829122,
      18.556793471191362,
      14.04795319321512,
      14.498225950768775,
      20.469660103806568,
      12.740332594512449
    ],
    "shoulder_angle": [
      90.91722728011273,
      92.24711040664327,
      91.60084079715881,
      90.9865689245014,
      88.1920153333491,
      91.5687026316717,
      91.85723760348444,
      90.60464663644811,
      88.0504824826444,
      89.73846753681572,
      92.50932227016192,
      86.36239404589743,
      92.52435141646292,
      90.33289426869332,
      86.03401077235215,
      92.24451725743967,
      88.18272738891112,
      91.69615894502792,
      86.16544597841468,
      87.27447405466336,
      89.7867837431773,
      92.51453965551259,
      90.13257608982005,
      90.5876827639454,
      90.08587371021288,
      87.62771324139568,
      86.47361757363453,
      89.32979995732106,
      88.31952762158312,
      88.17296142998752
    ]
  },
  "num_frames": 30
}