{
  "exercise_type": "squat",
  "form_score": 85.89695984269522,
  "form_quality": "good",
  "risk_factors": [],
  "recommendations": [],
  "joint_angles": {
    "hip_angle": [
      179.97360349903605,
      179.15423904772217,
      179.89827270999672,
      182.09382551604764,
      178.66185662984975,
      177.4038522933254,
      182.0392324179448,
      179.49432009856991,
      166.63263264720555,
      152.2889452477534,
      144.73163612920416,
      130.0307379998517,
      120.4320395606104,
      104.80568305247728,
      89.37766790822103,
      92.54149692080631,
      88.5639116199868,
      91.5243258249909,
      91.12692553528785,
      88.25208531565124,
      89.42507814147639,
      92.17690943609834,
      103.03406250714433,
      115.43631131967459,
      127.83711043262493,
      141.20816880071442,
      155.91583299761962,
      172.1225880296334,
      89.24674911599556,
      107.54943955480398
    ],
    "knee_angle": [
      184.13285771729227,
      180.33304653355646,
      180.84004104528958,
      177.67140503032243,
      177.6721948146367,
      181.06341286079612,
      178.34337498692526,
      181.3325766854146,
      168.8671492026154,
      152.3469031628667,
      140.81573376383136,
      131.03602819113541,
      117.48834996747681,
      102.98418766377715,
      88.56967169283146,
      87.87740349997044,
      88.66835063118792,
      85.9999475942199,
      92.16974631639621,
      87.4859450405167,
      93.02124722197685,
      89.60126017126467,
      102.54232543955581,
      115.2193389502241,
      131.5570445673929,
      143.39342057407657,
      155.52936870879606,
      167.78832738692876,
      91.68925636198622,
      102.37890170081258
    ],
    "ankle_angle": [
      87.58366878659162,
      88.74879099136844,
      94.63476042831446,
      90.91135674331812,
      88.26365714761121,
      92.17266917422627,
      89.5263424737512,
      91.28462634050575,
      84.38576617834967,
      85.69635982704494,
      79.97130314578753,
      78.09747634043794,
      74.77198996169979,
      70.13495087505638,
      72.60237555086067,
      68.02527917676571,
      69.28078194321492,
      72.46619147452604,
      71.93096970684357,
      71.52830554772744,
      69.07385623890839,
      71.11531808100388,
      74.29522189647362,
      77.81346115235878,
      81.15126322361358,
      80.88189176134945,
      86.39499116461428,
      86.90841677126659,
      67.32751582660784,
      73.62637191127631
    ],
    "back_angle": [
      0.9054642700800786,
      6.677778573270304,
      1.2482991443950393,
      2.3536454616950038,
      4.346377223273931,
      -0.03560415046384746,
      3.2743095062358387,
      7.0994295581381275,
      -1.8045169301258481,
      2.2422612268119364,
      1.1462767390379274,
      -0.6510932232238518,
      5.598883882056809,
      2.5741687252549235,
      -1.3284137384858339,
      6.824227772260169,
      3.9526073140733633,
      1.0881237021932548,
      3.3661336523153373,
      -0.4136144856270234,
      -2.438637490280598,
      -0.021257773570409144,
      0.27680434949119004,
      6.145882905006577,
      -0.46657058296501264,
      3.372176534893665,
      2.605709162846608,
      2.0914178452048393,
      2.902086974628475,
      -1.915438872896617
    ],
    "shoulder_angle": [
      46.066784515731875,
      47.75481984043067,
      45.2921317730836,
      44.55010154334396,
      47.523099387025745,
      44.952849060640155,
      46.19487732893215,
      47.33582196269636,
      44.68480901175791,
      48.311694736224815,
      46.84634094650045,
      48.60022204620034,
      42.89937722828698,
      47.063095018836165,
      43.58209622918897,
      46.08532344114277,
      48.293800379055234,
      45.5022086818785,
      44.10904883589897,
      41.97936153774189,
      43.27455900923554,
      42.09722452002372,
      46.59353967205027,
      45.98693761311364,
      45.08309755568643,
      44.30663041209289,
      42.67360859133816,
      47.58540377483562,
      47.52975066139949,
      48.63035576094569
    ]
  },
  "num_frames": 30
}