{
  "exercise_type": "lunge",
  "form_score": 64.67276286136827,
  "form_quality": "fair",
  "risk_factors": [
    "moderate_forward_lean",
    "minor_form_deviation"
  ],
  "recommendations": [],
  "joint_angles": {
    "hip_angle_front": [
      181.03110949010838,
      184.15155138168944,
      181.5764256297124,
      178.47473306937803,
      181.19322689824395,
      181.03672957563919,
      179.66830804399444,
      181.69856907102312,
      163.79175611455938,
      154.34862733081968,
      140.00609729428962,
      128.18990291099922,
      119.37413582478618,
      102.1510572706739,
      92.23628550363556,
      91.87495278803821,
      90.15708750102006,
      87.73248783395053,
      89.39782298663698,
      89.48895953559379,
      90.52190598659519,
      88.9265261916805,
      102.28647450068084,
      114.33614975284999,
      129.16838730723669,
      143.63511457480482,
      152.89693370002587,
      168.38641928291986,
      90.86398758437934,
      103.69129837457375
    ],
    "knee_angle_front": [
      179.01152666731252,
      183.11976205594868,
      182.48615254874795,
      177.93135705682332,
      179.87154526307623,
      180.1144031200222,
      180.45952271135255,
      182.130619393854,
      168.84757187890358,
      153.07426041742198,
      138.8111129322634,
      127.28133817347053,
      114.181012062979,
      103.0001918577266,
      87.56651930484799,
      91.32605441057184,
      91.0827712969379,
      88.93599174521526,
      92.72071174601601,
      91.1330755953516,
      91.89339987919314,
      93.50438013669378,
      102.73550910128958,
      116.84587893161864,
      125.97009502411787,
      143.37532517396005,
      153.21702602795375,
      171.20126195160717,
      88.30755203061712,
      100.66762129212283
    ],
    "hip_angle_back": [
      177.24408802495716,
      179.47388678937807,
      180.8689642232882,
      178.01542663216154,
      180.74116305541654,
      180.41572237826605,
      182.2968007880222,
      179.81820959072198,
      176.87935566001934,
      180.55735076507605,
      182.0384691415361,
      181.20676440010024,
      183.83671173893114,
      182.4013823956214,
      182.7313290802506,
      180.1415170017169,
      180.86577240031565,
      179.40467219428803,
      182.46579214306857,
      180.2237489553749,
      181.2593791160569,
      177.8827582316474,
      180.91465755665624,
      180.923647318933,
      180.11073608373826,
      179.08716500346128,
      179.60105032548378,
      177.45824898460927,
      180.2650648529141,
      178.60110348634262
    ],
    "knee_angle_back": [
      175.9078275601789,
      180.5264463774415,
      179.25659387525653,
      178.4652704423606,
      180.3324050380464,
      180.99466920884782,
      179.58292968718183,
      183.14074191247968,
      167.67043488999846,
      152.20335220782817,
      140.47347171086474,
      132.05398906476543,
      118.62535331736139,
      99.79263538837432,
      92.42445648503272,
      89.75321883937247,
      89.84124441180873,
      87.92115169911114,
      91.30021134643577,
      87.58590805311538,
      88.59423071797276,
      87.30143672425895,
      102.72409402807749,
      116.56405063447063,
      130.87369487138497,
      141.00663278752103,
      154.0381773122772,
      168.90212708286245,
      90.37841721104607,
      102.8788114932019
    ],
    "back_angle": [
      16.225439516812383,
      10.478877092481241,
      11.567734841380044,
      9.333366895186561,
      11.639916442917231,
      9.07883653737677,
      11.275790926685106,
      8.403709842946581,
      14.05087453961845,
      13.640218178169437,
      9.489774814977018,
      9.16170888835487,
      3.0514227945591994,
      5.726357780548906,
      12.291633752982598,
      7.054800998344015,
      15.431226671099308,
      6.1693778971510795,
      12.521830010448506,
      10.45876822751141,
      12.436296039076893,
      5.298566103539031,
      13.841624491208632,
      5.189799930281894,
      8.442508334129148,
      14.105382967670085,
      11.701333484542726,
      12.125138241200485,
      7.930648571016538,
      8.713161510869888
    ]
  },
  "num_frames": 30
}