{
  "exercise_type": "deadlift",
  "form_score": 98.27640392146931,
  "form_quality": "excellent",
  "risk_factors": [],
  "recommendations": [],
  "joint_angles": {
    "hip_angle": [
      44.064782934671946,
      44.10418128491046,
      45.63131680410044,
      46.734194653677804,
      44.26317834789491,
      40.98489846762857,
      44.82598635713242,
      42.72450806193388,
      47.98126920206432,
      47.066757523632894,
      45.02951961270958,
      58.61704288353886,
      71.58012413529453,
      84.40103869612923,
      96.2790375307717,
      112.64159833584522,
      127.83899380107233,
      138.0107467551397,
      153.260717262534,
      163.72863636732768,
      182.94795617192466,
      164.37967933271258,
      152.0804235414857,
      138.26006262473362,
      126.36687800425035,
      113.28761459509792,
      99.31886308749613,
      85.54606088578612,
      75.51949371052497,
      58.57022758427727
    ],
    "knee_angle": [
      90.29630706791306,
      89.36742279717664,
      92.0368787901163,
      87.90477464618827,
      92.98419313106132,
      87.20425956087877,
      87.91052157820087,
      89.8015570525333,
      91.49031737977053,
      91.9002179105154,
      87.8272905721972,
      97.71209868460224,
      107.71140281538912,
      115.70837909364043,
      123.67919000966727,
      134.8045669284938,
      141.0479767312443,
      151.4581417760911,
      164.84857084799137,
      170.43641514079815,
      182.44379960787097,
      171.33546790293158,
      160.4359838784938,
      153.36056331795479,
      147.47584605168953,
      133.65061107660142,
      127.68761702395116,
      117.91342118658879,
      109.02904516242312,
      100.56957677553149
    ],
    "ankle_angle": [
      86.56702953472158,
      93.42744691234176,
      87.22601679560101,
      89.38743722057457,
      92.21783573939649,
      88.79833095622675,
      90.98289321354682,
      87.65891667142692,
      90.24020725160776,
      93.0301212892324,
      89.41868296918499,
      89.511498946795,
      88.1129916160149,
      90.0101521760751,
      92.9563396906136,
      89.24433641997719,
      92.21063323495738,
      88.57519898920992,
      85.0796856772812,
      91.85150859477447,
      90.10370135145591,
      89.1521288421495,
      92.89968531060339,
      89.42422290100532,
      88.97476864869692,
      90.58731701882292,
      91.25424251881451,
      91.0572886277677,
      87.07576568291174,
      91.2148606275669
    ],
    "back_angle": [
      1.4526212094250595,
      -1.781847472093091,
      1.912031401335259,
      -1.3076869187734224,
      2.502214464131046,
      2.9558016553572095,
      1.5192773411823897,
      -0.39492992686890815,
      -1.964314562851697,
      0.6134711064558054,
      3.884231450842533,
      0.4103166479279632,
      1.7259350531067936,
      -0.5401347404542662,
      0.40576343558320505,
      -1.904743895442867,
      -1.1465094169156471,
      -2.3576777158225375,
      -4.70866852179071,
      -1.0676264218724743,
      1.5149208961561917,
      2.389831172742419,
      -0.7912044066319137,
      0.6101277712936047,
      2.7121157783887604,
      0.062101548942948656,
      -0.4599693585123184,
      -4.334263154051926,
      3.277006894058134,
      -1.5504451610967696
    ],
    "shoulder_angle": [
      86.92981527233708,
      90.67193140244899,
      89.12208481202188,
      89.53829389855497,
      89.67428553482831,
      91.27150794742518,
      88.11378059599163,
      92.26591573939581,
      91.25123710236052,
      92.16295763095088,
      90.60950598535989,
      91.36047813060196,
      91.19169793984311,
      88.97004734982815,
      90.2651834856094,
      90.16903949800079,
      94.4644125257518,
      91.02142154083315,
      90.46947768325789,
      92.55246352119094,
      92.71636680889564,
      92.51131877638059,
      91.95109819275847,
      91.7083366892585,
      89.11682686024425,
      91.1463009910103,
      90.9476670473926,
      88.37264343249358,
      93.27730664205669,
      88.83213319112023
    ]
  },
  "num_frames": 30
}