{
  "exercise_type": "overhead_press",
  "form_score": 72.83566552452626,
  "form_quality": "fair",
  "risk_factors": [
    "moderate_forward_lean",
    "minor_form_deviation"
  ],
  "recommendations": [],
  "joint_angles": {
    "shoulder_angle": [
      87.18744781059408,
      98.58923752959147,
      102.97954441165,
      110.40712134880731,
      118.0297812995174,
      119.65987237847533,
      130.38123481555618,
      128.0740371996664,
      137.4851043030594,
      143.42296721565077,
      150.8619324398518,
      153.83485600455995,
      160.33932013586244,
      166.3191508624123,
      174.03394902987424,
      178.25902016197338,
      172.7247466408493,
      168.99964824529326,
      159.91203814566998,
      157.13643998609643,
      152.7635161489505,
      144.65137687696523,
      137.7369948638156,
      134.26445373863356,
      123.44090645932427,
      118.82537797562418,
      111.12400851383558,
      107.62851685397925,
      101.84993325960009,
      94.7655469322794
    ],
    "elbow_angle": [
      89.06753586223874,
      96.22066314291479,
      101.52445754529099,
      108.27299456250773,
      113.30866430536572,
      122.37956681406529,
      125.74622467895358,
      132.21323865425907,
      137.9165556471539,
      144.8170017233045,
      151.25483409012315,
      156.05580513678711,
      160.17685784150956,
      166.6708464814965,
      174.10655137924365,
      183.78748382656426,
      171.41417850568,
      170.61499408624476,
      160.91687728408158,
      153.35862421644012,
      150.52514795235197,
      143.9451724247369,
      136.36134164098974,
      131.6371197362177,
      122.72882816465265,
      119.3507127835647,
      113.93248991171097,
      106.77340706635958,
      100.68765806294428,
      94.32869838475322
    ],
    "wrist_angle": [
      180.728439196424,
      179.28740510597353,
      180.12853042057063,
      180.0504470406525,
      182.26491464909915,
      178.68743111871424,
      180.42101228399684,
      183.37887863838634,
      177.03788844888373,
      182.71751266025618,
      175.42841997392483,
      181.50432191340215,
      177.89481031900405,
      183.41315763678838,
      181.91066909050159,
      182.58379836081448,
      180.30765279272245,
      179.95571967067622,
      180.8277203222121,
      180.91107042697834,
      182.96263491696598,
      180.26580981326296,
      182.4992971480119,
      179.77577743043358,
      181.25197384616618,
      181.8643867775317,
      178.59838893816806,
      177.91360208400664,
      182.2909600126141,
      183.93960818617205
    ],
    "back_angle": [
      12.581732022152218,
      8.977679214641988,
      4.769595118732156,
      4.322679374533076,
      6.473710294095536,
      2.9071275768720426,
      4.327043290716446,
      6.607614297121424,
      5.1162429006723515,
      7.739080252541526,
      8.239060194036343,
      5.691650134659075,
      11.196812271125978,
      8.89750119813942,
      12.424523585228478,
      7.155992646361579,
      13.321381101537886,
      6.899245485540434,
      8.858038698402096,
      11.585641194671346,
      13.447783578550137,
      4.845179702087645,
      7.39521510232034,
      14.577648078156756,
      10.284540356795729,
      14.918312626712545,
      9.763319630901288,
      13.778831265699152,
      16.2046599223488,
      15.202968915451393
    ],
    "hip_angle": [
      182.18445328481172,
      178.25558262961187,
      179.7808867256208,
      177.5453210051596,
      179.67652914787544,
      179.4060183599895,
      180.6500163558028,
      181.5220271997993,
      182.2088732851008,
      174.98799490145933,
      178.92102262260107,
      177.21707693031206,
      179.9993201413316,
      179.76458552883645,
      183.71292775059524,
      179.0030188745388,
      177.70845256532866,
      177.39495980970892,
      179.41977769815088,
      185.10739421759348,
      183.29964853003702,
      179.14451055743788,
      181.48308453253497,
      178.95707169772766,
      178.83565815706788,
      180.3787020525108,
      182.29944901303796,
      180.1885412761598,
      183.66963164631053,
      179.97544822456612
    ]
  },
  "num_frames": 30
}