{
  "exercise_type": "overhead_press",
  "form_score": 43.80756704287185,
  "form_quality": "poor",
  "risk_factors": [
    "excessive_forward_lean",
    "knee_valgus",
    "insufficient_depth"
  ],
  "recommendations": [
    "Keep your chest up and maintain a neutral spine",
    "Push your knees outward to prevent inward collapse",
    "Descend until thighs are parallel to the ground"
  ],
  "joint_angles": {
    "shoulder_angle": [
      92.41095549282684,
      91.93892944322099,
      101.19397378796005,
      106.33643905975873,
      116.83138292177034,
      120.24019404580991,
      122.92556022967068,
      133.75577736934767,
      138.11063561759352,
      145.39973822915871,
      151.0768814050989,
      152.4370121150102,
      162.89692956626715,
      165.8846339126513,
      175.34051731081962,
      178.99602372995017,
      172.72693325854513,
      164.59146210295324,
      164.90625909632124,
      156.02395370242118,
      152.4764718818651,
      142.0002337643232,
      136.66790746133807,
      129.3391055338683,
      123.71468705090051,
      120.60309326956023,
      114.43324591898364,
      109.44818576893465,
      104.9634591234272,
      94.96778469906046
    ],
    "elbow_angle": [
      90.64417683854778,
      97.74764415972257,
      100.8277132145143,
      105.81141688667216,
      113.71900072335177,
      117.75548690822947,
      127.10156434969034,
      133.11545248122556,
      135.46744001688498,
      145.5815767005366,
      149.68732109801928,
      155.58747628088562,
      161.48408164371617,
      168.28137851701112,
      175.61751419181917,
      180.23752631076394,
      170.96558482540883,
      169.39927161131294,
      158.71982536031788,
      154.12325176099094,
      154.22486545652404,
      144.29111778255154,
      132.87428493489293,
      135.06700864217524,
      126.32557522068154,
      119.0650128633422,
      113.76676394283976,
      107.61269691472076,
      103.45536774946812,
      95.4153434381377
    ],
    "wrist_angle": [
      179.51026997809345,
      178.41836239874948,
      181.8676422830607,
      179.54164354221143,
      181.8204640929494,
      182.2496036712434,
      179.95263290808776,
      180.80236905455698,
      177.52563808123833,
      181.58661124207674,
      178.89162099892567,
      180.57865531822065,
      181.03782989497014,
      180.33235129839412,
      176.3542706457773,
      181.181773102768,
      180.87213648676902,
      182.63527136907462,
      182.18863224111053,
      178.12874192207167,
      179.19294091253158,
      180.2283357069588,
      178.76174194151585,
      176.89006323697305,
      178.4718932870546,
      180.45018417853933,
      180.67924484794617,
      180.5048039066348,
      178.71888975813388,
      178.18772550729673
    ],
    "back_angle": [
      17.316960827292885,
      18.38110515535093,
      19.41670163052806,
      21.91518663528479,
      28.035743066257428,
      19.139489706999267,
      17.46011424756235,
      29.677311615504788,
      18.134180638770523,
      24.46168772102972,
      15.970993274688988,
      23.053133368503662,
      13.876350430910122,
      22.03001929681474,
      16.627464287689858,
      22.522771730992453,
      12.307160791613814,
      16.368560488480362,
      18.789412909124156,
      21.206479585140073,
      29.515311221231634,
      27.755734735384095,
      31.85262346839121,
      27.436678866393507,
      22.51785703366356,
      29.89092327103248,
      17.962983679927785,
      22.355063684258536,
      18.184723958295443,
      25.432230306809537
    ],
    "hip_angle": [
      180.77478516849567,
      180.10931850876239,
      181.46223633124802,
      179.84101818370846,
      179.0372604040928,
      182.16376923640206,
      183.29659471751395,
      179.0814695792967,
      180.60677865094934,
      179.4205125289239,
      177.11849270336816,
      181.61880107296855,
      180.49571950915174,
      181.34049416662248,
      183.47158275237268,
      183.47876021523996,
      183.18834257468995,
      177.70655994596635,
      183.9129123817974,
      178.49541263359703,
      178.5376532661605,
      179.82293237381384,
      179.3019815583437,
      181.13055997467586,
      180.4815490244866,
      179.00543936308233,
      181.69727207759294,
      182.0806729659807,
      181.6068361925091,
      181.137864387526
    ]
  },
  "num_frames": 30
}