{
  "exercise_type": "bench_press",
  "form_score": 68.07158455756762,
  "form_quality": "fair",
  "risk_factors": [
    "moderate_forward_lean",
    "minor_form_deviation"
  ],
  "recommendations": [],
  "joint_angles": {
    "shoulder_angle": [
      90.22107354054506,
      90.6071014413396,
      89.67681943297013,
      90.00584089635929,
      91.47731681369737,
      87.7809652436332,
      90.87995515011146,
      91.72378232567748,
      88.15893415392246,
      91.76009176270426,
      89.1123857155124,
      88.27827400014444,
      89.22142181143197,
      92.49286424298738,
      91.62566189187395,
      89.60189452728022,
      94.48595186752121,
      87.81924349575011,
      91.51652391886417,
      86.32128526415597,
      89.40858417797887,
      88.85747812173038,
      91.35612811863128,
      90.18210456549723,
      88.20717077976101,
      91.41325300537808,
      93.928412913556,
      84.12020788368912,
      85.11533387767575,
      86.74794387856888
    ],
    "elbow_angle": [
      81.45736673342867,
      80.97310656504904,
      76.14818619549933,
      72.34129586279401,
      75.76579941846532,
      68.28079392375305,
      67.90773741228443,
      66.19620118151764,
      64.6781791344176,
      56.89961795756743,
      55.718369027197134,
      48.199717289719445,
      48.97073710377693,
      45.47965057620134,
      40.5165209458108,
      42.0311563497704,
      47.554595451485426,
      43.37376229075256,
      47.00556477684752,
      59.744678632372086,
      62.097220877848265,
      55.5816480789979,
      57.90489691040104,
      65.83126150169754,
      64.16100738700626,
      72.35860641690384,
      70.19566295966112,
      73.91614896852518,
      73.78559974202201,
      80.711532868026
    ],
    "wrist_angle": [
      181.5531370214648,
      180.43447484970073,
      179.0833839281039,
      181.3423453670742,
      182.20348116686117,
      179.6115414319994,
      182.48017271482402,
      175.07665803922052,
      179.25735377757826,
      181.26192904689768,
      177.4584029053734,
      180.41799680107013,
      180.98999121721096,
      178.80056720989117,
      182.513134608213,
      180.68468651163175,
      182.16370727023178,
      181.04753344447934,
      179.23980368902124,
      181.0077545822396,
      182.11251095503448,
      176.95476531809675,
      180.98575592268517,
      181.09794074406744,
      182.72903326981117,
      178.78331417750792,
      179.676507068873,
      180.85869136801455,
      182.15687886696924,
      181.2138224622275
    ],
    "back_angle": [
      14.505317782266022,
      8.246326935970993,
      4.03025163137457,
      8.19560542011562,
      9.112232249241757,
      9.681851193434204,
      15.445584335257951,
      12.385541911160331,
      17.184223000378882,
      10.387311411876002,
      13.353939392140909,
      7.42999200057422,
      5.51684086368606,
      4.73215641849856,
      5.6717197631521925,
      13.978717499393507,
      8.847881295572181,
      10.798023371809656,
      14.424832149830678,
      14.573095641317744,
      11.873756316898042,
      15.033181512572803,
      10.16641307467834,
      7.605716084549034,
      6.582162954164993,
      8.120705399363109,
      11.640008349059114,
      8.337779736158554,
      6.366269224015369,
      5.994691012352871
    ],
    "hip_angle": [
      90.00894605374364,
      92.19357640018532,
      88.53975369973105,
      90.61673477148213,
      89.24728951861546,
      90.44593596809756,
      89.10616548813563,
      88.4375916587311,
      86.95250235578631,
      90.96377934991335,
      92.86359101211197,
      88.85806202471014,
      92.10262588954507,
      86.73636956411808,
      89.89540578428841,
      88.60200078494594,
      90.74136186570725,
      89.13863709639028,
      89.43074769466745,
      91.22369234136409,
      89.54335849635508,
      89.24532158106032,
      89.38262777793318,
      87.24629966483299,
      91.5642299927741,
      89.18887739722278,
      88.6274300962713,
      89.779344461369,
      92.40037660393642,
      90.72198673718891
    ]
  },
  "num_frames": 30
}