{
  "exercise_type": "deadlift",
  "form_score": 62.06264752719099,
  "form_quality": "fair",
  "risk_factors": [
    "moderate_forward_lean",
    "minor_form_deviation"
  ],
  "recommendations": [],
  "joint_angles": {
    "hip_angle": [
      44.42959827864541,
      44.315658300548975,
      43.52889290160219,
      45.88178477731953,
      46.1155451510947,
      43.03194291415742,
      45.394708255733434,
      47.15441383180447,
      42.907617291413096,
      42.42579222745384,
      50.16068344514174,
      58.59175604204566,
      74.80196141894116,
      86.0711629806249,
      98.33764263855542,
      107.7811495398213,
      126.50341142697845,
      137.01451473359785,
      150.04597454768958,
      163.33171621982783,
      180.5759285134425,
      170.81211027825103,
      150.0162434461266,
      138.3999793609532,
      128.18132048362662,
      110.47752346431487,
      98.2398397598018,
      88.35695134061295,
      71.15752545494506,
      61.228444109749695
    ],
    "knee_angle": [
      87.32068202536215,
      91.48039893180292,
      89.6817204490147,
      89.87452689514096,
      91.48161013460286,
      91.45145775685877,
      89.12571075511214,
      90.50986857264566,
      91.08615854505516,
      90.00118195149132,
      88.31597562203098,
      99.19174733509475,
      105.71410961246457,
      115.1795482738383,
      125.71876876787398,
      134.23916846335962,
      141.79104496456253,
      155.1202725605174,
      159.07150705747867,
      169.89979599513984,
      181.47788129795762,
      173.59980325788095,
      161.05820646861454,
      153.03137568578947,
      145.50315600443554,
      137.08513929421582,
      126.71589682361883,
      116.41319829456907,
      108.31691876633012,
      101.88654407330446
    ],
    "ankle_angle": [
      88.10215606252194,
      87.52900967324389,
      87.35089845830996,
      91.0199192021149,
      87.10320223364742,
      87.23724316654248,
      89.41531322521591,
      90.82671668117577,
      87.77879854216741,
      89.79332958981801,
      87.635190053996,
      92.92688129175095,
      89.20903637074139,
      93.82211488701822,
      93.56799060917902,
      90.21781705099521,
      94.09362188232681,
      88.4928749645854,
      89.24308227840015,
      92.66427728219094,
      89.11334716974687,
      87.14663443254754,
      92.72361999304462,
      89.48662718542768,
      93.02127650765271,
      86.91902241917538,
      88.58289608558006,
      94.1439210641951,
      91.0376654822891,
      89.21072680943006
    ],
    "back_angle": [
      14.357928727132979,
      7.635364461684381,
      10.740605049947442,
      13.519958751245259,
      14.09024015632646,
      16.15274544183274,
      18.796086341246653,
      10.641706555093709,
      14.863147339024799,
      15.595471574821364,
      17.007924846550118,
      11.268688993350308,
      14.562081851188386,
      9.33424214102799,
      17.924197653839514,
      14.773023890453782,
      14.562085997350923,
      17.49005638344539,
      16.684728877057303,
      10.555883201168923,
      12.902466797078262,
      19.695224792140802,
      15.710946800173971,
      13.220657288667523,
      17.23394836356034,
      15.920589488376015,
      16.306189453228427,
      11.648717849262805,
      16.248493202060743,
      14.892511685219105
    ],
    "shoulder_angle": [
      87.51580534984554,
      92.54830650492453,
      86.74962017152872,
      93.95191343698008,
      90.37708463807766,
      90.88213139739618,
      89.40773864789233,
      89.55543150029054,
      93.16704443018548,
      94.91324115682204,
      91.56118081639218,
      84.32954332691281,
      88.37695281125875,
      85.87946373595334,
      90.48202396419882,
      91.46442163182024,
      88.94026529142867,
      87.6208338362083,
      85.79612671537637,
      89.10165274613004,
      91.0347242257928,
      87.65507617675424,
      87.53195623630162,
      91.79937078276026,
      91.18568352431922,
      90.09212892092297,
      90.69041444048948,
      90.34918242032053,
      90.99551088783444,
      90.18535420134081
    ]
  },
  "num_frames": 30
}