{
  "exercise_type": "deadlift",
  "form_score": 38.56102248777126,
  "form_quality": "poor",
  "risk_factors": [
    "excessive_forward_lean",
    "knee_valgus",
    "insufficient_depth"
  ],
  "recommendations": [
    "Keep your chest up and maintain a neutral spine",
    "Push your knees outward to prevent inward collapse",
    "Descend until thighs are parallel to the ground"
  ],
  "joint_angles": {
    "hip_angle": [
      42.1469168086819,
      41.7404794836914,
      44.60358158565853,
      43.76717706619277,
      43.76186682402224,
      43.975220748261435,
      44.16778084867307,
      47.12082328782388,
      44.21935520689564,
      42.18082043761424,
      46.37235861826399,
      53.53550270078562,
      68.57881315004757,
      86.12058258867714,
      99.41982451572738,
      112.4847481774587,
      127.17586925365553,
      136.3442026824807,
      150.7732025671722,
      164.7139843297491,
      180.4212647072312,
      169.10367724702832,
      154.46169926673252,
      141.42255445938252,
      123.01547859935823,
      109.95867349370009,
      97.449646845918,
      85.14612337883996,
      68.23089403145067,
      57.06181476110807
    ],
    "knee_angle": [
      89.82551222200902,
      88.23642390386834,
      90.73396051368746,
      89.8521414755568,
      89.49377430284159,
      91.33428516618541,
      92.97110618053998,
      90.74552393664476,
      88.12184356734511,
      90.6109971131275,
      86.49996206485014,
      100.66762771888577,
      106.25694822682493,
      116.19891732301187,
      124.22736955949667,
      134.88003233217464,
      140.87942129153134,
      153.23476208269065,
      162.9855202024994,
      173.95463066725767,
      178.57838132564424,
      169.1713435543159,
      160.15822091446708,
      152.74638526255583,
      146.12604130404054,
      136.5264516129313,
      125.26563034486384,
      117.41907475170038,
      105.8835453326036,
      96.94802324835113
    ],
    "ankle_angle": [
      90.90809476219594,
      87.46278816735007,
      86.58379823765227,
      88.69063821273659,
      89.91529288312965,
      94.29532716053814,
      88.94804656829861,
      88.63819165105468,
      89.27301401348106,
      92.94279334134578,
      93.62785892746004,
      90.29383794181145,
      88.0776408980554,
      89.7794337852543,
      94.45755866015763,
      87.41251283854196,
      87.5286256668014,
      90.60481372690985,
      90.03335702808317,
      89.75663037369898,
      92.42955919906395,
      89.53992982765507,
      89.92533018848512,
      89.90522048707003,
      92.23357609749617,
      87.90216509406818,
      92.72985588412152,
      92.63059132361171,
      86.30347083952341,
      88.77044893153851
    ],
    "back_angle": [
      26.054164092028408,
      37.50807388404373,
      31.300390291835424,
      30.897026922022796,
      19.985111918481135,
      34.61668700124657,
      32.489178538034174,
      32.41823197941411,
      27.748647313275814,
      30.35113796032317,
      20.959128171289052,
      31.84779428129996,
      27.16614522834065,
      26.9493338973761,
      30.930202950149408,
      38.894565701474065,
      36.13959739197819,
      39.7249234509951,
      31.027908937543675,
      21.3373688825434,
      24.511041277042985,
      21.157296562799196,
      27.906577465465773,
      38.42222106697928,
      35.03429438774412,
      31.31248247650889,
      22.275660682076293,
      34.64235789770068,
      29.89989402128222,
      34.09621667997256
    ],
    "shoulder_angle": [
      92.34433313950346,
      91.30294339086946,
      88.54591525990715,
      85.96890367137846,
      86.31720214858119,
      92.01405960874989,
      89.32898400873967,
      88.38476394062799,
      85.24447258131731,
      90.37464837600845,
      91.37855934882158,
      89.35909963728176,
      90.02122295877857,
      90.59484814894354,
      91.75034188348484,
      90.21935930264021,
      89.17010074010618,
      89.69689709555408,
      91.63333113864282,
      91.18614024757727,
      91.68225012296986,
      88.56939302236326,
      91.50182171798573,
      90.63789494557082,
      89.1219949772567,
      89.83034690145315,
      93.9113518717405,
      87.93442261435355,
      89.44530641122951,
      90.54590475184322
    ]
  },
  "num_frames": 30
}