{
  "exercise_type": "overhead_press",
  "form_score": 68.81307885548232,
  "form_quality": "fair",
  "risk_factors": [
    "moderate_forward_lean",
    "minor_form_deviation"
  ],
  "recommendations": [],
  "joint_angles": {
    "shoulder_angle": [
      88.7169865762607,
      94.55261632752277,
      102.05063331064906,
      106.98563551177686,
      117.8154050738565,
      121.02640653252102,
      123.08208772020238,
      133.47168263636254,
      136.7002701623371,
      142.61132123684325,
      148.9915992557265,
      151.09760810185745,
      164.78791011139285,
      169.6373306349423,
      177.62186577999142,
      178.34807144798052,
      169.60487364215655,
      168.92677072548736,
      165.0189610507836,
      156.66473515233545,
      151.25848056358515,
      143.69780314753766,
      135.53304655220506,
      129.22654725492433,
      126.18405497558622,
      119.45294682551238,
      110.03399672606896,
      107.88211596147394,
      99.76215992171774,
      99.03785303312232
    ],
    "elbow_angle": [
      89.08059971210773,
      93.36872825470269,
      107.52202441484343,
      108.04491763431433,
      112.11924009603088,
      120.71365485012997,
      126.92698772291989,
      134.07551090298955,
      134.48370524478952,
      142.75496248704772,
      152.5851154833676,
      156.53581842331258,
      161.56685457483275,
      168.65514985024475,
      179.7978028642792,
      179.9461235234312,
      173.42432745725964,
      169.89189700841487,
      162.572130808256,
      150.78894249736467,
      147.42628179650148,
      143.44343157488478,
      139.94819311655058,
      131.45041243234513,
      127.12955736544276,
      117.5543667513043,
      117.04522066683036,
      106.7830303159589,
      102.33058027995541,
      96.85307330309932
    ],
    "wrist_angle": [
      178.79721336283885,
      183.6313911264931,
      179.0459907654691,
      181.78724011178454,
      178.85451260816478,
      179.40689187921114,
      175.73998643878068,
      178.99216416655705,
      180.4962056929349,
      177.27362839702351,
      180.71182594469963,
      180.2264531598214,
      178.83094718679442,
      180.8233758029453,
      180.91225918978392,
      180.72342473639844,
      179.5899447189374,
      178.75676727704766,
      177.72138143287907,
      179.5358259359941,
      178.99678550814252,
      175.46650110316645,
      181.79629272765592,
      181.80839339236454,
      182.9747400182828,
      180.30671389636726,
      179.9995119061726,
      180.4515322202684,
      176.64679827148038,
      182.68014366186273
    ],
    "back_angle": [
      9.168791212177975,
      6.130151787542056,
      12.162531980733563,
      7.40459856368441,
      13.818259768970124,
      18.830248967016587,
      2.913280650560406,
      7.086650943979225,
      9.148598344368246,
      3.703387768906353,
      10.903823001875745,
      7.644826629976393,
      10.31100950488478,
      10.627845894068512,
      12.037828107297905,
      3.287092884830957,
      10.652325925655758,
      13.456098840475914,
      10.775556497438705,
      5.577598314818953,
      10.545537019437168,
      7.63065536080485,
      5.867335840850783,
      10.655597437183522,
      13.697961326820872,
      9.265910674362768,
      14.272607937715337,
      15.824291731898372,
      11.819940673579328,
      12.28457002668058
    ],
    "hip_angle": [
      177.15659587589823,
      181.35618068735963,
      180.25942405597644,
      178.8733005319361,
      182.2548292335941,
      178.6302629213807,
      178.76762803752484,
      181.06600728387303,
      183.4706387590433,
      182.22799031973554,
      179.3826198341715,
      177.95120401393058,
      181.00188308431993,
      180.07136836100477,
      181.07054867687754,
      178.8092655661203,
      179.25342813993697,
      178.51659565625553,
      181.96645323322178,
      176.56437189302736,
      176.4762679926304,
      179.38291846709842,
      182.55599133763866,
      181.8170602345906,
      181.8368414505729,
      180.23298865205527,
      181.75797105673433,
      180.12974599215397,
      181.17736557787376,
      179.7291633626301
    ]
  },
  "num_frames": 30
}