{
  "exercise_type": "lunge",
  "form_score": 63.9653520502984,
  "form_quality": "fair",
  "risk_factors": [
    "moderate_forward_lean",
    "minor_form_deviation"
  ],
  "recommendations": [],
  "joint_angles": {
    "hip_angle_front": [
      178.43443793376795,
      176.94506265657316,
      177.34215305693797,
      178.53576442444418,
      180.08227437637964,
      181.2608465624533,
      182.73325125482293,
      179.87340980155895,
      164.77920547205483,
      155.699363673854,
      138.53978235793068,
      130.07851049409564,
      116.5378947145182,
      103.4687450457178,
      91.55915241201038,
      86.80002964922335,
      90.4936541201002,
      94.97929819675132,
      92.49069105453354,
      89.71374412773083,
      92.1900108927751,
      89.79379199215605,
      102.2009287573487,
      115.56937306644666,
      129.09136273417047,
      140.42317901886872,
      156.58791725251257,
      168.41830629646913,
      86.70973948956535,
      100.2547149168832
    ],
    "knee_angle_front": [
      178.3172934794755,
      177.31794175088288,
      180.30443208178602,
      177.8210243076588,
      177.9973869406253,
      183.59057210842437,
      181.86420841173916,
      182.97870652600005,
      167.40592663744894,
      153.90257296892017,
      145.71815325540254,
      125.53942706627876,
      116.9619720958392,
      98.64095077771987,
      86.59244760021919,
      90.78953127029202,
      86.82878950649848,
      94.88459836158302,
      92.58033500567117,
      88.64218329610334,
      95.69899820234156,
      88.88263343852981,
      103.17677636218103,
      115.78105375318543,
      129.664623950186,
      140.51662648473362,
      153.93120300070268,
      168.2845541536529,
      89.29610115940952,
      100.85222498616704
    ],
    "hip_angle_back": [
      179.8888761481087,
      178.08587311936577,
      178.7238187581593,
      178.32488440520646,
      177.8964654209151,
      177.28280693867256,
      178.86415537571895,
      179.71780995744714,
      179.61276608306235,
      178.26672283429147,
      182.26918707992,
      179.21978203045987,
      180.43088981561482,
      179.63932279103358,
      183.6232284036079,
      180.42402923244782,
      180.8881682220011,
      180.7193992750157,
      183.77129448530886,
      175.84629186271445,
      178.04649095097992,
      177.19649795486745,
      181.1082747589672,
      181.55409550324228,
      181.27053520914018,
      180.96272214615928,
      178.76541611245318,
      179.25387897850845,
      178.5326364762333,
      183.1736044510874
    ],
    "knee_angle_back": [
      179.3901161902503,
      179.94558491968746,
      179.5401522857191,
      176.56879913923683,
      177.67990252226164,
      182.03493848800002,
      178.6846147034263,
      180.53666619137456,
      164.39651879760714,
      152.39786091415067,
      140.3213640259849,
      125.67734022674043,
      115.03464774073697,
      106.72689224619694,
      88.11249422512165,
      93.62681355861936,
      90.04765344910147,
      90.7855780826987,
      91.6475455791556,
      90.43514734847727,
      88.52902867226281,
      86.92680398052805,
      102.86978518075543,
      114.22662078714072,
      128.69833234808584,
      139.86087182507165,
      151.73022662272624,
      169.06929166329792,
      88.26844511550667,
      102.45101081889446
    ],
    "back_angle": [
      7.277941350715451,
      16.12890481676076,
      6.618561921738161,
      11.63648482270955,
      8.183769348067095,
      15.097666651599173,
      11.678852464194353,
      8.567163466819402,
      14.44498502291077,
      13.124992835593778,
      11.30092944879116,
      7.2714872215732616,
      7.383747850681485,
      16.662315937435196,
      8.623676424129105,
      10.598940252537519,
      10.548092373396091,
      7.654447114104914,
      11.868726170356673,
      5.142887341235093,
      18.251343088373197,
      6.133674820794069,
      9.694872232132434,
      9.623230928715667,
      6.080071289418263,
      8.424978567657513,
      13.306870427518575,
      14.208399712317227,
      8.475482048790607,
      8.46180405540644
    ]
  },
  "num_frames": 30
}