{
  "exercise_type": "bench_press",
  "form_score": 99.9657133399144,
  "form_quality": "excellent",
  "risk_factors": [],
  "recommendations": [],
  "joint_angles": {
    "shoulder_angle": [
      88.78722943880308,
      91.4150567467044,
      89.52983848828006,
      92.26889110704579,
      90.8578608120088,
      87.78963696328712,
      86.17884669230091,
      92.60428993677982,
      87.41659662885058,
      88.51693868996512,
      85.7900259495093,
      89.21797900612047,
      91.63133390983612,
      87.75924751041418,
      94.32292536914706,
      95.88922824425055,
      91.65612091217919,
      88.57355169426852,
      90.3119339991842,
      86.54258336542856,
      93.05213794257602,
      87.25442444168966,
      85.56912205744253,
      92.80438956051718,
      88.0070336465121,
      91.07317488693998,
      89.05399396639942,
      90.63303764165823,
      85.50412325173902,
      91.68786719812536
    ],
    "elbow_angle": [
      86.42279284035737,
      86.08662351176339,
      81.91205008537762,
      80.45383390239587,
      77.90715950088583,
      76.23940743870378,
      68.52019573768732,
      71.71969668301453,
      65.75443494060777,
      61.64979991566506,
      62.05347072318057,
      54.79968951186263,
      50.03633891481536,
      55.36530990559207,
      45.97661391424531,
      40.814783817898785,
      48.32344947248376,
      51.151527932838476,
      54.91859186815745,
      53.643105264629526,
      58.25334230079333,
      65.93992368353938,
      65.11130245159599,
      68.64148816323795,
      74.17990842408732,
      75.56368340412557,
      77.31789366168925,
      81.09273507084711,
      84.83543469617717,
      86.48976491352323
    ],
    "wrist_angle": [
      180.01550297154813,
      179.23194029207792,
      181.72464427442648,
      180.75424245673082,
      180.7415497247771,
      179.15543511399605,
      183.0292466918438,
      174.60774625960977,
      177.52052021331932,
      174.45360988628417,
      177.1123206513374,
      180.089979095279,
      178.62487998529988,
      179.24088190121168,
      179.7575245340248,
      180.11079748588924,
      179.9315152533239,
      178.05620231744595,
      180.08874237007342,
      180.93635710700286,
      182.89814623020897,
      179.7006602908907,
      178.49510075916723,
      179.25664656144022,
      179.66137056357599,
      177.43991911812697,
      181.40488433375882,
      177.26402971715223,
      182.44415667528352,
      176.9179816032455
    ],
    "back_angle": [
      0.42954954416079566,
      0.43245540710025393,
      3.1209492696052523,
      -2.1711082572869795,
      0.8265574556424065,
      0.7122861718645783,
      -4.310407148437829,
      -3.8983934044557302,
      0.5191480982608591,
      -0.5740004073285606,
      -3.1775041354617852,
      -2.54569545443913,
      2.6228035905121128,
      1.49061349738381,
      -0.0815711158373977,
      -0.6315200011429399,
      -3.1140446828180717,
      -2.3031780350391005,
      1.2556431742657148,
      3.1366387508467723,
      -1.876157888094602,
      2.879653834015801,
      -0.40248508050738896,
      2.130335141965944,
      0.8619485551139189,
      2.743614450313288,
      3.8491682827441065,
      0.4880575303523864,
      2.0643592104411344,
      1.454756672072614
    ],
    "hip_angle": [
      91.82693957898825,
      89.07064207025495,
      89.37757930066915,
      90.81215393219078,
      88.25450306609875,
      90.28781325201768,
      93.40977110419682,
      91.91924806306895,
      90.48931788242761,
      90.48120266592764,
      92.27349780146595,
      91.47699156078816,
      86.90277306873736,
      89.36986551122229,
      90.1956291535249,
      93.21357008845325,
      92.75835255671362,
      90.81181306591208,
      91.92156183483421,
      89.96179438089183,
      90.16908102169549,
      88.49515582966806,
      91.27836839137215,
      90.56631585117191,
      90.84421236185935,
      91.34118154425018,
      89.87767463073622,
      90.23818589189214,
      90.64078783199278,
      90.53769292498083
    ]
  },
  "num_frames": 30
}