{
  "exercise_type": "deadlift",
  "form_score": 76.02024033819389,
  "form_quality": "good",
  "risk_factors": [],
  "recommendations": [],
  "joint_angles": {
    "hip_angle": [
      44.74204869207848,
      45.51657866963937,
      46.30278064428197,
      47.34481335517343,
      46.14245083815156,
      44.68452062280958,
      43.750253901015675,
      46.164529104486775,
      46.361460291584706,
      48.649478595766496,
      42.53271062353816,
      58.74328207073054,
      69.94742372367342,
      85.58888924776572,
      96.89580880082865,
      115.64639072711039,
      124.79784017550199,
      142.4557637182246,
      154.72510487136446,
      163.30234325317966,
      180.8499706848738,
      166.3880292890015,
      151.4985991426926,
      138.4277202116437,
      129.3718630455107,
      114.86833355088973,
      97.86771041627102,
      86.09759375501875,
      73.42445072020259,
      57.51325025036296
    ],
    "knee_angle": [
      90.45860624649873,
      86.99645355401822,
      91.18329652992539,
      89.96165369532241,
      88.6333029936229,
      86.45797588921339,
      89.82214462619496,
      88.00733291317738,
      85.52657836935181,
      87.15939131489338,
      87.56036166132276,
      100.25873807494037,
      107.31039779130357,
      117.7229950169619,
      127.34478993786229,
      133.66888299145833,
      144.76060299118143,
      148.3197540454202,
      160.1598032134248,
      170.93339916856945,
      182.80288064357688,
      174.18739306986708,
      162.89866531570829,
      154.4221783334658,
      146.14177080923866,
      134.5406824879114,
      124.8234708947933,
      118.96163234799756,
      109.11770623072144,
      98.99279920827205
    ],
    "ankle_angle": [
      90.16391490700732,
      89.9135108536158,
      90.09612792255413,
      88.66603064689264,
      91.65864484146108,
      90.74827880923353,
      85.91041099376213,
      86.94230838917576,
      91.56835620467862,
      89.67915864952364,
      89.09351968607122,
      90.99394374880983,
      88.44331699086885,
      88.56496114457111,
      90.19031400435465,
      90.16743628669192,
      90.17919492769394,
      88.83295493394621,
      88.25393630974682,
      90.1347980093401,
      90.38160672174767,
      89.2246585098346,
      88.19043831750908,
      88.81000766544729,
      90.75323744983231,
      90.91444533709968,
      86.37706574338375,
      91.56379361331912,
      88.04979952918305,
      89.53419486861198
    ],
    "back_angle": [
      2.7236725773195904,
      7.528537560854918,
      6.929192892577905,
      9.880904894930167,
      0.799425508997072,
      3.905857714703434,
      4.317832101985721,
      6.699453227481195,
      3.310695031555415,
      0.6861318512074994,
      3.761326590500431,
      7.026389030012481,
      5.229778637692061,
      2.930254965210832,
      -1.2810298541027691,
      0.1753501041926886,
      0.8142671449170186,
      8.167071410734351,
      0.7848515229209846,
      0.11285289269419463,
      1.4534861378490196,
      5.660986303427406,
      5.410436746219718,
      7.970361260621756,
      4.0148963933437685,
      8.37294430792828,
      7.239021324941401,
      3.0469389872298143,
      0.6297801127844593,
      7.268079802024877
    ],
    "shoulder_angle": [
      91.01970272339894,
      90.33804927975828,
      91.34981666505276,
      88.73451415037418,
      90.93760936823998,
      92.18969130546498,
      90.16354098787879,
      88.10667272417504,
      86.56283550356703,
      89.135104630263,
      90.74302079304894,
      90.72949275878388,
      90.4652969329018,
      87.55456442360102,
      87.82052445903415,
      90.22151356742994,
      91.60681902241585,
      90.89189608747438,
      90.88324526280348,
      89.46822731875083,
      91.16386577573627,
      91.72273050333561,
      89.83874392521072,
      91.12894147451252,
      95.27135866185819,
      90.64676193833134,
      88.46797054623163,
      95.2044849229764,
      90.9788577200055,
      90.40252150145952
    ]
  },
  "num_frames": 30
}