{
  "exercise_type": "lunge",
  "form_score": 84.87549600698193,
  "form_quality": "good",
  "risk_factors": [],
  "recommendations": [],
  "joint_angles": {
    "hip_angle_front": [
      176.95276424310865,
      178.9835099298109,
      178.33304773087443,
      180.61118604729344,
      181.97987018006236,
      181.883382052846,
      181.2754420020737,
      177.02305723368494,
      165.1530538867485,
      153.1679155636835,
      139.67233573411173,
      128.1926332174865,
      114.74760611977193,
      104.08978891955388,
      91.68670771752917,
      88.65436402186572,
      88.53699888443752,
      91.28845914086821,
      91.61828682800132,
      90.71965293224697,
      89.13203543474714,
      91.66778490915756,
      100.94792113784311,
      118.63651616372243,
      127.08492687781627,
      144.1372796215767,
      151.66232637773075,
      166.75972809959978,
      93.04257442832639,
      104.58620942695565
    ],
    "knee_angle_front": [
      176.37231942412478,
      182.77055272162787,
      182.06767622809343,
      180.93101427874973,
      182.5319031910517,
      182.29304480369927,
      184.2985566573745,
      182.6477398487672,
      166.49693029529507,
      153.89268768548618,
      142.3168694855586,
      128.63226967696784,
      115.22464804502,
      100.21582956400404,
      88.96162697924004,
      89.61675166666807,
      89.1617735278492,
      90.89288697184081,
      92.32991044746444,
      89.62612083161461,
      91.06060894986074,
      89.04140551230628,
      105.37131879533871,
      118.56039039206202,
      127.1249882021499,
      139.51554627772026,
      152.29222411363907,
      168.67622230021666,
      89.73723062954194,
      100.42033753500033
    ],
    "hip_angle_back": [
      178.91073130493862,
      180.80499755312601,
      179.93154176734996,
      175.67965906674073,
      181.19827060063844,
      177.7135937953035,
      178.38964157812043,
      180.63871290271103,
      183.96834279407335,
      180.66764233867536,
      178.4779030683106,
      179.20902021302766,
      176.35084744394493,
      179.8956813924782,
      182.0161580211963,
      179.56885577673737,
      180.2845001439652,
      181.16383182253693,
      179.34142952387137,
      174.56358386047984,
      179.10708152955237,
      180.61140261668083,
      181.58934261695302,
      180.29723321044685,
      178.80788163202044,
      180.01772900640145,
      181.7093553480598,
      176.13071465402427,
      180.37047722178477,
      177.54409087603506
    ],
    "knee_angle_back": [
      180.1811594616038,
      182.3934268092482,
      180.42710817203874,
      176.63917526593445,
      181.436409467351,
      178.4567860179129,
      182.39552124724585,
      181.858748345376,
      166.2509851342882,
      155.73693736588194,
      141.08117211003065,
      128.00496864421854,
      112.94401400176393,
      101.96920869257835,
      90.74183812092083,
      92.00990042591732,
      91.75146610132128,
      88.26505891122109,
      89.13854270179914,
      87.33829367798798,
      87.43336493029338,
      89.4547148431593,
      104.5592117951768,
      118.09035055128676,
      130.63624976961776,
      144.45258330820573,
      153.5306886223998,
      165.6579778542432,
      87.56972205238162,
      98.19495186938997
    ],
    "back_angle": [
      0.005620900255253869,
      0.9028774859047121,
      -2.7800573726830646,
      -0.4130225725545237,
      2.0511243330772153,
      -4.121097442199484,
      0.025125301491696717,
      -0.4356818625914041,
      -1.2455836692950155,
      -3.309872087149045,
      -2.978021249463581,
      -0.13587202416417918,
      1.3200073899466798,
      2.8651279614450793,
      -0.6898177180125884,
      -4.251906901979821,
      1.5852789748634146,
      -0.9875399177866214,
      1.4925709822853035,
      0.24180668791372179,
      3.7301759269840407,
      -1.3206433201961325,
      0.05753731452376873,
      -0.8847908888121806,
      0.708111981787551,
      -0.21948676905481346,
      -2.28155602717279,
      -1.6682563656599172,
      1.752707067047711,
      2.7012842290386074
    ]
  },
  "num_frames": 30
}