{
  "exercise_type": "bench_press",
  "form_score": 71.80121683430654,
  "form_quality": "fair",
  "risk_factors": [
    "moderate_forward_lean",
    "minor_form_deviation"
  ],
  "recommendations": [],
  "joint_angles": {
    "shoulder_angle": [
      90.93363551276046,
      90.28675821081879,
      92.47898854985324,
      90.44306526182176,
      88.90352480007904,
      88.41372872717783,
      92.44811480399885,
      89.29545195518166,
      91.87710836402947,
      87.98456282830328,
      87.10603418630308,
      92.10273760834603,
      88.57072915189082,
      90.84786704599199,
      87.39521298842432,
      90.76802175764149,
      90.27348982609234,
      91.42588055657595,
      91.17390700632475,
      91.22132963772913,
      90.04385754512118,
      88.21927986068434,
      88.32424157339057,
      91.21713072254173,
      93.91531287975198,
      93.71095763671217,
      89.36500281717069,
      91.86279585651228,
      90.60855562760202,
      90.25911469649766
    ],
    "elbow_angle": [
      89.051895790282,
      87.37394009660234,
      84.06693819536902,
      81.52232268591547,
      74.91889653747137,
      76.47326133095248,
      69.66837587391423,
      59.33457334609774,
      62.79558560996383,
      49.130346615430476,
      55.40475712377786,
      53.54096947501689,
      50.90003734172964,
      48.77699864068108,
      41.20294545909921,
      42.84916096393084,
      41.28118163349789,
      50.675590533174805,
      44.70483235449185,
      54.51508261517873,
      54.662922644324155,
      63.44146837243658,
      68.1205074979327,
      60.949939919063716,
      72.47590944383914,
      63.10255272170048,
      69.89862259090967,
      79.56743138363079,
      85.24637757569693,
      84.84609237009283
    ],
    "wrist_angle": [
      176.80378091476405,
      180.30258411195402,
      181.62639338760505,
      182.02981572749962,
      183.81086541514065,
      179.17457241422673,
      181.77339498213968,
      182.35291462928504,
      181.13126769694006,
      179.6494086792585,
      179.049394924982,
      182.231753121715,
      184.52513214902024,
      178.2042519269155,
      180.66076947094976,
      182.105334723118,
      178.7712616511226,
      181.61233390388523,
      181.0980146249691,
      177.06654455522542,
      184.10088255074118,
      176.3564676375337,
      176.460560283729,
      178.26573382042443,
      177.591943857529,
      178.95481408467717,
      182.62974980408725,
      180.1867348975194,
      180.0202868130888,
      178.9906378646008
    ],
    "back_angle": [
      12.922473363811953,
      12.157919470631608,
      7.232846965030941,
      13.368818821657719,
      14.105913476936717,
      10.83042488415931,
      7.4476543895097675,
      13.233023883525805,
      13.214488625755793,
      12.880334475333461,
      5.2477535260489745,
      4.596615985768983,
      8.734611446530108,
      14.1435170596869,
      1.64087181167816,
      14.172410717466205,
      13.888465185288254,
      12.018065702181218,
      4.2540094887280215,
      8.495943177259441,
      4.266847122677298,
      6.830439788484092,
      5.753155719041823,
      9.547140693779975,
      11.398339264966209,
      4.896363483370116,
      13.065458802851069,
      12.993277179694507,
      11.530995656773516,
      11.942847424898387
    ],
    "hip_angle": [
      88.12087667497008,
      89.91877075687982,
      88.59517018184806,
      88.28725010305793,
      88.98297771884658,
      90.24798526445419,
      91.90360130052221,
      92.1145773325825,
      92.11256843444596,
      88.42656938558727,
      89.1658836740688,
      89.17588238373457,
      92.20484249401478,
      88.67848671603345,
      93.95978038967752,
      91.06850455393831,
      92.03218192080196,
      90.1664796957319,
      93.86603538366502,
      93.03959920963501,
      88.24008681097371,
      92.49803847935145,
      90.6734165162273,
      91.10439007256385,
      91.41679684409308,
      91.62547740949834,
      88.00135556186832,
      88.11181678038135,
      91.88061104256748,
      88.98878034217947
    ]
  },
  "num_frames": 30
}