{
  "exercise_type": "overhead_press",
  "form_score": 87.97045989415034,
  "form_quality": "good",
  "risk_factors": [],
  "recommendations": [],
  "joint_angles": {
    "shoulder_angle": [
      88.12517060326864,
      95.97774795890744,
      103.7230294309404,
      107.80767328414672,
      112.88549555130938,
      120.40290015942459,
      122.51471405514665,
      132.71231372798383,
      140.55016463377618,
      144.35247153065168,
      150.23874522160136,
      155.3972338060136,
      164.5199833327902,
      167.8591099243002,
      174.52571200382818,
      181.24304633261974,
      172.7887901784275,
      164.9442692149618,
      163.32039246110688,
      154.40680302723564,
      150.67478558506517,
      142.37582970002398,
      137.6692002418624,
      127.8056790909967,
      129.17041162065135,
      116.3662773166743,
      112.83237671520097,
      110.51486622568801,
      104.04279842858145,
      96.32645492679141
    ],
    "elbow_angle": [
      89.72322556855511,
      98.77930949435084,
      101.95259022640072,
      107.87049888949882,
      111.05372795503284,
      123.23844623234233,
      125.30726623053754,
      132.0006381756586,
      140.14792898159354,
      141.92415209662846,
      149.20533627318457,
      155.2212236787925,
      161.2237855245998,
      166.94615897543787,
      174.87266359469695,
      180.77332898080942,
      175.60525835679212,
      172.1730085709331,
      163.8768132489237,
      156.44790705893715,
      147.72755156796532,
      143.11588903512316,
      137.01489272232044,
      130.82072960897383,
      124.65265309742125,
      121.69185141537106,
      115.30975084379864,
      109.1365443187022,
      102.65738257457367,
      95.97489102914248
    ],
    "wrist_angle": [
      175.85986741975663,
      177.6180876871654,
      178.62880799302167,
      181.5004084164663,
      178.27941600308574,
      184.66068795117744,
      180.64859289093283,
      175.03096074180777,
      181.76658383205935,
      179.33901580655984,
      182.91609422480715,
      177.27042566625607,
      178.92186050379615,
      177.61273168993912,
      179.90912464612944,
      180.48955688627896,
      179.63242423861377,
      181.1415513427596,
      178.164412994918,
      184.41718699898868,
      178.8570304095414,
      179.49639062376983,
      182.50701184256815,
      176.7595283074721,
      183.5346496193414,
      179.21918774351914,
      181.4313491664409,
      181.48935092491828,
      181.77034311797092,
      177.8268185860476
    ],
    "back_angle": [
      4.153132594245398,
      0.5920626168983396,
      -1.8865080264650087,
      -0.9867419287984497,
      3.0934383225498596,
      -0.19981976516372663,
      0.1944041700676567,
      1.3117838410561873,
      -0.7744171427117674,
      -2.1336381042242696,
      1.6303633918369314,
      0.5716650831573612,
      -0.2521137510933478,
      1.258709504783604,
      4.604753878458143,
      -1.0895866146622437,
      -0.7829033115764811,
      0.7577494894049688,
      -0.7931169714288387,
      -1.2892999419007516,
      -1.3953328632081947,
      3.6225015364958937,
      0.339460596014695,
      -0.7431808968771632,
      1.8890606630879965,
      -0.7244499118817979,
      2.699823074579865,
      1.445716155810147,
      -2.1279439092256,
      3.218824655864884
    ],
    "hip_angle": [
      180.26611263139583,
      178.56886316563217,
      180.12801569934544,
      178.4361501408929,
      180.72268330453463,
      181.1321713603671,
      180.45579128588926,
      178.12778040546849,
      179.29941860517542,
      178.8702122748531,
      179.2142064358611,
      179.25715757855411,
      178.7355765783129,
      178.17214889239852,
      177.15276191404095,
      178.35328024620398,
      178.25033570062683,
      178.6259999442011,
      179.85697692567754,
      179.2803831552218,
      182.7077686979111,
      182.90298365966663,
      179.64266196078648,
      180.8786910818671,
      181.71417165122085,
      176.28391426175935,
      183.4976416038173,
      178.88558573201038,
      179.52921125046532,
      177.20812227780564
    ]
  },
  "num_frames": 30
}