{
  "exercise_type": "overhead_press",
  "form_score": 64.2136546420143,
  "form_quality": "fair",
  "risk_factors": [
    "moderate_forward_lean",
    "minor_form_deviation"
  ],
  "recommendations": [],
  "joint_angles": {
    "shoulder_angle": [
      86.65743258325585,
      93.90159900616527,
      100.52649805278995,
      106.3298358298119,
      114.66593983052228,
      122.48477752341266,
      125.08680132524218,
      131.23183523622285,
      137.63612928838376,
      142.77099735851274,
      150.53937605310978,
      157.8639145548214,
      162.42009306391785,
      168.09027611095226,
      172.76237758268675,
      181.23299043476538,
      174.34340871785528,
      168.69028730297285,
      162.97536103425202,
      154.76491995411544,
      152.337719993502,
      145.21045931366376,
      138.64651044381023,
      133.75903256598588,
      123.9556431619433,
      123.04640782432465,
      110.11579590371714,
      106.58692893971187,
      103.609984500184,
      95.96509084305819
    ],
    "elbow_angle": [
      92.37031048348226,
      95.62076848375078,
      104.16642078243466,
      110.33346849567602,
      112.6936597411604,
      121.95413174467089,
      129.1546976318969,
      133.12332991993742,
      138.3514230365514,
      139.95228425471592,
      152.37651916274802,
      160.98844012906656,
      162.1551374958343,
      167.9830662803496,
      169.7332492517004,
      182.03963417956416,
      172.30628764651865,
      170.54417922904656,
      166.52398042348457,
      153.61002609113166,
      151.4050592225642,
      146.08634575657172,
      136.82643132999766,
      134.44864119396274,
      126.39287493600115,
      118.74638803793457,
      117.2207736950268,
      110.90466004233575,
      103.55529398207568,
      93.48586982372879
    ],
    "wrist_angle": [
      182.53284156827718,
      181.32444737191332,
      178.88065872642213,
      179.1201567357031,
      180.32247908854896,
      183.08332984504418,
      180.1223665377901,
      182.24065324660657,
      182.84022098173924,
      178.94679990647407,
      177.9546775729981,
      177.74859794501387,
      182.65976966808068,
      179.0177341231134,
      181.11776653232496,
      179.93325369955332,
      183.10556049422604,
      177.67866923462933,
      179.955972704685,
      184.77970497605116,
      177.11511892776818,
      180.9012966977883,
      180.20483273129753,
      181.57228181080683,
      182.46796716323905,
      178.37077590622417,
      178.4254497853373,
      182.88240601161,
      182.03507152097364,
      183.53518834663066
    ],
    "back_angle": [
      4.676258534904545,
      10.355096529537548,
      9.503612316604235,
      8.104761327675112,
      7.393677126896856,
      9.166857277149514,
      8.630661126232177,
      10.037344303198802,
      11.370179773671744,
      10.545548454636958,
      14.311851088887806,
      3.1991216459203775,
      8.954308534693016,
      5.107180846635478,
      8.508648855376691,
      10.989603488527463,
      10.865825843504402,
      10.039742494703408,
      6.236421911150403,
      6.176052936848396,
      7.157266215475787,
      11.657497718539794,
      13.390002122149461,
      8.368980992166009,
      11.934855614794316,
      10.736342905538256,
      9.106555647695956,
      7.960218441267131,
      12.77817684191229,
      10.684782205466702
    ],
    "hip_angle": [
      180.3746839380818,
      178.61489768755132,
      182.06585413446845,
      178.691982727727,
      180.4232018200184,
      180.3311603001888,
      178.77496678912024,
      181.21170564824624,
      181.5735918177507,
      180.76773333016953,
      179.75678857781858,
      182.51755168836158,
      180.0857954270969,
      177.032252406662,
      180.82873469856432,
      179.304479712181,
      182.4169392275606,
      178.0077671144346,
      179.0070777748327,
      180.49052211775532,
      183.2613003691751,
      178.6734143083502,
      177.7614845351778,
      185.0345498242676,
      181.15879401193916,
      176.7089761912726,
      181.61924106857214,
      182.04285075400642,
      180.996447018623,
      174.54426904567447
    ]
  },
  "num_frames": 30
}