{
  "exercise_type": "bench_press",
  "form_score": 88.22259404931904,
  "form_quality": "good",
  "risk_factors": [],
  "recommendations": [],
  "joint_angles": {
    "shoulder_angle": [
      85.60745524913729,
      89.66019445130871,
      88.17704252667028,
      88.92096733768389,
      89.5372551309864,
      88.22739359271304,
      88.92656708791891,
      89.07457703751668,
      87.95597236956748,
      91.2748995267481,
      92.45454588344167,
      88.22074372226845,
      93.30021162472403,
      90.6883649391402,
      93.9405434902313,
      90.05426488815118,
      95.12260121310702,
      91.01101456990482,
      91.51881639095298,
      91.8478116511847,
      89.31734140426741,
      91.02509504334574,
      87.50923787895024,
      90.04031714123956,
      88.06959384303433,
      84.63071323719262,
      91.52502601322357,
      90.30780647133582,
      87.78799835722538,
      88.8284396194657
    ],
    "elbow_angle": [
      90.13789226089517,
      90.4861766600096,
      80.99744952108183,
      83.73890223653613,
      80.38844252482781,
      76.83410402536151,
      71.3659610012052,
      68.57276822388121,
      68.31451067763057,
      60.85717917285067,
      62.871275445689136,
      56.072203055355175,
      55.44174404309947,
      49.382827969043696,
      45.99172951820652,
      43.50160590251627,
      44.02187290507598,
      48.58808609592127,
      53.40832056679578,
      54.656287857873885,
      60.03910020788523,
      59.29176897682734,
      64.64047111186088,
      70.7647075398401,
      69.59839575133503,
      74.88923977672017,
      78.45669862852962,
      78.81700058253763,
      82.05578839286426,
      87.98885895720322
    ],
    "wrist_angle": [
      177.79544443287165,
      180.44601172143817,
      178.64865564136272,
      182.20332670482665,
      181.2531604824519,
      180.84784543509957,
      178.36765481493168,
      181.82563357748427,
      177.79000720491268,
      177.7729736394336,
      185.8788394654706,
      180.32046987871374,
      179.76702918672206,
      179.02850252005504,
      176.28285519801915,
      183.27328353553747,
      181.25410231858743,
      181.50293630871832,
      180.32822166823954,
      178.88848043327428,
      180.1658243337295,
      173.76111951274942,
      177.82332318907186,
      182.47462122368393,
      180.4435328347348,
      178.38881469070995,
      180.67079924030446,
      181.95667378590437,
      181.66288344207854,
      180.3848050899728
    ],
    "back_angle": [
      0.5492348854024485,
      -0.4305723516518263,
      2.688274289232351,
      1.1785644908569661,
      1.7010637870433005,
      0.22821031899012975,
      1.3822774131586575,
      3.4014191109544925,
      -0.6178990279368948,
      -3.0108408074175768,
      1.4128909502752833,
      1.0518990081030104,
      3.6467781433949926,
      0.5634408320121469,
      -2.487317617302732,
      1.5015245005733495,
      2.3970070098672123,
      0.14722723926293435,
      0.9294672125432488,
      3.8146058418239246,
      3.0934202352705213,
      4.027756733865873,
      -1.9160320744146815,
      -1.5310719613033692,
      1.1558650955809422,
      0.164011891686375,
      0.7263418384549811,
      1.3813829046645898,
      -1.8599177204506627,
      -1.0460954121701935
    ],
    "hip_angle": [
      91.9908664682893,
      94.63315112171179,
      87.8235744997592,
      88.03005293084107,
      92.00817982585465,
      93.01907776062157,
      91.16427214053994,
      90.16359775024966,
      88.74211708827892,
      92.51104395401894,
      91.33749501002842,
      90.89121813990431,
      87.15748562904392,
      89.02319123880406,
      92.41837292489042,
      89.48085812145517,
      90.94453809844677,
      91.05301153873422,
      89.68472787839387,
      90.99027396968255,
      88.12111164149296,
      92.56559168445938,
      93.02004717462296,
      90.50648687666853,
      90.59862507758864,
      91.2453363331061,
      90.22949855530756,
      90.39414512853507,
      89.02495848897289,
      90.52501581773484
    ]
  },
  "num_frames": 30
}