{
  "exercise_type": "deadlift",
  "form_score": 88.44897403038279,
  "form_quality": "good",
  "risk_factors": [],
  "recommendations": [],
  "joint_angles": {
    "hip_angle": [
      44.23235577818231,
      48.592068847987036,
      41.537968739296126,
      45.004629867934874,
      45.900031658618715,
      44.79135670707484,
      45.319741751724024,
      46.97997197874389,
      43.68786741684411,
      50.019560368564264,
      45.64750830546932,
      60.35806334265979,
      69.11453255052534,
      87.06606588661109,
      98.3705430662242,
      109.68695851584661,
      127.2530524805036,
      143.64637232567352,
      153.8264383795538,
      168.9839781294785,
      179.52533301181205,
      165.09011464160074,
      154.35156472114014,
      141.42452845610543,
      124.59075367114538,
      113.78646127269825,
      97.23518002814068,
      85.56512352556928,
      71.66084549206924,
      61.0461672936846
    ],
    "knee_angle": [
      89.56651255363899,
      90.87632707526183,
      94.36724707915486,
      90.00062172030029,
      89.65908834933408,
      89.45792418624335,
      90.38111400775358,
      92.02082572818662,
      89.19786880515359,
      92.15499781945364,
      87.50014791668016,
      98.88694504620535,
      109.88423690370708,
      115.3576944343546,
      124.30216234903014,
      138.74930198380494,
      145.38379264683488,
      155.9235212308699,
      163.21416365222953,
      170.8953794744413,
      182.18480723076567,
      171.50934377978754,
      160.8185577293832,
      152.85781718895717,
      145.07620909654375,
      137.1152471117611,
      126.70342034993041,
      116.5001515501984,
      108.4631653416279,
      102.446714283929
    ],
    "ankle_angle": [
      85.8084221100349,
      88.76389093695921,
      85.6906517500745,
      92.13035141844246,
      88.75593038786685,
      90.35275659461175,
      93.99460824343836,
      89.29329357837152,
      92.019922085981,
      90.15645516477657,
      90.14578337332402,
      92.58934949535833,
      88.6646604596101,
      90.64070553756841,
      90.73160956560744,
      84.7379005457949,
      91.5269812094518,
      91.74306709134511,
      92.8384834092903,
      90.65717081744087,
      90.5681948847086,
      90.9687899048549,
      87.96235005222097,
      89.61096129532244,
      91.55660685537532,
      89.59143134072016,
      88.64082035043022,
      88.98595683488972,
      90.34168227279159,
      91.18881018311994
    ],
    "back_angle": [
      7.789050359298024,
      3.1554447630393785,
      4.466310456782409,
      3.218632253111029,
      5.4481421411795825,
      6.285905573770227,
      8.625658036745481,
      5.799731718815115,
      8.802228566437547,
      8.502634460285176,
      3.0702936051465777,
      -1.3680059201349057,
      4.017498779849867,
      0.8353425200262674,
      3.2775971041071803,
      11.857693646798607,
      2.679518649736086,
      10.402085656936219,
      1.003984629123393,
      5.768710045278251,
      5.97840398459452,
      2.3338263045665935,
      3.9932387860562004,
      7.57407199905274,
      4.786387479060807,
      9.184351411596717,
      0.7252442874347971,
      -0.07790964190524097,
      8.539573917688918,
      7.800284068724142
    ],
    "shoulder_angle": [
      90.85719970532318,
      91.71559141124402,
      90.60561755660301,
      89.50458286079808,
      93.1672167731406,
      94.66468311380022,
      89.33780966996294,
      90.4826537206776,
      90.77272669508469,
      91.67314454066334,
      91.36790555958544,
      91.01105488291972,
      89.01474711155973,
      87.4690602949865,
      91.59533432481334,
      91.17364343784675,
      92.60001987505991,
      94.35168030279442,
      90.15854364486117,
      88.88019800990428,
      89.45655148551893,
      91.76900450019644,
      91.67220836217881,
      85.30577306784936,
      90.9730724111159,
      90.4690311268541,
      91.7604956739564,
      90.07444059138464,
      92.42846633169592,
      93.62624267455506
    ]
  },
  "num_frames": 30
}