{
  "exercise_type": "lunge",
  "form_score": 56.18308088014744,
  "form_quality": "poor",
  "risk_factors": [
    "excessive_forward_lean",
    "knee_valgus",
    "insufficient_depth"
  ],
  "recommendations": [
    "Keep your chest up and maintain a neutral spine",
    "Push your knees outward to prevent inward collapse",
    "Descend until thighs are parallel to the ground"
  ],
  "joint_angles": {
    "hip_angle_front": [
      176.71175762186527,
      180.9288000301352,
      185.67963831170482,
      180.51000431857025,
      182.0965336727752,
      178.66166774249217,
      183.05623660314657,
      175.16083855824527,
      165.69822431642928,
      155.25073453275806,
      139.64426504185508,
      128.0653790717897,
      118.62092060474464,
      100.41672583940797,
      89.32217203180622,
      87.081183111099,
      88.14108619096017,
      90.48548115823198,
      91.21588262873145,
      89.52408538239452,
      88.39340470146578,
      91.12985636116741,
      102.74018703983536,
      115.94854337744538,
      128.33400653311094,
      143.61232123096187,
      155.32970458651158,
      168.51979292493687,
      88.84264059986906,
      101.74766611439082
    ],
    "knee_angle_front": [
      163.11583903485848,
      165.64996037287372,
      162.56365780913453,
      165.1910546727267,
      162.35524695026115,
      169.22375353797742,
      162.50486904110645,
      165.97653289235893,
      154.28855273051846,
      142.1328579467528,
      126.74666684349623,
      117.6650227413331,
      96.08161377588684,
      85.61186214418576,
      75.12352863435545,
      73.4237629052281,
      75.34421984971688,
      76.07034166447492,
      74.80009792317323,
      73.53083968232048,
      69.64011225951214,
      77.99408796907795,
      89.16496246070507,
      100.62732270151706,
      115.63898496799472,
      126.81929723689528,
      133.5397908710455,
      150.729746063062,
      74.81143956366546,
      90.031999734174
    ],
    "hip_angle_back": [
      178.91768371897598,
      178.15754935519948,
      179.72316252312808,
      182.24375387222577,
      176.87346244291766,
      181.04333630655523,
      177.88155528126873,
      178.18240949454542,
      184.11778332482544,
      179.3373802582506,
      178.11035677706292,
      184.7224766179777,
      181.4728507827226,
      182.4189819569631,
      180.84695520267402,
      178.16798269460435,
      177.10893530601922,
      180.63577880612272,
      177.2106001896579,
      180.5504827841298,
      177.88211755914656,
      179.64473004776087,
      181.44871521219144,
      183.36975172962,
      183.13977047281358,
      180.24267565585845,
      182.41930948379962,
      180.863715577824,
      180.5632633180495,
      177.9025289780364
    ],
    "knee_angle_back": [
      179.4519814221627,
      178.7683826505735,
      179.73567842346014,
      181.24328997847445,
      182.90901790011262,
      177.90383811018833,
      178.36098705665108,
      174.19397064410222,
      162.25286824466716,
      154.8886808885412,
      139.2080878789695,
      125.91948707784128,
      114.28044711701759,
      103.41419971408476,
      88.45790556819428,
      89.78592476767261,
      91.98005866237732,
      87.23708666272951,
      92.0817320400103,
      92.68240078875834,
      86.22767056687194,
      90.40931566336583,
      103.34132284566697,
      117.33489170925417,
      130.7512756637679,
      138.74820181940797,
      154.0713216171482,
      163.7630170080864,
      92.44283570676365,
      103.5365821945766
    ],
    "back_angle": [
      16.453637317026196,
      17.32629711452751,
      19.9454764193445,
      26.880515795347215,
      18.31967484205055,
      22.58709034282779,
      25.668211525294666,
      15.490264689033578,
      20.455685390292413,
      17.682399221254226,
      16.91669178798044,
      16.563742644297506,
      24.237833649984093,
      17.23277175937916,
      18.811344478311195,
      31.136091379672457,
      16.76237906721392,
      25.133078645141033,
      23.66874375281893,
      27.78218829121061,
      25.634007978114866,
      27.09407524204482,
      26.2837972308353,
      23.790021372902075,
      27.96376820544447,
      22.956711822261315,
      29.939382657594813,
      16.178571752769212,
      25.024187291407337,
      23.49189026829017
    ]
  },
  "num_frames": 30
}