{
  "exercise_type": "squat",
  "form_score": 90.01663880887313,
  "form_quality": "excellent",
  "risk_factors": [],
  "recommendations": [],
  "joint_angles": {
    "hip_angle": [
      183.55319469744316,
      178.55309479282937,
      179.83802934106615,
      179.69960451101826,
      182.00556443721538,
      181.0843487226342,
      181.86143001460124,
      179.7325730483319,
      167.56810538403963,
      157.0606390838311,
      145.32568266041073,
      125.12574224219847,
      118.03625154078664,
      101.85251708590549,
      88.37073048679294,
      90.18808688893554,
      89.39680012968678,
      92.18278435896696,
      86.55982022784718,
      84.74927811732334,
      86.62442482753512,
      89.04182712715617,
      104.38794609217945,
      114.24958859351398,
      129.42613298140037,
      144.0158075664043,
      155.01654981557695,
      168.51077208079354,
      90.87479665614165,
      101.98629805205638
    ],
    "knee_angle": [
      180.9848277908796,
      176.52670479919763,
      184.32876386417175,
      180.7619494624003,
      179.20825876906014,
      179.93253946489423,
      179.41015671194558,
      181.77636083210982,
      164.80994159076448,
      153.50194817118785,
      140.41137084340497,
      128.47905346453996,
      112.88488754431094,
      100.7669438307025,
      89.60480668065512,
      86.03484197683508,
      91.89291585221318,
      92.11218228178382,
      91.91166579973104,
      91.85915641568015,
      91.65247690623784,
      91.53864403668057,
      102.09687362962013,
      119.47397206489812,
      128.63908989428907,
      141.4491076349056,
      153.9664668179277,
      166.46889081611604,
      91.58084276069525,
      100.77139890091702
    ],
    "ankle_angle": [
      88.9475980419865,
      92.91910271275361,
      90.69971881822697,
      90.7906378290938,
      91.69916534143314,
      89.06436825537226,
      90.41648506288989,
      89.1265354655048,
      84.48444783866101,
      84.88586968962811,
      77.33030832847999,
      79.93128923501622,
      71.06977668841866,
      73.37614134725645,
      68.3354827794028,
      70.21212247613474,
      68.03908401026419,
      68.43330772678488,
      68.29849949579284,
      72.89104988707436,
      72.21546993303897,
      74.85837890437,
      70.83410355500621,
      76.18779730912296,
      77.80919976574349,
      78.06903583591554,
      81.69766781599172,
      85.9071755898411,
      72.33818877828855,
      75.11644723304056
    ],
    "back_angle": [
      1.5507017544412378,
      3.1945241960897723,
      1.374246034863164,
      -0.8358924767893413,
      -0.6029157157913325,
      1.6888870939765797,
      3.592776275695507,
      0.42945737699969405,
      -0.8333160439899735,
      -1.7443639962781545,
      1.189383492183524,
      5.575216053813397,
      0.08090097671828594,
      2.240336296324989,
      3.5394105033167857,
      -1.3562239427044311,
      0.5449833154930854,
      -3.3405539052977686,
      -0.8497350814708116,
      2.144868119097429,
      -0.7939652361331335,
      0.24735911179046763,
      -3.1392855751706183,
      -3.232083048939099,
      1.4301660107149354,
      1.72730420207017,
      -1.035950953357249,
      1.2577459923742185,
      -1.2562892638399268,
      2.6804122654476914
    ],
    "shoulder_angle": [
      44.35287499106726,
      44.55217857007384,
      45.489839283238744,
      43.29363542641257,
      43.228055297408886,
      45.38115598440399,
      45.716486218365155,
      45.79191286128488,
      42.729575048732784,
      43.532465440155676,
      45.42912172544634,
      43.40230651553412,
      44.932603234302526,
      45.75517475081494,
      45.94477253249877,
      45.20413777164691,
      45.88071508916593,
      45.472972966225136,
      47.87989176760501,
      47.554368099231354,
      45.70375063292211,
      47.536937804392466,
      44.697798380505866,
      45.36646903659339,
      45.08526813399868,
      45.509029624023015,
      44.41030121542226,
      42.0866570781302,
      45.80052920608279,
      45.572311958225
    ]
  },
  "num_frames": 30
}