{
  "exercise_type": "overhead_press",
  "form_score": 62.15404471012919,
  "form_quality": "fair",
  "risk_factors": [
    "moderate_forward_lean",
    "minor_form_deviation"
  ],
  "recommendations": [],
  "joint_angles": {
    "shoulder_angle": [
      88.50424730308023,
      99.98295001062225,
      102.47053926884328,
      105.94349796129008,
      114.13609451170063,
      118.29353675775087,
      123.58875568485014,
      132.6097819573143,
      138.38236332258643,
      144.21957055376038,
      151.7011874730551,
      155.54746688992694,
      163.45113933152825,
      169.62096104624,
      175.32669781676933,
      180.1757572744379,
      175.12214895439124,
      172.11839384331984,
      162.34810613467775,
      153.13452480638193,
      145.8312071640646,
      145.4279205512053,
      136.87805627931505,
      131.0171923077651,
      126.80060332718945,
      121.2895871280717,
      114.160705199577,
      104.68535610490493,
      99.85550288996288,
      93.44528155481673
    ],
    "elbow_angle": [
      90.811124477876,
      97.77298651127249,
      101.26479869685633,
      109.52286823455492,
      115.48239976012438,
      121.81478165892977,
      126.98089822247653,
      130.46221427747318,
      137.7784116359825,
      142.60695768663442,
      148.11348341563004,
      154.24272672940938,
      162.12456068027322,
      170.89628770565957,
      172.03100462381272,
      180.67960358271145,
      173.41493886828258,
      169.8356569086757,
      159.98014121897032,
      153.7851524533954,
      149.37676645111358,
      143.5521117668,
      139.5937640069006,
      126.34300619567712,
      123.34799161329738,
      117.80451972517402,
      117.6167873020275,
      111.98791407934509,
      101.78786505882212,
      91.80926351765518
    ],
    "wrist_angle": [
      179.6817422758007,
      182.36135105294312,
      180.4161991511376,
      177.9910647478741,
      178.103072489084,
      180.89116470375976,
      181.3461012805285,
      179.40399692316552,
      181.75575046139036,
      181.48391152895974,
      178.16777931616943,
      182.66153441840606,
      181.6247960883008,
      178.19432350930734,
      179.5170793379939,
      178.75359695894633,
      181.03662758778006,
      181.20821945877853,
      182.30362401690505,
      181.59067466847796,
      184.22348876910283,
      180.47514083829296,
      181.86492887958724,
      179.63498078352887,
      180.1641561455958,
      180.3284929220569,
      180.65846400188966,
      179.40075463607786,
      181.94653600217677,
      178.99997347128718
    ],
    "back_angle": [
      11.076125169655882,
      13.695098788756725,
      11.50403567736229,
      7.0244483198951535,
      11.142230842291163,
      8.944394158041385,
      5.113687082899981,
      11.167517787963202,
      8.627853902543293,
      11.11937628090533,
      8.641138043658229,
      7.6641698452730544,
      8.164865125703884,
      12.254033596432468,
      12.6684201994523,
      12.167155059134021,
      13.343123936914964,
      17.16189699764069,
      10.820006126195679,
      9.966800046057234,
      7.36601924140379,
      6.7789444764242965,
      1.945680691695581,
      4.702989178695915,
      2.169276687171521,
      7.700517995992922,
      12.33941849470676,
      8.326533829939569,
      6.419387956410551,
      12.96375912724037
    ],
    "hip_angle": [
      181.2944533077162,
      176.6309797374141,
      179.3992297594283,
      181.28315834642126,
      181.75037569318428,
      181.1799955779377,
      179.74034828059953,
      179.25685811274428,
      181.47964272018342,
      179.54028187613218,
      181.45791642788896,
      177.2095264583377,
      182.38834260041037,
      177.47829972115284,
      182.56870658896364,
      182.04302557105456,
      181.72864638022082,
      180.80654779119632,
      181.1872257461612,
      180.04719389749465,
      178.97962247055025,
      179.28272941586184,
      177.9655092227375,
      181.82379182337715,
      179.49384869400183,
      178.72400733762424,
      180.02724433678023,
      180.2811782108137,
      180.1552799270372,
      181.33556651869782
    ]
  },
  "num_frames": 30
}