{
  "exercise_type": "squat",
  "form_score": 39.15238324262733,
  "form_quality": "poor",
  "risk_factors": [
    "excessive_forward_lean",
    "knee_valgus",
    "insufficient_depth"
  ],
  "recommendations": [
    "Keep your chest up and maintain a neutral spine",
    "Push your knees outward to prevent inward collapse",
    "Descend until thighs are parallel to the ground"
  ],
  "joint_angles": {
    "hip_angle": [
      181.25092812813676,
      181.05178536001708,
      180.01684017458294,
      179.1837420548416,
      180.46847888708666,
      181.12153688115112,
      181.56551275549617,
      178.62422263651513,
      164.700276026639,
      157.12816309936738,
      145.0743249053133,
      126.99374105774525,
      113.85672289925914,
      103.97381053034317,
      92.19732630219141,
      87.65538291618692,
      93.77308659159435,
      88.77701346206005,
      86.99861671249005,
      90.56832228498085,
      88.32889738117501,
      93.36876621155012,
      102.69852353298857,
      115.67808652044621,
      125.8774859086737,
      139.6766110285432,
      153.9964070210036,
      171.5178840975844,
      88.66651393666307,
      100.92496473009179
    ],
    "knee_angle": [
      173.86418212356006,
      167.09050228026229,
      175.3039754657915,
      177.42598315240767,
      172.39354023846184,
      169.7775430116574,
      175.5674295838175,
      175.99867533533694,
      152.59922753689565,
      142.78097522783992,
      125.38101372448558,
      113.5487269610372,
      106.35110674121725,
      86.37839141157477,
      85.14977913396005,
      77.98034810108396,
      83.93988670006021,
      82.88177499560605,
      83.72265333333672,
      82.48600228856449,
      77.64738280729041,
      82.78456441074735,
      95.02541489187621,
      107.90013241168363,
      121.32437740491618,
      127.19774134075534,
      147.3429797100379,
      155.18205285423466,
      77.69800985270777,
      98.54198522807008
    ],
    "ankle_angle": [
      89.13824741048377,
      89.12048596483008,
      87.98897917213131,
      89.55826351136442,
      87.37592930778455,
      90.26876778406911,
      88.71757892531443,
      86.59186171532849,
      84.77074616386035,
      84.00874958044243,
      84.25849209444972,
      78.25480058301811,
      74.0949315504443,
      68.86746178706075,
      68.94723980004574,
      72.73075191456167,
      70.84724619625734,
      71.66714373343495,
      74.45486732916311,
      72.50466719699406,
      72.25957432762124,
      68.35925701991539,
      74.18995963454019,
      76.55979790335128,
      76.48390157013885,
      83.01609227201315,
      82.92011508485925,
      86.53234217556704,
      70.58163556115946,
      72.8481468120048
    ],
    "back_angle": [
      12.517072211293389,
      21.293524371200654,
      27.90691626669429,
      14.192117896380616,
      28.884844257751062,
      24.5517644458191,
      22.30297228209794,
      24.43569631928559,
      12.948932163169394,
      26.106794625184964,
      27.052190465694753,
      27.073729452490017,
      14.242902040353751,
      13.151893251845443,
      14.275844337347692,
      20.313240658565135,
      18.92914066111654,
      25.46944990717975,
      22.066054754057557,
      23.936945772050702,
      23.06345129926042,
      19.336500904019182,
      13.328507417488446,
      21.613396393669863,
      24.044639699346046,
      25.706745611195696,
      27.30163716550597,
      23.90736157071392,
      28.069139833744536,
      20.5415608023207
    ],
    "shoulder_angle": [
      45.601903473380624,
      46.034662724111435,
      44.799537327018186,
      42.33972327615841,
      40.190909061542584,
      42.650044022365734,
      44.645067677086686,
      47.56071302712428,
      45.360904000049274,
      45.7391889442966,
      40.62533290332427,
      39.955991186548474,
      45.61364124225769,
      39.93922413506656,
      45.32749226366829,
      48.44752632705766,
      47.56139567021117,
      46.43294871388716,
      46.21311314497235,
      45.2745281529946,
      41.23735738814243,
      46.5857544175632,
      46.41141660077862,
      42.50877954759907,
      44.26637086926105,
      43.188975297433,
      41.01027920817452,
      46.47330438280704,
      47.33648345298712,
      39.5878036345112
    ]
  },
  "num_frames": 30
}