{
  "exercise_type": "overhead_press",
  "form_score": 75.12550249801802,
  "form_quality": "good",
  "risk_factors": [],
  "recommendations": [],
  "joint_angles": {
    "shoulder_angle": [
      90.57442495926645,
      97.97891834282566,
      102.7591659085767,
      110.64932887719347,
      114.91644785727047,
      118.29317491111479,
      127.99091271272536,
      133.7824039850535,
      137.2330285093824,
      142.61115408073024,
      149.47771773283125,
      155.92301064898922,
      161.25292277152485,
      171.0350233525485,
      175.02597645605962,
      182.94515086022702,
      174.48200004123032,
      168.36865338645774,
      164.00266156235514,
      155.34122590563535,
      148.90069922663486,
      146.1483613346775,
      139.16302348080384,
      129.96390179045045,
      126.05430606801797,
      118.50599745550016,
      115.60294513175504,
      110.55397716983208,
      100.05572999377094,
      97.84323300661148
    ],
    "elbow_angle": [
      90.78711736498275,
      98.2397571278735,
      102.51011961368573,
      109.17785873869433,
      115.66495153922672,
      118.24864442105941,
      126.85157136447634,
      133.29025738197896,
      140.6950514531147,
      144.2177878548364,
      146.6422539567948,
      156.2665771034206,
      163.26128924112683,
      168.63619362452147,
      171.9241776564725,
      180.4747619930403,
      174.26339406497578,
      169.0823526629036,
      160.6345493441019,
      158.92092873592446,
      147.79772059891306,
      142.63056026472324,
      138.72673985708133,
      128.54089437896715,
      126.29199332562334,
      117.84328734606866,
      114.08499619341943,
      110.72168943332989,
      100.39337851070286,
      95.9654854895346
    ],
    "wrist_angle": [
      180.60468125921906,
      178.66860542707505,
      179.60032668061487,
      181.63033884311224,
      178.81473401317555,
      179.6413276375806,
      179.90526318149134,
      182.5758633742452,
      177.1538457052906,
      178.917868785075,
      181.43926915270416,
      178.4943281230764,
      176.91324699679512,
      180.03596114690157,
      183.2499993492664,
      180.41809753651486,
      180.70400359981585,
      179.21308049234105,
      175.99957240323943,
      181.46331936116795,
      177.79092673138328,
      184.8182184149435,
      180.51458491616035,
      183.1808500937497,
      179.71438293096753,
      177.33975883300016,
      183.8316660998073,
      177.57677825548063,
      182.74347984186704,
      180.64737630908664
    ],
    "back_angle": [
      -0.22094832464585326,
      1.4748636445531684,
      1.3013864682962266,
      -1.929400936660622,
      -2.0868212682607874,
      -0.6155237275843778,
      -3.8930835155656447,
      0.06421897150834793,
      -0.3100629622642844,
      -1.654215707543985,
      -2.834695469252974,
      -2.794567087594591,
      0.2327352313595081,
      0.04801960568410626,
      -1.8094586693752064,
      1.7852922677453154,
      -5.469797344422738,
      -0.45910751156154367,
      -1.596972328841864,
      0.7415511508145685,
      -0.5426242099178219,
      2.008596944208184,
      1.9470245153031265,
      0.02125412686578892,
      0.2477531296870015,
      0.23083706657024994,
      0.35186068144179594,
      3.08626982041101,
      -1.6240479397947953,
      -2.7288156262316883
    ],
    "hip_angle": [
      179.81736528774667,
      181.62628885777806,
      181.81347251544761,
      178.92156803559936,
      179.5243414350179,
      179.73529476076882,
      178.96573455068855,
      182.54973449083914,
      180.43554458273903,
      180.69197321891866,
      179.51434009727924,
      177.9122310653318,
      176.44701501263992,
      179.52691179444585,
      177.66578491713327,
      181.3076941898042,
      180.5810070848681,
      181.0701067594069,
      179.7418570399163,
      176.57075178672918,
      179.4949557370922,
      180.84649208012306,
      176.44835338784833,
      179.82649280215693,
      176.72497845835687,
      177.46790321267179,
      184.20545170380583,
      178.7275363948454,
      184.0965878642976,
      176.5362245494811
    ]
  },
  "num_frames": 30
}