{
  "exercise_type": "lunge",
  "form_score": 62.62641694269744,
  "form_quality": "fair",
  "risk_factors": [
    "moderate_forward_lean",
    "minor_form_deviation"
  ],
  "recommendations": [],
  "joint_angles": {
    "hip_angle_front": [
      178.35321125932174,
      182.50096148655422,
      177.71340318720257,
      179.95127844271298,
      182.03013415855676,
      179.24162570245824,
      182.25172652178452,
      183.1119040093764,
      164.74112413227084,
      154.55562688646117,
      141.77812992679515,
      132.32810091178854,
      115.72996093421709,
      101.03892232236225,
      87.05854369405255,
      87.73950096798356,
      87.72125354121127,
      90.09565618115376,
      90.23324495848082,
      87.97476645947549,
      90.75580963587753,
      87.76117819314766,
      103.70533220065717,
      117.3752167183059,
      132.35592745181833,
      141.542334219638,
      153.22056203224489,
      165.64652879891878,
      88.01615917724911,
      102.66944469987529
    ],
    "knee_angle_front": [
      178.72237224109747,
      182.06698935090589,
      179.8675172294573,
      181.8360160188514,
      181.33084412951223,
      180.14011925487367,
      182.22911515443388,
      179.29829250388403,
      168.36303191336668,
      152.9554648028615,
      137.88911865409293,
      126.58342449452911,
      116.12537603688882,
      104.5868303433481,
      90.05177216424086,
      88.82786346706493,
      92.3505958670034,
      88.45228406689607,
      92.70329257600602,
      92.81793521626368,
      92.87618230450738,
      89.63218500874433,
      107.10198455188952,
      119.10597282147154,
      127.00773327331363,
      143.5750527028087,
      155.53440473522963,
      164.48532604161448,
      87.14931344318055,
      103.1056255366129
    ],
    "hip_angle_back": [
      177.57621377290405,
      179.42469931473855,
      178.0830933175193,
      178.29470545503767,
      180.85946713829097,
      179.64446759593045,
      180.50919851427628,
      181.28564359824676,
      180.11657748570696,
      177.22309294228384,
      176.97377801667412,
      177.5685847707283,
      184.04126446763348,
      181.52575615775564,
      176.79700561108447,
      184.30469488610441,
      180.9238233042348,
      182.2630968508125,
      179.02988644083138,
      178.01977199805827,
      184.70042924934467,
      178.75172159896144,
      179.42429490610598,
      176.83812000062292,
      181.82931591249005,
      178.08192304939277,
      180.55825615252473,
      177.52301777216525,
      180.04246119836165,
      177.7905675762557
    ],
    "knee_angle_back": [
      182.60179486161547,
      181.4869761010878,
      180.61847452935046,
      183.53757239644938,
      178.73746933695568,
      173.4806873408969,
      177.89208386468073,
      176.5721992074373,
      168.28384751841222,
      156.4200233183633,
      144.1840073060633,
      131.55531373082047,
      111.96863703338417,
      104.57157662675857,
      88.83448537626766,
      87.69401304841887,
      91.59951532508751,
      89.99798284326071,
      91.43033377472076,
      89.05952684763628,
      91.2698279402688,
      90.22964008241927,
      99.68005446937418,
      118.81869626320443,
      127.14390246545923,
      138.60699064819232,
      154.1758022326544,
      163.42944909074194,
      85.9619200233739,
      100.14745423530141
    ],
    "back_angle": [
      7.70404629395562,
      14.386072031779205,
      14.67513266218227,
      9.618397369056831,
      7.43857342472824,
      12.400642368428127,
      8.995801827109542,
      9.877313821028775,
      10.613798799595381,
      6.760306230183671,
      7.106875660820446,
      8.198482745568043,
      8.682658212534214,
      7.2410039904291175,
      13.78533483438926,
      17.1509404942565,
      10.590961078269567,
      12.943066332921342,
      6.561015685060578,
      11.527944037436779,
      2.53072230098608,
      14.578138492530737,
      14.398572395018773,
      5.620725723077277,
      13.450482086179615,
      4.919886208607097,
      12.233057047961072,
      14.191894727286808,
      13.662150237500787,
      15.845417799222737
    ]
  },
  "num_frames": 30
}