{
  "exercise_type": "deadlift",
  "form_score": 44.03901937334024,
  "form_quality": "poor",
  "risk_factors": [
    "excessive_forward_lean",
    "knee_valgus",
    "insufficient_depth"
  ],
  "recommendations": [
    "Keep your chest up and maintain a neutral spine",
    "Push your knees outward to prevent inward collapse",
    "Descend until thighs are parallel to the ground"
  ],
  "joint_angles": {
    "hip_angle": [
      45.941989962176464,
      47.75164035567104,
      44.3434149669962,
      46.08022628787673,
      42.86812225078617,
      44.76642116588408,
      49.37748972908928,
      41.54655039461381,
      48.47101462579385,
      44.0625333158248,
      43.21222808272834,
      58.37105816923915,
      70.67069959639474,
      86.16467709590654,
      96.6643243819687,
      111.57669210418109,
      127.74890557023949,
      140.16291356101848,
      154.275000520418,
      165.41064230776803,
      183.02123027640846,
      162.67854319317587,
      147.99329387878683,
      137.63027221602343,
      126.14740605554437,
      109.07648845158258,
      100.9667198002694,
      86.19170289421619,
      72.7051100554637,
      58.90986730392102
    ],
    "knee_angle": [
      89.16707299966016,
      94.65144041172431,
      90.32442998031311,
      90.2973269565834,
      90.9277222861854,
      88.18720245764734,
      89.42332309275493,
      89.17424144918371,
      91.73602183982774,
      92.3911831620271,
      91.17891104850055,
      96.59231635115651,
      106.42203597046982,
      115.64474801991116,
      125.28063393322635,
      137.0882069289474,
      146.12138923139426,
      153.06239206135868,
      160.80897338499824,
      170.6850225544611,
      180.01424215204108,
      169.66444698537535,
      162.7819883974268,
      152.69107823015617,
      149.26723349465618,
      135.56825679660707,
      127.7744572497883,
      117.20137286959324,
      105.95742045068886,
      97.1128981257626
    ],
    "ankle_angle": [
      88.50262045241419,
      89.74913272896322,
      93.51020377367425,
      85.17133607057919,
      89.94623577012315,
      90.80126811462799,
      88.77432630215793,
      88.12685382691012,
      88.39679317155745,
      90.40947611816497,
      88.59012974107375,
      92.04279193675606,
      87.11264088160985,
      89.48176793627749,
      87.44924867782454,
      86.54878730349712,
      88.26337129082255,
      88.94178877034186,
      88.0479747664688,
      93.13382485512543,
      93.96559529493936,
      86.97110327755234,
      87.70222911994729,
      89.44774689382406,
      87.9169893191089,
      90.62144262892188,
      86.65747083649227,
      89.68169779810268,
      88.10209632914996,
      90.43051347436868
    ],
    "back_angle": [
      28.43282824423158,
      36.40317856624125,
      22.84532793940327,
      35.853810824969216,
      24.33389242014846,
      21.11797670553673,
      23.784854514870435,
      38.451209968683884,
      34.258960719363685,
      30.265005063734403,
      21.538730843701632,
      26.198967394967912,
      28.143988839203573,
      29.882281278287376,
      21.889468844767503,
      21.871939938951563,
      36.581497937814746,
      27.638051849749466,
      38.35098599299871,
      20.73507949044491,
      36.43210298118536,
      42.23264653999985,
      26.999490481348563,
      34.134197584033615,
      36.955406348590074,
      32.61297411423191,
      34.97419157443333,
      38.85671032884402,
      26.18220803492536,
      28.001423218900406
    ],
    "shoulder_angle": [
      87.18514189469487,
      88.28180277249315,
      90.49058892342985,
      90.52781885317172,
      91.89336476242707,
      90.97121068099807,
      91.293536114783,
      91.69644541753345,
      92.35187029605754,
      88.68647000540543,
      87.81960760860193,
      91.14458129489194,
      91.10643693151772,
      87.59684459481994,
      91.0488079793651,
      89.67716128707524,
      86.79316285217557,
      89.77050402706874,
      93.07747528552217,
      86.86107148792885,
      86.36700196798286,
      92.72769958690155,
      86.65628747037772,
      92.57216920345313,
      90.07929699519288,
      90.72331141201545,
      92.57914229239823,
      90.78273942508814,
      89.2430048560541,
      91.05514924478433
    ]
  },
  "num_frames": 30
}