{
  "exercise_type": "overhead_press",
  "form_score": 96.78650969773577,
  "form_quality": "excellent",
  "risk_factors": [],
  "recommendations": [],
  "joint_angles": {
    "shoulder_angle": [
      87.82187656847759,
      95.92559942048402,
      102.20968607916478,
      110.61856958945397,
      114.41476655018111,
      120.90305273103424,
      122.39601775003922,
      130.35040046526828,
      136.52244876199634,
      144.05253182327388,
      151.3162810805766,
      155.02691896588473,
      162.70171998043983,
      170.8228207677771,
      172.3794956680836,
      179.28975090098612,
      176.23947541169136,
      169.59735672242982,
      161.76755968271036,
      155.3837613377553,
      148.65613625300992,
      143.8448530668036,
      136.96427938314324,
      128.88647836753245,
      126.08116453332941,
      122.42420291694984,
      113.39504990016162,
      108.30968367980202,
      99.94519283118152,
      93.17416979862192
    ],
    "elbow_angle": [
      92.4608992531774,
      95.20464287198435,
      102.80488658181793,
      109.41205138290907,
      114.9885784955675,
      120.4540005816682,
      125.85372698870536,
      132.32242505604296,
      136.21196645638884,
      143.21172533027917,
      148.9258106052302,
      157.06705795275664,
      164.05894170311544,
      166.20617168181175,
      173.0477465759362,
      181.41343480789143,
      175.4547858748601,
      169.90200042397942,
      163.47860206699332,
      154.20129418153215,
      149.03235046236972,
      143.67079640323362,
      136.38494963159744,
      133.3184350410046,
      124.73477319830997,
      121.56856592477709,
      114.525808452417,
      112.07672939394828,
      105.73957890512662,
      94.91778979624749
    ],
    "wrist_angle": [
      177.73015190661238,
      182.30659352168252,
      180.67361319975106,
      181.6171539092072,
      177.29326209154428,
      182.60296794779688,
      175.47058736753763,
      178.91962553933553,
      179.63672126168137,
      183.65548007415,
      179.20395272624552,
      179.96315595101137,
      180.1500385779525,
      179.84089876586822,
      179.4444982414742,
      178.55382769396903,
      179.91434019675538,
      181.0612586828464,
      174.7964440532661,
      177.6029432140663,
      173.9290290683338,
      181.0101185470923,
      182.99913660978453,
      179.95317572488167,
      179.4611921670779,
      179.13844382737037,
      177.73704401579027,
      181.6954373434465,
      176.19320556501236,
      176.51148705208684
    ],
    "back_angle": [
      -3.317807763987001,
      -0.21849415351025872,
      3.412008682918431,
      -0.8965574439456467,
      -1.2621454281188984,
      -3.184383111306927,
      -0.3761142297379961,
      0.4540566622485808,
      -1.57521267589554,
      0.6863864237561674,
      3.1460749306402285,
      -0.1503963473957922,
      1.5236620329593151,
      0.20228437992785173,
      3.665064722785892,
      1.7951251831106458,
      0.9919122040550205,
      -0.07909209901182476,
      -2.228512069071327,
      -1.6415668653427953,
      0.34038384542368033,
      -1.3525893100811575,
      -1.615925680125094,
      1.6413929976906272,
      -0.7163478102237425,
      -0.32081325433480457,
      -0.8385687427107963,
      0.9500591101048825,
      3.822157569607434,
      -0.48820710372816883
    ],
    "hip_angle": [
      179.71771293786315,
      179.82754787232398,
      177.39623479799988,
      182.57566295247597,
      181.10760543327197,
      184.00157367840447,
      179.65514812567383,
      178.12708265568043,
      179.82287197921923,
      182.53359948873933,
      181.18666636150914,
      177.8523225642772,
      180.74055829156788,
      177.111040820532,
      175.9861737711733,
      179.8558633078274,
      179.89616230602107,
      180.72521540898052,
      179.52147704462467,
      178.55024125175765,
      181.08463170812695,
      180.37829614865439,
      180.30341021929152,
      179.73170533170392,
      177.37171061305,
      177.33284696884556,
      177.8643162753897,
      181.15266607695094,
      178.7646432927782,
      179.1664536024839
    ]
  },
  "num_frames": 30
}