{
  "exercise_type": "deadlift",
  "form_score": 72.29583613071792,
  "form_quality": "fair",
  "risk_factors": [
    "moderate_forward_lean",
    "minor_form_deviation"
  ],
  "recommendations": [],
  "joint_angles": {
    "hip_angle": [
      44.36149738354939,
      46.21482576579822,
      46.56784872983744,
      41.783095918817075,
      43.05491580971244,
      45.880103520832144,
      42.80248044261448,
      44.73218593299407,
      50.61879230953988,
      42.190357916277506,
      46.01772046600239,
      59.16269396136622,
      71.69106620522473,
      86.0015060325386,
      96.950404395737,
      113.48783172897514,
      128.30597439302014,
      141.12413116883556,
      156.65579133918334,
      169.26922038958756,
      181.68251442913342,
      166.26643988560994,
      154.21711429758764,
      139.54166146061362,
      124.75206385593303,
      110.0790692257949,
      97.512248481521,
      84.912589814454,
      68.28156784662836,
      55.96897440464137
    ],
    "knee_angle": [
      85.47323255088219,
      86.66581315688767,
      89.67947621280469,
      91.12913203058064,
      89.34147162761626,
      88.14854504355336,
      88.26469990342514,
      89.64514262551135,
      90.0635986091523,
      92.479392967973,
      90.87439736204696,
      104.89459564819829,
      107.20129359805237,
      115.62881099392185,
      125.70409558356715,
      136.923392693977,
      144.08575307434126,
      152.6650177704801,
      161.78220051729653,
      173.94965681138612,
      177.75368370248125,
      168.01910881808772,
      159.76572320892126,
      149.76884475370102,
      144.75701633435753,
      131.88428029773468,
      126.05273586207322,
      116.95938187309136,
      107.04441319573401,
      95.69139227163024
    ],
    "ankle_angle": [
      90.5745391745015,
      89.47964102429108,
      88.31888446357186,
      91.38224089173498,
      89.18511360065106,
      89.90432830571562,
      88.67669855965241,
      91.77896824410566,
      93.21980515822148,
      89.56831678335821,
      91.45942231890477,
      89.1933670230673,
      85.83953912324414,
      87.70185258909645,
      89.52067628369718,
      91.47849038210792,
      92.82354418459298,
      91.31463564453566,
      92.18149207943341,
      91.53843266076554,
      90.2185417872536,
      86.62311112950728,
      90.11745161269423,
      90.0401990170123,
      90.68265749340783,
      89.75737717744596,
      88.51874571502657,
      92.87042236647544,
      85.85092768318759,
      89.5465123734521
    ],
    "back_angle": [
      11.976595706838875,
      16.017243625803943,
      17.56899145878508,
      11.926385578636767,
      20.06240543404074,
      8.97678755126127,
      13.28807272909614,
      11.540943886796708,
      8.637403607824984,
      9.82994860198713,
      12.29975892196864,
      13.277438358913326,
      15.526215172117075,
      8.41746524194292,
      13.865401569501579,
      11.115663630127258,
      10.729903070031,
      12.01097073939314,
      16.399331888172682,
      14.532790671373384,
      16.10491337387706,
      16.916444226542595,
      16.419761966360383,
      20.953278105466662,
      14.91212873031212,
      20.301279856913293,
      14.278657718420195,
      8.766919894302857,
      14.126188436862579,
      16.32998326945922
    ],
    "shoulder_angle": [
      91.47252594847244,
      83.71181342236194,
      88.35405485115335,
      87.67716930371652,
      88.60024188831773,
      89.16221844541832,
      90.76559466542648,
      89.8472574894334,
      89.59124652619207,
      90.50081664153106,
      91.34507960700103,
      91.02227300646865,
      91.19728303107449,
      89.17405393306348,
      89.70540816000864,
      87.54857343971838,
      92.61477358541771,
      89.96976249721796,
      91.18893006134417,
      92.21780714786868,
      92.72767855501226,
      91.94704008690547,
      91.74517854821542,
      89.89992195745917,
      92.85495317792872,
      91.99287148668407,
      90.18107117749956,
      89.536095286768,
      90.649562610927,
      90.7424717289718
    ]
  },
  "num_frames": 30
}