{
  "exercise_type": "lunge",
  "form_score": 97.26297181639839,
  "form_quality": "excellent",
  "risk_factors": [],
  "recommendations": [],
  "joint_angles": {
    "hip_angle_front": [
      177.22459020709644,
      180.9520225362161,
      178.04907378133717,
      182.84748853138615,
      179.94974250002858,
      179.31330547055916,
      178.14885897946948,
      179.3903969232564,
      166.74285484970306,
      153.05035690092035,
      140.558125815401,
      125.3858723280179,
      115.93544063761925,
      101.23102000674925,
      89.99454323084002,
      89.01110633837851,
      91.21857564022955,
      87.90429841803174,
      89.67146359203494,
      92.40123209487577,
      88.16447191051189,
      89.77052160354124,
      102.1166105396262,
      116.15460718199473,
      129.41948336244516,
      143.89578363323963,
      157.53495590289424,
      165.58827589648462,
      89.86175217043188,
      104.13724532989593
    ],
    "knee_angle_front": [
      180.41581272052372,
      178.8839516993799,
      181.23789507662423,
      177.93517685385982,
      177.54709613065728,
      177.18092134299548,
      178.01808037965378,
      180.57609391782051,
      165.04032321021597,
      155.45554472321408,
      142.41819485634812,
      125.62478810504241,
      114.89934338861109,
      104.81655478404906,
      90.16149061286366,
      91.57778516347581,
      94.15665411697665,
      90.33408453655377,
      90.95809434750414,
      86.86780178680178,
      85.983018510086,
      92.7721072300346,
      100.73891763973421,
      114.06994168978612,
      128.81430398767907,
      140.4680194465135,
      152.54996701346627,
      168.16615958458794,
      90.5172161534183,
      101.38665050303644
    ],
    "hip_angle_back": [
      178.36355285111333,
      180.81945863323332,
      176.7401074210145,
      177.37921814258442,
      182.38971562057245,
      178.84842008491154,
      177.96051672378334,
      179.17994953148153,
      180.37707392141235,
      179.3794058417465,
      179.6244228914271,
      180.2846838199163,
      178.73563161761984,
      178.8203525381829,
      180.5429462282259,
      173.818191737485,
      180.42542634090933,
      183.20261382529122,
      179.37267065822533,
      181.5714999307703,
      178.64082281145582,
      182.1023889631779,
      176.64972429840444,
      177.79391199500284,
      180.22946063687925,
      180.35251696906917,
      180.14195181031292,
      182.58280133381894,
      184.149947599545,
      182.67426507109678
    ],
    "knee_angle_back": [
      178.38245412584985,
      179.4516547061293,
      177.15793768215548,
      180.39012341073678,
      183.97369689665987,
      178.90773437669188,
      177.66587790965204,
      177.8922892933681,
      166.11060198726574,
      154.13751584088635,
      140.69658498155403,
      127.66651974936762,
      115.62721523648293,
      103.31761111597493,
      89.65631504762725,
      91.90372971013792,
      93.30290649068775,
      89.28924088917307,
      86.68047917992742,
      90.35563487572118,
      91.29686246911662,
      89.81730839477859,
      100.90233463456745,
      120.8827158067204,
      125.60178985908688,
      138.69788645643828,
      157.7888031332935,
      166.3412770696489,
      87.69564298128714,
      101.55987560555987
    ],
    "back_angle": [
      1.4727019938338566,
      0.3576795939450817,
      -1.246373826730156,
      -1.1643509514650288,
      -0.3590986442511352,
      -2.385434315493012,
      3.8678641505714673,
      0.8800239159217821,
      1.2683019508028268,
      2.3635134309175343,
      -2.0448602586034297,
      1.5315244661399954,
      0.7588219492349797,
      -1.606298809684958,
      -1.3417292309712163,
      3.318956004087487,
      0.16822023024998406,
      1.6398081588163793,
      0.5798111070611348,
      -2.174876374177295,
      1.5883866532327053,
      -1.0325150571072497,
      1.7659167432927207,
      -2.4677938373504777,
      -0.9832039254478938,
      0.764504998169324,
      0.6139443945352179,
      -2.473393697515292,
      0.9185951201924566,
      -4.803668116595342
    ]
  },
  "num_frames": 30
}