{
  "exercise_type": "bench_press",
  "form_score": 87.9533194192276,
  "form_quality": "good",
  "risk_factors": [],
  "recommendations": [],
  "joint_angles": {
    "shoulder_angle": [
      88.51152840265226,
      88.77517449722244,
      90.00736692715152,
      86.2190733177388,
      88.02211681196657,
      92.3782434101702,
      87.15739314945807,
      90.06663728436335,
      91.56944037987805,
      90.01982549468241,
      93.06214765257218,
      89.64575838272047,
      89.87583587691472,
      91.26968568880447,
      90.68874000128274,
      85.55050002147291,
      89.56401891738287,
      91.56855021151418,
      90.12614110414987,
      88.54753520147244,
      91.58407189632875,
      93.00824586397871,
      89.45072157075458,
      91.03959474809461,
      90.14457316966343,
      90.83957961686633,
      88.57265952996921,
      93.54600256995253,
      88.22374504322102,
      87.24941550929115
    ],
    "elbow_angle": [
      87.77168278966845,
      87.26078824286239,
      88.13526520214019,
      79.3529601386511,
      79.3531674448503,
      72.89877749111487,
      72.8253848676189,
      70.84313952804479,
      63.5488328591863,
      62.93406351400945,
      62.883500161580926,
      55.859155829137784,
      54.15316861920245,
      53.77991972763387,
      48.72692567285774,
      44.17114357169984,
      46.530247326970496,
      52.11384198661449,
      55.204106929227436,
      55.90018694272682,
      60.290068917662225,
      63.21793736982364,
      64.68659673380378,
      69.35382269945869,
      69.60369422862603,
      74.78953325095962,
      75.56547075291888,
      83.58153723260294,
      85.40573041775883,
      92.49954032732211
    ],
    "wrist_angle": [
      180.29017917572648,
      177.48229989889606,
      181.48611638256162,
      177.0003098990656,
      182.63642444332768,
      178.61458439688204,
      179.17158802532853,
      181.41495597478942,
      180.5278258449701,
      176.92675865662068,
      178.51652654643124,
      176.48059203711253,
      180.74131605659647,
      179.74889676210697,
      180.41628413934095,
      179.3767048035307,
      180.78873503115756,
      179.05178247806123,
      182.48289120461837,
      174.3046337411894,
      179.38855223581282,
      179.7708892353773,
      180.46421664621033,
      176.52540835094678,
      179.9540716827111,
      178.3059060212428,
      182.6881398140278,
      178.18809560756299,
      180.39120446681542,
      182.36954611804023
    ],
    "back_angle": [
      -5.2973518146190255,
      -0.9709884174493721,
      1.2317541839804962,
      -0.2349093653042502,
      -2.6589530080395307,
      0.1345045591825739,
      3.859448955422965,
      0.5736014684706464,
      -2.648379813644948,
      -4.70672395928787,
      2.0723570257608284,
      -1.6839929943948475,
      2.3417268488925935,
      0.895654888564938,
      2.4596663917658517,
      0.19901104393084257,
      2.398022730472047,
      -0.7332275114590764,
      2.6486295649850247,
      0.1352655657489352,
      -0.16468525101179038,
      -0.5163171518600417,
      -2.1875714856486614,
      0.13646274903151526,
      4.536353540475859,
      0.23276458065188105,
      -2.9030553165169706,
      -3.031325853786342,
      -2.0359177696213147,
      1.0139455594198599
    ],
    "hip_angle": [
      89.44684089474289,
      87.97025852024322,
      88.95462920230128,
      89.29716816167726,
      89.63737980468528,
      90.03755098111338,
      92.1452515836612,
      88.88427190918037,
      91.9092275644614,
      88.8241667275927,
      91.67347526021058,
      88.57030982401517,
      89.95359257934417,
      91.54832563610155,
      91.098899003444,
      92.05250016322253,
      88.3559551371677,
      88.49633509310678,
      87.55685632481661,
      91.44943401090902,
      86.30253158273767,
      89.90041837541835,
      90.05587434924045,
      86.51449489571807,
      85.56015226801041,
      91.99536536143084,
      90.40666797883537,
      91.13271785469271,
      90.52750645064523,
      87.213030168662
    ]
  },
  "num_frames": 30
}