{
  "exercise_type": "overhead_press",
  "form_score": 78.27215768996476,
  "form_quality": "good",
  "risk_factors": [],
  "recommendations": [],
  "joint_angles": {
    "shoulder_angle": [
      90.81923076609979,
      98.83447338252171,
      99.92406129904974,
      110.34679379563065,
      114.40269953715024,
      124.22407159627826,
      125.1980974236222,
      131.7054823987588,
      137.04948666831123,
      140.56795127865533,
      150.6504071988909,
      155.58357703212678,
      161.7283984751429,
      167.1010297147079,
      175.00212813045746,
      178.88657624271195,
      172.70253993688476,
      170.67741719893291,
      158.92323053588956,
      156.30795482615912,
      149.41765619137328,
      146.8400453927599,
      139.44817858513895,
      131.21152570689753,
      127.18646828323136,
      119.84551756225197,
      112.53032224762222,
      108.62490408430263,
      100.0498717702157,
      96.476282703072
    ],
    "elbow_angle": [
      88.23797178235833,
      95.140703916502,
      102.37558605491338,
      106.8401779260262,
      115.87214195980215,
      118.38789866027435,
      126.70997590818334,
      133.3980647597214,
      139.21876824538774,
      145.55857712717753,
      151.1619434856566,
      155.1460313165207,
      160.1211152971979,
      168.81504795641206,
      173.1241847468069,
      180.60628001014803,
      177.19333417290204,
      168.01348912209315,
      163.0071124905557,
      157.23451126896654,
      149.84471333302255,
      146.14151416182955,
      139.80703216863884,
      134.18574124236386,
      124.7766520274825,
      114.99281392681166,
      111.888874328873,
      106.64054825633575,
      103.19488851639203,
      97.63477217506839
    ],
    "wrist_angle": [
      184.6962875622622,
      179.02920357104512,
      180.75032517562664,
      179.97758124584257,
      179.67368022640508,
      178.96619195318513,
      178.83769593952078,
      178.76859002347427,
      178.8414488303282,
      179.44871391811918,
      180.31829884826345,
      179.89583287805868,
      182.4787781828406,
      182.90781826945576,
      181.35951686635568,
      176.17877010436268,
      182.2989591098479,
      179.16285963750008,
      180.75146377394677,
      179.44493298033,
      181.4279884978356,
      181.2960807292001,
      176.68699214859208,
      178.59999383140683,
      179.82649985590487,
      180.26564217792955,
      179.59850337014876,
      180.952830091094,
      179.10283914761771,
      179.96067995605293
    ],
    "back_angle": [
      0.4846507222974758,
      1.1950903368168342,
      2.7799185008234892,
      -1.7022531310926898,
      -3.319196973318281,
      -0.7335459226463671,
      0.31241353789847864,
      2.1215717866225456,
      1.9073244128760602,
      -1.711845172127158,
      -1.5593369331746854,
      1.5498138975776472,
      0.6019412017058496,
      1.8026112196534751,
      1.6617365629830738,
      0.7042417008341865,
      1.5028567510594788,
      -1.5494985874128353,
      3.7114919836087785,
      0.2213723969601743,
      -1.9774726937913856,
      -1.8395084345753523,
      0.15318726454087905,
      2.2374770869841414,
      -0.5455563836989206,
      -1.6766120162164426,
      4.3214705554226835,
      0.7251988581101297,
      0.3527617428367325,
      0.9267127231496906
    ],
    "hip_angle": [
      181.27167696123698,
      178.77538132914583,
      178.38424499504944,
      183.35924171976728,
      186.46020491853199,
      178.8285546041466,
      180.60669108539406,
      182.18788479645065,
      182.04856444769993,
      178.00913659132573,
      179.01193078297683,
      181.44295932495027,
      182.292085884315,
      180.07794542249886,
      180.34364906894587,
      179.77048724115,
      178.29557445699254,
      179.6917564442862,
      184.26734026818787,
      176.36093058166063,
      179.3508042808173,
      181.48585893729185,
      178.24750728623613,
      179.31157744951278,
      177.8714127869485,
      178.50598599481074,
      182.01875849147098,
      178.91738666058097,
      182.58148194705504,
      178.83619547650133
    ]
  },
  "num_frames": 30
}