{
  "exercise_type": "squat",
  "form_score": 79.8311858795711,
  "form_quality": "good",
  "risk_factors": [],
  "recommendations": [],
  "joint_angles": {
    "hip_angle": [
      181.01263669610535,
      181.1320491687918,
      178.6038448306201,
      180.8466422231887,
      179.44024038854727,
      179.49364401438908,
      178.06626185890698,
      179.97910402084614,
      165.48094563185057,
      153.32899884033696,
      139.67503596266477,
      130.0448451875696,
      111.16729392782716,
      98.99365731574517,
      88.4702873852847,
      88.19438384483422,
      88.8840630401965,
      88.68410460519789,
      91.97814105972358,
      91.92618152185234,
      89.8792065015196,
      91.91556390938996,
      102.3342713667686,
      112.02527200434345,
      128.03993351056866,
      142.93323579138212,
      152.82596864523427,
      169.82375769533135,
      88.98302634607235,
      98.11232774315744
    ],
    "knee_angle": [
      179.27584607217355,
      176.3272972079066,
      181.5286951365264,
      182.88975379812163,
      178.75521576072538,
      177.0488114439443,
      179.88078637121703,
      178.2278837954258,
      167.9579683991484,
      155.7369608545114,
      141.64059705553683,
      130.49523899618077,
      113.36146381314602,
      105.15115651650738,
      88.48721640841215,
      89.51101029067274,
      92.04281585262248,
      87.72588191424373,
      88.49961824945049,
      88.68405863532429,
      90.97796336049392,
      91.106649538982,
      104.20366202491023,
      117.49888456322992,
      130.16840019298817,
      140.70943031811845,
      152.98472337245389,
      167.89362783338112,
      89.97783071274631,
      103.22742721321085
    ],
    "ankle_angle": [
      88.25057026259263,
      85.1012800566981,
      91.85994471565135,
      93.14283424596282,
      90.8058839776419,
      85.42575211384674,
      90.61044930187934,
      91.97481046618435,
      86.9734552853877,
      82.19025981082119,
      78.08168083159443,
      78.32710907319586,
      78.34323146786619,
      72.34194131090831,
      69.48806605188213,
      68.01779798533289,
      66.92448582849379,
      65.99900215779212,
      70.28779654901079,
      65.48270218666227,
      70.84111680221815,
      70.21808376771047,
      72.68115661482516,
      72.62055220897871,
      79.34131049952953,
      79.39174997441648,
      84.84605994202025,
      91.76341530277917,
      66.65560915016513,
      70.94770114191265
    ],
    "back_angle": [
      4.0816738123530865,
      3.678297383620272,
      -0.46789822729705,
      2.2448543373343792,
      3.0506200658203175,
      1.0649897553534693,
      2.142562726030227,
      1.9780663396549798,
      0.1571515271546986,
      -0.20979332272129225,
      3.3059526545076166,
      2.008829016359403,
      3.9419984784618993,
      4.207979369709562,
      0.04257915641916732,
      -1.5430540005877649,
      2.4128908525952966,
      2.038182240494097,
      5.130805358201135,
      2.4383870322841226,
      4.177812076444056,
      3.33149199294578,
      2.5345981114405287,
      3.423186525725419,
      6.018922521491096,
      -3.7741630739826526,
      4.173108974362143,
      5.051285180871006,
      3.1383829653378634,
      4.356501002323953
    ],
    "shoulder_angle": [
      46.80712660044883,
      41.39737739143715,
      47.89424009274464,
      43.684880739757865,
      44.803128787717654,
      43.56580860345591,
      44.71686458473051,
      43.426346500837234,
      43.73998467853231,
      44.17477243467837,
      45.1869956063722,
      44.10279355042676,
      46.15222890427869,
      44.38724584303074,
      44.53429421116213,
      49.98004729946832,
      44.24438423146448,
      42.92259743258659,
      45.13839616075021,
      42.5137440916946,
      45.21741269564576,
      46.12755690332311,
      41.76951233088583,
      42.72661179854623,
      47.320225401553515,
      42.85207184286818,
      45.21971573480545,
      49.10041361961873,
      44.758076347031846,
      47.514715526500005
    ]
  },
  "num_frames": 30
}