{
  "exercise_type": "bench_press",
  "form_score": 91.80527197699357,
  "form_quality": "excellent",
  "risk_factors": [],
  "recommendations": [],
  "joint_angles": {
    "shoulder_angle": [
      92.24923223579975,
      86.0406250531458,
      92.35309870664491,
      89.8051914256623,
      87.2692179792482,
      90.27868196650022,
      93.72621821263986,
      91.47504663850312,
      90.13166386533342,
      90.94946231996745,
      90.1933524379964,
      89.54896929294031,
      91.2013500299732,
      90.77841200752735,
      88.55161075283651,
      87.33808771247392,
      88.54255671358634,
      89.26861761762338,
      90.50785368653231,
      89.04826150595817,
      91.33106161429593,
      92.82970127637448,
      86.73598285864094,
      89.22196242387349,
      94.0641093207712,
      88.74619036070389,
      90.66125240861464,
      88.52499769974736,
      87.46582106552296,
      90.63286183168348
    ],
    "elbow_angle": [
      92.18366906684612,
      90.06494375550915,
      81.19313659973369,
      80.9799962051582,
      78.63877383188263,
      72.91242861375879,
      71.05765043082873,
      65.29456422852222,
      71.17339303717544,
      63.514483333018035,
      59.92289363617979,
      58.23522867812438,
      54.91321608774819,
      48.49490619538487,
      49.523191513424756,
      47.56657275958391,
      51.23534871713695,
      51.417232429203764,
      48.9425997929423,
      58.280924977776465,
      62.126063000070836,
      62.9534456443862,
      64.89776845101703,
      70.96309183898911,
      70.29742906926448,
      76.44590487082608,
      77.54735557646586,
      79.64472098114395,
      85.02024333790887,
      87.74646720694142
    ],
    "wrist_angle": [
      177.44526953250644,
      178.15340309123854,
      178.49709353703906,
      183.65251450008597,
      178.13414513603598,
      178.16158716382057,
      177.2007959931901,
      180.34300701705513,
      181.77038864844258,
      179.76193555293264,
      178.7024286950626,
      180.46687058216781,
      181.95680909746306,
      181.2920111809432,
      175.5745226420954,
      177.9430189628254,
      177.74791339898343,
      180.08233023583335,
      184.09238679412422,
      181.20163167618415,
      179.683349641891,
      181.61862176524556,
      180.02764834114635,
      179.12175448303492,
      177.99982370999163,
      180.46099624786885,
      180.50696778206003,
      175.80830762717434,
      181.62535724947926,
      178.2936853153591
    ],
    "back_angle": [
      1.7887490050100041,
      0.16517237847900743,
      0.9399107742343632,
      0.2215175841873167,
      -2.400261753084111,
      -1.0598396180064338,
      0.551315771161028,
      -0.04385976189269199,
      -1.7766249303142703,
      0.28525156364694015,
      2.501251486723564,
      -2.7809902265847803,
      1.8656418559507633,
      0.006699287732158036,
      0.7438446321816964,
      -0.12189337624310405,
      1.6026676364364043,
      -0.9680593254430665,
      -0.7529695520544671,
      -1.8944137050127081,
      2.5862272912380964,
      -1.1866177530399644,
      -0.4206427740513803,
      -3.43334312118412,
      0.35787051741191717,
      -0.16244055993754794,
      2.231744259356014,
      4.036173516170279,
      -1.202546667626629,
      -3.872176541378045
    ],
    "hip_angle": [
      90.87803812727779,
      91.11578078123704,
      91.01437240957121,
      90.2731205208038,
      93.87009286613893,
      89.42286445619564,
      91.62034141166298,
      86.14903976377626,
      87.95769233152859,
      89.52833602193292,
      91.28751577837465,
      89.01012273392699,
      91.62755231620314,
      88.02057870843996,
      88.15602753310915,
      88.83771363960332,
      92.83424263001056,
      84.89505347519597,
      89.76010494756562,
      92.9799702162052,
      95.75684301105011,
      90.78704550061768,
      94.54163811854367,
      87.8587407168005,
      90.2742729040314,
      92.38659990888772,
      91.09996273695968,
      90.218205878568,
      88.89936370821161,
      88.8367924145997
    ]
  },
  "num_frames": 30
}