{
  "exercise_type": "bench_press",
  "form_score": 72.3866898365347,
  "form_quality": "fair",
  "risk_factors": [
    "moderate_forward_lean",
    "minor_form_deviation"
  ],
  "recommendations": [],
  "joint_angles": {
    "shoulder_angle": [
      88.977989594722,
      88.00006563182727,
      89.19037073856222,
      90.29972216435874,
      89.27136289795178,
      90.034090495698,
      91.84235210557523,
      91.7987505402377,
      86.75159781124766,
      93.04955942141528,
      88.99834405486895,
      91.60044916344101,
      88.63788405239887,
      91.77072744319655,
      92.11168237555572,
      90.21255306571413,
      87.39532953123805,
      88.99362236963405,
      85.77781862437817,
      89.4687383958817,
      88.88245012082965,
      89.81289195542601,
      87.28065738289281,
      89.99823412575161,
      90.18576750479144,
      94.93094684451393,
      87.13178688873906,
      91.05069151574632,
      90.28194226301004,
      89.04898824983886
    ],
    "elbow_angle": [
      77.61826047540681,
      86.78491105205238,
      82.7606725878935,
      79.25075108107913,
      71.87482930131088,
      72.41994804474427,
      68.33685901055556,
      61.87620601122358,
      67.20856017366418,
      60.7483634523342,
      53.39295190340052,
      46.849219793819955,
      46.25998195575908,
      51.710742373054494,
      48.26865472398647,
      36.22942121062593,
      44.882397741771946,
      41.92851263032,
      45.87248897771932,
      49.08109340661317,
      53.45221428715504,
      57.35092745999236,
      60.25494411736035,
      62.076224814499874,
      66.61388112124749,
      71.66902877717236,
      77.44561923751503,
      80.93865361070529,
      84.21491737500787,
      81.3418850959086
    ],
    "wrist_angle": [
      177.47376274820442,
      181.02962314663802,
      182.6436868236094,
      180.35200908238173,
      181.24745987991034,
      178.14890447330257,
      180.9503157577433,
      180.75494875608962,
      180.6743253127748,
      178.90086763118745,
      178.63457824137424,
      182.1708793443745,
      183.30563516152117,
      180.19605953346615,
      178.8458160880571,
      182.34065730156394,
      181.14748072951735,
      179.0352416598357,
      179.93427416976735,
      181.71264246676375,
      179.41146034820082,
      184.44472557095932,
      178.6617322504867,
      179.9800663037795,
      180.1942617549599,
      179.99465015972757,
      179.78758254162423,
      184.1506453783937,
      180.26947769242145,
      179.82065902173122
    ],
    "back_angle": [
      6.19871044976254,
      10.062896411220198,
      13.309940499690503,
      7.791907768512449,
      5.074996980406296,
      7.215759141385924,
      7.200983551715565,
      13.361085556904616,
      8.299673963079373,
      12.895758814657803,
      11.65376190002878,
      9.637119283327428,
      6.861107041195261,
      7.403526281157568,
      14.01089848175504,
      13.34918272942457,
      13.472852882567418,
      16.57414432070324,
      10.148868737580882,
      7.183133865711841,
      14.354108963398476,
      3.7737565778931623,
      14.674311055619839,
      7.597901423125135,
      2.884739567831606,
      5.181982746036914,
      6.29544950447246,
      4.402072200537696,
      15.392691162558929,
      9.300767525245476
    ],
    "hip_angle": [
      90.24935021988587,
      90.00757862139486,
      91.36452562421539,
      90.83874294817724,
      92.2451971952071,
      91.00491368356339,
      90.94266536280043,
      89.98100470578012,
      88.08892814585307,
      89.79265461468003,
      89.07005366638826,
      92.0813202284652,
      90.16715872283204,
      91.10424745771483,
      88.22813629567341,
      89.6021144283535,
      90.58461196470515,
      89.4297819839008,
      90.86826320729118,
      92.33661162534882,
      87.31779489519052,
      95.01487842243833,
      90.39937472445163,
      91.32145078884957,
      91.65490721773288,
      89.66287776109492,
      88.95622665836784,
      88.53097960212645,
      88.56171134213145,
      92.63680569531937
    ]
  },
  "num_frames": 30
}