{
  "exercise_type": "bench_press",
  "form_score": 66.89833833740505,
  "form_quality": "fair",
  "risk_factors": [
    "moderate_forward_lean",
    "minor_form_deviation"
  ],
  "recommendations": [],
  "joint_angles": {
    "shoulder_angle": [
      92.84792821483371,
      87.08623901432854,
      89.25284002881838,
      91.95473862066689,
      87.07653792154939,
      91.1699701269526,
      90.66458334646492,
      89.29610683032008,
      88.08297362770477,
      90.79030454885358,
      94.56042794408741,
      87.48497473225719,
      88.58112089280448,
      91.35139641603936,
      89.08385419863187,
      91.18848415806946,
      87.42325352173702,
      89.84794887674977,
      88.11346818855627,
      91.37962132863373,
      88.3114019884293,
      89.98516852792075,
      87.56853865666164,
      86.96729460217493,
      88.86070246931011,
      91.69177839014233,
      92.16967214282054,
      89.18881323721078,
      92.21141841565188,
      90.48767746283995
    ],
    "elbow_angle": [
      80.4509317918451,
      76.00042022885405,
      81.32255853663216,
      78.48939500150284,
      78.33751820521753,
      68.61466852689087,
      63.50287404412077,
      61.9829251901486,
      62.117716675394504,
      58.28435147680725,
      56.30264402458348,
      51.82426986685321,
      51.07850163113745,
      51.084588624119505,
      43.61344271239169,
      44.8862071688729,
      43.77276900168872,
      39.37008603840962,
      53.651020121532426,
      55.372958669705945,
      52.13851683359471,
      60.27876487884413,
      60.17684404465109,
      64.4668184761018,
      65.4451257364052,
      66.21689058642332,
      78.2431518725255,
      76.12503864274791,
      71.71694764222622,
      81.51505662474969
    ],
    "wrist_angle": [
      180.05274531099948,
      183.64402599037354,
      177.68572090832092,
      182.31708925302777,
      181.672079059779,
      181.8400921990851,
      178.9435021748528,
      181.43025572307099,
      179.78930348972878,
      177.49263904424987,
      179.24219293805578,
      181.152335484141,
      180.3166197693028,
      177.94740610223965,
      180.66371022206263,
      183.1747518664987,
      173.2947014523256,
      178.7487048588067,
      176.7878409544488,
      177.3169777751326,
      180.9513352991905,
      179.47906767792986,
      182.9277969831537,
      178.6426048333343,
      182.15813359211214,
      177.61042679843334,
      182.5380498784807,
      181.13861533180153,
      177.94542076065724,
      181.5487954616538
    ],
    "back_angle": [
      8.00198811905145,
      11.163936496455705,
      11.690789712095828,
      8.937400584392703,
      3.9852169526565406,
      12.848670401177804,
      7.871500058877743,
      10.996091576605542,
      8.735563278804722,
      9.41149071273707,
      8.24274831820523,
      13.213955926909048,
      12.20034442087658,
      8.944725263649861,
      4.007807088698438,
      11.176485550491968,
      14.156696703882265,
      5.434832117274469,
      10.901320997383777,
      8.055128276546217,
      4.901895577687263,
      15.288229790804701,
      14.005489296682873,
      10.833636392445845,
      12.922695886661732,
      4.168379985235608,
      17.88208769402373,
      6.459069725293071,
      6.609765430459744,
      9.013715142427891
    ],
    "hip_angle": [
      93.79404402461269,
      87.12203755057814,
      89.63914404118927,
      91.65976141529143,
      87.9074985462544,
      91.53928973442196,
      89.51524179415426,
      90.14860467899543,
      92.09316958376945,
      90.03730564082244,
      87.56182944868256,
      88.17675776355655,
      91.919726183017,
      92.31349419271216,
      90.91834031099289,
      87.84552642668955,
      90.27256882156655,
      89.02531750699562,
      85.00082325365047,
      91.64929193025972,
      90.49830267662004,
      91.79443487677445,
      89.92317563551164,
      89.7623841946702,
      89.6270336884208,
      89.77344786709592,
      88.91523386466464,
      86.36779044112839,
      89.09972431975798,
      91.69838507181092
    ]
  },
  "num_frames": 30
}