{
  "exercise_type": "bench_press",
  "form_score": 68.39970755760213,
  "form_quality": "fair",
  "risk_factors": [
    "moderate_forward_lean",
    "minor_form_deviation"
  ],
  "recommendations": [],
  "joint_angles": {
    "shoulder_angle": [
      89.04880917100873,
      90.76530909036069,
      88.62897848258461,
      88.74553760054116,
      86.51884902195832,
      92.15264804728947,
      86.70949327768284,
      91.84909372737508,
      88.55155125245875,
      92.3744972622405,
      93.10524820424922,
      91.91294154279257,
      90.53448420411533,
      90.33087487345227,
      91.28602876207759,
      90.5728298147697,
      87.51203235859894,
      84.0281631712318,
      93.1661645507207,
      92.23962468823173,
      92.07625027960546,
      86.9291707587812,
      91.97056714659054,
      88.54288799338556,
      89.80962897120942,
      89.02700197927227,
      87.82028001795612,
      87.62160270121892,
      88.68397059418048,
      89.63417467545159
    ],
    "elbow_angle": [
      87.94096010526033,
      80.52557408579565,
      81.61474712674544,
      78.3236079567747,
      68.32906390442147,
      69.81485582211171,
      68.59783080966157,
      66.29222918039683,
      63.72027941195384,
      63.245544512229465,
      54.59819384655406,
      55.157458870794486,
      45.73217193722977,
      41.90920942574452,
      38.24404934475194,
      41.39322010493398,
      42.21645421874814,
      46.3162750529691,
      49.751512946831426,
      50.74465048917082,
      49.55236326377211,
      56.94353967336258,
      65.50414512337662,
      59.206797334045206,
      65.09635425611835,
      73.30839050506275,
      77.37523517086868,
      77.09886432997142,
      81.64845633806468,
      84.53187729628999
    ],
    "wrist_angle": [
      179.41300093138264,
      182.29413239153305,
      178.33517545035426,
      179.80993632831033,
      180.63270417817017,
      179.97095412333778,
      180.53753716380902,
      178.53608743180772,
      181.35078198759402,
      179.02797563425756,
      183.3279348737091,
      177.65462539663665,
      182.5542919040703,
      180.26244411247052,
      180.79781426379463,
      179.68007714430595,
      178.68209336244047,
      177.49367474897545,
      177.81909323757267,
      182.10056132166335,
      177.23917057077273,
      177.27286489980892,
      181.22188567290343,
      179.36216855434827,
      178.2885586354803,
      183.61797735720467,
      180.1898527279507,
      178.41842584287846,
      181.06345094230113,
      180.11327996910794
    ],
    "back_angle": [
      13.966053575696213,
      10.08365344981464,
      13.924427234737362,
      13.083106722270708,
      14.812224533598805,
      8.13425883419807,
      6.1200368860946375,
      11.090527698173373,
      8.168123238232054,
      10.813043618374778,
      6.495853783758447,
      9.620669853325603,
      12.80034410890615,
      6.8590629375964935,
      11.114891252935793,
      4.569836134939127,
      10.898892749912044,
      11.777057248300558,
      3.9705410799437026,
      12.601934626735165,
      12.18327553355379,
      4.951411285816159,
      10.099464920763628,
      2.6341810042857685,
      12.384374439857929,
      12.111110282961018,
      16.720085333099505,
      2.995415866205526,
      12.322277160414314,
      20.101849040045234
    ],
    "hip_angle": [
      88.0883116277589,
      88.96051371087067,
      91.86754824215542,
      87.32947913668642,
      87.76368547653655,
      88.44432135569714,
      88.1568784969773,
      91.96526642153225,
      91.00402405326012,
      89.50712266432464,
      89.03117230413247,
      89.23442584485001,
      91.4017372926247,
      88.31987585471836,
      88.86609430333048,
      90.07865654668763,
      89.42419971663341,
      89.3834874650603,
      89.82817305005902,
      88.99677412712929,
      88.47857912186679,
      91.3752531717608,
      86.12891483322288,
      92.12301534351765,
      88.17060275046535,
      88.27658086045791,
      87.30965190648759,
      90.19660709572696,
      92.19401683111141,
      86.81883014620577
    ]
  },
  "num_frames": 30
}