{
  "exercise_type": "squat",
  "form_score": 96.48064567467664,
  "form_quality": "excellent",
  "risk_factors": [],
  "recommendations": [],
  "joint_angles": {
    "hip_angle": [
      181.32493647279063,
      184.23338856632927,
      178.81843143648496,
      177.82824282276457,
      177.577997265001,
      179.89755761063114,
      180.36298799074316,
      176.13021037776244,
      166.26114642263087,
      153.04044699899686,
      142.94662623712702,
      131.51005712808282,
      115.97757846416852,
      100.23830734644689,
      90.06378601084864,
      90.07199884731102,
      90.6154113811535,
      87.21012966668057,
      89.82983058770661,
      91.06628795990493,
      90.29390244429115,
      88.70223107550085,
      103.49876338508062,
      115.10462723949335,
      129.30662450214632,
      143.99738727256116,
      153.01965772094943,
      169.55825014898767,
      91.46951839869311,
      103.31207346098893
    ],
    "knee_angle": [
      179.535286007784,
      179.4727118266408,
      178.54579200919346,
      180.8938967795689,
      177.61559400056103,
      182.57692347004684,
      180.44276137565265,
      181.22071991995432,
      166.69357027034835,
      151.69774613841346,
      139.56447869586023,
      128.00390861564767,
      117.86732090229961,
      101.70265140245893,
      89.01832619245054,
      86.67092120783683,
      86.48956384214027,
      88.83396989864688,
      90.11636497724439,
      85.76628382993621,
      89.14474421544739,
      91.55118581069033,
      99.20796405131449,
      117.37480294868647,
      128.09364481132747,
      140.4035160664504,
      156.60043960685744,
      169.12440929861384,
      88.95227509647742,
      101.20488675781718
    ],
    "ankle_angle": [
      87.77471451334308,
      88.86683862430448,
      89.15600339037809,
      89.27011469090067,
      91.20082159769139,
      89.18616472124316,
      91.31473528050084,
      88.2238843484382,
      89.18113091534045,
      85.53936831498466,
      80.21166951663963,
      77.04689838230334,
      78.02749845750468,
      74.45313255929268,
      71.21393342548888,
      72.5275746429774,
      69.15579216340508,
      71.58416703437013,
      73.83631565058951,
      70.78270704004342,
      66.94688742005813,
      68.95998714864575,
      69.30607141997427,
      76.39368053473804,
      80.0217543867694,
      81.33432455145599,
      78.56982558647802,
      84.91717496818025,
      70.73062916700094,
      75.90724270428078
    ],
    "back_angle": [
      0.7636086647596722,
      0.967675604646276,
      1.7806122795987878,
      4.633761611651223,
      -1.1387008236336111,
      -0.4657110456082653,
      0.58858554045968,
      1.6114468734431677,
      -1.1112437860243063,
      0.291414527553868,
      -0.17673262496259065,
      0.6973283976038704,
      3.5341967502270815,
      0.5330752768474761,
      -1.2755741441397321,
      2.2390088331717948,
      -0.7334770811869805,
      3.7964092710224917,
      1.0220719142887507,
      -2.041943488749951,
      -0.06767390084021656,
      -1.7428273857259067,
      3.256911241252855,
      -0.9603883149344965,
      1.0795034764414133,
      0.6986937190264983,
      0.9325457926191575,
      -2.7858401821304963,
      -1.0573209926802163,
      0.734763106951687
    ],
    "shoulder_angle": [
      44.537102714109174,
      43.13468235494674,
      47.815319859948865,
      48.02495219359194,
      44.47840920727476,
      45.96343236690958,
      45.53170011727927,
      46.114395915201264,
      41.085985133421936,
      46.16126083714526,
      42.37165185061439,
      46.652142716653735,
      45.775947809203515,
      45.682921419223575,
      46.3455784731281,
      45.2859356364589,
      45.773901286255985,
      46.993986128646675,
      45.42262633995381,
      46.94913681487607,
      42.414471509209115,
      45.18229998094525,
      44.96175483025291,
      48.123119518932235,
      45.14761125527907,
      45.56308763283227,
      42.847426822655386,
      44.90821465385107,
      44.215590940965846,
      45.87547338012602
    ]
  },
  "num_frames": 30
}