{
  "exercise_type": "overhead_press",
  "form_score": 53.82488451455422,
  "form_quality": "poor",
  "risk_factors": [
    "excessive_forward_lean",
    "knee_valgus",
    "insufficient_depth"
  ],
  "recommendations": [
    "Keep your chest up and maintain a neutral spine",
    "Push your knees outward to prevent inward collapse",
    "Descend until thighs are parallel to the ground"
  ],
  "joint_angles": {
    "shoulder_angle": [
      89.8253960119037,
      96.07454961551036,
      103.5101127468365,
      109.88518593501551,
      116.32625834318397,
      120.27884135070921,
      127.55487373678518,
      129.7971763120949,
      141.41276304214384,
      141.35506980628523,
      149.0120502165521,
      154.42293700260186,
      161.73209115387795,
      168.4127222626051,
      174.28987058367315,
      181.16211599876428,
      171.8249893332557,
      169.51808913258625,
      163.96473019639274,
      154.91001360324793,
      151.6581581598385,
      148.6156114130583,
      142.43903283648228,
      133.28965463178994,
      125.8830409199749,
      121.20603154414343,
      114.15399463084611,
      108.11304278460116,
      99.9860258956755,
      97.20585771576559
    ],
    "elbow_angle": [
      92.74548148421476,
      95.14225911801515,
      106.35059302140988,
      107.93693592126735,
      112.7740209789219,
      121.96804717904106,
      126.38672989822605,
      132.02122983283138,
      137.00401290447337,
      143.18852651517065,
      151.09577605767782,
      156.8864371769466,
      162.02521215962915,
      168.7262238031578,
      180.267128704477,
      177.67587178123765,
      171.48410525112388,
      168.10121876688643,
      163.36991844062103,
      156.32401273837763,
      149.29427296392288,
      144.07672321803938,
      140.61941237104074,
      135.72968631464536,
      127.31949242451284,
      122.45733287588847,
      114.97492405340202,
      105.95481433234973,
      100.36348344052949,
      95.92577738082703
    ],
    "wrist_angle": [
      179.41547254371383,
      177.43302104392134,
      177.93274794438778,
      181.9834068349231,
      180.6765120919864,
      181.59439089995627,
      179.15457897233733,
      177.58165449235383,
      182.16346493965335,
      180.04158785230413,
      177.7967817642332,
      179.9685196581024,
      178.09320678322538,
      177.37196418573703,
      177.77910019491637,
      177.8212051723241,
      179.34894149524817,
      177.95785294656324,
      178.09734639932577,
      179.97032833148089,
      177.85934543973022,
      178.7931637377842,
      178.13517307182212,
      178.5761008276379,
      179.02955569076818,
      178.98764317904363,
      181.23683349739093,
      177.84412821466762,
      179.8901665895337,
      180.0753486846202
    ],
    "back_angle": [
      16.638095462361097,
      29.149026281463843,
      24.94268904448822,
      23.996554293877146,
      17.678745811670126,
      21.603445375860858,
      20.827599110160445,
      18.914828956521742,
      17.465152152106793,
      17.76559190600015,
      15.93080108574592,
      16.785239463930615,
      23.528307757341068,
      20.616981278335153,
      20.666916139655005,
      24.295378416925175,
      19.424841808835197,
      23.477796027447692,
      22.242818711984697,
      26.057367866749384,
      23.037236251032855,
      24.214818631320696,
      25.05469834770074,
      20.613960268354305,
      28.853181989294292,
      21.70660952153223,
      20.087398603908664,
      18.249157559992867,
      30.727336297099157,
      12.482367731142693
    ],
    "hip_angle": [
      181.3560174998089,
      178.48445142398768,
      179.18704154519233,
      181.79327145090784,
      177.03090625370675,
      177.6791088705446,
      179.94926217419837,
      181.1652068011049,
      178.23585875238837,
      177.67489154889782,
      181.13627248883276,
      181.3198594504961,
      184.04722161379667,
      177.3293397147249,
      176.80408037801064,
      178.37396787804562,
      178.7740005172613,
      182.95006336664738,
      178.1739321174769,
      177.5005129064676,
      180.60909659668144,
      180.92658131569263,
      176.9149107641323,
      178.2703154752257,
      179.1822037760594,
      178.6120379109947,
      182.13761662439256,
      177.61860566692397,
      179.03777688347742,
      180.96142877230955
    ]
  },
  "num_frames": 30
}