{
  "exercise_type": "deadlift",
  "form_score": 95.16795082602924,
  "form_quality": "excellent",
  "risk_factors": [],
  "recommendations": [],
  "joint_angles": {
    "hip_angle": [
      45.31327022823527,
      45.665810978950944,
      42.16139343772135,
      44.53070273711965,
      43.4675195300696,
      45.34123962362946,
      46.732520827032936,
      45.07823499142739,
      44.17702048972534,
      43.306721395248644,
      42.74314342035767,
      59.70097484477045,
      73.8880439644793,
      91.79399016001334,
      97.29177964428628,
      111.54538825330629,
      127.2885009535108,
      137.97586349956822,
      155.62203744999542,
      167.99417091070032,
      178.40791143884022,
      170.81213913959374,
      150.94247835580592,
      142.748270610898,
      127.73756080987415,
      111.49580223499277,
      97.42932867834796,
      86.102640633695,
      76.13468615387134,
      55.581219703971854
    ],
    "knee_angle": [
      91.8794525189883,
      86.84642277359487,
      88.46146247170599,
      92.24576266205528,
      90.32083233253617,
      89.26868588865895,
      88.97937977681465,
      92.98195560160225,
      93.43331464600027,
      89.24938586955223,
      90.78065178665837,
      99.20997304333845,
      108.49262992250914,
      119.16129579544828,
      126.28870299356856,
      134.51903352216183,
      139.5948361749589,
      149.172502671761,
      160.53494857130818,
      168.18383118443813,
      174.69241669543612,
      172.2464400991666,
      159.61791900352063,
      152.7995548578253,
      147.1586917763273,
      136.0653613883316,
      127.56711113351734,
      120.63348674361058,
      109.16841891020636,
      99.98420726782149
    ],
    "ankle_angle": [
      88.33247755473712,
      89.144349422942,
      96.89897125313381,
      91.90665016651913,
      91.81034917336096,
      89.27453834214704,
      87.86752200539334,
      89.00505706223687,
      93.84272297207761,
      88.93997339578337,
      88.78158254253894,
      85.965949253449,
      89.10594343904245,
      89.70870804142672,
      90.33690891957117,
      90.42568792084718,
      86.94454555774229,
      92.77111281371,
      89.71579532765021,
      88.7131292574259,
      88.23861256894196,
      90.87628625316263,
      91.81224154664916,
      88.46446422375391,
      88.63375822737206,
      90.98359353143695,
      87.55238162345583,
      91.25742668251443,
      89.70629206421725,
      89.29891167911386
    ],
    "back_angle": [
      0.5706044836941823,
      1.246183890531734,
      -0.15210166059411437,
      0.4802488360451316,
      1.1776122530777364,
      4.544646800890753,
      0.939095067932878,
      3.6570814014117827,
      -0.07962274993489453,
      0.3228055629802315,
      -0.7415257175119156,
      3.806148721791453,
      2.7255957437716667,
      0.8398550610155977,
      -2.081413988195391,
      1.910959480413466,
      -4.534643650896061,
      -1.6129116454658672,
      0.8331648570129617,
      1.7511916733293844,
      4.011083405771876,
      -0.10297097856896834,
      0.6771032651198614,
      -0.2206362956774807,
      3.139270977053842,
      1.4885055641329938,
      1.8944349719697409,
      -1.3603434827398573,
      2.989940047158501,
      -0.5728083871708113
    ],
    "shoulder_angle": [
      91.82763864513521,
      89.1214561565252,
      88.12179109196897,
      92.63421657722489,
      88.72125450931541,
      87.85696894790547,
      87.11949647829519,
      90.31208126477686,
      90.77441091177992,
      91.18852944763862,
      87.27683551603347,
      88.28913230319641,
      93.40402296331742,
      85.85822456420097,
      89.0823451667735,
      91.3580034414171,
      91.65784458455636,
      89.77445843182623,
      89.37043781034343,
      94.62371260411058,
      90.86299623235575,
      87.28392033277365,
      88.50450887615426,
      87.73697164303002,
      92.62593048343754,
      87.85453464722282,
      87.30810011521578,
      92.90260476794151,
      89.07238377145602,
      90.96799750791222
    ]
  },
  "num_frames": 30
}