{
  "exercise_type": "deadlift",
  "form_score": 66.71277415876554,
  "form_quality": "fair",
  "risk_factors": [
    "moderate_forward_lean",
    "minor_form_deviation"
  ],
  "recommendations": [],
  "joint_angles": {
    "hip_angle": [
      45.10275678050857,
      45.28493944991421,
      40.721599341374876,
      47.098744190715024,
      49.33548425768578,
      44.48932695334392,
      47.46441022001592,
      47.55041219869529,
      42.00765258315986,
      46.358506045442745,
      44.61761144722559,
      62.65896619051108,
      70.21900492422093,
      86.55872749797923,
      102.71429909087136,
      116.98509983235554,
      124.95823458206746,
      140.5555375316453,
      151.5388293809815,
      167.1854516999862,
      181.97114234960452,
      167.3657145338458,
      150.58309629132435,
      142.03558428215092,
      125.72906893605565,
      112.01014923155506,
      99.58997991090243,
      86.50070086108916,
      70.34416438415197,
      61.18795180273552
    ],
    "knee_angle": [
      91.90364866914295,
      90.58708023380746,
      92.22014364056665,
      88.98250482376925,
      87.19133211292244,
      92.2997968672241,
      91.71557505234797,
      88.52247508988697,
      90.27318771989428,
      88.17105374229132,
      91.24309980389398,
      99.88792871717058,
      104.64753270573199,
      114.96894651478452,
      126.4245163698629,
      136.69685256358483,
      142.8169397727645,
      153.11017818570275,
      162.07363499789167,
      170.1602005120403,
      180.79511905226948,
      168.60192749062878,
      161.64328474121666,
      153.0704352695857,
      142.8899803816374,
      137.4257592510037,
      126.28503006683822,
      117.00148344457585,
      108.726389050091,
      98.95746438587967
    ],
    "ankle_angle": [
      89.50339083740003,
      88.45962199361655,
      91.21297944615222,
      90.90460510657933,
      90.84888798909736,
      88.03419172434482,
      91.95022474347752,
      90.72146728256192,
      90.00770821684807,
      91.77624574569187,
      90.17247686982354,
      88.57672737610291,
      90.24389242583608,
      88.93924835075246,
      91.62441881568904,
      90.83516237791785,
      88.03370418130925,
      89.98657501485219,
      89.774002621494,
      89.67126489987452,
      90.03039946576335,
      91.69599042316764,
      89.24550400294814,
      89.9434289410493,
      88.57379239924751,
      91.48083224085586,
      88.03751887566753,
      92.24531492201645,
      90.06132629416415,
      90.7220058015491
    ],
    "back_angle": [
      18.139144980320395,
      15.01303986534955,
      20.42849444885295,
      16.858137840582632,
      19.08432053238473,
      15.76309657566101,
      17.001346264883303,
      17.121719805322936,
      10.808979133534068,
      18.164714417968096,
      17.855571997672776,
      8.833924486787623,
      15.847557730431978,
      10.647284296835476,
      14.630569752276418,
      17.94424266853461,
      8.085172743174372,
      19.086843599360996,
      19.702677080916423,
      14.050774471695348,
      11.880928774267527,
      7.82896656379941,
      17.941263469519118,
      11.85124947140582,
      16.3049328943164,
      11.488206275882932,
      10.663841117064623,
      11.770182420515692,
      12.401326804178947,
      13.431672485900535
    ],
    "shoulder_angle": [
      89.14143694438839,
      89.0490177186157,
      89.8944346720092,
      92.17540082298135,
      86.1858977991601,
      88.9042516416258,
      88.284222996459,
      92.12588323330526,
      91.52012193328054,
      85.4310922600198,
      89.89021395987434,
      92.02560000122075,
      89.93009181874314,
      91.28832994286418,
      90.46500386040921,
      89.86598593058764,
      90.63780739088382,
      88.59776302779538,
      92.38558161235248,
      83.66806406546702,
      89.84739298850867,
      94.28753728203144,
      91.91277643558719,
      89.63746141059691,
      92.8552652366702,
      90.03456253061182,
      90.24333466802106,
      90.43865294200128,
      88.32411316423513,
      88.43988205811979
    ]
  },
  "num_frames": 30
}