{
  "exercise_type": "squat",
  "form_score": 64.14908977850627,
  "form_quality": "fair",
  "risk_factors": [
    "moderate_forward_lean",
    "minor_form_deviation"
  ],
  "recommendations": [],
  "joint_angles": {
    "hip_angle": [
      181.412508941664,
      182.8003395835883,
      177.72183303986742,
      182.24070368381936,
      183.35525656796648,
      184.38175975131816,
      179.87783513444978,
      181.36755200473726,
      168.5167132587678,
      154.55292289962608,
      142.1876164573258,
      128.7991745563834,
      114.35669068817697,
      102.47468474843508,
      87.53831920731473,
      93.33689940728989,
      90.06487127532074,
      89.42876023859024,
      87.2796346821295,
      89.70059248717303,
      90.79046191311986,
      90.16745315939825,
      101.07879708927246,
      118.41161257284982,
      129.96754256401363,
      140.8253995867205,
      156.45152664291115,
      166.53723842641264,
      90.32101980065906,
      101.09068536601474
    ],
    "knee_angle": [
      172.8140346059438,
      174.10815480097068,
      180.95794005929008,
      170.31697671415196,
      177.98664555623154,
      172.3320866631996,
      169.6415487689003,
      177.3640428415481,
      158.54349345371577,
      153.74934974574757,
      139.9112254887869,
      127.03059087651158,
      112.38736869990927,
      106.99703967759363,
      85.59374394878499,
      88.59700182631909,
      83.7848959022197,
      84.08555334660926,
      81.1037183793193,
      82.96090148398787,
      81.99425281801247,
      81.90846661947973,
      101.08678106094818,
      114.04091517625643,
      124.37013852376444,
      140.05715549539232,
      151.39709864609213,
      166.52303034234419,
      82.35787202276168,
      103.30787940529966
    ],
    "ankle_angle": [
      90.52087994236834,
      90.70646227974196,
      89.00587834795822,
      89.76121064641403,
      85.85188626661085,
      88.46998572482586,
      91.3561893618762,
      86.36392769152467,
      84.3071189714081,
      81.3860040188443,
      79.03561908285386,
      80.21213214852568,
      75.75656983262846,
      72.45220024652967,
      72.72175020730752,
      69.36125739772396,
      71.87080184477988,
      72.15458989261131,
      72.4138412418081,
      69.50991787528964,
      67.37122371118734,
      67.30448782316964,
      73.01748862409221,
      74.09915025825565,
      78.07633997111445,
      81.77103972911331,
      85.10604823088752,
      89.363450808918,
      71.31043180683999,
      76.02204802300759
    ],
    "back_angle": [
      16.704630031856315,
      14.460835978527,
      13.519501823389874,
      7.059451472597338,
      12.842661124977298,
      14.141764242758653,
      9.079029111709254,
      16.884071266327666,
      15.248792462456084,
      11.802700513089917,
      8.405444362515967,
      16.023536185688002,
      8.296878267085859,
      13.630014476172184,
      17.764606618307308,
      10.927054910568362,
      10.622022237648853,
      7.455563179822971,
      3.0410338324476536,
      5.405164238777361,
      5.180160510032943,
      11.709464414800186,
      7.032447927220789,
      16.99216374703765,
      13.225028939896951,
      11.496405857683373,
      15.785317699987186,
      8.454581994354424,
      11.854090705299747,
      10.083306082236184
    ],
    "shoulder_angle": [
      49.96109390671253,
      44.881615200598944,
      43.42023018673707,
      43.76093461837393,
      48.75473935132535,
      43.59411837494472,
      44.80141691818348,
      46.85196966754722,
      46.75677613672114,
      46.331493404558294,
      47.23016016423615,
      47.9782507840492,
      46.605426488280095,
      44.403746052033334,
      46.42316884544712,
      44.22660478551018,
      42.516762256236795,
      42.202397637544316,
      43.61592712536126,
      42.343120207635614,
      45.51506657782655,
      42.75033979577404,
      45.250235245968085,
      45.891458820138816,
      46.00006871676263,
      43.118283037497264,
      45.711220015474815,
      40.133229248738644,
      47.44236113826975,
      45.63990131339061
    ]
  },
  "num_frames": 30
}