{
  "exercise_type": "squat",
  "form_score": 63.23198356853672,
  "form_quality": "fair",
  "risk_factors": [
    "moderate_forward_lean",
    "minor_form_deviation"
  ],
  "recommendations": [],
  "joint_angles": {
    "hip_angle": [
      179.5685655254679,
      183.4987123560611,
      178.9394972352749,
      179.76156211944772,
      179.87358032259544,
      177.35552189847434,
      181.96559844007416,
      178.84988478918257,
      164.97695094556076,
      155.68401393731534,
      141.9090588532515,
      127.12923641846018,
      111.80713939115331,
      101.61863597489476,
      88.09760815957871,
      87.14362396891963,
      91.81516880440067,
      91.27431840711456,
      89.2836906776933,
      91.39843059418963,
      90.5714367806733,
      89.57392330128806,
      101.0632021639309,
      117.45287689587168,
      129.962172615757,
      138.1570103103973,
      154.97651304854472,
      170.2254647243072,
      91.28371249891843,
      102.54546637879822
    ],
    "knee_angle": [
      179.415979000406,
      178.428802344153,
      172.89134111577752,
      172.17656189859355,
      178.4420062374561,
      180.84619611386412,
      180.90612045026077,
      177.73867256356257,
      166.4287314437831,
      148.6098345173724,
      132.06546409587162,
      124.97170446831461,
      106.91720550811974,
      99.8545900463102,
      83.99892258015903,
      82.72358520317603,
      91.0355419301736,
      80.45281616387491,
      81.06315194692662,
      81.42605396715834,
      86.2074326335212,
      80.07398501867559,
      94.49686267342425,
      110.17460623525206,
      131.54584191224146,
      136.88863646773464,
      146.9901819782533,
      160.35390568606132,
      83.09574397239611,
      93.22962913180933
    ],
    "ankle_angle": [
      89.26385252327721,
      88.68027131187276,
      90.16261785924833,
      93.33005631247156,
      91.46566376521204,
      90.11213801512176,
      92.07590396660454,
      87.82421543488653,
      87.2936604210643,
      84.08139454883313,
      81.31007937340613,
      79.88703072694565,
      77.41678578634155,
      74.45267748688819,
      70.51842868725606,
      70.45794445431734,
      68.45449455077525,
      69.07204817285309,
      68.71170194456114,
      71.03470993568617,
      66.12864068656116,
      70.1244483113038,
      71.41901697799649,
      77.33886061677207,
      80.03222621887764,
      80.60119091651224,
      87.45894895738411,
      86.08975648401086,
      70.31777071354199,
      72.53826904095905
    ],
    "back_angle": [
      5.8725361510713014,
      11.57000438649866,
      15.359602595482723,
      11.090341036936346,
      0.028734570962661188,
      12.841575178980325,
      13.612064384320785,
      10.90051856769175,
      9.672089164151455,
      10.801115348268944,
      9.434655784231127,
      11.166305304704704,
      8.854962199586323,
      9.165188218748256,
      13.018383432119764,
      14.521018315678795,
      5.773977535841873,
      10.210827478109618,
      4.755559270460371,
      9.780477720224422,
      16.38160854640293,
      13.823972847420274,
      12.692019675108359,
      9.912075206822848,
      8.119880227575761,
      13.369817140417894,
      19.404246768596455,
      13.038226870306207,
      10.78427649257545,
      12.652239087811052
    ],
    "shoulder_angle": [
      43.25129420361731,
      44.10910841855066,
      43.753737638940805,
      45.173315524486846,
      47.44922201820646,
      43.619831209988305,
      45.63700544667278,
      45.84813922644514,
      45.08482285315848,
      48.31727654439798,
      43.54006351178673,
      44.66809846710735,
      45.910702570454255,
      48.02814017577423,
      44.546755438466924,
      45.91040320322872,
      45.82563579442851,
      44.97146011418206,
      46.11346432442213,
      45.65997071188925,
      43.157866805494734,
      46.91258851650724,
      41.964737606114085,
      46.362090204904774,
      42.43437523672635,
      47.246937781087404,
      42.59443315549012,
      48.11516527699348,
      46.988713418950674,
      45.09477551551146
    ]
  },
  "num_frames": 30
}