{
  "exercise_type": "bench_press",
  "form_score": 67.57635785426321,
  "form_quality": "fair",
  "risk_factors": [
    "moderate_forward_lean",
    "minor_form_deviation"
  ],
  "recommendations": [],
  "joint_angles": {
    "shoulder_angle": [
      92.26550588963333,
      89.27925123935125,
      87.74819208362572,
      90.37223400519974,
      89.51778066793436,
      93.32015047107579,
      91.1763917641683,
      90.43396202867754,
      93.22486861891612,
      90.74539172911157,
      88.5659908170962,
      91.75352507955714,
      88.49044404194363,
      87.28216883829566,
      91.07230762962536,
      90.16506918795936,
      91.05528885442524,
      90.23244916122255,
      88.68647151193248,
      88.82696856029406,
      94.80869133441539,
      89.98818115501554,
      89.21309345801319,
      88.69411219781884,
      91.1947066736265,
      92.89329486265449,
      91.60439853018744,
      89.85798920925862,
      91.1526985550087,
      90.53409714741775
    ],
    "elbow_angle": [
      84.19626520909982,
      77.75797422353281,
      73.57848869009379,
      68.9202901176382,
      77.68821324453877,
      72.16859699896591,
      64.67098474176917,
      65.10841752878804,
      57.29353253059747,
      58.36771365851887,
      53.966484663999026,
      46.876139698175486,
      52.10869158302979,
      49.75895821536985,
      39.120908181172176,
      42.6394744301172,
      45.790918753738154,
      48.38183150418569,
      48.10289926743988,
      55.642538108071136,
      57.34944934418257,
      56.34568385183656,
      61.97107960904858,
      66.85156127697705,
      66.07220493292226,
      76.15114347699597,
      80.19609769630803,
      76.9692491783,
      74.57876397149845,
      83.42054597823403
    ],
    "wrist_angle": [
      180.9339058172105,
      181.82575214919765,
      179.02800053025882,
      179.9201892754805,
      183.7756780416829,
      184.2295528996251,
      176.57606540259727,
      182.786140624695,
      181.83187592561,
      179.29039181393543,
      177.53333179380758,
      179.5056291714104,
      180.88177780149667,
      180.71088392447749,
      180.24384889041372,
      177.79519245756367,
      179.89480294019668,
      176.0869268642819,
      177.39461491117666,
      180.59807639882774,
      180.21000624344313,
      182.47686371761162,
      180.88585048695222,
      178.1315667173338,
      181.52923632352724,
      177.8287817993988,
      178.36911825220628,
      179.98063698840065,
      178.15140873213795,
      182.9646464416614
    ],
    "back_angle": [
      11.030071665000301,
      8.335805615132086,
      7.357326790529473,
      3.204483279853493,
      12.480642849011732,
      8.437060432887833,
      12.730889917257379,
      11.415046426722803,
      9.895149025873117,
      6.725132789521221,
      8.15898735147643,
      11.93654266234153,
      9.007362419803442,
      10.398733531665872,
      12.405704772549234,
      12.40223036997848,
      15.439141314316196,
      14.212213396365186,
      12.141103823781362,
      7.6098819196914524,
      4.597671225396577,
      11.31854686394001,
      7.770604432854133,
      11.9216162857487,
      8.548473393710669,
      9.945787020609865,
      15.206288918018599,
      11.799943157296928,
      6.54068086188081,
      9.967738353933871
    ],
    "hip_angle": [
      88.97070683272905,
      88.16750435701417,
      88.31690593907726,
      92.25129243125855,
      92.14418398327896,
      89.50978829985524,
      91.40979276631107,
      86.76992070066552,
      90.22048957571936,
      86.77352948893001,
      90.37869358360375,
      93.88802041494883,
      86.77117890626467,
      89.9245304269043,
      88.32696148317973,
      89.1170884746702,
      89.27167791830034,
      90.95718831699206,
      94.14874646442894,
      90.93435995684032,
      87.76129082269715,
      92.76687108540746,
      86.92137674274832,
      87.78884375324762,
      88.73338755092061,
      90.86719498954855,
      91.34773946469008,
      86.03243474308401,
      90.64239639874383,
      93.64338107026774
    ]
  },
  "num_frames": 30
}