{
  "exercise_type": "overhead_press",
  "form_score": 72.1841112954772,
  "form_quality": "fair",
  "risk_factors": [
    "moderate_forward_lean",
    "minor_form_deviation"
  ],
  "recommendations": [],
  "joint_angles": {
    "shoulder_angle": [
      88.11054402318604,
      96.10947342223456,
      101.75035733717024,
      106.45195717003374,
      114.35873792450164,
      121.97982015071504,
      126.31489154382064,
      130.9317023859387,
      138.56980772246467,
      147.51735712665084,
      152.44560312444435,
      155.42873257073936,
      161.18134341978592,
      166.7605175292475,
      171.88759148741474,
      182.03590526172982,
      172.3409259750096,
      171.10187942868907,
      165.39775341751937,
      159.45554730673348,
      149.87290413633747,
      143.2794556775823,
      136.9690807094079,
      129.47252757015826,
      127.01726748569122,
      118.52173058398813,
      118.61444084923272,
      104.88439756011554,
      100.85683771084976,
      96.05752057606317
    ],
    "elbow_angle": [
      90.83350409624472,
      93.12348606538906,
      104.36076575144796,
      105.7144422148816,
      115.86603529461902,
      121.45505650124178,
      124.30232761978007,
      129.8243000377273,
      138.29665881376494,
      145.76072717996246,
      150.34759131153425,
      157.61986537933421,
      159.96556549570002,
      164.74591517136244,
      176.5516982376666,
      180.99964616908665,
      177.17793855857425,
      169.71471512396627,
      162.22414315585482,
      155.87979102788978,
      152.1093487601845,
      145.36009633497986,
      138.7521255121181,
      130.74682550616086,
      127.5411789457201,
      119.72811635919082,
      115.3054344295298,
      109.16821584210018,
      103.70069983264449,
      96.97001009096991
    ],
    "wrist_angle": [
      182.67616070542527,
      181.03772381625203,
      180.4143327660741,
      180.0731429843932,
      183.88184894381104,
      178.48507985306705,
      181.80065371269,
      181.61351526178854,
      181.7776007162304,
      179.61432585116967,
      179.64790305989658,
      178.0231779768485,
      176.93017483590458,
      182.89948389784357,
      182.3455325475922,
      176.29815948872917,
      179.9899952449867,
      181.95178929104384,
      179.01915098511867,
      179.95195296678395,
      179.41633016974964,
      177.14355265414784,
      180.59466464752765,
      179.2466280517943,
      178.49988803025667,
      180.88473242687215,
      183.51956414905587,
      181.62865633850078,
      181.05886014474663,
      179.92463874089455
    ],
    "back_angle": [
      8.613306143259267,
      11.04941207059529,
      6.019805330515176,
      4.465786756518298,
      9.082777601283734,
      13.879223061163625,
      5.633927117716972,
      9.918094520126395,
      10.312706645792325,
      3.7376539439174836,
      11.621541319839572,
      5.468190036229023,
      10.874082780722677,
      7.571088332539429,
      7.960234383352204,
      12.039448763952693,
      19.761481263239702,
      8.206483405058899,
      9.085622427794556,
      9.476328141546679,
      6.575731198258641,
      10.82240963112177,
      10.291218968454693,
      8.186283012477839,
      10.838802683619445,
      6.432110199799019,
      6.9945393455001525,
      13.170689473650148,
      9.79871415653681,
      8.665916513568131
    ],
    "hip_angle": [
      178.66678469041412,
      182.4184995108554,
      178.11142003863898,
      182.13696195078575,
      178.57071656659187,
      176.7695370218402,
      179.7253493939443,
      179.23501682474458,
      178.40905566776735,
      176.82595917107787,
      180.8628484167005,
      179.22003055036,
      179.68249162185018,
      178.59340383404844,
      181.91816366262142,
      177.38545044217088,
      181.47350217616253,
      182.10638584934688,
      180.25983357933535,
      181.20065794589584,
      181.1622704601627,
      184.46598269513026,
      182.1652536439775,
      178.86276310836072,
      178.115898242444,
      181.29915449863475,
      178.54339462993906,
      181.12381607780927,
      183.14869143476375,
      183.548238080498
    ]
  },
  "num_frames": 30
}