{
  "exercise_type": "deadlift",
  "form_score": 97.86760083836235,
  "form_quality": "excellent",
  "risk_factors": [],
  "recommendations": [],
  "joint_angles": {
    "hip_angle": [
      44.370865556219826,
      46.10320542647178,
      43.4130517703498,
      46.85390126828383,
      45.92631851724457,
      45.204218411091404,
      46.93793803702099,
      39.94453057052733,
      38.968411198339766,
      43.177634806051735,
      45.479444630516575,
      58.76044947056238,
      71.83091883330279,
      85.30498203430787,
      100.29858680142459,
      112.04135396263617,
      124.99668306517037,
      139.21343086392397,
      152.46575617374344,
      164.52063794973202,
      179.33974853246198,
      166.6225680329516,
      152.698563507857,
      146.61494301395012,
      126.59480180921588,
      113.13028221420568,
      98.87620313177455,
      84.23877381755227,
      73.6185971271949,
      57.94553883481103
    ],
    "knee_angle": [
      88.0161979281748,
      89.40524182212629,
      89.7737082233044,
      94.71726747397938,
      90.94629770043178,
      89.09877984613266,
      92.509072601479,
      90.7570802002276,
      88.82357364594922,
      92.56235879552877,
      92.72778854459641,
      101.6284295587545,
      103.53625193839503,
      117.09050343295591,
      121.80748532356765,
      136.32269430219208,
      145.5502130868856,
      153.17624407286047,
      162.46613938687662,
      169.32380956366305,
      180.57032915586225,
      173.6677605346259,
      161.43045079267816,
      153.5873525451825,
      138.1556190118428,
      139.5668618551726,
      123.71404528784574,
      117.99823949870631,
      110.45667114499602,
      102.49500559662926
    ],
    "ankle_angle": [
      88.30080419695008,
      92.20985115204483,
      90.1861938984517,
      85.7747130907825,
      88.35545009628524,
      90.37504837207157,
      89.94869985480241,
      91.91750734471212,
      87.77575093684025,
      86.41073078428276,
      90.06226060453452,
      91.07156843147924,
      88.0954434843087,
      91.3441483434194,
      93.19814413383669,
      87.96986101895786,
      90.72286522724008,
      91.14368994532911,
      91.08979832644205,
      87.46696031226614,
      93.70752694597621,
      88.01572105565582,
      93.24117246410198,
      90.13574495379109,
      94.94064718093077,
      87.6691977793051,
      90.73755242711802,
      91.05943388431093,
      91.05488485450627,
      91.37247546797471
    ],
    "back_angle": [
      3.1715928791447925,
      1.4521409095101523,
      0.958819005097537,
      -1.9504439393439041,
      1.5712300937811785,
      1.9156275886364422,
      -0.7059541864340863,
      -0.1498159197970167,
      -0.28309799259584284,
      1.0242622518283817,
      -0.07789629586625911,
      -0.7664770030695077,
      1.6158768223958648,
      -0.2985469431059414,
      -4.136521267638329,
      2.849498540136917,
      2.92977874801288,
      -1.1532262963735807,
      2.0356891600233853,
      -4.883002196680029,
      -2.928126540231881,
      -0.35358053457756944,
      -2.899306990993326,
      -0.3424635762061836,
      5.360979469043672,
      -1.106129786512472,
      -1.814248154486585,
      1.6090660560870738,
      -1.154525107470236,
      -3.8362502350721166
    ],
    "shoulder_angle": [
      90.87042088060777,
      89.6257768199473,
      89.94806186911133,
      89.85037110724107,
      87.391394237343,
      92.04351017097352,
      89.42397558684645,
      90.47783610718021,
      91.25468958790118,
      89.78815924030536,
      92.05675812614419,
      94.51424390693599,
      88.92246444231172,
      88.67578916931936,
      92.27735764297107,
      88.31356801488111,
      86.67121816709994,
      91.28425001661918,
      91.59794392762038,
      90.09595461516376,
      89.32265561420837,
      90.07955929043771,
      88.38565143982578,
      90.66894347133082,
      91.84094714111333,
      90.19846524296058,
      88.90667800293745,
      89.09459081486219,
      92.024576148878,
      92.60497150595221
    ]
  },
  "num_frames": 30
}