{
  "exercise_type": "overhead_press",
  "form_score": 87.65328981611329,
  "form_quality": "good",
  "risk_factors": [],
  "recommendations": [],
  "joint_angles": {
    "shoulder_angle": [
      89.51959194913621,
      96.66122075785238,
      104.09621226114714,
      108.0785475012103,
      114.63544654296484,
      120.61743639444676,
      123.68902067926773,
      130.91403630617629,
      134.7008766798418,
      143.17910790756665,
      147.73863229467858,
      154.9596445085866,
      161.1824578786696,
      172.8035026482598,
      173.94383863898713,
      180.48993857505656,
      174.76945877719155,
      165.49020640771107,
      162.57697661927122,
      160.33723819908005,
      150.7353957097508,
      140.4912507936623,
      140.3519772609212,
      131.39374549117431,
      126.30146236155879,
      120.3756996106166,
      113.21611556606811,
      108.08020205898207,
      101.44509844896676,
      97.51993800146127
    ],
    "elbow_angle": [
      88.57380409891137,
      97.10224278748082,
      99.53835342145528,
      109.13785707940056,
      110.63847440454,
      121.63544323632429,
      126.0609071520476,
      132.69238758999774,
      135.31383498346065,
      146.19104307495718,
      147.6922639818564,
      157.60643093836143,
      162.88046488571695,
      169.33327852887584,
      175.43522561619486,
      184.47239877186843,
      173.0448380556245,
      168.47064269669374,
      161.322921499382,
      156.58255682043205,
      150.60340693750967,
      143.97994731632372,
      137.22028231519872,
      130.55456434184768,
      124.62431043802587,
      117.61320294611626,
      114.1465566937278,
      111.58905030502068,
      102.89174994017564,
      95.52617926473424
    ],
    "wrist_angle": [
      181.0962419267823,
      180.08719664513404,
      181.91364698583266,
      181.01993740398225,
      180.81665634112892,
      180.24637365965575,
      182.28079989942458,
      178.69809311077546,
      178.50078992365758,
      178.98408190720602,
      179.58782468722285,
      179.2045022670448,
      182.60810735116644,
      180.58593172943233,
      182.75701087090474,
      183.38497909126562,
      178.39405324325466,
      180.00066513441564,
      183.18158142213017,
      177.93721913895314,
      178.72669547976471,
      178.3033686542131,
      179.0941221932857,
      180.47197457227372,
      182.33720219701254,
      179.19864582008705,
      179.97169474666825,
      179.43666350809892,
      179.3860610781156,
      180.5935097106687
    ],
    "back_angle": [
      -3.7923276331965283,
      -0.7014173900688209,
      1.0209056432218457,
      -3.9707798627516766,
      2.511043879475761,
      -0.8672285169100838,
      -0.8025582899501328,
      0.007097744530998881,
      4.956473817640968,
      0.1905591308404987,
      2.7503425456320105,
      1.6295620470285628,
      2.466352847819613,
      2.3165846071924943,
      -0.38926692369887406,
      -3.6901997367097685,
      -2.440274505267772,
      -0.8943401953890304,
      -2.25467733135206,
      -1.8969592185487092,
      3.005019589817614,
      -0.2259010021709151,
      -1.6033147841104207,
      -1.3027738585581723,
      -0.07514636927066667,
      2.4355672095946566,
      -0.29332157024032773,
      -2.6264156372216583,
      0.8195757539802347,
      -0.8330182710633474
    ],
    "hip_angle": [
      180.6822426609409,
      179.87899864940232,
      178.60849710541368,
      179.5948731610274,
      179.05974618060523,
      181.397777827055,
      183.1497017458516,
      180.05301205978398,
      180.0190334701479,
      179.71948068304954,
      178.88449661266776,
      180.19026467665316,
      179.24032297343732,
      180.14093130317966,
      180.0317377485886,
      179.3522941820771,
      182.51573661921694,
      179.41366267398536,
      180.05543811894654,
      179.16977615638442,
      182.46448863125346,
      180.76813207318312,
      181.10903242782734,
      175.62181269758403,
      182.96285415206052,
      180.48004427995977,
      179.44615128067892,
      178.83167958135036,
      179.0800549974288,
      181.6036963713852
    ]
  },
  "num_frames": 30
}