{
  "exercise_type": "squat",
  "form_score": 95.9335268980249,
  "form_quality": "excellent",
  "risk_factors": [],
  "recommendations": [],
  "joint_angles": {
    "hip_angle": [
      180.83315076606834,
      179.42128321832345,
      180.01574176130316,
      180.425743950348,
      182.49839610474348,
      181.79335031562292,
      177.98697975023364,
      177.53162202737144,
      170.00089053633278,
      154.58083969733272,
      139.15886931442319,
      128.5189013855722,
      116.26336964085509,
      103.42866810636744,
      92.12555001376505,
      89.72030381928116,
      89.87661305359183,
      87.47441617276085,
      91.78273819796232,
      90.22717404572315,
      91.28566067206181,
      89.47692388682172,
      102.06001983100197,
      117.76356211968377,
      125.83432541983107,
      140.35139090656529,
      153.41199764299674,
      170.17519434879802,
      91.28995780581073,
      98.65659479163902
    ],
    "knee_angle": [
      182.91351961324222,
      180.23512802212971,
      180.2889402477087,
      179.00021615648532,
      183.65966797307368,
      177.76218059091786,
      176.8827277558927,
      178.61553092654518,
      169.26609580754385,
      156.0590977049426,
      140.5666736395997,
      128.12598811112784,
      116.54271626095851,
      100.87142743805029,
      88.62386928669522,
      90.11454370450251,
      93.43589721679741,
      92.57238633675045,
      89.09314427003736,
      86.83690553917906,
      90.05601514786105,
      92.40412272435795,
      101.42916437685423,
      117.94928107659396,
      128.98063641712764,
      141.55613511586148,
      154.79563255329847,
      163.6798900627419,
      92.36548673341001,
      103.75756272872565
    ],
    "ankle_angle": [
      88.73431148761172,
      87.17815688270869,
      91.42710355164002,
      90.82709070107838,
      89.1579922943069,
      89.07370823663541,
      89.8791680893918,
      88.68908575803027,
      86.23326169899957,
      82.76769163115655,
      82.36022223479286,
      78.74225179528705,
      76.55669244037314,
      71.65208592973775,
      71.70017638074364,
      70.84372269054745,
      72.66030772110642,
      69.03518346337698,
      69.66810194085048,
      69.7443411988931,
      72.52783742060154,
      70.97831584386859,
      74.74589872616649,
      76.79930728891092,
      79.06567137686224,
      78.30483981677924,
      85.240091841424,
      86.45811614867978,
      65.42515147849448,
      71.64347687034628
    ],
    "back_angle": [
      0.7743899413154557,
      -1.7124611880045615,
      -0.545942776406834,
      0.5036087724454315,
      0.8765183161629644,
      -2.3128900425305448,
      2.2941001995517314,
      1.8591265876051195,
      -0.95875547802537,
      -1.167631372899871,
      0.4470949186250563,
      0.019105711358987452,
      -2.3856036273114842,
      -2.216799390360012,
      1.4110250931652217,
      5.1028190440187595,
      -1.154530220711837,
      -0.14647615880515133,
      2.9454319932364816,
      -1.3294020003839266,
      -0.6388233428052638,
      4.291278829801115,
      0.6923067211482932,
      0.3026894515504121,
      1.0852181508475789,
      -4.253127488799206,
      0.837371212160006,
      -0.42365838049572085,
      0.39932949161901465,
      -0.24859217618273408
    ],
    "shoulder_angle": [
      44.82851529489795,
      47.98044272411556,
      45.26598557722748,
      45.72135188671465,
      42.841285041877384,
      49.37973285608832,
      43.23623650714886,
      45.002362156954426,
      46.676495065623506,
      42.818896048906026,
      46.20127554771453,
      42.525233672447925,
      46.275156129994166,
      46.19480683434316,
      43.97000887987978,
      45.56373675491073,
      47.2914145386352,
      44.37506750684417,
      46.999413493429614,
      44.37079691611173,
      44.87438598675031,
      44.829656577097126,
      43.05747374223126,
      42.74170249274916,
      43.27167880892105,
      43.28607177352992,
      46.69182926256312,
      46.05329601834614,
      45.34262455175923,
      44.5983753575502
    ]
  },
  "num_frames": 30
}