{
  "exercise_type": "lunge",
  "form_score": 51.95863613524098,
  "form_quality": "poor",
  "risk_factors": [
    "excessive_forward_lean",
    "knee_valgus",
    "insufficient_depth"
  ],
  "recommendations": [
    "Keep your chest up and maintain a neutral spine",
    "Push your knees outward to prevent inward collapse",
    "Descend until thighs are parallel to the ground"
  ],
  "joint_angles": {
    "hip_angle_front": [
      178.75477399933226,
      178.9276225874565,
      178.41692557369942,
      181.64209954484699,
      179.67922943891435,
      178.53692932999084,
      180.09937852311324,
      181.2614206701978,
      163.20565007352735,
      153.22422960698472,
      138.56461535446923,
      127.52622026570312,
      111.86141058777193,
      101.36043154346488,
      88.44177334104494,
      93.38000710660994,
      91.01499924565245,
      95.30400358592615,
      86.18971709612457,
      92.46744625043465,
      88.43282541474879,
      92.70525789390234,
      104.48822495933754,
      116.64086170933038,
      129.09627246848672,
      140.7740483122024,
      156.3038806647233,
      168.7660762150487,
      91.73954165656917,
      102.3613909050576
    ],
    "knee_angle_front": [
      162.09433153262648,
      167.97526008957726,
      166.64534301963994,
      163.30266803338424,
      167.82302822294025,
      160.46823419777795,
      166.7587093690729,
      158.66453465356201,
      150.3913304697516,
      140.57461083561225,
      129.2671635178808,
      109.38847587388928,
      95.68145841977963,
      93.41676356813582,
      70.72792986968534,
      74.6258023508237,
      70.71457650543987,
      76.85961258303146,
      78.00574779671757,
      76.96382931424759,
      78.72283685071221,
      71.77419987013663,
      87.32998641146149,
      97.85533580486327,
      111.0887983030876,
      127.46425603216868,
      147.55802046706458,
      153.02487393826584,
      70.85189872563078,
      88.25381342844122
    ],
    "hip_angle_back": [
      177.93158825867988,
      176.66885249316533,
      176.40959457681384,
      180.2898058563541,
      176.28296214005246,
      178.2266071334313,
      179.46831339283918,
      179.07044345097745,
      185.62168112138696,
      181.30791415839866,
      175.10346637281384,
      176.4893505302027,
      185.1225810697426,
      180.26671179397837,
      179.21531746117853,
      179.9829686216371,
      181.64082367127762,
      175.99306638611563,
      180.39660254648643,
      178.66958376834924,
      180.43809898574378,
      179.18710276123144,
      180.20147442864672,
      180.65299782914775,
      178.1829524796654,
      179.91723056721617,
      178.9973916626936,
      182.1547638815481,
      178.85986827601056,
      179.0365383541459
    ],
    "knee_angle_back": [
      183.1126521597876,
      179.42105017354444,
      181.9257281130528,
      181.13507655658267,
      175.82838674735328,
      181.84928697703685,
      180.30779762469467,
      180.04935847824038,
      169.1636464761032,
      150.72564459465943,
      144.38794966767625,
      126.54370813267484,
      118.19797201601126,
      106.87854971997142,
      91.27396195984655,
      85.39277340631759,
      89.43171976193427,
      86.39141741790688,
      86.88076922212329,
      90.02597271166293,
      88.89892841820817,
      90.95368442774526,
      104.89682973080102,
      118.29257527583475,
      131.81711013889927,
      144.86598284107328,
      152.6647276312222,
      170.9825579773111,
      92.19546451696536,
      104.64247300859526
    ],
    "back_angle": [
      22.547211944510238,
      26.204531428512798,
      26.911973044541536,
      23.271729534384296,
      20.480761931679513,
      15.015543234524117,
      15.769973970481889,
      27.59312534050669,
      18.475279937733937,
      20.893237361212293,
      16.06890966449662,
      25.480497188521987,
      20.321004819865273,
      20.540676695965413,
      24.596889183594175,
      26.049214415700632,
      24.25069822167751,
      27.73364540409672,
      23.28772009403408,
      30.037743582101623,
      18.6919444219526,
      21.43225499056134,
      18.73711606817538,
      20.881997883881763,
      20.708952828026785,
      21.475060831865687,
      25.012840728652115,
      13.653082741677464,
      18.16546702349304,
      14.328282949146375
    ]
  },
  "num_frames": 30
}