{
  "exercise_type": "bench_press",
  "form_score": 85.9701875951117,
  "form_quality": "good",
  "risk_factors": [],
  "recommendations": [],
  "joint_angles": {
    "shoulder_angle": [
      91.7500432883202,
      90.1953827392177,
      89.13881524817019,
      91.54264985865649,
      91.90381701718378,
      88.62764696682704,
      89.65637501835684,
      88.0818041843298,
      88.08815703501976,
      86.54105494351828,
      87.76506774049322,
      92.84599875989895,
      89.56489033141958,
      92.09048191222693,
      87.70250404264135,
      88.06912959199752,
      88.91845856878109,
      91.99247176249493,
      88.13493468219102,
      92.39468778284262,
      88.84085492307509,
      87.48330755734825,
      91.70630660347823,
      91.31208569450072,
      89.37812151698834,
      90.97657786821807,
      88.94709807291039,
      92.14539823949882,
      89.32299701450876,
      91.7191513004745
    ],
    "elbow_angle": [
      91.65615977391477,
      84.72629040137076,
      84.96676076862413,
      81.68268240931043,
      79.22621690030607,
      75.51434968785374,
      69.58316170428988,
      72.4772712136689,
      66.71381832075889,
      65.49540072193143,
      57.037623484938656,
      56.88745806544335,
      54.95617585017795,
      46.82296540368907,
      48.17659529763265,
      44.82167102675312,
      46.32307784507125,
      53.24841929488632,
      52.797801340247815,
      58.46833483867204,
      57.92300737410656,
      59.90851235551162,
      67.90643621929463,
      73.07596344479856,
      72.64927649262405,
      74.79301476152726,
      78.02784927586946,
      80.26689628911281,
      81.56888306755206,
      88.34893665119458
    ],
    "wrist_angle": [
      177.2185237716172,
      179.0271942963253,
      178.51997304657291,
      179.06946482490665,
      180.21823589974002,
      178.64922180729747,
      179.7441668370108,
      176.10107513745237,
      178.43179123897838,
      178.22787452414988,
      180.03132032068626,
      182.6379213075243,
      180.01200705431677,
      179.13854733421581,
      179.07837360526258,
      179.88239795129283,
      181.20706882451915,
      182.83591757916318,
      181.19052034633205,
      178.3033353102124,
      182.31423140588925,
      178.7411270924915,
      180.80724315437192,
      181.47386487106647,
      178.63921004787667,
      180.84796929332077,
      179.32490077347063,
      182.07719283869432,
      180.9317882409052,
      178.80629211590286
    ],
    "back_angle": [
      -2.3434996104988413,
      3.172295344642677,
      3.09211861558058,
      1.6793628125758335,
      -0.33181467048739105,
      3.148682876982115,
      1.797813735584783,
      0.23688985890286496,
      0.06218784247962584,
      -0.1917132760080416,
      0.11196325572189816,
      0.8860390933940351,
      -1.2664995043137615,
      2.0713085430251006,
      1.770175382454257,
      -0.08175983536740888,
      1.221863929401387,
      -0.15158629227894044,
      0.3265903186386693,
      -5.482450940361097,
      2.28856263124657,
      0.6778989488800783,
      -0.6486821856081579,
      -3.4302073052415523,
      -1.0974688268514712,
      -0.04114775466008154,
      2.3924299800898816,
      -1.1984911697815692,
      2.0403989472086703,
      5.266993904966809
    ],
    "hip_angle": [
      89.96376734180744,
      90.68210656889403,
      90.9259583268836,
      88.61470611953632,
      88.61186273636255,
      88.8537762336667,
      93.10821287439045,
      89.32641383838468,
      86.95279431767611,
      88.41960933773885,
      89.88084401255804,
      88.91583556022897,
      86.86446057266922,
      89.68373425302558,
      89.74163810400921,
      90.85758323204114,
      89.99748086915943,
      90.23290203666176,
      90.08444463634787,
      92.52822324156483,
      93.59157127799544,
      89.47538487696774,
      90.02479787729469,
      92.4113571697007,
      88.07414260642653,
      88.52858971514688,
      88.48348648001118,
      90.17284974087043,
      90.82675910932653,
      88.15879595770969
    ]
  },
  "num_frames": 30
}