{
  "exercise_type": "bench_press",
  "form_score": 35.119928146121296,
  "form_quality": "poor",
  "risk_factors": [
    "excessive_forward_lean",
    "knee_valgus",
    "insufficient_depth"
  ],
  "recommendations": [
    "Keep your chest up and maintain a neutral spine",
    "Push your knees outward to prevent inward collapse",
    "Descend until thighs are parallel to the ground"
  ],
  "joint_angles": {
    "shoulder_angle": [
      91.74963982764707,
      89.37467697749665,
      89.76901782396502,
      90.16374568671691,
      90.58947927552354,
      91.39692924920163,
      93.20310763280641,
      87.47134300665427,
      91.3359100335393,
      88.43745373181166,
      91.96848080572133,
      89.26758105240349,
      90.68798880631704,
      91.45581881213165,
      88.71368222229155,
      92.9084759064018,
      89.06377557756723,
      87.74416993196151,
      92.1434439682464,
      91.4154859835544,
      88.56311577120738,
      90.29462798490053,
      89.50445130858982,
      86.96646794329506,
      88.27173796735372,
      91.61624474847628,
      89.999599416476,
      88.87814649172637,
      88.14762183947775,
      91.94230293854584
    ],
    "elbow_angle": [
      70.54384181187709,
      73.37048757617323,
      66.97524713882646,
      72.7779941398951,
      55.6461534436343,
      60.85643616394709,
      56.09165256586019,
      52.008047012125694,
      54.1325854264188,
      44.564545330136475,
      43.63208433970512,
      42.64541063378715,
      41.03638834319735,
      39.090321919482236,
      37.34047151918944,
      28.84978315652299,
      29.659981900321856,
      34.70541778871619,
      41.281307870460125,
      44.57064899315046,
      44.01620752974295,
      47.050351491908664,
      55.6304136417217,
      48.88349923510045,
      56.582106598280646,
      56.41748242174071,
      64.54246442933157,
      69.2916703196049,
      69.41516360996123,
      71.68265794676623
    ],
    "wrist_angle": [
      177.55858017919013,
      183.61796469075395,
      178.7425939888648,
      180.79219039035064,
      178.55513350857942,
      183.21103901390364,
      181.9746351635875,
      178.95612889398438,
      179.36715333377717,
      180.709940397255,
      181.4140399922277,
      181.28230245254602,
      178.74714161727385,
      180.99963182828782,
      178.93700211760486,
      182.90808707265165,
      176.34926426245426,
      177.4598063726773,
      179.93918519611782,
      180.1384587895674,
      178.36201086792494,
      181.54990877682025,
      181.90928693501388,
      181.49925198035479,
      178.7958621108701,
      177.28266361517052,
      178.9959732951095,
      179.5713577467424,
      180.1471312364355,
      181.67127846263205
    ],
    "back_angle": [
      26.90273858009672,
      21.317463539276247,
      16.2447623900986,
      25.131287681728715,
      24.793205851406555,
      28.296135590563434,
      16.48306548533783,
      17.818430461724297,
      27.965636351072213,
      25.86883692114266,
      17.387909811109896,
      26.51359800509524,
      17.57330415238161,
      15.415734901376206,
      24.244065470875288,
      22.87957536988133,
      13.161913850095676,
      29.8755799021212,
      20.44072904605807,
      23.847839116762586,
      19.050303676799718,
      21.875484414306744,
      13.028279618114967,
      16.803939707110974,
      19.39093269486237,
      16.529891876464774,
      17.52635924283711,
      17.796910351900053,
      25.983835537427893,
      15.237610820068715
    ],
    "hip_angle": [
      90.91648367514573,
      89.83345110073323,
      90.64512572746065,
      94.6546396622197,
      93.00772024816818,
      88.14069291471077,
      92.21159207922373,
      90.48607319367443,
      87.71023347061768,
      87.40269420790594,
      89.84032359066461,
      89.44416895390448,
      91.03023160082836,
      93.56491319252896,
      86.75630216446028,
      86.37046456595104,
      87.55332367728295,
      91.51018375072037,
      90.47474050714223,
      85.95474397205531,
      93.40433161212724,
      90.86009796766831,
      91.16564272247989,
      92.84068699144514,
      88.9082068447767,
      92.35939211920703,
      89.38900887348052,
      88.13137615405293,
      90.86150499150502,
      87.71059856379983
    ]
  },
  "num_frames": 30
}