{
  "exercise_type": "deadlift",
  "form_score": 81.76591913974671,
  "form_quality": "good",
  "risk_factors": [],
  "recommendations": [],
  "joint_angles": {
    "hip_angle": [
      46.049713227940416,
      42.75594433907728,
      47.117885795975134,
      45.06221429969788,
      42.722340909989704,
      43.99680124829718,
      43.70427138712161,
      45.67074889520876,
      41.86567071786236,
      47.39102441124662,
      44.13657741800629,
      56.70947395271482,
      74.22270300489421,
      85.5290496563656,
      98.78488716596101,
      109.99451660626852,
      126.5203798593456,
      140.3945826044777,
      152.86805797380023,
      167.588401016948,
      178.73659441734083,
      164.95590063269026,
      149.7613744141016,
      139.61096196623538,
      127.80669194123838,
      110.20722446529602,
      96.19037735428394,
      87.5798461874604,
      72.5037813604402,
      58.807010150850935
    ],
    "knee_angle": [
      82.71338585399833,
      88.09957969303778,
      87.61061118594642,
      87.87068300554125,
      93.92397289187822,
      90.6649729165781,
      93.33584084347616,
      89.96785115342871,
      88.84086543685348,
      90.99048009432627,
      89.03232308483004,
      98.9886094261493,
      105.30057826178127,
      119.72188993385303,
      127.39356578276002,
      135.72592781281773,
      144.78727506429183,
      151.1122688192392,
      161.40061036936814,
      171.2295027508456,
      177.0212154091441,
      171.75500483114328,
      165.8888536922715,
      153.5761018936684,
      143.24510809352535,
      135.25675133639007,
      127.73575422934614,
      119.23860921981426,
      109.28790144928342,
      98.46471456190298
    ],
    "ankle_angle": [
      92.03673298128425,
      93.06718967455447,
      92.87245485816783,
      92.36282793330038,
      88.5236301684662,
      90.58692756873613,
      88.12172995817933,
      94.59593984504401,
      85.22319979893611,
      90.48632757406087,
      92.91669859728817,
      92.812903572714,
      89.6924382677763,
      91.82480715491316,
      89.4734415531661,
      88.38150190610243,
      91.0593668302313,
      89.75306215839991,
      88.88544532515668,
      88.90832876180244,
      89.75730324857489,
      89.98644857410632,
      90.19397546036882,
      89.19771547276514,
      92.03484637671282,
      93.04039706720539,
      92.13485889569529,
      91.9924789518125,
      90.04206900233831,
      87.62185549061542
    ],
    "back_angle": [
      10.089919497896462,
      -0.16688539186977636,
      8.204396357242697,
      8.95447299908577,
      2.679135467371081,
      2.586485923284438,
      11.26229976909273,
      3.5630565619109724,
      1.3935020678589178,
      2.5905431533939893,
      2.522014060619844,
      6.324321122424017,
      4.56626997518965,
      10.756191071001039,
      2.2556385987785377,
      5.295765604158713,
      10.769100718193101,
      -2.8075771537406933,
      -0.9857315372936204,
      -2.20800580468779,
      5.935320361662269,
      0.8909839459706907,
      1.3777340499309554,
      5.270009437938718,
      3.977592493231029,
      4.639940585253076,
      5.114844952753668,
      4.597514769741936,
      -1.8656446476606037,
      12.474937292592378
    ],
    "shoulder_angle": [
      88.88509884809373,
      87.40546951335939,
      87.37871587213448,
      88.81801434849606,
      92.06657306844204,
      88.33785170751814,
      87.1283338116389,
      92.2931776797566,
      94.71636790281441,
      91.19783352279185,
      90.36243910527934,
      88.61937785516159,
      87.19733881960653,
      89.43609237898474,
      88.00560626704221,
      89.9431373140053,
      91.07338078238357,
      91.63996803387532,
      89.41707477538938,
      91.5430481191341,
      90.12546233356369,
      90.54568115837286,
      89.18978904813538,
      91.848511654507,
      90.19128642172373,
      87.94511212128248,
      91.20635861742231,
      91.11910021904443,
      91.11084740917318,
      88.83085871720948
    ]
  },
  "num_frames": 30
}