{
  "exercise_type": "lunge",
  "form_score": 50.478725479436335,
  "form_quality": "poor",
  "risk_factors": [
    "excessive_forward_lean",
    "knee_valgus",
    "insufficient_depth"
  ],
  "recommendations": [
    "Keep your chest up and maintain a neutral spine",
    "Push your knees outward to prevent inward collapse",
    "Descend until thighs are parallel to the ground"
  ],
  "joint_angles": {
    "hip_angle_front": [
      180.89041794876564,
      180.25000434057756,
      176.02942602006846,
      177.41860530842015,
      182.3524638529282,
      176.63227004050677,
      180.19597962734352,
      180.3476327574538,
      165.90271883277012,
      151.77658175956853,
      143.8839274274832,
      128.50858159486518,
      115.74225788063326,
      101.822892493663,
      89.36731791326079,
      89.45526849910146,
      92.12448916429226,
      89.50543861485274,
      90.89990974004023,
      88.62534218583734,
      92.33149621884805,
      91.8392680727723,
      101.24805079234429,
      113.18279911098608,
      130.16036247722244,
      144.28678742123935,
      154.33009233846838,
      164.99211312266277,
      86.37786726041006,
      104.25677569800251
    ],
    "knee_angle_front": [
      160.88014897791572,
      164.320197110162,
      166.8875597802678,
      173.22687183073592,
      159.08068574273122,
      165.97350016494718,
      163.64648986305605,
      165.31945256557003,
      153.28697331871547,
      140.17420592445225,
      127.16583138020638,
      117.05641337091616,
      104.34491858633186,
      81.98585245260509,
      70.66798077561442,
      77.28220102388129,
      76.68099556872393,
      74.8896955964049,
      70.12296260309022,
      77.850598712126,
      79.80074576708043,
      75.02536574599668,
      91.35992233179813,
      101.36152812287544,
      112.53131653256489,
      127.57838736386739,
      134.544061918458,
      153.3562930334501,
      76.67031853326831,
      88.20702465781375
    ],
    "hip_angle_back": [
      181.02248790866201,
      179.67619689171573,
      179.84333943433046,
      177.03962483118104,
      181.11896229775215,
      178.00199090747898,
      179.61362863997638,
      179.72317219879537,
      181.22252506300035,
      177.76504023340877,
      178.93718630321445,
      178.72094722282856,
      178.27488347239523,
      179.40952325635755,
      180.0845803349508,
      179.39579656470272,
      177.28030273247143,
      181.85436783792534,
      185.26255546165936,
      176.6686968229435,
      181.9832916218631,
      177.10003053458746,
      181.3662148118405,
      179.01321460286218,
      180.58486721535704,
      182.72695120825887,
      178.62694398754743,
      178.62009215244186,
      178.29041473869282,
      178.21890136620644
    ],
    "knee_angle_back": [
      175.78195202088253,
      177.90066420649822,
      177.0271910836853,
      180.86845614454316,
      179.97135094711038,
      178.68052404062033,
      177.20752028780777,
      176.81614577861052,
      166.43428516616765,
      154.39046014319175,
      142.87128675833955,
      129.42734246500024,
      115.4255006123346,
      102.02689934501262,
      92.82035271086743,
      86.70776276885009,
      89.74944407664756,
      91.28226676126619,
      91.81247120924468,
      90.71236571731492,
      92.17346145402983,
      89.69697044702394,
      103.30860957015821,
      114.65538074450727,
      124.9132357627426,
      142.35477556319879,
      153.3267376831885,
      165.87177833481934,
      93.15101986039568,
      103.58711569395588
    ],
    "back_angle": [
      27.449150835540465,
      27.984183140047517,
      21.98455247729828,
      15.966970697984879,
      21.945100003167852,
      19.74153142547583,
      19.13815277229512,
      19.904612489380035,
      29.844408150986624,
      24.962609274107834,
      16.076220406087334,
      18.82465614273673,
      20.280965271252814,
      14.606277516282557,
      29.189967666444872,
      21.377299792226793,
      17.305928738730483,
      15.692893025406033,
      27.32861374763611,
      28.033556321472105,
      23.285573274832366,
      18.32407152792181,
      30.126056481198283,
      24.589955294739596,
      16.49495716456284,
      26.019642279669792,
      22.103893431897585,
      21.87971154393384,
      19.42776609369781,
      20.473704742490746
    ]
  },
  "num_frames": 30
}