{
  "exercise_type": "bench_press",
  "form_score": 71.48064665507962,
  "form_quality": "fair",
  "risk_factors": [
    "moderate_forward_lean",
    "minor_form_deviation"
  ],
  "recommendations": [],
  "joint_angles": {
    "shoulder_angle": [
      89.80247605997035,
      93.77276618145623,
      89.10251666906473,
      90.02615711451348,
      88.05166254033549,
      92.32329406515458,
      88.60065345152628,
      88.0709811090023,
      90.00581360087298,
      85.66264336308605,
      94.31085379860697,
      91.73769129675077,
      88.83037810504514,
      87.56384026411362,
      92.32232073220214,
      89.60104997383164,
      90.14888888256262,
      89.69918459991179,
      90.44967028296426,
      90.44555197988394,
      88.92968552877458,
      93.16070130386414,
      86.6683341458777,
      89.57038277878736,
      93.47103283313744,
      90.54198630503893,
      90.19895425156638,
      91.21667049802117,
      91.4565428050464,
      91.60665803688538
    ],
    "elbow_angle": [
      86.34823943322252,
      83.14540146054654,
      82.2197679534164,
      68.26404517480037,
      75.64262930883551,
      66.32722495378694,
      65.73218853317633,
      65.25949063815851,
      58.15535795967539,
      58.71728482690197,
      59.61860975119023,
      55.56050346852994,
      49.56424866212541,
      41.65785131169526,
      46.75439238312453,
      44.61699854411811,
      48.26861302547198,
      54.17438111506057,
      54.39537365946787,
      55.868362416004786,
      49.04399485251646,
      53.57820640015113,
      59.289251009794214,
      58.46401348966888,
      71.48648952479921,
      68.65566087968195,
      70.51254172821687,
      69.19751130900889,
      75.44976911563622,
      82.82406879099105
    ],
    "wrist_angle": [
      178.76237564096274,
      179.04204194660622,
      180.92265140628857,
      182.43058637353283,
      175.55702414216134,
      178.12863913877277,
      179.22105983475018,
      180.8792243402952,
      181.57045696209863,
      178.06301046312072,
      178.803372561805,
      180.165477230207,
      178.49898629335348,
      176.69728161044398,
      181.78870595022462,
      178.52042531074426,
      181.82010785060075,
      183.28722316196124,
      178.61619929009078,
      182.1881641196197,
      181.48469750811117,
      181.78828056269685,
      175.8079056941801,
      181.35060623268166,
      181.25392005917388,
      181.95323801589169,
      180.42444417192357,
      180.93780079897374,
      181.08795456585162,
      180.62378450341222
    ],
    "back_angle": [
      8.424144845220864,
      6.599591722246989,
      11.077570486563541,
      12.385161191574628,
      13.400532379444739,
      9.041899146376725,
      13.503997911197128,
      8.691777161080045,
      5.319573296843615,
      11.488457446303276,
      12.160618491231608,
      11.891336245258778,
      14.707861181836474,
      5.749720520785573,
      5.83782700428639,
      13.279833846393194,
      9.998968936298096,
      13.735793796726998,
      5.72185955789769,
      8.994017292488248,
      9.18838709440783,
      8.879716890630943,
      6.764882941309858,
      14.581140070034554,
      14.943101388250412,
      6.291495937837549,
      11.846750475499373,
      6.94083010756671,
      10.074755469828618,
      6.5157950070920805
    ],
    "hip_angle": [
      87.20320040861073,
      89.74109428983438,
      88.06237813118426,
      90.96114554299443,
      91.00919282497945,
      91.92092127830847,
      90.0061009708538,
      88.37523645209636,
      88.90636964586665,
      89.02803664291832,
      92.09827966336093,
      89.76693539073538,
      90.6504995884646,
      88.61881589274321,
      88.02375881982451,
      91.94112369524142,
      91.32846584861846,
      90.50089225372625,
      88.73622561611879,
      93.0243005117514,
      91.50403855580481,
      91.48854099967926,
      91.47005599097254,
      88.52622122277704,
      92.13774569918391,
      89.61389267205772,
      87.882209592899,
      86.5359698403673,
      91.35963299823925,
      89.87167396288548
    ]
  },
  "num_frames": 30
}