{
  "exercise_type": "lunge",
  "form_score": 71.05775848110434,
  "form_quality": "fair",
  "risk_factors": [
    "moderate_forward_lean",
    "minor_form_deviation"
  ],
  "recommendations": [],
  "joint_angles": {
    "hip_angle_front": [
      180.6103817499971,
      179.7687852752645,
      182.95287341423466,
      179.53537801160985,
      180.98379841034665,
      178.4790687924704,
      174.5652947816951,
      181.59655414617214,
      165.45893074140247,
      152.21086615659917,
      141.2118145970981,
      130.26573271197208,
      116.79351751507375,
      101.67803581101494,
      87.4010631030833,
      90.31392104324118,
      90.16312791151152,
      90.52483908535191,
      91.90345511138874,
      90.11947986652744,
      90.47368124398963,
      91.3751529357733,
      99.55573884504263,
      118.5355949147894,
      130.4751345348352,
      140.20291919036714,
      150.78799818625504,
      165.21105284835602,
      88.19634062440983,
      100.75301755856195
    ],
    "knee_angle_front": [
      180.57750518965793,
      184.3313955891419,
      180.24564691672236,
      182.55334228216674,
      180.84900170027572,
      181.73117749865634,
      178.09296559678148,
      180.90145921658709,
      168.23526778103903,
      153.34684300068247,
      138.93902649636925,
      130.21671413646087,
      120.59230573618512,
      105.3681556641426,
      91.32020225677313,
      86.84005149912828,
      89.53064235256483,
      92.12061306108708,
      91.96710680473717,
      89.18207263466691,
      91.8361571219643,
      90.17519884201978,
      103.94890809266644,
      117.78236776523688,
      130.60026237775295,
      137.37238186305802,
      154.85363503038462,
      167.30034866027302,
      91.26821685634124,
      103.64322263412315
    ],
    "hip_angle_back": [
      179.79675118052015,
      183.05303086609305,
      181.89592443562884,
      179.4107021591788,
      182.81500187318443,
      182.03623505933916,
      182.70979581977693,
      177.62415298157916,
      177.74464323666044,
      180.21584273864832,
      178.05936483869203,
      179.69949717479338,
      180.69621014552172,
      184.25110491852155,
      180.77379976640452,
      178.86912693272296,
      179.46670386066154,
      181.67145064729627,
      178.78618668564533,
      177.09824595839865,
      180.78645172942902,
      179.8356705682914,
      182.72712467035927,
      182.09288090314558,
      180.5209743398269,
      183.15550888769687,
      180.11241699393076,
      177.60679617237128,
      179.73604712047302,
      178.46342566004645
    ],
    "knee_angle_back": [
      176.98023068085377,
      180.17547227654146,
      184.64151567217888,
      180.44084994135812,
      179.1110263048429,
      184.90651457477966,
      180.29561037368407,
      179.74271319600723,
      169.13636467242443,
      154.97685102614645,
      142.4883004690276,
      130.18574520211848,
      114.63162482281125,
      102.20048396050805,
      89.66849651994717,
      91.83588559102607,
      90.34970188605215,
      93.1191596745764,
      89.33643607282868,
      89.66305299598784,
      89.11992008038231,
      88.78192381544059,
      100.76084846922679,
      117.30318797788868,
      127.7231594737172,
      144.49149588959756,
      155.01226333123046,
      170.05817000818232,
      90.69280387559357,
      100.77603796514512
    ],
    "back_angle": [
      5.224357933577357,
      10.861312719762632,
      15.487204375860603,
      16.54303053934125,
      3.4580331713695256,
      13.28952726246904,
      7.146505461313834,
      11.971491345526948,
      7.410799959525121,
      16.784284439824802,
      7.585935638716919,
      12.618052590278939,
      13.058752812249178,
      10.506391197355294,
      5.195667927390033,
      2.5325749053517312,
      9.561724154081116,
      11.895889943959606,
      12.3835614851835,
      8.919088685515948,
      8.511185019924987,
      6.019765810712284,
      7.704857571836547,
      7.162006864773717,
      6.100128491414001,
      6.949675031455979,
      6.93008946551865,
      9.370127647785512,
      10.428440680264913,
      8.871991024218984
    ]
  },
  "num_frames": 30
}