{
  "exercise_type": "bench_press",
  "form_score": 40.83765191335851,
  "form_quality": "poor",
  "risk_factors": [
    "excessive_forward_lean",
    "knee_valgus",
    "insufficient_depth"
  ],
  "recommendations": [
    "Keep your chest up and maintain a neutral spine",
    "Push your knees outward to prevent inward collapse",
    "Descend until thighs are parallel to the ground"
  ],
  "joint_angles": {
    "shoulder_angle": [
      91.40160705340527,
      89.8131519407936,
      89.33946956375455,
      92.90535770963972,
      89.82384676268742,
      93.64925823419041,
      90.27456690977952,
      90.11216729311559,
      91.47274463613738,
      89.87195069307012,
      94.23286424747029,
      89.67146526429102,
      92.54476161549437,
      87.08695319167784,
      91.44588446136729,
      90.97752826504099,
      90.80332700590107,
      91.16055524629444,
      87.99283359560671,
      91.19437813998786,
      85.8340800104562,
      90.7096875671755,
      86.14107147843964,
      87.61372108938491,
      88.75837815561236,
      89.6805597791771,
      91.16141822014278,
      90.54697146451768,
      88.3376461286621,
      86.78316362456853
    ],
    "elbow_angle": [
      76.31154384511835,
      71.08877070179385,
      67.3133421297063,
      58.82587991105541,
      63.558339914626956,
      60.84523872796485,
      64.84873661737215,
      52.79841548552406,
      53.80405610045152,
      44.71730616942011,
      43.16431184860743,
      43.07177925497761,
      43.95839034354979,
      34.25815499233382,
      41.36835482866677,
      30.50620237315923,
      31.37132459230328,
      35.657103259064776,
      40.165242200102526,
      38.54554681705252,
      46.58777258906696,
      47.96320695874551,
      46.02393914067293,
      49.25392043228053,
      60.30514220509484,
      61.28015612789461,
      61.1757885835144,
      70.8612311798791,
      68.46419576254667,
      73.8080006984786
    ],
    "wrist_angle": [
      180.50155765455602,
      182.8613714136623,
      180.82492795548131,
      177.59454042004995,
      179.14404046534594,
      179.11392258187726,
      178.77988763487375,
      181.88494660759858,
      179.75244268246902,
      182.34327477719557,
      177.90957206119256,
      180.11180428683753,
      181.1462330601496,
      181.20617735081663,
      177.77311244841744,
      182.40745192496863,
      177.15827750403741,
      179.93144345564096,
      179.4845216608082,
      185.40306622094232,
      180.07461216534546,
      181.70912929537718,
      180.29423529273743,
      178.48573870601282,
      179.58443245727474,
      178.61538632881943,
      176.9291228066354,
      181.23712938138584,
      176.9785115915388,
      181.29402753605882
    ],
    "back_angle": [
      23.93045733645148,
      28.92989658482836,
      25.63331400016848,
      21.216857673294733,
      26.635306563786177,
      24.707760497290362,
      12.642754558683237,
      14.253452195793884,
      17.406020581863313,
      28.94600315658449,
      19.956341773074726,
      25.91189045891518,
      16.134111698826956,
      12.467898986934962,
      13.969545394963546,
      33.09326153369565,
      17.723431487978075,
      23.129869071387436,
      29.42728563229065,
      15.126992503834781,
      20.542775345172238,
      21.369243253918327,
      26.869927963046116,
      21.54340249305558,
      27.070959928959617,
      16.25303965736898,
      19.758081336769617,
      22.751242059492927,
      30.67244892496488,
      18.873083455105633
    ],
    "hip_angle": [
      87.72000773857123,
      84.16694861899013,
      87.99405377138335,
      88.86904877470245,
      90.18906983328408,
      91.20961587077457,
      89.3295012732713,
      91.38492845496681,
      92.25417022573353,
      89.94943910292007,
      91.28462845031018,
      91.22759653271697,
      91.69211318752414,
      90.36181494766547,
      91.11978053156163,
      89.76297158577617,
      90.85356242557988,
      92.00901019670529,
      91.66818011750875,
      89.09986165845403,
      94.80951795827808,
      88.98638687889552,
      92.49697494944691,
      92.99039163170623,
      89.88830507589347,
      90.63127057371794,
      84.96531906411789,
      92.41699355180285,
      88.19924533099984,
      90.55986848512478
    ]
  },
  "num_frames": 30
}