{
  "exercise_type": "deadlift",
  "form_score": 98.71796258091032,
  "form_quality": "excellent",
  "risk_factors": [],
  "recommendations": [],
  "joint_angles": {
    "hip_angle": [
      45.31374530093252,
      46.27960867004765,
      45.66111722809691,
      41.70218208080422,
      44.56860211891625,
      44.67848390200224,
      48.6866282735978,
      45.957960027311124,
      49.97137547894856,
      44.758131294677895,
      47.44060670841493,
      57.08864881533314,
      72.589844934425,
      84.63240591732402,
      99.83149261392248,
      112.47199170610345,
      127.38019297811677,
      140.4599540989847,
      148.01510616023117,
      167.5812660341215,
      179.349367606409,
      168.29040022796192,
      153.45012643434464,
      139.57203730121324,
      126.01040520057452,
      111.62936212586457,
      100.68679992155593,
      87.01977175167151,
      73.34034655241425,
      55.62856365233847
    ],
    "knee_angle": [
      91.94338001529543,
      87.19500710846793,
      93.11521432901289,
      90.18208554904237,
      94.98909896011749,
      90.15335978935198,
      86.38103587930136,
      91.02396050907885,
      88.44221588522454,
      92.87144604219745,
      91.88410883670589,
      100.16903345612604,
      109.04677789550028,
      122.29579727587816,
      127.76953555081698,
      135.1110446670653,
      145.36035666463192,
      152.34654605385762,
      161.9199039253274,
      170.05817560265908,
      180.93301644927635,
      171.38070436635238,
      161.46446643656813,
      151.84117000645657,
      145.27043236577265,
      132.559976794799,
      125.06495016516652,
      114.83542160117126,
      106.67584884602697,
      101.16917902201548
    ],
    "ankle_angle": [
      90.43252249901937,
      87.41930214331956,
      85.07224191594584,
      91.01371566518286,
      93.25480452677765,
      89.04082916685839,
      88.9929531880842,
      90.97647234526079,
      89.85303136804382,
      87.97858099624985,
      90.5083307768573,
      91.2224273880563,
      90.03416026307185,
      89.8616058912173,
      91.3780437025877,
      89.78632618999696,
      90.2641205337611,
      89.5446914843161,
      89.89179600589914,
      87.69962437700264,
      94.02118713248032,
      91.08676473847684,
      85.68068337435184,
      89.31301993760641,
      90.61694934235787,
      89.75779235233668,
      87.59768091554369,
      87.28903819080762,
      91.36237852349468,
      93.72231326403049
    ],
    "back_angle": [
      -3.814572154471835,
      -1.825734805662183,
      -0.6583900812337308,
      0.30748073788405184,
      -1.770216983511896,
      -2.1248968498411,
      0.868330432779839,
      5.534405698347588,
      -1.5594727346774893,
      -1.8423940848014677,
      -1.5718734121595497,
      2.281975574298284,
      1.835058054049156,
      5.329902155473729,
      0.4358742122692858,
      1.8585785737966682,
      0.5171342011806067,
      -0.6021547242948275,
      4.095186706026087,
      4.832551555080949,
      -0.5741423003126086,
      2.3593313201897597,
      -5.594932104864284,
      -0.8351880106603258,
      -3.0570481480625684,
      1.0798174608892748,
      -2.0571900932958016,
      -1.8602490220023666,
      2.9105273420260755,
      2.503472022134772
    ],
    "shoulder_angle": [
      92.24777687752153,
      89.52091205492978,
      90.0912316449924,
      90.85434674898956,
      87.7636395845514,
      88.79237010299026,
      88.50889016610115,
      89.73591271374427,
      89.30948668695635,
      89.13077930213507,
      88.49619698531102,
      89.70939317341725,
      93.53302354506523,
      90.21846718235813,
      92.78576393157205,
      86.84320216709966,
      88.61202590426352,
      91.79309177273446,
      86.16159603618807,
      87.12472778508176,
      96.52162215820407,
      91.61134496734162,
      86.2377587819972,
      89.95367416715797,
      90.77327340734534,
      89.6545360223847,
      92.73315183260257,
      90.31948969921947,
      91.36093510097724,
      89.86512379018815
    ]
  },
  "num_frames": 30
}