{
  "exercise_type": "bench_press",
  "form_score": 77.93035747599787,
  "form_quality": "good",
  "risk_factors": [],
  "recommendations": [],
  "joint_angles": {
    "shoulder_angle": [
      94.01855393883467,
      91.74122722147273,
      92.917114408106,
      90.47093571795152,
      87.58832633545606,
      87.6150985693097,
      89.73706590568467,
      90.70829612254329,
      90.04167218911877,
      88.51175715349449,
      90.35925510484925,
      92.71566041775874,
      88.61193299407988,
      89.49612148222451,
      90.30435859650169,
      88.86840024673116,
      88.86213528520003,
      87.20052567677777,
      90.01027948423778,
      90.83097915114686,
      86.69614756630213,
      87.50915887414196,
      89.0473044915199,
      90.30379315135576,
      91.640133223196,
      91.11934541626137,
      86.83892174350031,
      90.51500261828932,
      88.22962740110847,
      88.73320475177813
    ],
    "elbow_angle": [
      90.38309039640947,
      85.65457621158598,
      86.03969678877027,
      79.35009168448187,
      80.28195922770638,
      74.38305665280775,
      71.22875003189333,
      69.52047117776888,
      64.2899727736135,
      65.01418113360711,
      59.264050649401064,
      55.63251311989947,
      52.843963421149,
      51.61767894396009,
      48.26634238996426,
      45.82857041490381,
      53.31201165026149,
      49.20735367306265,
      52.57824900963761,
      57.264191877557344,
      61.285078056810676,
      62.44351245254657,
      69.53628223107982,
      71.83504464579887,
      74.49307472876556,
      77.3351811616714,
      78.21564733474123,
      80.08674311642248,
      85.91262686152106,
      87.08336970446045
    ],
    "wrist_angle": [
      179.91379921028604,
      176.8385331545826,
      182.1258650048949,
      180.49717815246703,
      182.20694225674274,
      179.82204190223743,
      179.4304338526279,
      179.90629112471444,
      181.01723056688203,
      180.576252111437,
      182.26119411637143,
      180.0313244815886,
      180.3751824845932,
      181.4065553898315,
      180.3684051700316,
      179.55153401718158,
      182.1409994812089,
      180.8823567873542,
      176.5626745145134,
      177.03275107508904,
      180.74137293050944,
      177.6256611664999,
      177.78155449182975,
      177.60330412222305,
      180.669581240619,
      180.3812539477613,
      180.9032103492392,
      180.2302088087786,
      178.46156876120625,
      180.0689631921985
    ],
    "back_angle": [
      -6.162905704999461,
      -3.817594862226431,
      -1.7084925986031112,
      -2.406011561691502,
      1.989863363384765,
      -0.46406646556906916,
      -1.8462458046604593,
      -2.2843694915729342,
      -3.40444443939946,
      -3.4379705693531024,
      -1.1634760310781567,
      -1.8613591054598009,
      -3.1966290852558776,
      -0.3324496894904927,
      1.9025840833067742,
      -2.776956237455255,
      -1.8119816562857376,
      -3.438235737883904,
      1.272992362100065,
      -0.5567866763770128,
      -1.289129358250424,
      -0.0037387125601844456,
      -2.871503326807023,
      -0.7041155760342166,
      2.079411825202293,
      0.22170241760916717,
      0.43887509647404926,
      0.9860107386252523,
      -0.007426159457421868,
      -2.852045797082493
    ],
    "hip_angle": [
      91.77002250214468,
      91.00129910672428,
      92.77691353081829,
      89.29435612334528,
      85.65104878593638,
      92.81439480856923,
      88.31684622443208,
      90.18573270945144,
      89.01308607221972,
      90.31079274331474,
      89.24629723530767,
      92.2315447071961,
      86.41976413327099,
      92.64857907771862,
      90.58529383366859,
      88.62786712475383,
      88.90226223285968,
      88.4490257989174,
      88.26545981499132,
      91.02728765130314,
      86.88479699608527,
      88.69535632453301,
      93.99656061753815,
      92.44671796101548,
      89.01711951681828,
      88.85186423265618,
      87.50197256813829,
      88.98175865952352,
      92.15497494892668,
      92.6714665961855
    ]
  },
  "num_frames": 30
}