{
  "exercise_type": "squat",
  "form_score": 72.77273621244387,
  "form_quality": "fair",
  "risk_factors": [
    "moderate_forward_lean",
    "minor_form_deviation"
  ],
  "recommendations": [],
  "joint_angles": {
    "hip_angle": [
      178.42999756788538,
      182.93665040031684,
      179.91584497656763,
      182.84780184542564,
      177.97928745123048,
      184.10865810209103,
      180.50816443292103,
      179.98206811388394,
      166.6350576537915,
      155.60566759923742,
      140.52411123714887,
      132.07915880829174,
      116.43551889385019,
      103.07361834356122,
      92.35699074492872,
      90.53627386359659,
      90.2662286216228,
      89.94660119457956,
      91.102251790808,
      88.64188654311114,
      89.50898321513773,
      93.19771752082023,
      101.54956468077597,
      118.45036160455257,
      125.95989542181644,
      143.38182233614694,
      150.22166009152954,
      166.11133965111742,
      91.61924611620852,
      104.59492172127018
    ],
    "knee_angle": [
      176.937396160169,
      174.56061402550594,
      169.2532501395581,
      176.01985485628552,
      171.2322222446095,
      182.45251843678778,
      180.55260634773634,
      180.52233083967883,
      158.61579316690933,
      146.7939341046223,
      132.02325395802495,
      130.24980379571392,
      110.45976310103103,
      98.33473673495136,
      78.99166210352858,
      83.9904437872763,
      82.35590956138515,
      87.64299430840224,
      83.8063722223217,
      85.9561469810217,
      81.45040138383698,
      85.15198737550067,
      97.8887576675099,
      113.66428454694714,
      112.7155918389355,
      134.98149349262903,
      146.85030173111878,
      156.3546838449856,
      84.13741375492893,
      94.31333210661144
    ],
    "ankle_angle": [
      90.73239261876324,
      89.10345396525238,
      89.32687364742884,
      93.52249372704554,
      90.04153719752583,
      86.99620809787916,
      91.79216367596634,
      90.24260535091153,
      83.22877906036344,
      86.86136456286589,
      81.33614890696376,
      81.42538289426629,
      72.79047487153434,
      73.23729776455292,
      69.27546726938301,
      68.48771422126738,
      68.95630632280944,
      67.80275071544294,
      71.60448351367026,
      69.34115398975882,
      70.43905702132105,
      71.2767809010409,
      71.14575381387519,
      74.52813623933233,
      80.28929197649634,
      81.20702636290285,
      87.99066467448766,
      86.10210381645831,
      68.64606310760365,
      74.96415102496817
    ],
    "back_angle": [
      11.432635410029262,
      13.979200610847316,
      15.330996591230448,
      17.052456760026253,
      11.996604935753378,
      8.057813290479757,
      9.967761985683298,
      15.748052557624877,
      17.738967738380357,
      3.6454573693948222,
      11.25031767646795,
      8.949502107358594,
      11.529812984257653,
      5.761164863022346,
      12.816902130820841,
      14.677625086304522,
      7.258761896526965,
      6.00984987715524,
      9.874109341200302,
      9.607296636798552,
      8.70994751134207,
      6.560068755116761,
      6.243969986177571,
      2.7280054202238935,
      10.91292041707206,
      12.055164851984362,
      9.959332200146765,
      7.982814327425956,
      11.503200252461708,
      5.215240048273654
    ],
    "shoulder_angle": [
      43.98940439554573,
      45.31774323537204,
      47.84274559439617,
      45.654869344411274,
      39.188796934254356,
      47.175940729643926,
      41.86006128900625,
      42.45576770785352,
      47.733021147434606,
      44.46870261927835,
      45.59467188752636,
      42.39965128822902,
      44.967675624462764,
      46.86623612781131,
      47.06634418548184,
      45.04030509448394,
      48.0712564328202,
      43.60059898315057,
      43.1830852803308,
      42.7805151639009,
      45.05386539818678,
      46.80735128398142,
      44.05448200466114,
      46.02987417798859,
      46.99143597738217,
      47.51027070247299,
      49.9141165173109,
      42.69544219612698,
      45.476190279399276,
      46.11557977674835
    ]
  },
  "num_frames": 30
}