{
  "exercise_type": "bench_press",
  "form_score": 97.94456690582,
  "form_quality": "excellent",
  "risk_factors": [],
  "recommendations": [],
  "joint_angles": {
    "shoulder_angle": [
      89.94217834256813,
      91.4023729363179,
      93.18502502928916,
      89.64779358134756,
      88.58944115821612,
      89.24779159731305,
      91.2755297346049,
      91.05159067124929,
      89.071406119927,
      89.4914131765942,
      90.45976307980538,
      90.60912083239492,
      90.17910991366607,
      87.77902230890797,
      93.14949207593519,
      90.19645824517133,
      89.04088339725185,
      91.75002743844087,
      90.00086308961006,
      90.85209111329132,
      87.48035287663217,
      90.58363543746154,
      92.1275185851202,
      89.51941243491034,
      88.61063352732258,
      87.96652601382749,
      91.0193328181813,
      93.32111642221346,
      89.42312587202699,
      86.55443417296301
    ],
    "elbow_angle": [
      88.70336389004488,
      88.723348630279,
      84.6217460607729,
      80.28807902205737,
      79.22648617703798,
      72.9247791697885,
      72.08718061761923,
      67.72529458567006,
      67.20175872790357,
      63.69476931308788,
      60.86949556565652,
      57.39270433593701,
      53.46765664102807,
      50.52993240772201,
      50.214599825854734,
      43.114556032086114,
      50.161163764639134,
      48.615165533819265,
      52.08848448158054,
      56.03169175389772,
      57.595309375780744,
      61.151847828306664,
      64.63174440324622,
      68.92275314233054,
      74.28551448229415,
      74.95067391544347,
      79.97170048062219,
      76.97808888454823,
      85.79117640557054,
      88.55994785598526
    ],
    "wrist_angle": [
      182.6484376130865,
      179.70409229625832,
      180.64609342987856,
      177.1436810575924,
      178.90654598847826,
      178.88211520448067,
      184.038688519683,
      180.72240629319109,
      182.44846124579416,
      183.20234904368718,
      180.778150052854,
      181.68823105077854,
      176.36094716471672,
      181.05019484181258,
      178.8250479157993,
      180.13419492301423,
      179.54123844826958,
      175.09996692858783,
      178.98584668070762,
      182.6083889568896,
      179.60842792835498,
      183.46030777229305,
      177.47334954384397,
      180.61356755932664,
      182.68733067830544,
      182.31697384033794,
      183.23517243811787,
      181.39441938623503,
      178.5725410149368,
      183.83334751985655
    ],
    "back_angle": [
      -0.9136873016121593,
      -4.043801330613033,
      -1.0545087340780726,
      1.540643244240178,
      -1.392804087942598,
      -0.43769063266302555,
      -2.2983258020965156,
      -2.7402063999314548,
      1.518377420825837,
      2.229492382736937,
      0.9730276903725351,
      -0.17146163270361767,
      -0.6324990405201106,
      -1.1171115405301932,
      -1.9625679379994216,
      1.3078212448608493,
      0.22717955217639893,
      -0.9394053043045093,
      -1.8109772240714257,
      -2.43161729946695,
      -3.912138948128387,
      0.09216634615567584,
      -3.3832459544284026,
      3.4886039825480264,
      0.08851664316960361,
      -2.431278830506872,
      1.667196440382081,
      -1.7111381915854948,
      -0.8932899720176669,
      0.8617575799498278
    ],
    "hip_angle": [
      87.84073935835426,
      90.63923962007149,
      89.7944177128263,
      87.30192516986017,
      90.25350213872608,
      85.7939496574665,
      90.87638235634472,
      90.67119606589948,
      90.70149880056618,
      91.11630025450809,
      85.60166936397515,
      92.03187088950914,
      90.6777139332092,
      91.1937827585013,
      90.57668907446435,
      91.07217500605384,
      93.05562862726433,
      91.80769768207026,
      90.49907522000278,
      89.7707179625921,
      88.43292370129674,
      90.95810012200626,
      87.87950013439968,
      89.79114596077629,
      89.33235728710014,
      94.52335487327551,
      86.31317317503535,
      88.23519676759143,
      89.47540963320094,
      89.93286037195277
    ]
  },
  "num_frames": 30
}