{
  "exercise_type": "deadlift",
  "form_score": 85.31584245943387,
  "form_quality": "good",
  "risk_factors": [],
  "recommendations": [],
  "joint_angles": {
    "hip_angle": [
      46.986127172526494,
      40.54549270671421,
      50.15059274332358,
      42.79239790275083,
      46.049260762677804,
      47.064817217139655,
      43.557324861737634,
      46.007313759589564,
      45.652912157824375,
      42.32263425468669,
      45.39422228158414,
      59.31210697225539,
      70.39434019722219,
      84.77324047155885,
      99.22841542357702,
      112.91747272772389,
      128.31711838673417,
      140.29563674587536,
      153.03504340179165,
      162.33079294058743,
      178.14751335255136,
      167.4377343792289,
      154.38495058747878,
      138.94451211382574,
      125.86212817402,
      112.52067455475303,
      98.51797058329149,
      82.177809933986,
      74.69220446329919,
      59.70721689630811
    ],
    "knee_angle": [
      89.9686239943356,
      89.83175572941364,
      92.42660490381306,
      90.36069496234603,
      87.35142193737504,
      85.08203708865646,
      89.59941207406031,
      92.81664656020483,
      88.8161463056438,
      92.48274467309454,
      87.06637713399977,
      96.15308308631855,
      109.41432176663302,
      117.55024539630281,
      127.7160425569516,
      137.8920142425737,
      145.11267881051882,
      154.26998059787866,
      159.47344104252397,
      167.93026573985057,
      182.45319011684896,
      169.05906548075248,
      166.86795502517825,
      156.66008011559498,
      146.64668827110148,
      133.06152339291216,
      126.78347380993264,
      117.16846498019885,
      108.70968517170034,
      99.2885830028877
    ],
    "ankle_angle": [
      88.22578580741829,
      90.5921532884294,
      88.465337016837,
      88.77984428585476,
      89.77416610903649,
      90.41478568753807,
      92.84875585417538,
      86.03833706569576,
      92.29531663347015,
      91.8902920681287,
      87.95624281851237,
      88.87912353448237,
      89.60267314765304,
      89.30920597491418,
      91.36297833486935,
      86.68548044780363,
      88.54939834956237,
      89.19509745328261,
      90.54873471697593,
      94.14663456159111,
      91.35389430079775,
      91.38783464634322,
      87.64795627281069,
      90.00608047204749,
      89.84997524394998,
      90.97836068913999,
      91.52616876553834,
      89.41016519447031,
      91.55822979442716,
      87.74098126460893
    ],
    "back_angle": [
      4.496121289828671,
      2.1045690466538125,
      5.639956486148973,
      7.227902104183251,
      6.379760235922498,
      4.809698292618423,
      1.3973846147204,
      10.903541896107615,
      13.102339779308611,
      2.8217175484586123,
      1.744226248849232,
      8.690868369174623,
      4.546887931480113,
      8.56175525067163,
      9.683738623382524,
      -0.11593834288465854,
      2.5058453699918823,
      4.695456227419806,
      2.8724833631425426,
      -0.4571849983001717,
      3.3155500487586274,
      3.9014885307765095,
      2.304160862226601,
      2.604204895267493,
      4.402564233047899,
      -0.3195154526757049,
      5.903437448503485,
      6.243432045919109,
      4.2821121268815325,
      8.950299456369615
    ],
    "shoulder_angle": [
      87.74240580382116,
      87.80160914772551,
      90.76892357416165,
      87.99550255427086,
      90.59584315664038,
      87.059283628534,
      93.76979983154156,
      91.1080753736769,
      92.16505385604755,
      89.5450994387473,
      90.58491741469618,
      91.56372858703497,
      86.80018252361583,
      89.57214246146108,
      87.50372095000142,
      89.73551042137308,
      87.91622246159686,
      88.76380571538286,
      89.90561012812296,
      90.62018208529867,
      92.01378256714473,
      90.36228822193813,
      90.69061593195187,
      89.87191944701998,
      85.22062261406012,
      88.80474064366281,
      84.75774861920846,
      89.14550677670844,
      91.54527501334887,
      87.01352019031907
    ]
  },
  "num_frames": 30
}