{
  "exercise_type": "overhead_press",
  "form_score": 70.4518248416038,
  "form_quality": "fair",
  "risk_factors": [
    "moderate_forward_lean",
    "minor_form_deviation"
  ],
  "recommendations": [],
  "joint_angles": {
    "shoulder_angle": [
      89.17422284953503,
      96.65280720223859,
      103.59704771954857,
      105.69424114764224,
      111.77462764928464,
      121.43615757500737,
      128.40607575428552,
      122.48824436772883,
      140.7788786576053,
      145.33840384478685,
      148.45372563260972,
      154.55040427165525,
      163.06509976671694,
      171.13278231860536,
      177.6187734755536,
      177.53937065925192,
      171.21241114337528,
      171.02688951307275,
      161.90027482267635,
      154.5659349517013,
      150.10552686609776,
      141.51486430482993,
      139.3984005547914,
      131.58041645727448,
      124.23058435442819,
      118.42578512540993,
      117.05011020681594,
      106.3163538539152,
      101.56621932529596,
      97.64641829052636
    ],
    "elbow_angle": [
      87.52407803011128,
      94.22091769101641,
      101.45459067321407,
      108.1727435239424,
      111.8315456489259,
      118.4092742537976,
      125.93325576124789,
      130.69447677972354,
      136.9726919927216,
      145.13137534179523,
      147.98631890680153,
      157.46790766676037,
      164.36859798543037,
      165.98001517572055,
      174.3828324023299,
      177.4899217420587,
      175.9457666325891,
      170.93603413480002,
      158.52103177742435,
      155.7558726824541,
      150.38054401665818,
      144.74052837277435,
      137.45112795949734,
      133.07462518332915,
      124.00507720128796,
      118.37777855369586,
      112.79245399468036,
      106.35451093843398,
      100.20574902978443,
      99.28890770597069
    ],
    "wrist_angle": [
      180.4839010395443,
      181.6962798166275,
      180.19158997867925,
      183.06417281150945,
      179.1793821175998,
      181.7721698820354,
      180.64325795248774,
      181.20052588079176,
      184.15656806604113,
      181.49713296911017,
      179.48256563174593,
      179.70156221803924,
      181.43879565435003,
      178.4179431547865,
      178.65418635217588,
      183.08830444070855,
      178.90078758898292,
      180.99537210743634,
      179.4338240255406,
      182.2086530989659,
      180.60979110012485,
      179.1489528705821,
      178.36853660883665,
      173.8339496092302,
      180.3864789687033,
      183.23302483362647,
      179.69728939746634,
      180.13950896293474,
      179.83417402770303,
      178.90823113613118
    ],
    "back_angle": [
      4.255666945592221,
      8.159581659324454,
      12.26286788730792,
      6.739023580329906,
      6.7083797727744985,
      10.961243547176343,
      10.225258851489517,
      5.53893704082653,
      15.476366507614634,
      14.63257233775411,
      4.0545453847638795,
      10.391863762939014,
      6.024128599620454,
      15.699926841642728,
      14.741311270747124,
      6.328358435696958,
      11.177261299734432,
      8.674704069714045,
      6.746748830932077,
      9.297862619888988,
      10.623616967091793,
      11.353000894830728,
      11.163369586937463,
      12.024732086973298,
      6.040735788766742,
      5.2082719234402415,
      12.349411660010261,
      9.117142524027386,
      8.585932592084982,
      7.231919413221217
    ],
    "hip_angle": [
      179.38734724935958,
      181.46634155106565,
      180.66276994203778,
      180.65976992177,
      179.35305432897235,
      178.13445790992847,
      180.7128690426401,
      182.16714979240737,
      179.93217079207633,
      181.7126634508647,
      179.23966724475056,
      179.40293641049007,
      182.42536379127506,
      183.00274917493897,
      181.44861649962203,
      181.7343588138129,
      179.8618549392739,
      177.22207925073997,
      180.7488979481718,
      180.47593945961268,
      179.1411126874583,
      180.27613193237949,
      179.25524100036185,
      182.838103052218,
      176.3940312666299,
      176.04959343496975,
      177.44666804579978,
      178.07554763827562,
      180.66735002219704,
      177.0683204934632
    ]
  },
  "num_frames": 30
}