{
  "exercise_type": "squat",
  "form_score": 65.68873618204229,
  "form_quality": "fair",
  "risk_factors": [
    "moderate_forward_lean",
    "minor_form_deviation"
  ],
  "recommendations": [],
  "joint_angles": {
    "hip_angle": [
      178.4378447870999,
      179.7329246055505,
      178.68982029480256,
      179.07092044893005,
      180.59065082490105,
      180.32972339815544,
      179.189784505676,
      180.13096832554572,
      167.47269237833194,
      152.55929366377282,
      141.74855048349232,
      129.26856222908512,
      116.18691109587452,
      105.14866196668876,
      90.06292543076212,
      90.09125376477166,
      92.4254936152516,
      90.47612814989832,
      91.19708209028215,
      90.40957711428356,
      88.0851397018104,
      92.26718041659439,
      99.79158308859382,
      116.63863714929781,
      125.81035229718243,
      142.7858576237111,
      157.5130457809715,
      168.12594975339067,
      86.692762400383,
      103.68630307813552
    ],
    "knee_angle": [
      170.12159548351113,
      183.8556160297192,
      176.64644110250978,
      171.24775893679464,
      176.92123921572343,
      171.70234674752018,
      173.56217189631033,
      178.8193101301349,
      156.5895185658596,
      156.87185822877325,
      141.58786805197363,
      123.35382244263452,
      104.7404476914325,
      95.31573087610552,
      76.29122472009844,
      92.65826520667845,
      85.17040466573505,
      91.66728718127197,
      84.55602271650858,
      84.44236144764466,
      77.17708199549669,
      83.52771734048471,
      94.38153056991501,
      109.99229568273448,
      126.03117571832617,
      131.16354688755985,
      143.71928562208623,
      162.43599925125423,
      86.70830091574926,
      105.46772869611644
    ],
    "ankle_angle": [
      90.33629409013429,
      92.36684277709598,
      93.89261420745231,
      89.01595272444324,
      93.83718146115037,
      86.846595399168,
      89.61078050999446,
      94.3544663797211,
      88.82215233221513,
      86.98468532095085,
      82.2739423583794,
      79.75653898487998,
      76.52867867864352,
      74.92117405501683,
      71.98442567726849,
      68.63138301507104,
      68.49377515945842,
      69.78123436016304,
      68.55691607547129,
      68.22230394286476,
      69.35451077448019,
      68.43189249466387,
      74.84699689178782,
      74.55686390933597,
      81.630615817673,
      81.43696941418763,
      86.04050631115582,
      86.70341257948695,
      71.07602149107383,
      70.5913330484031
    ],
    "back_angle": [
      13.49427632259719,
      11.215463394320402,
      4.8744018918046415,
      7.421418140432073,
      5.534331069360125,
      16.57739936278762,
      8.365735329535173,
      12.264538104751395,
      9.651258830889379,
      7.692241048865939,
      12.823825246242972,
      7.622024845071319,
      6.326802592713951,
      6.615394705409898,
      9.898041539002215,
      10.112323492754385,
      10.556098646512405,
      4.977446471356278,
      11.26453402082109,
      9.954832451621687,
      5.233651500320342,
      6.219489537917428,
      12.481269759766617,
      11.719566103256573,
      6.552485856806238,
      4.853444066533806,
      6.66953252941545,
      7.316963210136403,
      17.529839719035554,
      13.31437136046327
    ],
    "shoulder_angle": [
      42.593075530436096,
      44.23476622278533,
      42.85413052356391,
      42.48942089555365,
      46.42664125031859,
      43.752635385999284,
      41.48836839056384,
      47.526243625350276,
      44.6336802670222,
      42.366939881775615,
      45.670276662208266,
      43.136536634742804,
      46.83610178460946,
      42.5634737100289,
      44.81312124053967,
      43.123370678345665,
      44.58918663717353,
      45.391634252621,
      43.841464756212915,
      44.579319020829615,
      43.83510321098958,
      44.14889343200822,
      45.02171541706099,
      47.1813641291359,
      41.45222912155932,
      47.304422614087876,
      43.697843066940706,
      45.91723245192474,
      43.79989093386317,
      43.61596092408805
    ]
  },
  "num_frames": 30
}