{
  "exercise_type": "bench_press",
  "form_score": 96.1796290955339,
  "form_quality": "excellent",
  "risk_factors": [],
  "recommendations": [],
  "joint_angles": {
    "shoulder_angle": [
      87.74736383959008,
      88.08951264237906,
      88.01640118413751,
      87.96511680092351,
      90.04462367071832,
      88.99877104361337,
      91.5051304787786,
      88.91651835757148,
      88.47321101967172,
      89.1634139190456,
      89.67568139158286,
      90.58152378482737,
      92.58468026736732,
      87.2422957461219,
      91.64250723669196,
      94.0961722128753,
      92.93952704369576,
      91.96899577326425,
      88.4445531983372,
      92.1107704062172,
      94.59322111232582,
      91.51913531821452,
      89.18582510705176,
      90.60277454482558,
      88.85231725749988,
      87.07169907526108,
      87.43932077133073,
      88.64989291990042,
      89.28432706254657,
      87.96407992378894
    ],
    "elbow_angle": [
      88.60563316502594,
      87.06370002884785,
      82.54251468546997,
      85.53319663572672,
      76.99358661611814,
      75.64457998759754,
      70.77658732601064,
      69.0727489529639,
      62.78927427644965,
      63.254446268636265,
      60.018982835625074,
      51.79602154111399,
      56.599673657482256,
      51.95854751747428,
      50.10974530193837,
      47.48010070521698,
      47.818332800392774,
      51.16918375873141,
      54.24557805354434,
      58.66207957187035,
      57.624603700527295,
      61.66294506654038,
      67.80398601325156,
      67.62320738014297,
      69.08524043199398,
      72.63081767350641,
      82.37209977700365,
      79.85760156461875,
      79.00875052431529,
      83.80931871876676
    ],
    "wrist_angle": [
      182.2082468796737,
      181.92194494733653,
      181.30244648953575,
      181.32778651305347,
      178.60911080584262,
      176.76116588684087,
      180.0057886393294,
      178.61455061370185,
      183.08889782301202,
      180.75513981398262,
      180.85052644021727,
      182.78930820231653,
      181.52319268271143,
      176.83180066750683,
      178.76925959579228,
      177.25934724407227,
      180.89172780659467,
      179.48603997075065,
      178.95225263468228,
      183.235811670034,
      180.3015003625987,
      178.41415102946988,
      178.2355570287942,
      179.68648179198348,
      183.47178396516165,
      182.19188748018854,
      178.6019444458032,
      179.9773417965271,
      177.04827907729836,
      180.01985441985028
    ],
    "back_angle": [
      1.2602604186710478,
      -0.3582826807318137,
      -0.5859835588976535,
      1.8917778656361917,
      0.5672580751518095,
      -2.515088704264187,
      2.6184758588862356,
      -2.226800427849211,
      -1.7304284647097419,
      0.23862711975648762,
      -2.0794206261183654,
      -2.3220989381415933,
      -1.0189215839691284,
      -2.5660166543521914,
      1.5472708370707422,
      -1.5765063220182625,
      -1.0710276598397894,
      0.45529144614301,
      0.8419876640919844,
      0.05738964299509081,
      3.7539743815894915,
      -2.918078315167888,
      -0.6369839852124245,
      -0.4349159785718012,
      1.0775986341307686,
      -0.7235427016088022,
      -2.855117019100525,
      3.271915030519705,
      0.11756205749047907,
      -0.3656999784473308
    ],
    "hip_angle": [
      91.33136697580005,
      86.67243221085067,
      89.86067043243811,
      88.4870720242095,
      90.62953562999354,
      92.33642835854438,
      90.67829136011105,
      91.33875317982465,
      88.33693096801147,
      88.26470258378266,
      90.10257799389966,
      88.59178457869356,
      87.68448318500667,
      90.26115455563676,
      86.9690347825746,
      91.9918324282477,
      90.98124865631125,
      90.83518415282364,
      91.83608403171195,
      90.22079794603924,
      90.09719841556766,
      93.72904990188385,
      91.4959100450712,
      88.12615669173546,
      95.49332796432675,
      90.03764867853413,
      88.22911272909283,
      91.06839068063367,
      88.97919789215754,
      89.06228996774225
    ]
  },
  "num_frames": 30
}