{
  "exercise_type": "lunge",
  "form_score": 69.36041709970897,
  "form_quality": "fair",
  "risk_factors": [
    "moderate_forward_lean",
    "minor_form_deviation"
  ],
  "recommendations": [],
  "joint_angles": {
    "hip_angle_front": [
      177.42433045864905,
      179.70810812954727,
      178.81694589123524,
      184.01299046294145,
      182.92565871722184,
      177.89390050001265,
      180.46547891682442,
      177.66334735569762,
      165.67738068559305,
      158.43280972867603,
      137.3939017483098,
      130.02411940253836,
      119.70923973327523,
      103.09008114472671,
      89.93532253017989,
      92.3712286929927,
      89.82778872285641,
      89.29147044413247,
      90.61752488929584,
      86.08633361755862,
      92.2473851004583,
      94.53161860182166,
      107.50332181043602,
      118.83120513164477,
      129.1696196670751,
      142.39129020230456,
      152.05234738887253,
      168.0227934013486,
      88.45123785430629,
      104.27781559966199
    ],
    "knee_angle_front": [
      179.09394314540037,
      180.943116830367,
      181.01213811387976,
      176.50151769939,
      182.80478910763,
      182.3710299209026,
      181.88898502296797,
      177.67626541447345,
      167.5336773878153,
      154.85767182164076,
      140.59396977514183,
      128.48463504241417,
      113.72968724133035,
      103.10813356004428,
      88.96332367159218,
      88.99116333907429,
      90.83345206842299,
      88.846058594904,
      92.38017047269176,
      87.21514441893446,
      89.56360140744452,
      89.71386281388602,
      101.98601461640544,
      113.9264961753116,
      131.2622313652238,
      139.70982847113706,
      152.28374468879358,
      167.16366175235663,
      88.92097177040228,
      102.55178176571343
    ],
    "hip_angle_back": [
      181.07295085754174,
      183.44017873424505,
      178.92592688727547,
      178.28172433504872,
      181.26308139651294,
      177.62812385995926,
      177.64320534753926,
      180.72562942003236,
      182.11935952827685,
      182.96120735528493,
      178.46344760388186,
      181.12802011644496,
      177.4750494467559,
      178.82635506239964,
      180.48182935595952,
      179.5363699762677,
      183.52865599831122,
      181.61686888585854,
      179.63570050183995,
      180.60272928407696,
      177.46437127901942,
      176.70256874019742,
      177.53773157499634,
      178.6544270477954,
      179.27624643308957,
      181.02075992704007,
      181.55593107591338,
      184.20134819323664,
      180.4895491358841,
      179.4555395140197
    ],
    "knee_angle_back": [
      178.275656548803,
      182.62929716571418,
      177.2077680668015,
      181.98466851275958,
      177.57448729712033,
      176.62814178327298,
      178.85270790024637,
      178.38803569991958,
      164.35474730047554,
      156.5115669868268,
      144.28866317479262,
      125.92856229683987,
      117.0028572408853,
      102.41845976006016,
      89.99473589825936,
      90.13468799828483,
      88.90224756829369,
      89.17400816664221,
      89.18345786636529,
      95.6137287173908,
      86.72395421130351,
      89.70955876741229,
      101.53101856112094,
      117.14725926169244,
      132.20714088952982,
      143.36343494040844,
      154.5048892407507,
      168.49418690305143,
      89.90540384987631,
      103.66192301448926
    ],
    "back_angle": [
      15.238861409654627,
      15.036034934358508,
      14.555165021235819,
      11.556566315844623,
      10.081791996089088,
      10.510097487342613,
      14.542373777485295,
      9.413540758205652,
      9.915454494404948,
      10.171089242297013,
      7.471066772778412,
      17.678094364593385,
      6.384459907314587,
      6.942257197571655,
      10.126757014478317,
      12.893103669586536,
      15.282157354846367,
      5.10683110740095,
      10.915439379271652,
      5.822162355365889,
      12.954839103315289,
      10.92538373872372,
      7.482169845626914,
      13.21596075350018,
      5.91163487321859,
      6.421491186909926,
      6.2598283543376985,
      7.197748048719303,
      16.276490009094765,
      9.281632369148733
    ]
  },
  "num_frames": 30
}