{
  "exercise_type": "overhead_press",
  "form_score": 77.3461327104924,
  "form_quality": "good",
  "risk_factors": [],
  "recommendations": [],
  "joint_angles": {
    "shoulder_angle": [
      87.90089866131623,
      93.52192144422548,
      101.9818832344528,
      106.64492616806592,
      113.77202825155115,
      120.55314892677367,
      128.17232797210778,
      128.47203568174916,
      134.75140749436613,
      141.2896569026981,
      154.29894609219812,
      152.49166044222736,
      162.86990134191066,
      165.20285057882677,
      175.1791521891352,
      180.09214178074876,
      174.9721026763308,
      169.89649787894632,
      165.18442261904218,
      154.57534234030283,
      153.27837602068922,
      145.87310938913717,
      142.49665714410702,
      131.70647668184458,
      124.8710535550257,
      120.11580616113869,
      113.85393816174339,
      108.83870336980044,
      104.17370981307974,
      92.65184579075603
    ],
    "elbow_angle": [
      93.39548086332306,
      98.03862620266695,
      101.91908083331975,
      110.01245280085782,
      114.70610033120914,
      121.87401258252308,
      129.31875285867497,
      133.13207802560086,
      135.71205580720834,
      143.64985871165368,
      148.65849684840987,
      154.65372061775645,
      161.60360333486165,
      164.04364996606085,
      173.1653942300654,
      175.61904854252293,
      176.24873649280323,
      167.46166429044783,
      160.93618419654942,
      156.04866808409767,
      148.9822063305168,
      142.24486372761643,
      137.94172627649394,
      132.371441800533,
      126.52307455637018,
      118.47131666508058,
      115.50958818994907,
      109.87459628957586,
      102.31791980121736,
      95.6566185893466
    ],
    "wrist_angle": [
      182.38149005105754,
      180.4595651117715,
      181.86667005536756,
      178.18854819013393,
      179.43858119401415,
      179.92269552606712,
      178.27665636585246,
      179.02327256183622,
      176.24517132452272,
      182.11884710577283,
      178.33489746637093,
      180.4257071404854,
      179.73549264267638,
      180.00301209053674,
      181.79849428671233,
      179.55203908445424,
      180.82309944611805,
      177.47948687260146,
      179.23838941022396,
      177.3364951509546,
      177.83624312238823,
      183.41354559532968,
      179.04410135661178,
      178.96254043258642,
      181.01135871240436,
      179.93340081973315,
      179.5030646945063,
      176.498351665096,
      183.35015396341586,
      177.77166370577228
    ],
    "back_angle": [
      0.6122147490212126,
      -1.3200556509433905,
      -1.2639304639840623,
      0.8179250891520037,
      4.196093367434524,
      1.4943845652244643,
      0.47971887716638756,
      -0.6065833281659027,
      0.1477894628706425,
      3.889788020497062,
      0.7396091982287605,
      -0.8964591115888845,
      -2.517123770801761,
      -2.9363323925561207,
      -2.911854708531818,
      2.413172654394281,
      -0.5952619412070731,
      -3.6786964992360245,
      -1.921414910212709,
      0.3431463083660021,
      -0.829031784089238,
      2.7153274356507064,
      0.0632951944896326,
      2.020196212350714,
      2.007152776995262,
      1.1800576508592069,
      -0.05951630898105798,
      -1.2901524870742367,
      1.3337187973751992,
      0.8223851568260248
    ],
    "hip_angle": [
      182.08220164561655,
      180.58567937990725,
      178.60018348648566,
      179.3163464329426,
      178.92280111981472,
      181.48483838754342,
      176.97670406503215,
      179.61481471128792,
      180.11932708727306,
      182.63406807699957,
      181.9248331061463,
      182.89883430176502,
      179.7205890089409,
      178.59330278868194,
      180.95463872420632,
      182.67555419390698,
      182.9121689176596,
      181.2181019973176,
      178.96883122245453,
      179.11820061161532,
      179.97434997256846,
      177.23491485951735,
      182.87368861306948,
      179.5129320598523,
      178.5975641500298,
      181.43099617582737,
      179.17503088978887,
      177.8338918188023,
      178.9763729255501,
      181.39014464909715
    ]
  },
  "num_frames": 30
}