{
  "exercise_type": "deadlift",
  "form_score": 68.95258674262455,
  "form_quality": "fair",
  "risk_factors": [
    "moderate_forward_lean",
    "minor_form_deviation"
  ],
  "recommendations": [],
  "joint_angles": {
    "hip_angle": [
      46.32453835098789,
      45.741347348872345,
      44.319666269171236,
      46.98982377163858,
      42.78618062468611,
      43.9644792826939,
      47.99158024864783,
      45.803870820235915,
      41.563441082503786,
      41.42328910980187,
      44.67079351622325,
      58.13454828343759,
      74.94509634243079,
      85.24002089125929,
      98.83102014625747,
      111.41284296836855,
      124.22190212879866,
      138.1434702489023,
      156.09380197893282,
      166.96946236542956,
      177.3948035621958,
      164.54518541697323,
      151.65883396336102,
      139.11410723554062,
      125.2718585518297,
      113.02638668258302,
      95.86587375089918,
      85.81707250507782,
      71.88933989054537,
      56.689892935692605
    ],
    "knee_angle": [
      89.2725658999835,
      95.54287454189318,
      91.27129222142216,
      91.38661269748332,
      92.24847735414116,
      88.66608792056657,
      93.52101259360282,
      91.8456598242035,
      94.20744477452318,
      88.70843809879922,
      93.15253345961769,
      98.13479158334259,
      104.25284668288097,
      116.97206016635552,
      128.3856812023408,
      137.7316520514975,
      141.97144514637634,
      153.73379172280394,
      163.23505150440081,
      167.3401191744676,
      176.78679557645842,
      170.58803953937152,
      163.7882071263184,
      150.63301823083404,
      141.7963004108828,
      135.58767050610908,
      124.47092225255695,
      117.13946771366119,
      108.34502636053185,
      97.68800802677714
    ],
    "ankle_angle": [
      87.80061471712276,
      87.90434638044104,
      90.07581574189143,
      92.0796771960206,
      89.78555260731417,
      90.89961966482822,
      91.3153373216804,
      94.63815158326582,
      91.20160040429664,
      90.5540949154496,
      91.09474098779953,
      91.92543944811018,
      87.2698610715619,
      89.26957016484523,
      91.88636436386878,
      90.5626686593674,
      88.81069973408114,
      93.40606118423462,
      89.84165472409748,
      90.92164368188406,
      89.42766393401944,
      90.47622913759886,
      88.78945211098707,
      91.81528512109226,
      91.52233955685242,
      91.66704858405393,
      90.82111942409557,
      91.43136699841806,
      88.02912364120259,
      87.37489539503389
    ],
    "back_angle": [
      16.93394267793335,
      19.310517937204303,
      8.224624660269829,
      15.217016515696384,
      10.04009660691885,
      11.78302288818822,
      11.261808378161863,
      22.10473920730753,
      11.30599762740318,
      13.558482735976883,
      13.842544990695249,
      10.495553034492627,
      18.660211345472582,
      12.626144931306971,
      13.756902287730153,
      14.636721920864217,
      16.811507347676073,
      13.19058997339996,
      11.894746036829156,
      16.62610048692509,
      17.579951202216527,
      15.763287558073378,
      21.525839134038158,
      14.077002067707808,
      14.71211354270264,
      15.658243221533594,
      15.556641466434897,
      14.979971272916421,
      15.02018411544365,
      13.404724818530868
    ],
    "shoulder_angle": [
      93.06067956580006,
      86.78995967297024,
      91.07711547232765,
      87.93992573385883,
      88.75902546669121,
      95.4043451581325,
      88.81913089783315,
      89.21124270437971,
      90.458093513377,
      88.40439791467107,
      94.21384157302737,
      88.67992636175241,
      90.3108763069143,
      93.72338678904299,
      89.31161420313174,
      91.18956499114734,
      85.65529938970438,
      89.21362778527156,
      89.82725519223202,
      86.70452714931454,
      89.9965249501612,
      91.0616904827319,
      86.58159936566187,
      90.16872716396009,
      89.87818957437682,
      90.20301123269806,
      91.15378367027753,
      92.44455702029522,
      91.26801839151287,
      88.76868657855292
    ]
  },
  "num_frames": 30
}