{
  "exercise_type": "lunge",
  "form_score": 55.89669361987202,
  "form_quality": "poor",
  "risk_factors": [
    "excessive_forward_lean",
    "knee_valgus",
    "insufficient_depth"
  ],
  "recommendations": [
    "Keep your chest up and maintain a neutral spine",
    "Push your knees outward to prevent inward collapse",
    "Descend until thighs are parallel to the ground"
  ],
  "joint_angles": {
    "hip_angle_front": [
      182.27213693864059,
      177.33696669679887,
      179.36397218669273,
      180.1609614540525,
      178.88181793377032,
      175.2644213699817,
      181.17132947761377,
      180.83471851612546,
      167.39737775023588,
      158.59115941571773,
      143.61103286986616,
      122.8771098140556,
      118.33193833798435,
      103.11884760572089,
      85.82648359895514,
      89.28319342641267,
      90.31965831381214,
      87.70122087310418,
      88.11578186615299,
      88.4188662078563,
      91.08440877735974,
      88.60874575050863,
      103.01159955448098,
      113.99052573350987,
      129.41890056079254,
      143.15651252209085,
      152.19189298812486,
      165.93416636586312,
      92.1550811381938,
      98.95800034690487
    ],
    "knee_angle_front": [
      167.68325871920382,
      162.91804169670263,
      159.30438614294482,
      162.6273171775069,
      163.02988149752926,
      159.16238923839657,
      163.83984956941964,
      161.90832176275876,
      150.76902560757438,
      134.66030218657133,
      123.12966766408955,
      107.04264663828822,
      104.58680436945357,
      83.04750718291439,
      76.66056721739204,
      73.53553666810633,
      75.0539653489536,
      76.94105511390487,
      80.13361558354305,
      77.84445439882813,
      71.56016884291478,
      77.88017726004405,
      88.2056366719465,
      103.34150904270267,
      111.05381006602377,
      127.24564527297878,
      145.87530425595565,
      149.5556795539004,
      75.82755775970392,
      88.91628820889977
    ],
    "hip_angle_back": [
      181.23110432724994,
      179.84574758271287,
      185.0773267607355,
      180.41800644598857,
      180.51192681900753,
      182.31276092683956,
      180.58913987888195,
      181.1067500303904,
      178.45505195363847,
      177.88194966550606,
      179.35331599598334,
      180.54508757427055,
      178.94954918233825,
      179.03816343328356,
      178.31306409222827,
      180.4905656560898,
      179.15303592150144,
      182.45094333336942,
      178.66704438118754,
      178.9079535918862,
      180.67498083680283,
      177.87195804243322,
      177.55349343029087,
      179.98789118003108,
      183.2695969780139,
      179.87895360977333,
      181.63591583094282,
      178.21158123608106,
      178.5398735444717,
      179.60617190205988
    ],
    "knee_angle_back": [
      183.15448750288823,
      179.4403027117344,
      176.948877146284,
      181.32612294340004,
      180.18661904025225,
      182.37120532097703,
      177.53454695567498,
      178.65401201146713,
      163.19544881354318,
      151.49488483283858,
      141.40642997212535,
      129.5736997013329,
      114.26515329646887,
      100.07020472916146,
      88.05706496389311,
      95.15314480739761,
      85.3292435166062,
      88.85346471745659,
      90.66514079757604,
      90.36271629179672,
      89.39574824062248,
      91.51133057415639,
      102.47649200939365,
      117.06123962507193,
      128.71575819404552,
      141.61709023377117,
      153.69114331348658,
      169.33512196487953,
      93.19865242385923,
      101.66811863861778
    ],
    "back_angle": [
      15.729249284983867,
      12.755214139183396,
      26.62805096200802,
      28.558703348529654,
      16.36913791723963,
      31.43886950308221,
      27.09043051695304,
      20.46024230816104,
      17.093234512103265,
      27.06837134591983,
      20.143772387762507,
      17.156254824601728,
      18.860460568122818,
      13.582307808588013,
      27.898642444380112,
      16.798882921045774,
      16.71074948778315,
      18.20060453863975,
      28.61713076468461,
      28.72639265299231,
      17.775497693340157,
      19.162289295657917,
      24.47252225044696,
      14.82818216912696,
      19.5817342568103,
      20.23155481096306,
      24.92013662928324,
      28.12746245208977,
      27.50188544928932,
      17.478779861146478
    ]
  },
  "num_frames": 30
}