{
  "exercise_type": "overhead_press",
  "form_score": 70.10454689704159,
  "form_quality": "fair",
  "risk_factors": [
    "moderate_forward_lean",
    "minor_form_deviation"
  ],
  "recommendations": [],
  "joint_angles": {
    "shoulder_angle": [
      90.67659676872437,
      94.97508224540486,
      102.58711307332534,
      111.13231014967884,
      113.34799729776793,
      121.01093325963737,
      124.53074381763398,
      133.192511862719,
      135.06575583350357,
      140.56240303158125,
      149.10472029899162,
      156.02494219444816,
      157.25530816792767,
      169.86331753063718,
      170.396674720557,
      178.36536836046463,
      171.76557660449313,
      166.84477585892228,
      164.31342471637888,
      158.63367315169802,
      150.70864323788948,
      144.04840426689918,
      143.6143400929983,
      133.05619445403175,
      125.08710305624113,
      120.8102398328689,
      117.55979780464264,
      106.04881577531593,
      103.43172428454095,
      92.24382071380035
    ],
    "elbow_angle": [
      89.88604117705589,
      96.43264465970476,
      100.63800812354384,
      108.754140049686,
      111.96450074661824,
      122.69884191924642,
      126.90824274901154,
      130.6311931441498,
      138.3562753503601,
      143.7003628971107,
      151.72998573434378,
      156.90119418711788,
      166.58297098622845,
      171.28325047232508,
      176.07037564626253,
      180.5510110469408,
      172.81001467937784,
      167.65530432501865,
      165.35547918972955,
      153.01532560293273,
      150.03842165844677,
      139.3808023304435,
      136.45079709722816,
      133.453814755438,
      128.53087174922803,
      118.13502865586742,
      115.88564245844164,
      105.57291560256557,
      101.50141218316605,
      95.60253659577053
    ],
    "wrist_angle": [
      180.78802671562366,
      178.80384765971985,
      180.8099777229878,
      183.0754301608922,
      179.44245638209568,
      177.64636009171085,
      181.4691330851756,
      178.0193958897108,
      178.60068200503386,
      179.3392258255571,
      180.14458812798114,
      179.4872003216618,
      178.6316918164339,
      181.2061678936365,
      180.7825911592696,
      183.376453180398,
      183.61972230873477,
      182.65891302378748,
      182.53004202937322,
      182.23114337364274,
      181.2449920388807,
      178.68110916626162,
      182.0711869579782,
      180.6240680741965,
      180.2542329623571,
      178.49322455288672,
      177.91685627817182,
      180.0381593570339,
      177.3226477033715,
      180.63528144063562
    ],
    "back_angle": [
      7.130210230613348,
      7.412577430950115,
      12.259516182237196,
      16.18381811361593,
      11.271832668606205,
      2.6604699844877877,
      13.134052684922931,
      8.545568712584137,
      7.532336988170825,
      15.024531960633976,
      12.416275532214685,
      15.268186311344031,
      4.708881994627549,
      11.175353503999549,
      14.786582260036496,
      6.23359922516421,
      11.453940792933924,
      8.966242324817195,
      5.193920702773958,
      3.864644391628072,
      12.307644863377154,
      5.568438360698251,
      14.95374781302642,
      11.827749683351705,
      10.303369708426525,
      13.865557871929077,
      4.629683797388747,
      10.697517521748942,
      2.7952437920705524,
      12.64385520641897
    ],
    "hip_angle": [
      179.67469237010062,
      178.61655758908972,
      179.51749543803112,
      180.0979770390951,
      179.31400483402132,
      178.79441929905008,
      180.06791216628048,
      180.10856741281398,
      179.32745828309987,
      182.55839574172148,
      180.6258309542454,
      179.26905778247124,
      180.3368799505356,
      178.5400764374315,
      184.0293862605227,
      178.30297607513373,
      183.67037202858432,
      181.60723305246805,
      182.49682757706321,
      180.76406395143232,
      177.62914465060254,
      179.6781419595806,
      180.77184076347842,
      178.24268388776528,
      178.87438172479438,
      183.15443781661423,
      178.55749294423018,
      179.47879221457734,
      176.3082416109238,
      178.8930649430223
    ]
  },
  "num_frames": 30
}