{
  "exercise_type": "overhead_press",
  "form_score": 79.04095816210582,
  "form_quality": "good",
  "risk_factors": [],
  "recommendations": [],
  "joint_angles": {
    "shoulder_angle": [
      91.31210570934408,
      95.4757725679027,
      102.12150502799783,
      106.93202816392582,
      110.30550220659843,
      116.13944626158413,
      127.25134468048246,
      132.13038943345913,
      136.3008623044226,
      143.85925291276516,
      148.87040357810133,
      159.64458640416944,
      160.26465791139407,
      166.3716216349903,
      172.56426177269196,
      176.43141064719848,
      175.2784571010637,
      168.6370181485017,
      164.29335674661593,
      157.92920640697753,
      150.98161553963774,
      143.83115781080406,
      135.9550478017246,
      133.12818992249998,
      124.92440764215455,
      120.02520489081253,
      111.48284288953111,
      110.43631464236329,
      103.03830708122645,
      97.19539154316138
    ],
    "elbow_angle": [
      88.87140984031029,
      96.8631184817661,
      106.27681987242799,
      108.83173650551157,
      113.30828544874728,
      118.65137304682818,
      125.95217213798114,
      135.86842476650773,
      138.99400623632502,
      140.62034772672135,
      150.93113205073132,
      159.66213036471706,
      164.38058376151434,
      169.00027696966228,
      179.149340597171,
      181.59880860544482,
      175.69326639358343,
      165.7133926352265,
      160.66863867092678,
      155.49102908971875,
      149.55352847683872,
      144.5293899448625,
      136.0920509272205,
      130.96117487765616,
      127.60676131924866,
      119.3426788502348,
      112.86440813788656,
      106.47157861619854,
      100.20550221923389,
      94.6905551175619
    ],
    "wrist_angle": [
      179.43710729331406,
      181.02584898220064,
      180.98502878647636,
      174.99361317892323,
      178.5160215691646,
      175.7232844766514,
      179.38421459429642,
      179.08072297656622,
      183.76780565681617,
      181.06340040826083,
      183.18157868811147,
      176.29237700307144,
      178.47449187649488,
      181.2945619317176,
      176.29115010017716,
      180.6395492936586,
      178.6713807155818,
      181.9450571587212,
      178.4312430933255,
      181.85997099064812,
      183.00436113855827,
      178.62401165261937,
      181.85631573516554,
      180.59227578101854,
      181.48547201386347,
      180.22406231840685,
      175.92505734230008,
      178.6825754513556,
      183.71454418902553,
      176.38911108720012
    ],
    "back_angle": [
      2.851976539585199,
      2.1750918472435092,
      0.7792632118960845,
      0.8020621104879219,
      0.08779107806673439,
      -1.2506550950414015,
      -0.21296774258458462,
      -1.4167569779726308,
      3.1818352515008406,
      -2.9715680367998987,
      1.938908624987734,
      0.9863292288952513,
      1.7263607718131486,
      0.2146694875937643,
      3.497884960597261,
      -2.0571555974479754,
      0.02406544953759714,
      -0.7388519987502937,
      2.8805743787857545,
      -2.8243500731091395,
      0.48111154700869957,
      0.9010044372118686,
      2.08926514971876,
      -0.7805182996985041,
      6.574946940600781,
      0.918676512416925,
      3.1518288128545593,
      2.3856817642522867,
      -0.0030356160209178995,
      1.9063679684604962
    ],
    "hip_angle": [
      180.7373344974806,
      178.47173626203443,
      178.68369904981748,
      179.39810771612667,
      179.13791727386868,
      179.03745201003227,
      180.17000806738983,
      181.209322106651,
      181.11594935186915,
      179.06984826082353,
      180.59969311265158,
      176.03400344360796,
      181.25046375079313,
      178.5614655274897,
      180.18003926113633,
      180.1456460913994,
      178.0580395163734,
      180.34590303000203,
      180.40411619781523,
      179.41577960035508,
      178.1787760027001,
      178.74756981058968,
      179.03652324607296,
      181.72769131949929,
      178.42059000060945,
      179.2864831882406,
      183.65338977886114,
      175.72702939134345,
      178.53087040588164,
      183.69358103510788
    ]
  },
  "num_frames": 30
}