{
  "exercise_type": "squat",
  "form_score": 84.92125482131456,
  "form_quality": "good",
  "risk_factors": [],
  "recommendations": [],
  "joint_angles": {
    "hip_angle": [
      175.91821363056332,
      183.24866731923328,
      179.40092537429695,
      179.19859554146709,
      179.23451926027013,
      178.7534390612878,
      180.9794140368351,
      178.31517724617436,
      165.11043208766452,
      153.6249805629551,
      141.96877814211936,
      130.55496764589435,
      113.53605931314495,
      105.535296897318,
      92.62764794443642,
      91.45643351983574,
      90.13392073444194,
      87.5118136440874,
      90.28800525219619,
      85.6861428107308,
      89.84721571341917,
      90.39950224530708,
      98.51016653271057,
      117.08251817658636,
      128.34403276569267,
      138.39741512102034,
      153.7834684144734,
      164.4451877798247,
      87.88998381126335,
      102.14470444064311
    ],
    "knee_angle": [
      178.03129983598234,
      177.31245081274497,
      182.91214646137541,
      181.59025826716794,
      178.68511800444728,
      179.66421169578385,
      180.73924699144456,
      181.781549831252,
      165.2026822566949,
      154.23008316642958,
      144.0329157815278,
      124.99950546799252,
      116.19503171753215,
      100.77276951176377,
      92.25702972766969,
      89.7025342790176,
      88.70007059255923,
      88.62887925225661,
      90.24215296747863,
      87.75327049018767,
      86.919353880628,
      91.55559201402131,
      102.78196235093714,
      112.94725229876272,
      124.38497378749156,
      141.09894816373284,
      153.28869275822487,
      164.45713762750668,
      89.5774734001181,
      101.48642750758115
    ],
    "ankle_angle": [
      87.06822715928267,
      91.01998581577574,
      90.34725469353982,
      90.82495970728588,
      88.96661185317879,
      89.75009528747772,
      86.92336446068519,
      89.91113501100732,
      87.22501982465847,
      81.55488362388375,
      81.5822447713206,
      80.16767042711544,
      78.541686165992,
      73.69066199182635,
      71.2132447128034,
      68.42045240080581,
      68.51822899318765,
      66.13144404082587,
      71.38268035004498,
      72.03467279585769,
      69.24199023305074,
      68.01608483554877,
      71.07993157126003,
      75.77644238852638,
      77.1857223447823,
      80.36493316376118,
      84.96433392218364,
      83.61252026176673,
      68.08062805704617,
      72.27247025206778
    ],
    "back_angle": [
      1.7718549402939903,
      4.583598155406894,
      2.380063383263222,
      6.085757979631412,
      6.2247736187817235,
      8.1861947417056,
      3.1151223682986307,
      6.409280644503561,
      3.9402153742332264,
      -1.8133573141831807,
      3.83106429238194,
      -0.060803472901626146,
      3.3631861229198696,
      -1.9672271899270133,
      4.29605127659794,
      4.379757276271637,
      -2.5144998917560173,
      5.847757129858783,
      2.2989220313595617,
      1.1435030718685142,
      2.034062008430719,
      1.9714623530079052,
      2.744729739512862,
      0.26470880432787824,
      6.974471582993698,
      3.5633941951948636,
      7.222763037826869,
      -1.9184027803789605,
      -1.1852265081066902,
      6.252411545969102
    ],
    "shoulder_angle": [
      45.49671380820667,
      46.990091891354226,
      46.34309986913713,
      43.546626900742524,
      49.47510781604651,
      43.55747130253689,
      46.642937818053,
      46.60660008250026,
      47.979001806819774,
      48.58546302816107,
      43.84066605535188,
      46.150172821702306,
      47.17437906832479,
      43.705455304100695,
      46.24611098993755,
      42.22837928149092,
      43.92374677812954,
      43.01622993654933,
      44.53119081259221,
      45.927550626457034,
      47.2921610811246,
      44.015757920194105,
      45.070905828836075,
      45.22961936910055,
      42.44382974006568,
      42.65408113960603,
      48.35410685290625,
      45.76983860833951,
      44.79239854580337,
      40.050290208044586
    ]
  },
  "num_frames": 30
}