{
  "exercise_type": "overhead_press",
  "form_score": 62.2751350193421,
  "form_quality": "fair",
  "risk_factors": [
    "moderate_forward_lean",
    "minor_form_deviation"
  ],
  "recommendations": [],
  "joint_angles": {
    "shoulder_angle": [
      88.51413778632022,
      92.19937185893116,
      103.30375281383608,
      111.6010971666866,
      117.01703655182874,
      119.43216781149555,
      122.55536940333269,
      134.50586982904838,
      137.23246155892693,
      144.71456736231215,
      149.04258430992385,
      157.21844994622495,
      160.13054019067914,
      167.1761549640973,
      174.88529671444923,
      176.3579897949663,
      172.37684580368375,
      167.2423223567439,
      154.46987036605407,
      154.4428474798724,
      147.82857548771793,
      141.05270249467094,
      135.29079995868904,
      131.49894921529358,
      125.35464020094192,
      118.64093270829791,
      115.1239980597912,
      105.13301348891105,
      99.14861361400136,
      94.46085106825232
    ],
    "elbow_angle": [
      95.80962015702293,
      92.06809847413682,
      102.53586355845148,
      108.26372948346429,
      119.05541145079398,
      120.18121159699835,
      126.27520007308776,
      131.13945937599183,
      140.17403709496108,
      143.7385443909918,
      152.12326276501273,
      155.073128700521,
      159.25524927594256,
      168.0208458923292,
      170.2948790102643,
      180.5539654912555,
      174.65615738682402,
      167.14510261761836,
      164.03643515793453,
      153.7628714211035,
      148.91922791604765,
      145.35067342985408,
      137.57994745165223,
      129.66056630490525,
      128.58583264826936,
      116.98640292507015,
      116.68385962703923,
      106.08056980025289,
      100.57457331504992,
      97.58923850041573
    ],
    "wrist_angle": [
      180.9738628228093,
      179.47570877602845,
      176.54953472955498,
      178.46339346193497,
      181.10361670109955,
      178.68841964885698,
      179.0993490203865,
      179.4452262235859,
      180.05771497444883,
      180.02171583324375,
      179.85672185935368,
      181.43758403944352,
      182.37328306663835,
      179.0823125972866,
      182.668084211007,
      180.54280903131001,
      183.8052450754133,
      176.52503375376412,
      179.628798727544,
      177.21227277030238,
      178.53059163196806,
      181.13755540496587,
      181.27252837740315,
      179.5150609705448,
      178.0824711770541,
      180.86990949641537,
      176.54205086140288,
      183.4895047153303,
      179.3867613167006,
      180.58318944999587
    ],
    "back_angle": [
      8.181463777156353,
      6.664371394583458,
      9.35442290919279,
      11.982097795489167,
      10.829131700269812,
      5.770501447800365,
      12.226219937763911,
      4.7937195678363835,
      6.534375503002923,
      8.036458118661923,
      11.854098024782955,
      11.77636374787568,
      10.409078769173563,
      12.539385788748898,
      12.593210619763546,
      12.195104674413432,
      11.955067380887554,
      9.758737286436379,
      11.292903882964184,
      8.50614194419901,
      11.726069152104317,
      13.625887316370793,
      11.986027695342717,
      9.962289351268762,
      10.297657617523718,
      9.224703983629933,
      7.512710638344905,
      12.255068659381934,
      7.968361704940868,
      11.71955026804569
    ],
    "hip_angle": [
      179.63455803617356,
      183.10580275626887,
      180.10692427278354,
      179.29856151276996,
      187.01524177531127,
      179.44318353840976,
      183.42439749982438,
      184.22516923327092,
      175.80056290647522,
      178.72412998528898,
      178.47588121842145,
      178.66846218862818,
      183.33238665201262,
      177.76363574137054,
      176.56086089417457,
      180.50466984038758,
      180.53692021339197,
      180.23843450323224,
      178.1668806883223,
      176.45281488536855,
      181.43510791693086,
      180.792875254283,
      181.032473703443,
      183.90773346473273,
      182.21306066745163,
      176.84953353757876,
      181.02160862752197,
      179.99093683957383,
      180.21315012853267,
      180.30884377231612
    ]
  },
  "num_frames": 30
}