{
  "exercise_type": "overhead_press",
  "form_score": 92.87259146155446,
  "form_quality": "excellent",
  "risk_factors": [],
  "recommendations": [],
  "joint_angles": {
    "shoulder_angle": [
      90.69207025078947,
      98.24742101817763,
      101.551101862534,
      107.95068807522905,
      113.85367224925764,
      117.06564861098916,
      122.87832529744081,
      133.14902963416458,
      141.00900949948687,
      143.07488970923487,
      149.35879232192255,
      153.6866966822136,
      158.90240511097784,
      165.89998282584946,
      173.02015287789362,
      182.3053834138167,
      173.8597546737682,
      171.25151172443205,
      158.7765114962537,
      152.5367544393684,
      154.80888077572806,
      142.34921558027372,
      138.8331822666712,
      130.8651827721012,
      127.09898143037374,
      124.14628172594048,
      113.46251866660025,
      109.5801064965156,
      104.11025960536071,
      94.23479712957365
    ],
    "elbow_angle": [
      87.87810763715599,
      93.2906995592327,
      101.03456155128453,
      104.99189080210604,
      115.1898338237995,
      121.62792451046172,
      127.251207927495,
      129.59969117600377,
      138.00441795548704,
      143.57680549168205,
      154.6033653923961,
      154.14443255303414,
      162.70255649336875,
      167.66254780339898,
      173.6190343383121,
      177.51998452039203,
      174.4520985705238,
      170.3735798154385,
      161.62961768049126,
      154.92894037737054,
      153.4071872107074,
      145.20782727474946,
      138.230613657181,
      134.58088244546218,
      125.45769210802021,
      121.18367799524081,
      115.78669874058373,
      113.0739762132379,
      104.79482447733103,
      95.80824962142309
    ],
    "wrist_angle": [
      181.35283469643457,
      181.75111416557812,
      180.02551282300684,
      183.01897396860073,
      180.76453765532648,
      181.11845007825764,
      180.51678578631268,
      181.36237945877664,
      176.6018111413522,
      180.09934115869763,
      180.27817228946995,
      182.5445017199383,
      177.98892564405665,
      177.54941184164366,
      178.9681093988205,
      181.85564612642213,
      179.52425995624205,
      178.7354630088812,
      183.0175050071957,
      181.3192705268665,
      181.76139972343023,
      179.49322951270548,
      175.27900979416057,
      181.9754761067135,
      178.20129171153866,
      178.54771273177303,
      179.80820102833601,
      179.90775057210251,
      178.19355459859966,
      176.9299702020621
    ],
    "back_angle": [
      -2.6996456766730628,
      -1.2983022636953765,
      0.9346271944619182,
      -1.248605034003776,
      -0.3431129631577763,
      -0.20240856137380872,
      3.9592642083163008,
      -2.771134443450972,
      0.3186194199418144,
      2.0513579474472063,
      -0.5778619838823358,
      0.1773015961974436,
      -4.48804218537465,
      1.7777224602926065,
      1.3180551839030945,
      3.125167039164029,
      -1.576128200759042,
      1.8467487062199288,
      -1.4244904848749307,
      -1.24888361338947,
      0.7886931241657253,
      -2.792126643963017,
      2.051152110224029,
      -2.6091020352080405,
      3.2519784195474677,
      0.11331540410117645,
      0.6293929243441676,
      -3.3087829917712517,
      -0.051018808526548165,
      -1.7213576711504943
    ],
    "hip_angle": [
      176.08362659625126,
      178.7477529942438,
      178.9008683972986,
      184.56610094185726,
      179.17726558745963,
      178.72079312820426,
      180.0298917458739,
      178.51279064085008,
      180.8803703578387,
      181.5668847130744,
      177.00130218498558,
      178.41572400082674,
      181.67631143488026,
      180.15377729025494,
      183.1035979262108,
      178.48675254382974,
      177.9283375733074,
      180.86640493021565,
      181.04415854094546,
      180.27218847384665,
      176.79641775233782,
      181.1021951072122,
      180.05653134677362,
      177.5463548739034,
      179.18815720739522,
      180.58724376815468,
      182.80041285982898,
      178.3132308433042,
      180.21396526282828,
      181.35651387097505
    ]
  },
  "num_frames": 30
}