{
  "exercise_type": "squat",
  "form_score": 95.32773582220419,
  "form_quality": "excellent",
  "risk_factors": [],
  "recommendations": [],
  "joint_angles": {
    "hip_angle": [
      179.79621737322782,
      180.96924325426593,
      181.97970803607825,
      178.3741738324172,
      177.93295156283125,
      183.00650330170077,
      176.85198005188295,
      177.6766308794871,
      166.87215253669328,
      155.87987846875123,
      142.38475937718604,
      129.39537463704644,
      118.50119122602581,
      103.67766469546062,
      88.4429960438611,
      89.07268654443068,
      90.92106499528379,
      90.21018207782448,
      87.14667247276908,
      86.33822104305824,
      89.72344086877835,
      92.02471463877228,
      104.2309574483084,
      114.56862060803097,
      130.30616228515288,
      137.87581300731674,
      154.59131353725581,
      164.37919355863963,
      90.45389870171304,
      100.73936161600705
    ],
    "knee_angle": [
      177.81412076495397,
      179.13623925446242,
      180.83036474797854,
      181.73197322177236,
      180.31438633256727,
      179.15819597037768,
      175.19309225293023,
      181.02357009546063,
      165.9298100876328,
      150.69165147069592,
      140.26172060052275,
      128.72926448044421,
      116.97740212044961,
      101.91688864818335,
      87.26127607431037,
      88.54357674817096,
      89.14040244995421,
      90.81082945174691,
      87.70480952811126,
      86.78084883817709,
      90.25731072289206,
      87.74333227447616,
      103.28185493714712,
      117.60605137963329,
      128.55435461887978,
      138.72514480196054,
      152.80271962637272,
      165.8626579424077,
      90.11362115644,
      104.29026991353824
    ],
    "ankle_angle": [
      89.12652207500804,
      89.00265571236085,
      88.89673006291173,
      93.0974530112023,
      90.8150731079833,
      95.93551862713988,
      88.33970833804838,
      89.72729577707221,
      86.65651597773866,
      82.83739985383254,
      84.0570502947346,
      78.3372698497419,
      75.86496484239998,
      72.89203303036744,
      69.62173761529654,
      66.49009516691665,
      70.94786476605131,
      74.52433821846516,
      69.13725297748424,
      69.29559056189777,
      71.4081101745745,
      70.79257373820155,
      70.65198127035272,
      76.80272723011981,
      80.04514089782033,
      79.72170839860539,
      85.03462078327381,
      88.3522644398448,
      68.70503378734979,
      75.74416950270918
    ],
    "back_angle": [
      -0.43904299200023145,
      -0.37138417772355736,
      2.414083661675285,
      -1.4763343998003269,
      4.566039816215497,
      -0.17194712522362404,
      1.9500153858023839,
      -2.3263867023553897,
      -0.28897218561852056,
      0.8482551765915549,
      0.3495336699930831,
      3.5238076879059683,
      4.639391345026931,
      -1.9917398167979965,
      0.4998751122135703,
      0.6472675188955518,
      2.1052050012933736,
      -1.380187113714238,
      0.7437738678091795,
      1.9424645629467308,
      -0.9740579819166761,
      1.1091683451946732,
      0.23053189078094716,
      1.374962720970823,
      0.05573124713057563,
      0.36800823593098303,
      -0.8507066439211345,
      -0.7561739411172653,
      0.7177662519394727,
      -4.406209942076635
    ],
    "shoulder_angle": [
      42.33529019604606,
      44.83984092384858,
      44.523066753086226,
      42.335516447457394,
      45.71820564034187,
      47.203896354824174,
      42.73575497357812,
      45.6210079957198,
      44.678670479410464,
      46.459096644865035,
      44.97538005878792,
      47.317622964173616,
      45.154077752113366,
      47.79788793673833,
      45.93325367927546,
      45.39631243690064,
      45.6996963192306,
      45.92374467181588,
      44.46728325226823,
      44.74786041312947,
      41.38631455265004,
      46.32108028801847,
      49.143851236567485,
      45.33013784250709,
      43.702921661654905,
      47.66230579418489,
      45.04705521558182,
      46.80287051351571,
      45.4312700272084,
      47.0095108764421
    ]
  },
  "num_frames": 30
}