{
  "exercise_type": "squat",
  "form_score": 70.06440084328074,
  "form_quality": "fair",
  "risk_factors": [
    "moderate_forward_lean",
    "minor_form_deviation"
  ],
  "recommendations": [],
  "joint_angles": {
    "hip_angle": [
      179.49937918485844,
      178.12073577282658,
      182.63674750311154,
      179.56213871208342,
      181.6296238884773,
      187.0175280620248,
      179.50108870793466,
      179.8231446657075,
      168.34726466978142,
      155.5897420744771,
      142.1891690461797,
      128.94305213899077,
      113.55351297740673,
      102.76789195145855,
      89.21969290301045,
      89.37398568601175,
      87.15686445857953,
      92.65010695203019,
      91.7252918652813,
      89.90024896924368,
      90.89043593901819,
      91.71313916949656,
      104.81713426970404,
      117.11263918301208,
      129.53264496932314,
      138.16108699770578,
      154.96922672062533,
      165.2757823745354,
      89.73520586362152,
      100.69758822619943
    ],
    "knee_angle": [
      176.7299864860877,
      182.00491279985994,
      176.8777043978671,
      173.3419122649078,
      173.8370121337175,
      170.24728562704567,
      176.7147804288874,
      175.13425768112967,
      155.94539613321285,
      152.17720756102645,
      136.92678459685683,
      122.09082882257857,
      106.14944539333823,
      99.76770338929518,
      82.14833273444644,
      89.45391199181663,
      88.44290587571969,
      89.2882112381665,
      87.60300682896636,
      81.24327067977265,
      87.85385908471895,
      83.30632283346428,
      98.51693236399596,
      115.25309769120105,
      129.1291708812973,
      133.1927940232502,
      143.18220693382037,
      162.77934485248036,
      82.1146733038066,
      93.82069742177289
    ],
    "ankle_angle": [
      89.94729906102792,
      88.9958470679222,
      90.64792356546528,
      91.2106648651658,
      89.62895601205756,
      91.3199395467999,
      91.18273503654557,
      88.570766690241,
      86.47000505928551,
      84.58514126733577,
      83.32881357650223,
      75.30364399854659,
      69.66078900879661,
      68.9310753721694,
      72.83128701345359,
      67.2486224272691,
      71.08964029425083,
      71.28958036039307,
      68.98788102289122,
      71.01642297816865,
      71.9098428407273,
      70.2699737883806,
      74.62242100720172,
      73.50321191080437,
      79.18719478941821,
      78.23693244205421,
      87.82672049451486,
      89.01155241036632,
      68.36306453319574,
      74.9752091873686
    ],
    "back_angle": [
      8.581267966844045,
      9.555765156804306,
      13.148363640328936,
      12.924889650819937,
      9.78817056059553,
      13.052552639226718,
      12.035546626577412,
      13.127496117613891,
      8.377563143456234,
      7.18039384899606,
      10.162491472563884,
      8.44234514156378,
      14.83685818036449,
      12.167922536272618,
      1.8627868537052157,
      11.54278638326395,
      7.776237762117646,
      12.00333980071939,
      13.880093381669525,
      10.056691502201472,
      7.972403552927209,
      15.481747811729896,
      9.046140499839249,
      10.499490700797034,
      15.187420490986824,
      5.14040764343282,
      14.23972319002457,
      7.912076696120172,
      13.935687424435484,
      5.338838124603257
    ],
    "shoulder_angle": [
      42.70223517398258,
      42.239649019748434,
      45.35714797574499,
      44.75232069271745,
      46.717758247028556,
      45.90137256432143,
      44.44275925381596,
      46.51866156709757,
      44.49029807370479,
      43.91302500756196,
      46.0223840578415,
      46.106778176228055,
      46.44530113215326,
      46.278826354230695,
      41.4008527239668,
      43.979598094803016,
      40.72007326510952,
      47.974848186361854,
      46.24331632467251,
      41.83820365074605,
      43.0836368780709,
      43.563028314540475,
      42.65840828935317,
      45.00801822281753,
      44.570874232731256,
      41.807097656910436,
      44.13431555400239,
      46.1082216965668,
      48.3147448834949,
      46.14981278183783
    ]
  },
  "num_frames": 30
}