{
  "exercise_type": "bench_press",
  "form_score": 99.25195626083051,
  "form_quality": "excellent",
  "risk_factors": [],
  "recommendations": [],
  "joint_angles": {
    "shoulder_angle": [
      87.57630901182408,
      89.58097800724514,
      85.92587260165821,
      95.30239118479196,
      92.83566044416357,
      91.76498091018398,
      90.8599259207589,
      92.01262449427615,
      90.92659980775237,
      88.69914888554044,
      88.07246898300305,
      86.81742732901664,
      90.51046156082565,
      92.90892340384235,
      91.49770726801161,
      91.00085762795848,
      92.60435665874427,
      91.59487728829954,
      89.37291960737852,
      86.57409947644268,
      89.79618713202582,
      91.92927232401851,
      90.93765532983397,
      90.8537152517138,
      88.41958945877128,
      88.81123553545423,
      89.44946454806895,
      92.9320819863049,
      92.20844314296254,
      89.03539225773814
    ],
    "elbow_angle": [
      91.14787203148298,
      91.3924027930857,
      83.00872781749759,
      80.91403940254007,
      80.12146800785631,
      74.59728592705792,
      72.90070810345836,
      70.35502592208866,
      66.34745813545213,
      62.188412604056595,
      62.72878124581555,
      56.407751233767435,
      56.495955951025536,
      47.0861459206868,
      45.788898038712304,
      44.49782152230789,
      49.48383752921123,
      51.25777704771198,
      56.8485925586415,
      53.222701723864745,
      60.6772983640731,
      63.082368677155756,
      67.59888023897258,
      70.71911534342794,
      76.10121024821652,
      74.59625491427627,
      75.58854375199239,
      80.70671026172334,
      84.16215902859095,
      86.20448972995374
    ],
    "wrist_angle": [
      181.12297470995966,
      181.79559087210592,
      180.79945236270146,
      176.88021614906467,
      185.30098882813238,
      179.77500149357857,
      177.35721580915816,
      181.0799196654282,
      181.88833328051297,
      182.9647423814533,
      177.65326253239786,
      178.6048945681116,
      180.27161705832827,
      179.7429543852849,
      178.8073273986352,
      179.5917921325729,
      178.26637423298308,
      176.45761659830694,
      181.13647468522228,
      178.25426635859407,
      179.01778157849975,
      184.555863350993,
      178.20239710342986,
      181.00972536853772,
      178.01208845210598,
      181.62015178277724,
      181.9605988160685,
      180.21760135770066,
      179.61552298943266,
      182.34642214428328
    ],
    "back_angle": [
      -0.6499774385537896,
      0.41185806087317567,
      1.090335155062281,
      -1.0054535584707562,
      1.391575171339344,
      -2.6282585473231754,
      -0.45325303909015585,
      3.105946106713155,
      0.25636074097157235,
      1.6789817154266562,
      0.09906737698314608,
      1.0103165017784606,
      -1.36890777175262,
      -1.3619862365558126,
      2.4894135953235708,
      0.16681230520719126,
      0.40866731255547883,
      -0.03785174073225718,
      1.643942261141933,
      1.4561693139235126,
      0.22904819066928506,
      -2.4188044794769157,
      -1.169583779229379,
      0.43848543888030456,
      -2.267402464319809,
      -1.934001481394688,
      1.4128360011784076,
      0.25005788458080286,
      -1.5325681090956418,
      -0.2775154016728671
    ],
    "hip_angle": [
      90.88461446798206,
      88.51724064714412,
      88.2414004138918,
      90.90176274033061,
      90.03768033776693,
      92.25592452706772,
      85.41885145976453,
      91.6875668832545,
      88.19380687131115,
      88.56225164902129,
      89.52853218246139,
      94.95762589270313,
      90.49520415291212,
      88.72041179644161,
      92.03855438392402,
      89.79974671966855,
      90.98285817688534,
      89.39415396591599,
      95.19104197636102,
      89.81682054703325,
      87.6185811150408,
      92.90434364754967,
      90.48079175333314,
      87.5574029124499,
      90.76090296098023,
      88.09003716390232,
      89.06413717433982,
      92.80513923343925,
      88.96403584112944,
      91.80833976939628
    ]
  },
  "num_frames": 30
}