{
  "exercise_type": "lunge",
  "form_score": 81.2378874418093,
  "form_quality": "good",
  "risk_factors": [],
  "recommendations": [],
  "joint_angles": {
    "hip_angle_front": [
      179.08194992585405,
      181.5454048384173,
      182.02990262895344,
      179.01937422318503,
      180.4384674490176,
      177.5893783869168,
      178.9336133055933,
      180.49931665750785,
      168.0072997821954,
      152.55219869971242,
      138.75092777455941,
      128.91443742840008,
      115.93346776614348,
      100.06830614268311,
      87.5795375863176,
      94.52265159361957,
      88.6254672676946,
      84.89740518394248,
      90.50747904176704,
      91.31492172928353,
      91.66774792400811,
      89.67836180397366,
      104.73718076375933,
      115.66166662378956,
      134.46503881274242,
      139.14650980554748,
      154.8925355024526,
      166.934291007347,
      91.85265975793445,
      101.55660254757595
    ],
    "knee_angle_front": [
      181.52228129655032,
      178.75731358636017,
      182.90358898553745,
      179.45767034776327,
      178.2522518136264,
      180.50602497754423,
      181.49775348528385,
      178.61471922374383,
      166.50752917813952,
      151.58257111185367,
      144.3974060158065,
      129.248651820261,
      116.5829429476025,
      103.84028234397216,
      91.426053301626,
      87.77964844265557,
      93.07572012916049,
      93.06235774829182,
      89.38146387569094,
      86.32753098398562,
      89.55434035552382,
      88.60359580340017,
      104.64393412066786,
      114.42350791655319,
      126.15769178081375,
      142.28613781977805,
      156.234773700793,
      168.40705615933177,
      90.67366070632066,
      104.8651732773868
    ],
    "hip_angle_back": [
      179.95118149640146,
      176.95555611920557,
      177.83341754345244,
      177.52129123580048,
      181.0347510228729,
      178.8153595818903,
      180.81805146626886,
      178.9269391139581,
      178.62347158675317,
      181.0997602558342,
      181.66954826705586,
      179.50821789474787,
      182.2829968150375,
      183.91727770291996,
      181.1138019192583,
      182.81388537438357,
      179.2121253601372,
      174.63141654673086,
      180.8255825103262,
      180.0355131245887,
      180.05232230409896,
      179.38564777710909,
      179.4053885551105,
      182.68573119785435,
      182.20566755599313,
      179.14749590438075,
      179.15736011220244,
      180.57343026537424,
      180.89104321123864,
      178.28830671638232
    ],
    "knee_angle_back": [
      181.9305299884126,
      179.11903866253735,
      181.34716438909598,
      184.26214329373062,
      179.6152691497235,
      181.51429232191427,
      179.5868372049377,
      183.31565610795536,
      166.23579165686618,
      154.544016796781,
      141.17622945404509,
      128.9825003209199,
      117.47419032954308,
      109.98606534186302,
      92.37254090888533,
      92.25997750176639,
      91.17789845516636,
      89.83645165938972,
      92.13588451567243,
      88.48481450017117,
      92.29279100173905,
      90.86257263505306,
      102.90800531936837,
      117.87173321079227,
      126.75028251587847,
      140.6032973221427,
      155.2087279131552,
      166.66676956718698,
      89.95255573424174,
      108.89346730990789
    ],
    "back_angle": [
      1.6663835149667003,
      -0.8581314525641212,
      -1.244931377554792,
      2.225765705342776,
      -0.855723899943742,
      0.4461390126722835,
      3.578625743870792,
      -0.3359646099780089,
      3.2666705606454696,
      -1.6867609567185322,
      2.970565233330003,
      -0.689718426203575,
      0.8353480462727441,
      -0.9712815267667494,
      0.9917321772730826,
      -1.712159092706422,
      3.0287714640898997,
      0.8836201865732011,
      1.338852784840576,
      -0.5872800379442641,
      0.7454401152607472,
      -1.815371737739271,
      1.1405662896278779,
      -3.179668616803471,
      0.7407161842943976,
      1.4846811936587143,
      -1.0875847634680005,
      2.335416519579501,
      1.4899809733941105,
      0.9752769495129465
    ]
  },
  "num_frames": 30
}