{
  "exercise_type": "squat",
  "form_score": 92.01008485036354,
  "form_quality": "excellent",
  "risk_factors": [],
  "recommendations": [],
  "joint_angles": {
    "hip_angle": [
      185.45934105464949,
      181.0157885451756,
      180.8865529896576,
      180.04566050741005,
      184.68643826677075,
      181.39750034645522,
      180.78541382985932,
      183.76054328164133,
      168.06989882365482,
      152.53774409167335,
      143.3416000917352,
      128.3253356901919,
      117.96114133109839,
      97.85032034177351,
      86.67776378133559,
      89.54768043537557,
      89.63847057292152,
      87.75893421672285,
      89.70145054658451,
      90.83566337305449,
      88.04980083975714,
      90.91665086820255,
      103.0047091701483,
      116.19159554317693,
      127.67276875225545,
      142.61561212354215,
      152.43318767485056,
      166.12640117374377,
      91.9114472562017,
      99.99940888032828
    ],
    "knee_angle": [
      182.4166292699352,
      179.12188206588672,
      179.92448739419248,
      176.80732738634788,
      182.7647657928989,
      178.81306441357935,
      182.48606482481534,
      179.66653031707293,
      169.14384132673493,
      152.27767905767251,
      141.38096112480557,
      130.98140560184808,
      115.58212958608483,
      101.52030101860308,
      91.90354453011636,
      91.78820209892518,
      91.53496335225763,
      92.20209465938444,
      90.97391117955574,
      87.69841955521065,
      93.26344651760672,
      91.55481077138882,
      103.59417871565869,
      117.88454377164476,
      128.4456118680449,
      142.03469441320317,
      156.32470188555894,
      168.6054356412231,
      88.74718077497384,
      105.54974657550265
    ],
    "ankle_angle": [
      90.53708014664572,
      92.00033271526812,
      89.53346653410878,
      90.31563386100598,
      88.1496845701673,
      91.13847850190673,
      91.7490815650648,
      88.34873730589553,
      90.65592540017121,
      84.58989843942217,
      81.03957687668989,
      76.88895793780856,
      75.73055346026943,
      74.36150072083156,
      67.32692856346084,
      69.69643738755538,
      69.80109279703022,
      69.34999472239477,
      67.05144870400602,
      71.10643175452233,
      70.61367756933433,
      69.62856421510156,
      75.63419238421815,
      75.22346520141836,
      74.29159883260436,
      78.43795621261195,
      80.2719193037424,
      92.62212253552364,
      68.6270200602357,
      74.33009426844752
    ],
    "back_angle": [
      1.1538319347423205,
      2.329475116374672,
      0.14051687814546024,
      0.016384047542209523,
      1.5530761594488116,
      -1.1408124946529687,
      4.378528789433049,
      -0.6546228269938487,
      -0.2088306114733169,
      1.5441966807768397,
      -2.710142614817994,
      -0.24869203397433165,
      1.9068057517779664,
      1.4012056484275046,
      -0.19913131170545298,
      -1.2170223519233243,
      1.2284128764638953,
      0.8082964766460393,
      2.5867731413720625,
      -1.698784269555985,
      4.649475702789554,
      -1.364947731288246,
      1.7889436560607554,
      2.455904745656883,
      0.5876536171015733,
      0.7668343868856893,
      -1.6930755368802275,
      -0.8937684048731661,
      -2.773842077824556,
      0.8072352899541719
    ],
    "shoulder_angle": [
      43.07407203772496,
      46.47173562000893,
      43.66463974232966,
      44.7113864394486,
      46.491276021622774,
      42.088873413063844,
      42.73873796393541,
      46.157568223040315,
      45.49507799972498,
      45.07752112790519,
      47.70862154526948,
      43.19136640872478,
      42.716257933067666,
      43.000745632796836,
      43.830939103909685,
      44.956169680077956,
      45.81505482449178,
      47.160732808184726,
      44.01682891374709,
      44.494574662426416,
      43.05724003886314,
      46.265740212178386,
      49.12303848169559,
      45.001008937883334,
      46.45115237578655,
      46.78751906921996,
      43.14316445343141,
      42.8152765591304,
      46.66663987383349,
      46.07114792124328
    ]
  },
  "num_frames": 30
}