{
  "exercise_type": "squat",
  "form_score": 95.87189080562962,
  "form_quality": "excellent",
  "risk_factors": [],
  "recommendations": [],
  "joint_angles": {
    "hip_angle": [
      178.46663441191953,
      181.4839615033423,
      183.81894215188592,
      181.4193456724689,
      178.4860034744525,
      179.6734288908614,
      181.77613576059335,
      177.69659011412682,
      166.74006190279363,
      155.65035608872267,
      141.29673326224133,
      129.7710933303247,
      114.6218960817335,
      104.90275030251325,
      86.25021088406648,
      87.43060813761288,
      91.71732732278558,
      90.14935315186712,
      92.25227616269564,
      90.49505079690718,
      89.81355323425599,
      89.75971610177864,
      105.46612772361881,
      112.96330251189724,
      128.99328923036168,
      144.23253651562626,
      151.81236546397287,
      167.3852999588503,
      91.0442949527317,
      103.82977563127817
    ],
    "knee_angle": [
      180.72987568736713,
      176.3433110053219,
      181.19780869726458,
      183.4428050723394,
      178.6274782570629,
      179.66022448537763,
      182.38696555884505,
      177.55514349471537,
      168.1347485869665,
      155.90830459719484,
      144.25514205618848,
      128.7154280265557,
      113.04736519257702,
      102.35338988724385,
      88.12618541964318,
      92.08691655782752,
      92.75686132979241,
      90.60830473662425,
      91.92824988007476,
      90.68588019989802,
      91.32955886267455,
      91.39031951696286,
      101.67465524621046,
      115.01793258536588,
      129.84407142398615,
      142.35606267853083,
      155.27851478595028,
      167.87343158388953,
      86.75159128400787,
      105.96633173551595
    ],
    "ankle_angle": [
      88.55082932198002,
      87.67685883928011,
      90.7707121657684,
      91.84786338524309,
      88.3450335205829,
      87.57459729328357,
      90.98728437422918,
      90.59453989197544,
      85.04499901400224,
      80.7647190656019,
      80.2937776855859,
      78.2729462191327,
      74.14484331748604,
      74.0227710986859,
      67.01515720366312,
      70.63625647148855,
      69.39854872656956,
      71.59470943452784,
      73.08979883136618,
      72.5440574194994,
      72.35368640444682,
      69.18205847183957,
      76.43050854263002,
      75.06754220719242,
      80.28191364373428,
      81.56988068666973,
      85.89198041458937,
      87.09302337888433,
      69.90316799138924,
      71.88991800267172
    ],
    "back_angle": [
      -0.5262666955336412,
      0.4372549821404651,
      0.970699617573799,
      -2.1524247212335315,
      3.2221512522626643,
      1.6316514613493152,
      1.7445748010712299,
      5.108526184794899,
      0.31351440169429895,
      2.6923031529866255,
      1.9470279478065144,
      1.617646487528568,
      -1.8522408118864937,
      0.07967741395021949,
      -3.7868685193767035,
      -0.4748533913324239,
      -0.7296877807928951,
      0.5434610676395351,
      2.2168825778722923,
      -3.850219809583766,
      0.17758936552820898,
      -0.4034961053754233,
      -3.1808723135378965,
      -1.5742799671266332,
      -1.2662411149478805,
      2.1980456221400253,
      1.1206381960974126,
      3.3104672629295266,
      5.250822556031359,
      3.836455249218282
    ],
    "shoulder_angle": [
      44.31566260627037,
      44.65095500521922,
      45.53400331614005,
      43.48978584562724,
      48.14756531617614,
      44.99756370224567,
      44.609054328899894,
      49.877802378114716,
      47.416880095419764,
      45.98292919180317,
      43.53760304403167,
      42.68077687455611,
      45.45900872327034,
      44.86984046560629,
      46.66152398091594,
      42.28126858752225,
      45.17336823916537,
      47.04749208532032,
      45.21127936530839,
      43.506664546392344,
      45.59693794940898,
      37.93224886723194,
      44.26645978033355,
      42.750566407714985,
      42.562778171139826,
      47.33860978851463,
      45.59420183356971,
      42.97243085466127,
      44.306625412654604,
      47.61215307998964
    ]
  },
  "num_frames": 30
}