{
  "exercise_type": "lunge",
  "form_score": 73.12193028605358,
  "form_quality": "fair",
  "risk_factors": [
    "moderate_forward_lean",
    "minor_form_deviation"
  ],
  "recommendations": [],
  "joint_angles": {
    "hip_angle_front": [
      181.5563119802808,
      181.84178525269917,
      179.0767831836799,
      179.75968068174072,
      182.0742136435473,
      179.35959223768322,
      180.76666045299567,
      179.66044320791838,
      167.76261502063736,
      155.55421615731262,
      141.28596432864416,
      127.32862193099358,
      114.40648115739535,
      101.5700511479376,
      91.48976260852773,
      92.9873100633225,
      88.93542258424333,
      88.60160423392604,
      87.3517355643595,
      92.3898425540789,
      89.60078303461756,
      87.56625878827593,
      102.54233492695609,
      118.45383605329481,
      129.15319501820903,
      145.23532748943998,
      152.2835303000543,
      164.30492028764354,
      91.96849768389188,
      102.07696179939224
    ],
    "knee_angle_front": [
      178.8953244469564,
      179.45859448268763,
      180.4896004590375,
      178.79431472546705,
      180.57165735869916,
      177.85499685302065,
      180.39318696223637,
      182.97935496966625,
      166.5970256044329,
      153.4332059394007,
      141.465061195838,
      131.45654803898682,
      114.43631240493337,
      104.92385249172442,
      88.9397484904086,
      92.45541894099527,
      90.0915002348095,
      87.02710821171793,
      89.01009282100007,
      91.2252289957311,
      90.36075029818498,
      87.85378575640523,
      104.17537509420919,
      115.03453586018503,
      130.48890221989038,
      143.36980401495154,
      153.00371821557513,
      166.0832657063448,
      91.54692846281313,
      105.23759776865661
    ],
    "hip_angle_back": [
      180.4241943114278,
      182.7123152070241,
      181.30652518183783,
      178.56591590500986,
      177.4126264419563,
      182.09018145338857,
      180.29346624959206,
      179.27722316520152,
      179.56820042575984,
      183.5180500136284,
      182.74983764734014,
      179.25878257072617,
      177.8997881542029,
      180.73649492298637,
      176.11531600325483,
      179.15455386001022,
      179.6220332346124,
      180.93295899200763,
      180.34307172600876,
      177.59560593496116,
      181.00472224957159,
      178.34047289549093,
      180.05257263208688,
      179.27698055035836,
      179.900336132089,
      181.64054256667043,
      178.52440063455538,
      180.24194244329584,
      177.76877153723467,
      179.6049674155769
    ],
    "knee_angle_back": [
      182.6881240650643,
      180.37972184899928,
      184.5267674068548,
      178.13300564941414,
      183.97443850507474,
      180.78411479288442,
      183.6789039365267,
      184.31428312445922,
      167.31314929692655,
      151.61706327918813,
      142.9467292715974,
      127.38041548661693,
      117.8402453406593,
      99.67996370171291,
      91.04066143216914,
      83.9920911786982,
      87.1734103160298,
      89.02945011322956,
      92.67852667905548,
      87.88622902607712,
      90.76343808382136,
      91.05921502401009,
      104.31587320875762,
      115.39464030380539,
      125.60730416060987,
      140.26402697940856,
      153.03332917895494,
      169.40358551153582,
      88.25022822699589,
      103.39060499335378
    ],
    "back_angle": [
      5.824009563060887,
      13.067260239305709,
      9.61900723878419,
      10.594912466753396,
      13.254940421827202,
      3.7249698652179255,
      17.332576928292223,
      5.6664478513612915,
      6.248643972919692,
      4.870522930646915,
      9.04157828370984,
      9.311168977923591,
      12.688929849345577,
      7.8762397473466965,
      10.12847682271064,
      7.591940202375209,
      9.461430578841544,
      6.377665720274823,
      10.05042416546733,
      11.0727996410451,
      10.748783948483323,
      12.588381394324758,
      12.340901531421222,
      13.584972269974246,
      13.045300925423884,
      8.48765445572095,
      6.22219898275138,
      7.559853969426802,
      9.011647128546738,
      6.772839080541718
    ]
  },
  "num_frames": 30
}