{
  "exercise_type": "lunge",
  "form_score": 99.64818910602133,
  "form_quality": "excellent",
  "risk_factors": [],
  "recommendations": [],
  "joint_angles": {
    "hip_angle_front": [
      182.21873622925864,
      180.19787277839384,
      179.16656804268752,
      180.201030210039,
      181.05161832243726,
      180.78001217917478,
      180.33170901867314,
      179.3725615226572,
      167.16271177706238,
      152.08321675095112,
      140.43043203651897,
      127.10816079983309,
      117.20588874418942,
      101.12430804636602,
      90.42723827452613,
      92.16666616273515,
      89.22361565697172,
      89.85137575304223,
      88.49606892479265,
      87.10716960791287,
      93.31636040745559,
      88.55609300718153,
      101.33955540259115,
      116.57074769727856,
      132.06464977646885,
      142.22348942057013,
      153.14802998720424,
      166.10726722356682,
      89.1992200937032,
      104.43400862730982
    ],
    "knee_angle_front": [
      180.17236663142057,
      176.61951897367678,
      178.50681898931967,
      178.23388504099273,
      181.42760877409808,
      179.9736224262851,
      179.9748525403168,
      177.5115949350223,
      170.17453237265374,
      152.44266496252968,
      142.14158289421462,
      125.95548245846321,
      115.5814950826002,
      102.83003553737767,
      89.2254500445015,
      87.92607439893652,
      89.41424351826853,
      92.65623610164872,
      92.91434594597004,
      91.93134834171164,
      91.11614637509066,
      90.49843280335382,
      103.38650814222444,
      115.48980965608246,
      123.81037804390617,
      137.92398310489824,
      154.90812099465492,
      168.20556074523145,
      91.49395665801617,
      105.99980934971494
    ],
    "hip_angle_back": [
      181.8727880968579,
      182.64500618646693,
      180.92563847441738,
      180.4055160395768,
      178.66334870600608,
      178.90279276965902,
      178.5395896687718,
      184.11225579979862,
      179.20963664377874,
      179.4616828661543,
      178.1868719194879,
      182.38550910171196,
      179.8869411100467,
      181.62363558140294,
      184.4579878079612,
      180.0020625293124,
      182.57896204611748,
      182.3468671187733,
      181.40965574831029,
      182.3136064340833,
      176.63226197999143,
      180.31799575078756,
      181.1383262910592,
      178.557303185075,
      180.09850643242598,
      181.01050279050082,
      180.5864572783392,
      179.14175839277394,
      181.29208245010545,
      181.7475369613412
    ],
    "knee_angle_back": [
      182.15419358322006,
      180.7481803746626,
      179.63811718653463,
      181.66898709735264,
      180.39949841577365,
      180.2730515066367,
      177.35408997838942,
      177.72404740215032,
      166.91268842496532,
      152.1469996806564,
      144.85174094915573,
      128.21680166469898,
      115.2690146902362,
      102.03381108528602,
      93.58156339401421,
      89.3099476236614,
      88.9416299860122,
      89.169688439004,
      91.25201560446591,
      91.32349636475811,
      90.65053722446575,
      89.13575841694988,
      101.7307512020742,
      118.14233114684414,
      127.51630351083342,
      141.1245584599388,
      152.7574872215579,
      165.12473261134136,
      88.22821092276297,
      103.23633854138961
    ],
    "back_angle": [
      2.5242885154706225,
      0.11184683930501013,
      3.458531501804732,
      0.7852298208934514,
      2.2719731958976075,
      -0.9978653836678931,
      0.011399711460639473,
      -3.869010294622031,
      1.1903881262166967,
      1.4042215160782232,
      -2.074694050368255,
      -1.6381120547723655,
      0.5106492062856555,
      0.1462845316566422,
      0.08487253232589305,
      -0.3859908506408525,
      1.511949071154153,
      -1.600523481493404,
      -0.25443908888640765,
      2.201008569298797,
      5.933845759468778,
      0.11886982242659122,
      2.156434987435126,
      1.0114334578035329,
      -0.6946975608141367,
      1.3871710075631154,
      3.720574446012703,
      -0.40311661368147467,
      0.9583522325411423,
      1.1525500055086717
    ]
  },
  "num_frames": 30
}