{
  "exercise_type": "deadlift",
  "form_score": 48.13163095052546,
  "form_quality": "poor",
  "risk_factors": [
    "excessive_forward_lean",
    "knee_valgus",
    "insufficient_depth"
  ],
  "recommendations": [
    "Keep your chest up and maintain a neutral spine",
    "Push your knees outward to prevent inward collapse",
    "Descend until thighs are parallel to the ground"
  ],
  "joint_angles": {
    "hip_angle": [
      43.69588336740431,
      46.1059507412078,
      45.98446667893635,
      45.50540250548168,
      42.052995475820815,
      44.71678582115753,
      43.96002339389436,
      41.622938113113904,
      45.654272838888986,
      43.87605756634038,
      44.40753544062729,
      57.560569244525276,
      71.5526768397957,
      85.87542661197766,
      97.67381793695193,
      114.5454754938644,
      126.9751397824034,
      138.9429827175065,
      151.757780189343,
      168.04487416360692,
      180.9368072711406,
      167.42514739258917,
      153.48775726117972,
      138.28798469571717,
      126.2373132183343,
      110.43260015149274,
      97.45904107590162,
      86.35268254275303,
      72.93747899356376,
      56.419468468108455
    ],
    "knee_angle": [
      88.09580418388595,
      88.73572748516172,
      89.99784545258251,
      89.04495086836289,
      87.59737232837585,
      87.35026015592241,
      87.88464104085735,
      90.75657463858651,
      88.2586212048398,
      90.76000173761241,
      90.02906240381868,
      99.86425901746001,
      107.57761277498895,
      114.54705098755646,
      123.94207337908732,
      134.72686115787243,
      144.24175828220962,
      147.414253296787,
      160.50423391158472,
      174.33243283403024,
      180.46270439815444,
      170.24099372824688,
      160.8080003927408,
      152.69864362945742,
      143.54002961546615,
      136.55587123591945,
      122.51081440079584,
      117.30309453520798,
      107.10634511557586,
      99.81721290784623
    ],
    "ankle_angle": [
      91.07673636780859,
      89.77920841333027,
      88.86329046507639,
      92.14186082812274,
      90.34612059926353,
      87.27376747206382,
      89.05494656744723,
      88.09312590863041,
      85.86393937829718,
      90.39839975801848,
      88.32251272624863,
      91.75316057307272,
      91.3991580936681,
      90.32232468411982,
      90.7546210733478,
      88.97448405618024,
      91.64307644871039,
      85.95913625386302,
      92.30212424010723,
      87.42613451433186,
      91.39401479795245,
      90.04950342974794,
      88.9226288835841,
      85.88396498163159,
      88.62644579189293,
      91.20954945112948,
      92.66758593439044,
      89.637705913407,
      92.3281754338672,
      88.13185710915337
    ],
    "back_angle": [
      38.22832543372279,
      18.54923698528546,
      27.12107500041791,
      19.59836546086134,
      23.902124064007793,
      26.806590669209978,
      23.893048671101898,
      27.34109052800491,
      32.48024678768656,
      21.771413778553274,
      25.782371832096086,
      31.42497308783718,
      33.75352581946693,
      40.68514238674464,
      28.914239831060115,
      36.05188028413858,
      38.06757590268736,
      27.161896671776926,
      31.764572387925547,
      34.262302532217355,
      37.047397208352706,
      27.980135915694365,
      36.215873850736145,
      36.30673633715356,
      33.22943671153512,
      19.121554679785632,
      34.49783508181869,
      31.490148669538698,
      33.336359633149655,
      31.347602435495094
    ],
    "shoulder_angle": [
      93.3581984763602,
      91.85934291519018,
      91.05108740032168,
      90.43819192426916,
      90.61485536740808,
      90.88449174994047,
      89.42469483438417,
      88.24904057899914,
      89.44869202468233,
      91.89042859481293,
      87.71129121489787,
      91.73814900994637,
      89.64686156053618,
      89.28227573149837,
      87.7660029837181,
      91.63870554453747,
      90.79181760431096,
      89.89847092892359,
      90.29339830618277,
      93.37648847834151,
      89.27833238864457,
      87.32669438093022,
      87.52888732401502,
      90.27850955630858,
      90.02414755922857,
      92.20919139852481,
      91.9557410702659,
      90.48188824399018,
      92.3000632813021,
      92.19758487982874
    ]
  },
  "num_frames": 30
}