{
  "exercise_type": "bench_press",
  "form_score": 83.73355760280401,
  "form_quality": "good",
  "risk_factors": [],
  "recommendations": [],
  "joint_angles": {
    "shoulder_angle": [
      93.75918463511118,
      89.08836948252188,
      89.24045280081353,
      89.29412052730417,
      90.44210306552793,
      87.0812584016573,
      91.04068334200778,
      91.67715810106978,
      92.7120507832391,
      88.48912159114727,
      91.86017291335843,
      89.18676565389231,
      89.86641364243995,
      88.7840084163457,
      90.13702541640548,
      90.22174636459654,
      87.98621954486606,
      93.45637022031646,
      87.66822442935164,
      89.27557377384728,
      90.31986176339365,
      91.12988129171502,
      93.21174603079488,
      87.75851118893988,
      87.19220609980714,
      85.63293630997009,
      92.50107464762341,
      86.22763958477749,
      94.06302622950147,
      89.09283150791109
    ],
    "elbow_angle": [
      91.9521905825279,
      86.19358526952101,
      86.44594173420457,
      78.10968370504656,
      77.58053603407772,
      78.24006240039654,
      74.82789300952598,
      68.76056119103707,
      67.23493942339789,
      65.79371379304843,
      60.75600349324749,
      55.651363365146224,
      52.86448403657572,
      55.08475628601684,
      46.700076790169746,
      45.051985490693184,
      50.03463586008035,
      50.49119617290261,
      53.46515993090096,
      57.43752468381061,
      59.5559057930332,
      63.32314980371871,
      65.02697288697226,
      70.01328630877192,
      71.32732827360655,
      73.85373617514263,
      77.76791494822969,
      86.108134309896,
      83.04584278224097,
      88.14828860179153
    ],
    "wrist_angle": [
      182.16639008731957,
      177.8284558559718,
      179.6034734016903,
      178.6034736981965,
      177.51902493423935,
      184.52502031995715,
      179.6582458367214,
      179.27380225332413,
      182.38633465268884,
      179.53362041735406,
      176.85126597058292,
      182.4367677043599,
      181.98761609258884,
      182.00799697239796,
      182.36964238532195,
      180.40803441929495,
      181.6995645281133,
      179.91061487071835,
      180.6212479373354,
      177.89042046212236,
      180.0302597992894,
      180.71103042216552,
      179.8398801247292,
      183.1677070253102,
      180.38285897976544,
      177.15523640368497,
      179.8237600248601,
      180.97379989511754,
      178.8044948820974,
      176.95974286477178
    ],
    "back_angle": [
      -1.7739617344793197,
      -4.353406666812269,
      0.3374304773720248,
      -0.4120802569787555,
      -3.485737035778791,
      -1.3477166038408523,
      -1.0792123628543129,
      0.18298237651697585,
      -2.1422681134432495,
      -0.9306485568906444,
      0.3952848175311003,
      2.034960634708139,
      1.8694722223403337,
      -0.92173469675181,
      1.594493248053889,
      -1.2617669506688252,
      0.6487269448285428,
      -0.739100358701081,
      -1.2021934828087155,
      1.491087500719923,
      -0.34911725306702274,
      -1.527121463057701,
      -3.141526737266146,
      -1.1823701657283157,
      -1.974521929407919,
      3.172187978186441,
      0.5181204024270794,
      -3.116388173358836,
      -2.0747259887754512,
      -1.1011141756477487
    ],
    "hip_angle": [
      91.15319509378,
      91.39637197446706,
      89.67591857991954,
      89.68101094135089,
      92.27577501107743,
      87.15436852769724,
      91.02615507893353,
      89.10007784912356,
      92.35678916210502,
      88.23342826343777,
      88.12093189839081,
      89.11207464686838,
      91.84850372011189,
      91.77723170389069,
      92.61879702580976,
      91.39489465683648,
      90.16925054596145,
      86.57403545507923,
      87.72533602487941,
      90.01643317025776,
      89.70737281611267,
      91.71524749641112,
      92.66513824465233,
      89.62660322302276,
      87.47942582522428,
      87.28829304386124,
      90.55130086545572,
      88.9915045310747,
      91.6981483728318,
      90.25818400242451
    ]
  },
  "num_frames": 30
}