{
  "exercise_type": "deadlift",
  "form_score": 69.43571544137173,
  "form_quality": "fair",
  "risk_factors": [
    "moderate_forward_lean",
    "minor_form_deviation"
  ],
  "recommendations": [],
  "joint_angles": {
    "hip_angle": [
      43.822655095343535,
      45.5365986478523,
      41.07510150152871,
      47.22337252502849,
      45.4400102323932,
      44.78712748070076,
      43.21961183527823,
      46.95317443088351,
      47.37291538446211,
      45.03618745446667,
      41.51048653323912,
      57.625821784409034,
      74.22499505854755,
      84.66025919743474,
      96.81681750795975,
      115.62467903483221,
      126.73471306140243,
      141.35787214336455,
      153.77128610645727,
      167.15430488820397,
      183.73932076989644,
      167.1026257343718,
      151.59075547588824,
      137.2570303243078,
      125.2327342954697,
      111.72982059416142,
      99.32286112395127,
      85.17878911457967,
      70.76978563643843,
      55.68414015347782
    ],
    "knee_angle": [
      86.07320167706021,
      88.55066527213172,
      87.98391107676939,
      92.5348478578787,
      88.97182330401967,
      91.28043625056026,
      86.55088675821756,
      90.26404679493041,
      90.24859309779377,
      90.72498356144612,
      90.66066857019162,
      96.49655256294493,
      107.65753612421294,
      118.77051419683212,
      127.84025325921189,
      132.778397636426,
      140.78141691492593,
      151.91432010784845,
      163.84096796167043,
      174.83361873310471,
      177.09162408136154,
      175.46596211754397,
      160.0775346182351,
      151.39855433807557,
      147.61811077172652,
      136.71758345123402,
      124.71712230180708,
      116.3306024696992,
      106.88378441871234,
      96.9930747153904
    ],
    "ankle_angle": [
      88.96724226552197,
      89.87964990673082,
      90.55476328163095,
      89.71404800630941,
      92.63972038862423,
      90.74347779115449,
      89.78972329663047,
      88.69881323950922,
      91.31659673041227,
      89.73637650216392,
      89.0652981938069,
      91.22533021324257,
      90.20273565687204,
      87.46359524308453,
      87.86099704210967,
      92.21987240272124,
      90.55917768809181,
      89.72645757966698,
      90.76645535167746,
      92.16003850187477,
      89.46959560057047,
      90.43537640145539,
      91.55840321518993,
      89.32879615465896,
      91.74389393119776,
      86.12259264357945,
      86.92152307527537,
      91.12873962216854,
      90.5562511633824,
      88.27091238428157
    ],
    "back_angle": [
      12.852372160789589,
      18.22508545355014,
      17.30552605950572,
      15.548938047994934,
      11.870252575298746,
      13.52213959865589,
      11.815714024153456,
      11.07481261057482,
      12.922246369354177,
      17.20005772327268,
      16.762794209668613,
      19.00294386385061,
      9.626608521375816,
      14.579652237717507,
      12.880778963056708,
      8.95276912646039,
      9.127329543987974,
      13.031082026149925,
      13.135083305509625,
      18.102636467560057,
      16.237603712981986,
      21.160977906746314,
      17.96469719094739,
      13.187453889056655,
      10.136960623281944,
      7.400575771314241,
      22.298050504508552,
      16.839216283994944,
      14.990430550503866,
      11.719210900913607
    ],
    "shoulder_angle": [
      90.23956045896867,
      89.57950782350001,
      92.2892077938577,
      91.12097962859339,
      90.57318392298484,
      87.74332372156046,
      91.70588848556734,
      88.74781108324609,
      92.86120178676171,
      87.97981877266338,
      89.04756254655267,
      87.72749634240286,
      89.3750948322432,
      90.7803149908351,
      90.37281344005245,
      86.47297960405665,
      90.55279221735705,
      90.08815004949696,
      90.94789304394264,
      84.84782451820334,
      88.75431921916356,
      91.99080488869345,
      93.18098317130544,
      89.104666397099,
      87.85622187010831,
      90.34082423579194,
      91.05509966833486,
      91.34394129243681,
      89.07103858495582,
      87.77163835850342
    ]
  },
  "num_frames": 30
}