{
  "exercise_type": "overhead_press",
  "form_score": 62.17130641014844,
  "form_quality": "fair",
  "risk_factors": [
    "moderate_forward_lean",
    "minor_form_deviation"
  ],
  "recommendations": [],
  "joint_angles": {
    "shoulder_angle": [
      88.78626417645278,
      100.40146865292998,
      101.48059409428137,
      107.64897715138709,
      111.6368984484318,
      117.70006865604577,
      124.87714067962315,
      136.08880327271567,
      138.02270840118564,
      142.4328452327871,
      148.02185463889052,
      152.71273778951814,
      159.74653067264575,
      168.15703652984402,
      173.38466418006692,
      182.0639218663157,
      177.48871702897762,
      172.1868744277005,
      161.0714253947913,
      156.3892920348743,
      151.62356178346835,
      141.3624357982821,
      138.20934566533407,
      127.30665777838098,
      128.35602491016493,
      120.47841142046815,
      114.38410713645283,
      108.07558736709709,
      102.5267138613079,
      94.87039474802265
    ],
    "elbow_angle": [
      91.00625727013076,
      96.12037067088978,
      98.79480151135189,
      105.5713726066333,
      110.25656572304027,
      120.80384622057025,
      125.30386418603543,
      133.3921213339491,
      137.34594963711476,
      143.9603151995405,
      152.04282177446194,
      156.86700627629676,
      162.0199800476079,
      166.21240961142752,
      173.0733755102269,
      179.6576467805311,
      172.14920115105102,
      169.7016031036078,
      161.78203475967553,
      154.95367353104157,
      148.5896507277218,
      144.72249601892437,
      136.30310214125592,
      133.18740261821657,
      123.91587690774784,
      116.85356667220577,
      115.31215288657347,
      108.99919876670933,
      99.48811315211385,
      93.3200925588952
    ],
    "wrist_angle": [
      181.98404976848823,
      181.2867349129776,
      178.2699974192449,
      178.6580712597865,
      181.211113728077,
      180.26621752055,
      182.27891522566094,
      181.085535917646,
      181.9084763319353,
      179.42494324341985,
      181.10583302791505,
      179.41226981001725,
      179.2118756870482,
      179.35265755947844,
      178.43008572817095,
      180.25137567685226,
      182.08616836088797,
      179.42703764876228,
      182.5027487605074,
      180.59552310024878,
      182.29836060582642,
      178.86749623909188,
      180.69878146585518,
      181.65689104299307,
      179.71723176980632,
      177.1835883567057,
      176.89834619043774,
      177.8381951311973,
      178.52804626822308,
      180.04860983545169
    ],
    "back_angle": [
      1.5875090050888043,
      11.888070749649906,
      13.714279243778506,
      10.551260362211558,
      9.789101105701086,
      14.948205868638427,
      10.410765723828439,
      6.413120252859061,
      9.854579235186701,
      8.109154884528103,
      9.566427174347544,
      10.610710311981286,
      13.675242424602908,
      14.398675938480123,
      13.033552168749278,
      13.513085955402653,
      10.365279755286178,
      7.531202829732975,
      12.314503552389722,
      5.213320504601867,
      11.448870665669034,
      5.6759066067323545,
      9.214312230459036,
      14.339613892061294,
      5.753260318763562,
      6.930742617570364,
      6.564828781379318,
      10.872673828876286,
      12.59523277887142,
      8.350416536223394
    ],
    "hip_angle": [
      177.2865128504363,
      176.73483398953104,
      180.62526099872179,
      180.3737490337092,
      179.0809990206583,
      179.74457999394699,
      179.29343063964748,
      177.5568928069181,
      178.9331670208884,
      180.48726571024366,
      178.56923448006737,
      179.5300146122491,
      179.62660142352615,
      177.08738417955132,
      179.9496771693426,
      177.93253639728692,
      182.86624242629605,
      181.66608849993005,
      178.45702031950134,
      183.17632718583587,
      175.62967324577593,
      178.86530148626315,
      178.92035673326114,
      181.8257052361562,
      178.23208848359837,
      179.51787930463604,
      181.93976960197045,
      176.6838369932238,
      179.52996262153033,
      180.04724151374006
    ]
  },
  "num_frames": 30
}