{
  "exercise_type": "deadlift",
  "form_score": 45.67554601142979,
  "form_quality": "poor",
  "risk_factors": [
    "excessive_forward_lean",
    "knee_valgus",
    "insufficient_depth"
  ],
  "recommendations": [
    "Keep your chest up and maintain a neutral spine",
    "Push your knees outward to prevent inward collapse",
    "Descend until thighs are parallel to the ground"
  ],
  "joint_angles": {
    "hip_angle": [
      45.86459425576099,
      45.99637572582842,
      43.11934021790604,
      43.75304009267421,
      41.82635315042939,
      45.2552496361937,
      46.090693529884646,
      45.030518448074304,
      40.63914642877633,
      47.58552250691171,
      40.608127956747666,
      56.0036995111523,
      74.4755309648749,
      82.86840130224701,
      100.96442362603749,
      113.50581448680303,
      125.10646999365457,
      138.37169527613082,
      152.98787177152437,
      167.91921364456556,
      180.7550559982057,
      167.49412633576975,
      155.27007351085948,
      142.49869951516146,
      123.39136596761956,
      113.40267626216331,
      97.37161039477276,
      84.97109173418181,
      74.94538517282953,
      57.437945309833566
    ],
    "knee_angle": [
      91.6186029980453,
      92.80979188193808,
      88.11803043249787,
      89.77154019194516,
      88.44831664915132,
      96.34440454698652,
      91.31662106529555,
      93.39001566171592,
      85.18450898133013,
      89.99485691543173,
      87.61433740338852,
      98.25405002388531,
      105.13008655589871,
      117.84025348924288,
      124.70886801873672,
      133.82713356107644,
      144.18296802414199,
      154.06155061270078,
      159.75506513166638,
      171.83538346126613,
      180.29530755235004,
      169.7256320173359,
      164.1473963218639,
      153.54459029400007,
      145.42229919385608,
      133.62606865639572,
      122.6647170697798,
      113.36856268379857,
      107.76913271521634,
      97.78437891415813
    ],
    "ankle_angle": [
      89.37543778568451,
      90.86110676125166,
      93.99450249154197,
      92.27311486824838,
      92.85536137672564,
      92.32218848584748,
      89.17267449649219,
      89.99385272978672,
      87.99960969207697,
      90.00728704775864,
      89.75665882445097,
      87.14427076013753,
      91.85282361523235,
      90.66656607084592,
      88.08865879809048,
      92.97134360753117,
      89.31871056510857,
      89.11829247255326,
      92.32129399353259,
      93.97919413251698,
      88.67926733063044,
      88.05341679306608,
      89.40863876513099,
      88.2975485614145,
      89.1865525223073,
      87.43926356301179,
      94.49787049965524,
      90.60932494087584,
      92.99130288707016,
      89.93042497474985
    ],
    "back_angle": [
      23.091933727689366,
      38.06101486548443,
      40.72501855377391,
      34.066270680456846,
      38.46196133227455,
      39.40785200682325,
      26.08413896047322,
      22.780560907952015,
      29.351675380729873,
      22.898021110759036,
      30.723247537055432,
      32.532595046711606,
      40.69849976028143,
      28.07472616729939,
      35.72257001525301,
      42.94914878907881,
      23.57629879166724,
      30.099496253727704,
      27.178338679885783,
      31.01760996741028,
      40.50785400525187,
      26.40516680618178,
      30.500727231279864,
      33.830505271902354,
      31.919889000120182,
      24.455359303181538,
      28.201036385420668,
      34.51861842553596,
      36.38871017033683,
      23.36291084300276
    ],
    "shoulder_angle": [
      89.81770808173428,
      89.15981376486995,
      88.31616784497193,
      93.18687427588178,
      88.70193466265863,
      88.50952993317256,
      90.61232144521178,
      94.70419872450135,
      87.38833349111046,
      89.48104056128784,
      87.58140475321908,
      88.0799983374344,
      86.74596291983934,
      94.03167554186605,
      90.45780408466558,
      89.00837375704245,
      89.48416466782895,
      92.08259044254388,
      85.66632642028,
      88.60589094137653,
      91.67176985343757,
      91.0194495803054,
      91.73639916451448,
      92.26428740222521,
      91.02204691957148,
      92.27137061498118,
      92.05019107164311,
      88.89458961298939,
      92.0832207052377,
      92.53105165274405
    ]
  },
  "num_frames": 30
}