{
  "exercise_type": "lunge",
  "form_score": 67.80848201723931,
  "form_quality": "fair",
  "risk_factors": [
    "moderate_forward_lean",
    "minor_form_deviation"
  ],
  "recommendations": [],
  "joint_angles": {
    "hip_angle_front": [
      178.52435595832856,
      180.35271752216846,
      177.54432222549787,
      180.01700166708827,
      177.61538526350893,
      178.53995377966024,
      181.02780841913,
      181.33166430088284,
      167.2557911508645,
      154.87026549964267,
      141.98277654627893,
      128.91642880140196,
      117.03382775986397,
      102.19248205245992,
      91.63761576678603,
      90.89310759726408,
      90.35905355066097,
      90.48618072108219,
      91.88459009427194,
      88.0060539725311,
      91.43681950593896,
      90.42531946847643,
      106.05470709097423,
      114.96853218986905,
      128.86344972916817,
      141.14610205758132,
      153.54462257633267,
      169.21814310486195,
      88.0210823855516,
      103.73167129346511
    ],
    "knee_angle_front": [
      178.14214224370278,
      180.20275990735396,
      178.71543459878308,
      181.69059535683354,
      184.1371063515678,
      178.70056212544335,
      179.51537962616797,
      177.19036972267517,
      168.05440177914804,
      156.41724497458472,
      142.67671534104684,
      128.59147307982127,
      114.56555073179156,
      102.15952565887162,
      94.28939268868153,
      88.58985425249752,
      89.71708494603205,
      91.91068237563441,
      95.83173178634657,
      87.7204270336449,
      92.69314756091083,
      93.26219167168999,
      105.98898024044111,
      110.75151507077278,
      126.1759916520198,
      143.70912939464347,
      154.85042997371008,
      166.2782947856738,
      87.33670832850926,
      103.41542359761768
    ],
    "hip_angle_back": [
      181.90868428052585,
      179.70517366706815,
      178.89853043522177,
      179.44751784357706,
      178.25330843527294,
      179.9663191655435,
      180.87995935331222,
      177.5722690200153,
      179.20488451494745,
      178.49944624176948,
      181.32456432881267,
      179.6124444870833,
      179.30880400766137,
      181.11363278529595,
      177.21275428693247,
      176.93001171217978,
      180.22466964189678,
      178.19809247225047,
      182.02723982995005,
      178.2612106139383,
      179.86265373374684,
      177.66341590064482,
      185.50952455886576,
      181.43407137963166,
      179.64029363776288,
      179.12976748235982,
      180.92631421539838,
      182.10840303640123,
      182.93821958550828,
      177.15827459051408
    ],
    "knee_angle_back": [
      178.24423786408784,
      179.12131982749548,
      181.37834696298788,
      179.6225545149797,
      176.31661686989756,
      180.12040493229475,
      178.81584758357187,
      179.36453944825064,
      165.39261139544607,
      153.59530416633996,
      139.74719846188512,
      130.8868029680431,
      115.0996723263181,
      105.61515734507392,
      87.8330984649298,
      90.0241573919065,
      88.99664129267141,
      91.2545743184406,
      90.7223794617181,
      89.73229345060777,
      88.51048813940727,
      89.04159407839916,
      102.49279802943164,
      117.19325742271943,
      127.42104137928658,
      141.30108622206308,
      154.83357220094098,
      166.4455492725973,
      90.23404115610315,
      100.789153622271
    ],
    "back_angle": [
      10.344313075657018,
      6.697308901718974,
      13.03556613145498,
      14.267191625990302,
      9.005824230568136,
      10.698523655461019,
      14.841688777986235,
      12.210547784847103,
      3.539843937727787,
      8.100430166609602,
      11.69430029192857,
      13.650912048310357,
      8.82475765687805,
      9.894538112025486,
      9.702830767465434,
      5.185154067544444,
      11.95479025565135,
      7.023768455468664,
      11.584652054731604,
      9.83880064687464,
      9.067842020084747,
      6.753808011135056,
      13.627231791223611,
      10.17946750631828,
      7.384192869033192,
      10.891074500973156,
      12.607435675872797,
      9.791928788117582,
      14.140335435660704,
      4.882277168956888
    ]
  },
  "num_frames": 30
}