{
  "exercise_type": "deadlift",
  "form_score": 57.096312419309854,
  "form_quality": "poor",
  "risk_factors": [
    "excessive_forward_lean",
    "knee_valgus",
    "insufficient_depth"
  ],
  "recommendations": [
    "Keep your chest up and maintain a neutral spine",
    "Push your knees outward to prevent inward collapse",
    "Descend until thighs are parallel to the ground"
  ],
  "joint_angles": {
    "hip_angle": [
      47.49607705064617,
      46.48813271588704,
      42.13876570797622,
      46.28265377132717,
      45.07992221044652,
      44.27203670647089,
      44.00178874298451,
      46.833701195507714,
      44.92545841121524,
      46.52340080853522,
      42.34556580299333,
      57.808064667135135,
      72.23178639667543,
      85.36142889420927,
      98.19231514321366,
      111.4539072495582,
      120.55150812410125,
      143.1435148368339,
      153.6041878632972,
      164.73247317635264,
      179.64271041198904,
      166.28820744382168,
      153.35979718020275,
      138.61192922289402,
      124.638132738273,
      113.09141423782494,
      100.56670101322663,
      85.5182701577023,
      71.33245400229322,
      56.92722427992516
    ],
    "knee_angle": [
      90.72633717053289,
      87.74658167523707,
      90.2390320073984,
      85.45578407162017,
      84.06913481426449,
      88.93872057859986,
      86.0287818848424,
      91.32377210054416,
      91.93394174604863,
      90.1634413752251,
      91.50630974339265,
      101.62537180825183,
      107.67007005504423,
      118.17534771299071,
      125.55210863717434,
      133.22527461476133,
      147.2697164331294,
      154.15241432880185,
      163.0016292738179,
      171.11886920719604,
      179.1941048327364,
      169.6499465705779,
      162.84785737860253,
      155.99464467898164,
      143.62957000745803,
      137.0905429431208,
      123.4751381702202,
      114.87112459575161,
      107.36115159470394,
      96.64964641608773
    ],
    "ankle_angle": [
      86.00982058004394,
      88.18720446827375,
      87.32684938121321,
      90.82889089533379,
      89.14556050266606,
      93.61450911919835,
      87.16734823078804,
      89.88791011281664,
      90.0946163623242,
      88.66706852144398,
      88.87798641896185,
      88.72776246382524,
      90.05451108638071,
      89.18628472794131,
      87.31044202183558,
      88.69395729778562,
      88.593291014033,
      93.84016683693078,
      93.88557531389648,
      89.80604092325977,
      95.2784863915362,
      87.57111144271015,
      92.67479540829027,
      91.25760069976853,
      87.75792275761023,
      90.25270385717668,
      91.05451247119316,
      86.39390594787756,
      85.31046824128275,
      90.21774823973168
    ],
    "back_angle": [
      28.73026325639783,
      22.998142153231303,
      40.06171091421094,
      24.39779837912108,
      28.665258584043432,
      37.93543853225265,
      29.35019141595578,
      21.873808843363484,
      32.42438162633742,
      27.48117137237383,
      40.51146444028062,
      22.381596621692992,
      33.695151591722826,
      30.566447585909877,
      28.708665248627568,
      44.15521271716808,
      28.16247232399607,
      38.62169954573759,
      35.65672709514575,
      27.164768450158583,
      32.9901667485925,
      39.13730582912023,
      28.738452292608315,
      25.146233730211943,
      32.908390142603686,
      26.686662091611645,
      38.18082080871376,
      25.263666911883217,
      37.36886033107314,
      38.3223533848103
    ],
    "shoulder_angle": [
      87.34431680193545,
      94.12961864203506,
      92.8483492726083,
      87.18553193229182,
      89.74878948004756,
      91.43492866717486,
      86.0908516635274,
      93.34545787198175,
      89.76748398181527,
      88.32884740433302,
      90.09957072767641,
      89.74867786429046,
      92.40733142343363,
      88.88736375884177,
      91.4207230879072,
      94.86114437821666,
      87.8988265646041,
      86.49868994142328,
      88.89776230457355,
      91.81926451045352,
      91.13492099624565,
      93.13758953875129,
      89.34710244379633,
      90.90183058333182,
      92.16043278471432,
      93.2910197104423,
      89.99979088155078,
      91.9490879094022,
      89.44968110320694,
      89.53617405142172
    ]
  },
  "num_frames": 30
}