{
  "exercise_type": "lunge",
  "form_score": 93.49865862261301,
  "form_quality": "excellent",
  "risk_factors": [],
  "recommendations": [],
  "joint_angles": {
    "hip_angle_front": [
      177.49407351206696,
      183.39902125776152,
      180.58338410593495,
      179.00125112094722,
      180.83243780916317,
      177.96538571501625,
      178.63829632133806,
      179.7645531776908,
      165.23771916906475,
      150.64569336010837,
      143.34670951926194,
      129.45506699833481,
      118.67155733582156,
      100.73949061214785,
      89.34940395844994,
      93.17216820061127,
      91.90493281249914,
      92.44141429538857,
      90.39247775402669,
      87.37830276839024,
      91.5875762555553,
      90.67855915968785,
      104.16851083746562,
      115.33974259794262,
      127.70318494232941,
      141.82726305135438,
      153.94922185164629,
      168.6481862117145,
      88.94211589872815,
      102.64153168993852
    ],
    "knee_angle_front": [
      184.25963832434024,
      179.19365642619792,
      183.52611591319032,
      179.98871450056686,
      179.9307868474807,
      180.7567133577079,
      182.16349268989444,
      176.6911703239001,
      164.52416196817995,
      155.6034517056496,
      143.79224658877493,
      130.98283075962138,
      118.81130617475544,
      99.92838376015091,
      91.00392146248308,
      87.63699424335162,
      90.21535384501249,
      88.24477701192569,
      86.88268531137535,
      90.90301122194772,
      87.96313054522898,
      89.56196237378074,
      101.57617209173006,
      114.61690969456984,
      127.82703525659035,
      141.94211419555785,
      154.01737240869312,
      171.10622717802755,
      89.17334022840889,
      101.35832637916384
    ],
    "hip_angle_back": [
      180.27089610795937,
      179.3600379049052,
      176.39510305088714,
      178.17658258411652,
      178.86813648803732,
      182.71830971161614,
      178.57794489037877,
      182.36165828022325,
      178.08900864655217,
      179.30333227767645,
      178.7993751523493,
      184.33244636506933,
      181.66569857033733,
      180.94905848086816,
      180.79228327019175,
      181.60328521067922,
      179.16356619302465,
      178.47906622492897,
      181.30401113423525,
      184.23496674066413,
      182.89323908310897,
      179.73183601500008,
      178.8524325415649,
      179.41199302953993,
      179.65772299122517,
      182.25031037811115,
      179.97911531084517,
      182.8377991512672,
      181.0016833961429,
      180.38949031153547
    ],
    "knee_angle_back": [
      181.5036454469397,
      181.61490464383087,
      177.00796998867443,
      179.70146151442,
      180.25954323723835,
      177.80736803774371,
      179.99486652874307,
      178.20018436063532,
      166.5217144132396,
      154.45872522373875,
      141.1391153038821,
      128.40558938088776,
      115.94890254741802,
      101.70861246126688,
      91.7843995012443,
      88.41428031949229,
      86.00297085139543,
      90.46171491976393,
      92.27895328213975,
      91.37056356189707,
      91.07094307663239,
      89.97352082258764,
      103.88037142609427,
      121.78632622031827,
      127.56079167910048,
      142.37499648475733,
      156.38650671227407,
      165.50940668915632,
      91.23271781519787,
      102.50064365458803
    ],
    "back_angle": [
      -1.8166533555910902,
      -3.7105802032199344,
      -1.7920434429637535,
      1.2363845753304668,
      -2.642616815366074,
      1.8963313271163005,
      2.3426922713860696,
      1.7308357261101752,
      -0.09176211887417476,
      1.7752608627458444,
      -1.965436415247185,
      -0.3531665185081945,
      1.7955047695572564,
      -0.09332786278681472,
      -0.5703752312353956,
      -0.8046666243922617,
      2.842864602259737,
      -0.08947274969733705,
      -3.220093905399579,
      0.6542782218366805,
      2.788136349753672,
      1.3352096736397967,
      -0.6710428120741023,
      0.4615985578286059,
      0.6853817875247141,
      -0.13335751354640604,
      -0.2667056148391154,
      -1.7415841992403531,
      -2.5864733430345823,
      1.1184060568301435
    ]
  },
  "num_frames": 30
}