{
  "exercise_type": "lunge",
  "form_score": 81.71507610384134,
  "form_quality": "good",
  "risk_factors": [],
  "recommendations": [],
  "joint_angles": {
    "hip_angle_front": [
      181.65469869845757,
      177.95442890325927,
      180.46693150602184,
      182.24966580640063,
      181.59714512658326,
      178.43827389971045,
      181.0989884487649,
      181.47866013072823,
      168.57456044991386,
      154.560388841081,
      139.29104182155172,
      126.88838747172302,
      118.14092206041238,
      105.44766552434702,
      87.84427703267876,
      89.53393367298514,
      89.80471934490559,
      89.11578385735639,
      91.55750023876692,
      91.81784009916515,
      90.76469179660684,
      87.72106515303732,
      105.16814097682102,
      116.00205577333718,
      127.51951907679612,
      141.1534083213032,
      160.51428679545515,
      164.56310553933648,
      88.87915640931307,
      102.89983190472171
    ],
    "knee_angle_front": [
      179.2933026336237,
      181.03600944152907,
      178.45055421059527,
      180.4203783413582,
      178.59272865955853,
      178.00831241792778,
      179.85649818450574,
      178.74637721934286,
      170.94197150041904,
      155.9783388548486,
      146.32282003446446,
      127.71793905216052,
      116.60525243892293,
      102.89165071928626,
      90.3960537619182,
      88.05999207233022,
      92.15160895072384,
      90.00504591781167,
      94.97416677545738,
      90.67664185249095,
      92.31734621598855,
      89.96915793370316,
      101.0632867417132,
      111.8240157979991,
      125.53243884023652,
      142.68257259573727,
      152.23077828980772,
      170.09235314248897,
      90.45478500001003,
      103.46855149008435
    ],
    "hip_angle_back": [
      183.4907041202945,
      176.21912874713215,
      178.76212459546704,
      179.4244070688508,
      178.82018480571392,
      182.28313212311292,
      179.9127964198551,
      181.35436154529333,
      182.16888485863208,
      177.91879975398876,
      183.328551171664,
      177.13174724916988,
      179.53979571336734,
      183.9787508387064,
      180.15881319275678,
      181.9946274421606,
      179.8929902622355,
      177.48257388129423,
      178.15421419665327,
      178.6128050302888,
      179.45173074998945,
      182.3471777248929,
      182.3092203390693,
      182.65242844052048,
      179.5216922677942,
      178.42948856335244,
      179.45088615647438,
      185.6930284882036,
      175.50508770851212,
      181.85529327619238
    ],
    "knee_angle_back": [
      181.0487915191908,
      182.27478260193953,
      177.0890853285112,
      181.0923821208271,
      179.54384353784516,
      181.84261530112136,
      178.9199633657151,
      178.400478593666,
      167.34802578381587,
      155.74660069752798,
      142.5646091922035,
      128.20244725747685,
      116.48118791815261,
      100.50425897883076,
      92.3639284167893,
      87.87058348777303,
      85.67502785732607,
      87.97204071947213,
      89.29381369734924,
      88.26279981560374,
      88.11516579916196,
      89.18837746736486,
      99.11112433388357,
      115.07206367422685,
      126.56337594083314,
      142.50381372315798,
      155.73667242332212,
      167.70960535531546,
      89.63991616975964,
      103.05083569139516
    ],
    "back_angle": [
      2.9569277198863873,
      -0.5945177173935566,
      -0.4862384619419048,
      1.541948724223747,
      -0.014074324041891165,
      -1.317076635043438,
      -4.233174225550894,
      -1.7791706022102052,
      2.8063100993951946,
      -2.3011044130321117,
      -1.2801213899858832,
      -0.3731121517292268,
      0.3863436900137943,
      0.1149241619219407,
      -0.30982224443649725,
      0.972522596443277,
      -0.9249086742110753,
      -1.263861355224452,
      1.1474270502872272,
      3.645596022312457,
      1.2826961271517336,
      0.1921079963056483,
      1.278456815419856,
      -0.9397797683843686,
      -0.8928753859648308,
      -1.3449608584581412,
      1.2566561793413,
      0.8976326041651596,
      -1.2402185634195655,
      -0.6200400259868108
    ]
  },
  "num_frames": 30
}