{
  "exercise_type": "overhead_press",
  "form_score": 78.31253948679839,
  "form_quality": "good",
  "risk_factors": [],
  "recommendations": [],
  "joint_angles": {
    "shoulder_angle": [
      87.65947164202706,
      95.52642353346107,
      102.64753771882964,
      111.43987689675686,
      113.89610215848057,
      116.50362017571733,
      124.91882366799238,
      134.39356964369495,
      137.51015003230978,
      142.47049814895473,
      147.95597162470162,
      158.00664206664274,
      161.24260135330331,
      165.00226978034746,
      175.83550233507563,
      180.74535747103573,
      175.28566741113372,
      167.02333010630454,
      161.89592962653862,
      157.45691385341607,
      150.25465196798805,
      144.6723213892522,
      135.7927879279123,
      130.52304548243592,
      121.82943353349206,
      123.18966183523351,
      115.05787056488374,
      110.44895737432613,
      101.90857806426709,
      96.54990280324112
    ],
    "elbow_angle": [
      93.42551338412677,
      92.74545874193258,
      103.76050967690958,
      112.9813490539974,
      116.1022357050393,
      118.96000945254679,
      124.52869034532301,
      134.05243319859116,
      140.7664787747633,
      143.4733441594389,
      150.385409526842,
      155.54638050970897,
      161.90663409509034,
      165.16058048614477,
      174.12811577727422,
      178.96572907628985,
      173.31421188688574,
      167.21665857430887,
      161.23149277564974,
      159.10850675739368,
      149.91148237452612,
      144.65941717351433,
      138.3307314034907,
      131.39855918901887,
      126.93867013800747,
      121.51728352674463,
      113.81832742539389,
      107.27867838476477,
      102.44874897179625,
      98.83411553695497
    ],
    "wrist_angle": [
      177.18234783446093,
      180.71908349970843,
      181.1115441657944,
      180.6048361813036,
      178.78993542337435,
      180.31048559354807,
      180.18515779419474,
      181.5784089387694,
      182.21131116503142,
      178.3165074783299,
      181.27726450521223,
      180.72216112472577,
      182.162071099549,
      183.5659489764119,
      183.49749935610365,
      185.26384798037208,
      178.2769446637853,
      181.8852578540266,
      179.98880867758925,
      183.55464324463676,
      178.30132299114632,
      179.44700343902213,
      178.56860543834514,
      179.16575444725626,
      178.1282585069088,
      180.00897276061286,
      183.876167392495,
      176.76560644107087,
      178.24854185983716,
      180.74434819685376
    ],
    "back_angle": [
      -1.1996291456945154,
      -1.6747374513046793,
      1.306672148493587,
      1.996107327855991,
      -2.8132775542445,
      -1.6892042432918855,
      1.2023084037193652,
      -0.8060452207652712,
      -2.4997738555620885,
      3.693402143267206,
      -0.4731552933082491,
      1.1820474043991303,
      1.1538727850018344,
      0.417270568884394,
      2.414120608818016,
      -0.18770624400498043,
      -2.7937120565440523,
      4.777884421743728,
      1.2487589972175794,
      0.34530935497414056,
      -1.873174390675094,
      -2.908373154858185,
      -0.21994906016982743,
      3.019090881923637,
      2.7170697437162974,
      -1.5942681489739003,
      0.657537793333266,
      1.2539216303712346,
      -0.6316683359887966,
      -1.4292321695950525
    ],
    "hip_angle": [
      179.04455148166636,
      177.31142422401865,
      177.69573640816472,
      180.2932847536041,
      179.92101270149556,
      180.38850706162484,
      184.0043332367738,
      181.2748087720136,
      179.97660134195604,
      183.00039872877286,
      181.83850609503997,
      184.57354734408224,
      177.32912248910256,
      176.70678733870056,
      179.9788303277713,
      179.25324383454418,
      179.25500998062003,
      181.97420741718605,
      179.00909108562053,
      179.6289421758418,
      184.67959992320158,
      181.8458582248983,
      179.7121961597768,
      179.78762568944484,
      178.60277356628959,
      182.23080441900314,
      182.72609886891618,
      180.0904752242437,
      180.58473058086804,
      180.4846863010156
    ]
  },
  "num_frames": 30
}