{
  "exercise_type": "deadlift",
  "form_score": 67.89274096361063,
  "form_quality": "fair",
  "risk_factors": [
    "moderate_forward_lean",
    "minor_form_deviation"
  ],
  "recommendations": [],
  "joint_angles": {
    "hip_angle": [
      46.28390098862595,
      43.25619450495416,
      43.04543471277054,
      43.814596382044684,
      45.86074566870759,
      45.76482803645179,
      47.50531237704337,
      41.67425437580967,
      44.09206827331382,
      44.84738164316203,
      43.40527318613081,
      57.89262021458131,
      74.30193551064635,
      87.38612392256921,
      102.48818871655995,
      109.41210806533441,
      128.17643364603427,
      142.60866006676636,
      154.16558934834873,
      164.86960017997436,
      180.0768898261588,
      167.4050716876829,
      150.44037398233465,
      139.30941145098564,
      124.19553379953146,
      109.78785034434382,
      101.46908656462152,
      85.162738625216,
      71.69646966695177,
      58.191376312289194
    ],
    "knee_angle": [
      89.67844169215233,
      89.30698219335845,
      93.52548254234546,
      88.23061588759474,
      87.70620847321545,
      87.76305689654657,
      90.01050980721249,
      91.0317451782372,
      93.48451229217906,
      91.48682146509873,
      90.9160758117679,
      98.0355590797665,
      110.32907605791318,
      119.74748464881044,
      126.60356092534359,
      136.50496100711953,
      142.08916592286414,
      151.40157441249727,
      161.87561942137435,
      169.6895107795117,
      175.79695120855897,
      172.76135869685777,
      163.23916441713374,
      155.01659833335876,
      145.50319518967518,
      135.85840733789598,
      127.50524016619559,
      118.10417835247738,
      109.10284456619827,
      96.07132198873188
    ],
    "ankle_angle": [
      91.47488880569648,
      90.16936766855532,
      90.8464610698891,
      90.09640190716246,
      89.6421941514287,
      91.15737696955118,
      90.13880442209022,
      88.78067967160449,
      92.96557929022916,
      89.69467980592422,
      93.92526531714321,
      85.67473420214128,
      91.30074221960318,
      92.32738998074635,
      89.09883264115462,
      90.34988297806436,
      89.74947678178728,
      91.27652945515347,
      92.8330732854087,
      90.5066046493253,
      91.64316357624573,
      85.53287134905213,
      89.83662147205943,
      87.00979081746028,
      88.43967374568084,
      91.02528756120839,
      93.84836053188837,
      92.67979290301497,
      90.1854792697225,
      90.56975975115832
    ],
    "back_angle": [
      15.63262405113353,
      12.620035745989227,
      22.089275107361367,
      16.55454900028415,
      12.778628186622097,
      16.51726693569818,
      17.14951441154904,
      11.829899552519588,
      20.392586729960037,
      16.12350841910081,
      16.129198088443896,
      13.140429304556225,
      9.665081818753677,
      23.015363254259093,
      12.658927761959605,
      8.624848165174239,
      19.530413584921437,
      12.439360540965357,
      15.428924166660954,
      15.741334187206771,
      13.079860245334801,
      21.85935181524289,
      17.212674904719034,
      11.468569308853498,
      17.047382261945888,
      13.345519501708232,
      13.64268315739112,
      13.703504933836332,
      17.84507654571774,
      12.291171809543991
    ],
    "shoulder_angle": [
      93.62889930761553,
      87.70201635736169,
      93.06447979023184,
      90.96210098099307,
      89.80677678706847,
      89.80775678424021,
      87.39767024587805,
      88.78534443179096,
      91.60443678570506,
      86.23798772160355,
      91.87664299465304,
      87.02102018895435,
      89.00565301466851,
      88.61567821083264,
      91.9805842190961,
      88.70408903480326,
      88.39315710999286,
      88.57369556905708,
      85.9004861378353,
      89.35610054040845,
      89.74047037656173,
      87.30571220338172,
      89.32216968248055,
      90.56613576677616,
      90.04110576373787,
      91.46356619118633,
      92.13454938397295,
      90.39020283682153,
      91.66123162799403,
      89.03130923901567
    ]
  },
  "num_frames": 30
}