{
  "exercise_type": "overhead_press",
  "form_score": 99.19207245454164,
  "form_quality": "excellent",
  "risk_factors": [],
  "recommendations": [],
  "joint_angles": {
    "shoulder_angle": [
      86.79659138587111,
      97.56023324902871,
      105.83935918660198,
      107.47758447788534,
      109.48034045668112,
      119.74237884700689,
      123.86536919635108,
      133.17737555386793,
      136.95268508277292,
      143.88147171644187,
      147.59166506840862,
      158.35504090759844,
      162.75204775540442,
      170.10284328155342,
      171.8433432247832,
      180.187479365767,
      172.8138769200235,
      166.9716165607209,
      160.30607440234914,
      154.08189471211108,
      149.3729911754249,
      141.97027485156477,
      140.19258183059716,
      137.11477415905534,
      126.59100285347901,
      120.58864297109035,
      110.82234148441192,
      109.67494567506942,
      103.53995464178699,
      96.361187831706
    ],
    "elbow_angle": [
      88.76909153872609,
      93.98378292504476,
      103.01472334121215,
      108.05077447568793,
      116.99853479562539,
      118.79371588562728,
      126.24731707064569,
      129.11110527179932,
      139.4402635794464,
      142.63118588504167,
      148.37072829787957,
      154.49295815265367,
      163.0371728510109,
      172.93134135140278,
      172.75339260345862,
      179.67501920466066,
      172.90791625231515,
      168.2232394743222,
      162.38338984433994,
      156.48527757963925,
      148.75191776187336,
      143.29114782554865,
      137.00304623105148,
      129.52231803410947,
      127.53435827505832,
      123.57241533093261,
      113.56932850814741,
      108.15330908031865,
      101.23150935419137,
      100.63107849848524
    ],
    "wrist_angle": [
      177.66773108438844,
      178.39248067961947,
      181.1310147596002,
      177.9716658853475,
      179.3090079991839,
      180.93793416698392,
      180.68368472159594,
      180.40257492502627,
      179.93453995713574,
      179.08105023015995,
      178.50062401609344,
      180.03703127720271,
      181.10334634343664,
      181.50104994799756,
      180.97894316391333,
      176.87251402880958,
      178.00297749631937,
      182.1188872697121,
      180.6510746536942,
      177.24165186175742,
      180.07300918025675,
      180.17428112905606,
      183.6221078473186,
      179.16672782562213,
      179.5495171940871,
      181.51074465642307,
      179.59637441324594,
      179.75356267797028,
      179.14562465022442,
      181.70595898024357
    ],
    "back_angle": [
      -1.0732048670144667,
      -0.38378304941399977,
      -2.8214750291400956,
      0.7377879976537821,
      -1.4046355221365112,
      -0.8183132293594667,
      -0.477103866078949,
      -0.31180075045991734,
      -2.1750842189903157,
      1.3116816116994743,
      1.1142277495493171,
      1.4496553768863523,
      0.6624714418468063,
      -2.6226483178074553,
      -2.0534884937484614,
      3.435140948623754,
      -0.12069678366005454,
      -1.2995381837368234,
      -1.4097666227754644,
      -0.6948095510372352,
      -1.162054068320994,
      1.802848852033153,
      -2.11616801846761,
      -1.8460802314970988,
      0.13698112757097222,
      -3.8938527305850363,
      3.4450966856354808,
      -3.138974818611908,
      0.6834735001108707,
      0.04177733203606989
    ],
    "hip_angle": [
      180.5381846244791,
      177.98589209233194,
      182.94395799052703,
      183.7485263537292,
      178.80864801085121,
      179.11150225363934,
      179.63058778286228,
      180.71619320493238,
      177.21335099056537,
      177.05749481801493,
      179.9206244342006,
      180.97582701702984,
      178.7875329719869,
      177.3751014059646,
      179.22833367877445,
      178.61910907886136,
      184.26615253334435,
      181.1200973781546,
      179.02607526725566,
      176.21519065023534,
      179.5664651778681,
      178.4833283764861,
      180.07418359748382,
      181.02925911431217,
      180.84449953779995,
      178.56016109332904,
      179.3845275111393,
      180.81978720222264,
      181.19316494148686,
      180.79341096560916
    ]
  },
  "num_frames": 30
}