{
  "exercise_type": "bench_press",
  "form_score": 81.57128170074462,
  "form_quality": "good",
  "risk_factors": [],
  "recommendations": [],
  "joint_angles": {
    "shoulder_angle": [
      88.91149951365779,
      92.77774114865804,
      88.60815734675204,
      84.77774521401108,
      88.83465355186406,
      90.13078842726325,
      91.42849275553985,
      87.73173664910428,
      92.7196222455892,
      87.88621045717758,
      86.44987032808396,
      90.72819358637669,
      92.34453033329167,
      89.63660095059396,
      88.01111570683526,
      90.76556184678986,
      87.73602248079551,
      88.49105341673611,
      90.91983383424876,
      88.19403932399491,
      86.0720299907131,
      88.2442255250088,
      88.97493496587431,
      91.93725721549256,
      88.65480279879209,
      90.0143387296114,
      88.2264008534229,
      93.45005695930065,
      87.18909256110143,
      90.09344778245082
    ],
    "elbow_angle": [
      89.15645928658893,
      86.58006790132823,
      82.4537476748896,
      79.42794527491209,
      79.00347973868217,
      74.70114749490278,
      72.30942544247826,
      69.26317091661112,
      65.3320140747641,
      63.5156513706076,
      59.521168633471035,
      56.27894822687544,
      52.655884141680446,
      49.62925815695668,
      48.286415498138695,
      45.72503733360241,
      47.396553203055184,
      50.632243369002495,
      58.2792754388924,
      59.39886309903671,
      60.452165748310286,
      64.91053157655364,
      66.12969663251496,
      65.06228137545959,
      73.40096489993125,
      73.06643026388048,
      73.66413974114099,
      83.08595107919743,
      84.37251341079009,
      90.10621203721811
    ],
    "wrist_angle": [
      180.4699073133078,
      183.38070414990483,
      176.30304422079018,
      178.4851257862081,
      180.51625670959842,
      181.5140445567187,
      178.839712416596,
      175.76187649140914,
      185.50761960201234,
      182.54750126862766,
      181.98858255302815,
      180.84238414658336,
      181.54150968777904,
      180.07331483484768,
      177.4633336141626,
      182.937954652302,
      179.4074559001675,
      177.68083478170587,
      179.69664661419526,
      179.42106242607179,
      177.2380287631203,
      181.79445850819667,
      182.31030365787066,
      182.37425941941765,
      183.70974816315967,
      181.8085731234725,
      181.12005234781822,
      179.1219114820607,
      182.03223047770248,
      181.62834677456473
    ],
    "back_angle": [
      0.3608055952450129,
      1.9357104313970281,
      1.1365106523021962,
      2.549677868306158,
      0.637427250315174,
      0.7186886319904876,
      -1.6294998429705043,
      -2.10458020758399,
      0.38447801097709017,
      -2.6779521205440604,
      2.254039565404263,
      -1.3905829440896167,
      -0.35509632650350154,
      3.2431419713284617,
      -1.670873789395624,
      1.8158711853949505,
      -2.7218739931942846,
      -0.055963137352759,
      0.31064443926694013,
      2.030981906812082,
      -0.0021547363959755986,
      -4.946596311789676,
      -3.674213715666032,
      -0.991614072502045,
      -0.6145024475431589,
      -5.879974132658467,
      3.4462809380923454,
      -1.832012649673238,
      -2.6218671351445564,
      -0.9115000213150342
    ],
    "hip_angle": [
      92.21430487102518,
      88.69901555792005,
      89.40032115281073,
      87.51546028885582,
      89.25615702893143,
      90.71133335107383,
      90.87600462402244,
      92.3021295430848,
      88.83933210078433,
      90.95545399946431,
      91.56319091525201,
      89.2721161531388,
      94.09785390763133,
      87.86942045562154,
      93.03974731622415,
      92.24114085515738,
      89.73157125174566,
      92.97940736073006,
      91.69111579451064,
      88.86695715352293,
      86.0851028053933,
      88.43823683116364,
      89.31239093950872,
      88.91402259731072,
      90.90614375709617,
      87.94560817883954,
      88.91913343738841,
      92.00032241229766,
      88.17085139574279,
      92.49533560054239
    ]
  },
  "num_frames": 30
}