{
  "exercise_type": "squat",
  "form_score": 95.85423848558824,
  "form_quality": "excellent",
  "risk_factors": [],
  "recommendations": [],
  "joint_angles": {
    "hip_angle": [
      179.4902146302326,
      184.50086450099133,
      178.876004244467,
      181.3490214075985,
      179.75136802281878,
      181.58281509745942,
      175.86276908756915,
      180.3214033578803,
      168.4477134175463,
      153.19848715131897,
      145.74624679152373,
      129.3893078114625,
      116.92322360020707,
      104.20884625954777,
      86.41217893897587,
      89.66124338822783,
      89.36247878148579,
      91.35570321931216,
      83.54637997270592,
      89.14740071845308,
      92.08297318847801,
      88.60321736563549,
      103.02935897687895,
      114.87054584253437,
      128.20485096008017,
      140.2770317606896,
      152.74934300800672,
      165.64906835296372,
      92.49733345402089,
      104.72756550653286
    ],
    "knee_angle": [
      178.5086505236897,
      180.3974883948745,
      177.04380914471545,
      181.58188038713755,
      180.39661418453085,
      178.97303698063556,
      179.88389613720514,
      177.77194714410044,
      169.7807910409276,
      152.3130258952492,
      140.33213490910876,
      133.76755393267902,
      117.40681696156057,
      101.75735397040111,
      92.41729019577315,
      88.1491467538685,
      88.64991575547465,
      88.33420421861764,
      86.65978750286908,
      89.41690093183705,
      88.94237949219813,
      88.55371053007663,
      102.5003598019499,
      115.69797624763264,
      125.98063908451104,
      143.11043858803077,
      156.16311381881454,
      163.05894206010808,
      89.01083366466116,
      104.21299600552315
    ],
    "ankle_angle": [
      90.16913414916434,
      88.84713565504421,
      90.53481372989056,
      90.53438916855616,
      89.38688942865177,
      88.23263066374211,
      92.80642270419527,
      91.93217210566931,
      91.21162340874437,
      83.27767986357331,
      82.97867951360479,
      78.83062565060519,
      77.55876794174301,
      72.15310530559627,
      71.9991095381032,
      72.4984919202469,
      72.79944571102692,
      73.24084608576815,
      67.83609041540043,
      69.3811123685103,
      71.18443121102145,
      70.71949087854343,
      74.60961617022701,
      73.61312583842661,
      77.85460570480448,
      83.47586899331604,
      84.09127295759869,
      85.85736667550839,
      69.87121703402285,
      72.89783687196014
    ],
    "back_angle": [
      -0.8818852059196185,
      -2.6579700459291375,
      -2.273418366874216,
      -2.7426150393136037,
      -2.259674502708529,
      -1.484207581332172,
      1.8374817963539465,
      -1.2860322745138206,
      0.383717123580122,
      1.30573711377737,
      -2.5306196302525525,
      -2.2267493067140376,
      2.4679015639939808,
      2.7245582897492926,
      -0.3686758350145074,
      -2.8074218158149433,
      -1.3228197175526302,
      -4.591181725032401,
      -2.1502370668086717,
      -1.680650197861758,
      0.8973094098516718,
      1.4931406507054428,
      -2.3131264761908144,
      1.6909454695781527,
      2.1202326846375383,
      2.6581839128132896,
      -2.208535347057936,
      -1.3076132015744442,
      -2.209659521669112,
      1.1098040746534663
    ],
    "shoulder_angle": [
      45.44639905200062,
      46.19436870678455,
      46.16655802861629,
      45.6135834306475,
      44.911303311380806,
      39.406738134098376,
      43.022045303218654,
      42.55057372967018,
      45.536231931307945,
      42.37282895641127,
      47.6855398883861,
      44.08945115034857,
      45.88603908747421,
      43.77575573753363,
      44.85881666675817,
      48.31943848511156,
      45.285341417821904,
      47.615457874514,
      49.41384216389144,
      46.386757158440425,
      48.600946026905326,
      45.849206533785,
      46.447620037565585,
      47.59453980618314,
      47.083230409527744,
      42.18320551985967,
      46.16796332128841,
      43.29779609497518,
      45.112156185868315,
      45.534272256191365
    ]
  },
  "num_frames": 30
}