{
  "exercise_type": "lunge",
  "form_score": 64.23807281411874,
  "form_quality": "fair",
  "risk_factors": [
    "moderate_forward_lean",
    "minor_form_deviation"
  ],
  "recommendations": [],
  "joint_angles": {
    "hip_angle_front": [
      181.38647876702888,
      180.8536303445836,
      177.98945638775015,
      181.756756401206,
      182.84044144947222,
      181.4380052271923,
      179.30679708230446,
      180.8508034275674,
      165.46533790511904,
      153.15112452050212,
      139.0230318141209,
      127.81806197319759,
      117.17100003531839,
      103.0638906154781,
      88.10285265333741,
      89.13204581369037,
      92.63526837370728,
      92.58239709922951,
      90.90607064733207,
      92.80603888624987,
      88.7894797116312,
      87.71097172517817,
      105.84125693806492,
      119.65177256482924,
      127.27580807916132,
      142.69734996242804,
      153.68620264881838,
      166.3451331399317,
      91.65148697136287,
      104.96668424486514
    ],
    "knee_angle_front": [
      176.46323162000746,
      176.2220646326588,
      179.83324860793968,
      176.90243372544217,
      177.83363469986793,
      182.0876731955598,
      180.96615119485793,
      177.3039606638752,
      168.52180046822528,
      154.79206566442977,
      141.8816514027283,
      128.55077155957392,
      117.23483514271972,
      103.02316484498317,
      88.71134985024652,
      92.27507049740923,
      92.69802074546949,
      93.17743374603673,
      93.26514954870369,
      92.89478351756887,
      88.85051587131684,
      87.75554115230135,
      103.2743511977725,
      114.38330707372133,
      129.1650754544054,
      140.41890111263447,
      152.27051105319694,
      169.26211756754125,
      87.06735763876422,
      104.45768289820748
    ],
    "hip_angle_back": [
      180.49311783398258,
      178.0356528647983,
      181.5772255000046,
      180.08620003666093,
      178.69830256313801,
      179.09221594166488,
      177.61507620941313,
      178.67093769410033,
      177.40642103638433,
      180.560679595254,
      181.2219997012297,
      181.01463788207204,
      179.97655666435412,
      180.21434179576548,
      180.48252795657956,
      177.09727864213872,
      181.3050816045357,
      178.72887898265506,
      180.2528901688465,
      179.83852859224737,
      181.40432251482588,
      181.86135890768878,
      177.4775302099459,
      179.77350982326746,
      182.06559662401796,
      179.45089070388426,
      179.58273360423829,
      177.55164245499276,
      178.81326849220773,
      178.00682553369094
    ],
    "knee_angle_back": [
      182.2175343244526,
      180.82889141272443,
      183.1294611609005,
      185.1240399177023,
      184.91539829388552,
      180.26019790777806,
      182.39484412597926,
      180.92256518735158,
      167.47755136664867,
      153.66094724807064,
      137.30998997045782,
      127.43402175046539,
      113.47637303446318,
      105.43090035474664,
      91.79513031418819,
      91.0142116760676,
      90.65065293751658,
      90.88188420783398,
      93.17335481539877,
      90.7092855588058,
      93.40108463108619,
      90.7731788481428,
      99.43488263645543,
      116.05515368422803,
      129.88865356010436,
      141.888242541999,
      152.983866627877,
      166.99207867219036,
      88.17146692228305,
      104.52403697554666
    ],
    "back_angle": [
      8.414812870876673,
      14.518262083948144,
      13.801463557536163,
      7.419618172614376,
      7.614365123630848,
      8.222253847301747,
      10.814621616734728,
      10.961721541491542,
      10.094432057213737,
      12.760862282107169,
      12.70067325050191,
      9.733579958222906,
      7.0642566477160535,
      12.508409648384522,
      10.52479996440927,
      11.069238388127882,
      9.174960713350996,
      16.3778209352815,
      15.438912134468193,
      12.134509791599433,
      8.261666626088854,
      10.110556424281194,
      8.136687008144715,
      6.745860588094411,
      13.235776145572425,
      11.045315897303103,
      12.051635576392584,
      6.511012155551849,
      8.505840043478061,
      13.128780727699
    ]
  },
  "num_frames": 30
}