{
  "exercise_type": "squat",
  "form_score": 51.8092589844547,
  "form_quality": "poor",
  "risk_factors": [
    "excessive_forward_lean",
    "knee_valgus",
    "insufficient_depth"
  ],
  "recommendations": [
    "Keep your chest up and maintain a neutral spine",
    "Push your knees outward to prevent inward collapse",
    "Descend until thighs are parallel to the ground"
  ],
  "joint_angles": {
    "hip_angle": [
      182.6373448547106,
      176.42424242955008,
      182.58139783745006,
      184.70969407833596,
      179.11558954488768,
      180.23747304090287,
      179.42993650901602,
      179.48841206163124,
      168.92787727216592,
      157.04096837525296,
      138.58092805029432,
      126.3682042967401,
      113.828830456053,
      102.30666679214855,
      90.57003557223722,
      91.03008892447143,
      91.31506976202965,
      92.64347015730998,
      90.97005561979175,
      95.96695846981106,
      86.35084130551036,
      87.791933630886,
      98.36272331676814,
      112.57701559168223,
      127.68456043588586,
      138.9684797506803,
      155.25216091129218,
      166.98588687663937,
      89.79920679418875,
      103.48695931793945
    ],
    "knee_angle": [
      170.94168066862161,
      171.59568122669785,
      169.48366236181988,
      169.77771317595904,
      173.85169221010165,
      174.98459482224794,
      166.06787742215576,
      172.65494359127587,
      155.66805199960092,
      150.90364518726557,
      130.4478071279731,
      118.0060458020528,
      103.71932493937324,
      96.38255227680489,
      84.96869114513827,
      75.73847139855741,
      84.13570130946115,
      78.1239937837191,
      80.30412811247872,
      84.95898839502688,
      81.48600444061749,
      79.7655044322071,
      96.35962502594664,
      106.78150027885114,
      118.15925662651973,
      131.96688631460847,
      141.35880874484286,
      157.93683686548243,
      85.56703295132178,
      86.40042988192211
    ],
    "ankle_angle": [
      87.32154223035421,
      86.1589211339045,
      85.67394317125355,
      92.01186220565441,
      91.3555220893041,
      89.73097555933089,
      89.44454194224676,
      92.05977530584966,
      92.17949932852754,
      85.95194532264796,
      82.68849657921419,
      78.30501916259232,
      74.61219491452889,
      74.80922514626606,
      71.4333639794336,
      66.25621355046415,
      70.96287224064056,
      71.5842944915522,
      74.1381371123595,
      69.5394584180737,
      69.40554127248261,
      68.9168383097179,
      72.64108299974805,
      77.0045131845179,
      81.61925833304778,
      85.89172734059446,
      79.9887090143058,
      90.44997774110193,
      69.97037310213118,
      71.4891865297375
    ],
    "back_angle": [
      15.554055436396249,
      30.038449422050405,
      21.074602829458954,
      24.56932911454575,
      25.442660593351533,
      19.159812043017478,
      16.361722540712798,
      22.652363585160757,
      30.094310219874526,
      16.414141106808916,
      27.117130669340806,
      20.783570669252967,
      22.20280012029612,
      12.818034031666,
      19.78340315525099,
      17.006199925062084,
      25.15445080526422,
      11.573173098733577,
      10.71095581964336,
      29.130648196325353,
      21.046594102237783,
      19.030494939605244,
      28.36109023225351,
      27.808479670167525,
      25.62266242569842,
      11.44820596892855,
      10.730521733528807,
      18.781528808147964,
      25.592629797765888,
      13.882454478414681
    ],
    "shoulder_angle": [
      44.41369537578846,
      47.1937633332498,
      42.84231042121541,
      42.370717238072096,
      48.29514069522559,
      45.18830768626641,
      46.28650640458342,
      45.20745071834838,
      44.915967042931825,
      43.39089776397723,
      45.22739671945005,
      42.32121142182419,
      48.603102724658946,
      46.1061811525456,
      45.568402077084635,
      47.61450272395446,
      45.22252372753524,
      43.27711499626985,
      47.02150521686664,
      43.30201627826555,
      46.03958327630953,
      43.46659800138266,
      45.53713492104052,
      48.16476188789662,
      45.81795118255656,
      43.14154108038349,
      43.048853392348754,
      44.139391979538445,
      42.310936430565974,
      43.9275533393551
    ]
  },
  "num_frames": 30
}