{
  "exercise_type": "squat",
  "form_score": 92.86063326840306,
  "form_quality": "excellent",
  "risk_factors": [],
  "recommendations": [],
  "joint_angles": {
    "hip_angle": [
      180.13604971542787,
      176.7896419201368,
      181.88802204546454,
      178.08533385425304,
      179.5840173722038,
      180.24243566708995,
      180.9907157883997,
      182.8247793176031,
      169.30744208750713,
      155.51468845907354,
      142.3370482758113,
      128.00616601945853,
      113.89013373506242,
      103.54907873524735,
      87.62399161494425,
      92.08954246201293,
      91.76855010856367,
      90.34417834246511,
      91.01653868333487,
      92.15151118803846,
      89.76190236706641,
      89.91010503475056,
      101.67385627714603,
      117.32869726514346,
      129.44438621989354,
      141.89805820498864,
      153.4594038655895,
      169.16465707449697,
      92.11153677884084,
      103.55087168988437
    ],
    "knee_angle": [
      181.30181320490536,
      179.41551165290974,
      178.47425472632585,
      181.13163335674466,
      182.88047024193193,
      178.60454670443147,
      180.6849290393133,
      177.66979363431452,
      167.67656319373228,
      151.38027504725233,
      144.383460423275,
      128.470686125279,
      120.40995576370238,
      100.14822966331138,
      90.67366049152373,
      89.65355523897632,
      90.40975889193959,
      87.07788576965694,
      90.28639156558445,
      88.13388875406896,
      85.8701143618019,
      89.11786153405946,
      102.241844705814,
      117.43916480654822,
      128.24611380590463,
      140.80471865025407,
      154.73433793343216,
      166.82438271966788,
      88.34578237723423,
      103.67119665208045
    ],
    "ankle_angle": [
      90.37889793222,
      89.68378524319648,
      86.88838038875271,
      91.30311946921493,
      90.49235781120214,
      90.58879773402239,
      86.25722409735248,
      92.25110830131383,
      89.59865292135287,
      86.79049828217529,
      82.13751369998937,
      77.14859292005187,
      75.86994965333022,
      75.08793597327787,
      70.48989065982954,
      71.941962380124,
      69.64660864058916,
      72.43600104028604,
      67.29327690827485,
      68.62093256594767,
      72.52674911538487,
      69.29268622916692,
      75.81740405511978,
      75.86528073677539,
      80.77844715464659,
      88.14091775473676,
      81.3597319064784,
      88.02224631188233,
      66.95263536800883,
      72.04042874506732
    ],
    "back_angle": [
      -1.7329975847758894,
      -0.3312609721051324,
      -1.2648557297376528,
      0.16931941636199876,
      1.2741728840855389,
      1.1664705979263437,
      1.5716493993747336,
      -0.6040633837783905,
      -2.46879265179515,
      -1.6358278205613137,
      -1.6750863450339077,
      -1.1451354254250556,
      1.9839688767803356,
      0.519975077593114,
      -0.16403130757158466,
      -4.720511472082893,
      1.7576308647470453,
      -1.9142905719178507,
      0.7791487001635837,
      -3.4446092796553835,
      0.8612354360320414,
      2.1812750543693156,
      -1.0789376441511873,
      -2.3907690811743976,
      -0.7112786617545431,
      -1.8491437217481335,
      -3.2826481542113126,
      -0.05821426554715694,
      -1.8153087734139512,
      2.9152474833349307
    ],
    "shoulder_angle": [
      45.32508756698826,
      43.6948388056076,
      47.88348373415818,
      45.71924895587887,
      45.04662052876759,
      43.039359543594756,
      45.10432176365904,
      47.2781157412965,
      46.393046979610965,
      46.21703820279108,
      44.855771953383254,
      44.235444978221814,
      43.751270427780675,
      45.00822241912016,
      41.31520317580752,
      46.606439760509694,
      45.36543755566148,
      46.497862293697324,
      45.61078054667052,
      44.82759649678718,
      45.79068197168123,
      43.86756262040063,
      47.73628509025773,
      45.21956283573551,
      43.9786453732843,
      45.28234845100455,
      43.462929410068504,
      45.99626838858359,
      43.42191224010486,
      44.2846858881488
    ]
  },
  "num_frames": 30
}