{
  "exercise_type": "lunge",
  "form_score": 93.48987944897144,
  "form_quality": "excellent",
  "risk_factors": [],
  "recommendations": [],
  "joint_angles": {
    "hip_angle_front": [
      178.2505691332575,
      181.670273724508,
      181.53227745618383,
      178.20908044592818,
      179.68815242427212,
      174.7564261508698,
      179.84774583266326,
      178.37973059363367,
      169.32066879740788,
      155.59472933708582,
      141.77446600775446,
      128.9246430613974,
      117.99372163080854,
      100.64553148668816,
      91.45970899600167,
      87.90360356426427,
      88.03521145980118,
      89.2427049382608,
      88.17153838614834,
      90.51650325811943,
      91.2680621972892,
      90.20975170466141,
      102.04525895899437,
      114.02930378480559,
      126.01333906383294,
      145.00729444344245,
      154.7515309316351,
      169.61963408016342,
      88.78115633758121,
      104.58368331518342
    ],
    "knee_angle_front": [
      181.93441619262535,
      181.24910056299314,
      181.23333541152238,
      182.1728711816966,
      178.17610519029955,
      184.47376810638607,
      180.97098696082944,
      182.26317500474488,
      171.5386143711638,
      155.49152740233686,
      143.6561051690467,
      130.27980587421445,
      117.46130211936661,
      106.00076295610795,
      91.61721387103972,
      88.6160013261518,
      89.66129831150799,
      90.19687377502001,
      87.35360188615563,
      90.1206517365211,
      92.24835589008025,
      86.65106503486427,
      103.01720682624467,
      114.15112821917775,
      128.64071582594528,
      142.14584658239542,
      150.68592359908928,
      166.93486511488481,
      87.55996210641507,
      98.3199772774175
    ],
    "hip_angle_back": [
      179.53472761038245,
      177.2833687493778,
      175.99156906113976,
      180.30231411966506,
      178.886007661905,
      180.79137670865566,
      180.15125369793807,
      177.15254970714693,
      182.3954491798412,
      182.27786329200197,
      182.2414666441976,
      177.91928512889308,
      183.69891766751954,
      177.60557668818404,
      178.79910822485928,
      177.7221149339282,
      184.5713009599156,
      180.45407092179207,
      176.50398179801405,
      178.0681531517847,
      177.35709620359256,
      182.01545463403426,
      177.39353599117305,
      178.0427138900977,
      179.7197071808423,
      179.36447244352377,
      179.6289176297729,
      175.65008715843123,
      176.392901919571,
      176.05372469381882
    ],
    "knee_angle_back": [
      179.327196345376,
      178.99913826370008,
      185.3779100148378,
      178.26940453603345,
      182.07493185659527,
      175.73482275740662,
      176.46603793703977,
      181.58199156569535,
      163.83877134966687,
      155.08682803756372,
      140.452659515418,
      128.10275334541453,
      115.50294256366095,
      106.7929983704838,
      90.13833633222518,
      94.40958820957628,
      90.66486186922216,
      90.90233281405592,
      91.4218453872834,
      89.78618492928084,
      92.57374074091881,
      90.88773793009914,
      101.77854035242288,
      120.00734976757848,
      131.68656043467854,
      144.21056009085467,
      152.41571405604023,
      168.2542191345171,
      89.67121223245837,
      101.9113741631952
    ],
    "back_angle": [
      0.2890042719767893,
      -0.4140561939112815,
      -2.320063168183067,
      -0.4954149931134933,
      -0.6034146011894183,
      -0.2816970493958887,
      -1.1271004391208237,
      3.2876745747140723,
      -1.1065839928159813,
      -1.4994959589875003,
      1.2315042837710735,
      -0.9972380085794378,
      3.505777818596837,
      3.2390853997807936,
      -1.7664208356848339,
      0.07645632713507511,
      0.003199885879394451,
      2.081192283530245,
      2.949902278564234,
      -0.37568827234100216,
      0.12124855196895984,
      -1.1466638994590497,
      5.752944498617105,
      -1.8726753914013958,
      3.393571360061914,
      0.003589446514923526,
      0.311180548477311,
      2.523298554232096,
      -2.0598608146186668,
      -0.3045512399915759
    ]
  },
  "num_frames": 30
}