{
  "exercise_type": "bench_press",
  "form_score": 95.88795925511863,
  "form_quality": "excellent",
  "risk_factors": [],
  "recommendations": [],
  "joint_angles": {
    "shoulder_angle": [
      88.45143898123722,
      92.87284148864084,
      87.98982613535226,
      87.17801559359206,
      90.24533998797784,
      93.76737007290848,
      89.35798122996579,
      92.17218832532251,
      89.0271118939333,
      87.02895446816338,
      87.91992307246792,
      92.86690740162969,
      88.96753353972534,
      86.60427502183605,
      89.02544500807662,
      90.61893677183294,
      88.28747777637624,
      87.97222966712285,
      87.92499363582219,
      92.22594038594305,
      93.58554953933572,
      92.36331802996015,
      89.22303588467784,
      91.62620362611473,
      89.48043116903312,
      90.07738452329092,
      87.34962650201776,
      91.62646601079064,
      90.56285608384599,
      89.71553433898367
    ],
    "elbow_angle": [
      87.94801119507758,
      89.06084386288326,
      87.56245280771381,
      77.01337173372399,
      81.67062588395967,
      74.8347815388415,
      73.08534744080355,
      67.29990384748284,
      69.58119210879505,
      55.79743790820188,
      60.7680924323447,
      56.374300167937456,
      50.93243602089455,
      52.71334689806644,
      46.42601089429456,
      43.90978957053487,
      46.10964432152239,
      51.75601367164382,
      53.070359646525546,
      56.14574469298982,
      60.6630067560648,
      64.52488772691162,
      68.37605446690503,
      69.22474414724175,
      71.50603105162324,
      73.4469276351194,
      75.05074173823508,
      79.12102683399267,
      83.09865072859209,
      86.19409465446662
    ],
    "wrist_angle": [
      179.49129030893448,
      181.81716074682944,
      176.56609000008143,
      178.90613889927388,
      181.0792842230538,
      179.07093965683828,
      180.40875225100547,
      181.04441481903467,
      177.8604735662308,
      181.6521389039073,
      181.26615470873,
      182.50723753319548,
      179.84411046995052,
      180.1618025744519,
      179.849565490686,
      178.2372561866763,
      180.49549960544311,
      183.74454156668682,
      181.52718151117656,
      179.3419199774912,
      180.98604768528014,
      178.39668782555802,
      180.34549603411898,
      183.22460096996005,
      178.6121842355618,
      177.49729668855866,
      181.53942436841925,
      179.15067477017894,
      183.87000654540427,
      179.87667377985716
    ],
    "back_angle": [
      0.5954207810155192,
      -1.7415730794052586,
      -2.307958416596391,
      -1.6051806532029065,
      0.3361128682037684,
      2.532930810873994,
      1.72316426953616,
      -2.444831104766554,
      -1.0555542125747044,
      -2.196332881603409,
      -0.5130805895923919,
      1.0540181940822628,
      -2.1675149824894975,
      5.8257804997588245,
      -0.45051195705159397,
      2.700041155879469,
      -1.4841892818112221,
      -2.2277655048593568,
      -0.2855134170896589,
      -2.097129740446553,
      0.40145309166484616,
      -0.8160600570233223,
      -1.6019015119381679,
      -0.6975909312062565,
      -0.2480833776256311,
      -2.807179074504794,
      0.13620026018442244,
      1.5505057765980623,
      2.013610482445102,
      -0.602414263736096
    ],
    "hip_angle": [
      86.66863104785867,
      92.83264222009905,
      90.13433346744223,
      89.20576638014624,
      90.80622168432852,
      92.17081109539332,
      91.08333358216417,
      89.4803876143063,
      91.15328776870105,
      92.24675138989669,
      88.95896799547941,
      89.55586717672274,
      89.91599889258028,
      88.79393037584201,
      90.55408991463794,
      88.0095233082889,
      86.52661842455142,
      88.18817518204308,
      88.20191586694483,
      94.26287493953252,
      85.5918332674476,
      91.46136159403491,
      89.58531001458562,
      90.68991029720817,
      90.07630845296828,
      91.65955842349598,
      90.51396666812649,
      91.58972320519321,
      91.06985963923168,
      90.98795654369266
    ]
  },
  "num_frames": 30
}