{
  "exercise_type": "lunge",
  "form_score": 32.051523508773855,
  "form_quality": "poor",
  "risk_factors": [
    "excessive_forward_lean",
    "knee_valgus",
    "insufficient_depth"
  ],
  "recommendations": [
    "Keep your chest up and maintain a neutral spine",
    "Push your knees outward to prevent inward collapse",
    "Descend until thighs are parallel to the ground"
  ],
  "joint_angles": {
    "hip_angle_front": [
      179.2099780929789,
      178.7764112830688,
      176.87507769186493,
      178.60669313550272,
      179.73760309522993,
      183.09178501943694,
      180.3548026764794,
      178.67013340613576,
      164.40415028076558,
      151.6239360141517,
      142.24515861559786,
      125.97489833435046,
      115.28659500387195,
      104.4000665024239,
      87.94954816728102,
      90.26157504236669,
      88.25929913859761,
      88.22495762017174,
      86.57978175933337,
      89.11831000733741,
      87.59147245764748,
      88.37505103162887,
      105.56322792885572,
      111.3528185143808,
      127.38383033314574,
      141.81975067222837,
      155.8141262756554,
      169.507519338546,
      90.2039513452839,
      104.67566980657253
    ],
    "knee_angle_front": [
      168.71819814762904,
      167.0053090261643,
      160.3416575063941,
      167.49048661332202,
      170.22828025659675,
      162.86596479300115,
      171.13594478830873,
      169.76251974018138,
      150.42963979705826,
      133.11461463013404,
      129.62490276091603,
      111.41821349407635,
      93.31706039119085,
      91.85113194605128,
      75.4505004221992,
      76.17142787516048,
      77.2892124572294,
      74.28864642860574,
      78.4986126512984,
      74.05465363015118,
      73.44002988511428,
      71.85801965030808,
      84.67954025136211,
      102.96900997719547,
      113.5383579549772,
      122.02340111248927,
      136.5520940581747,
      154.94111587419405,
      76.28683782649365,
      91.57208040972407
    ],
    "hip_angle_back": [
      178.18903660682003,
      180.0664579629211,
      178.96064534966075,
      181.441231673129,
      178.73203190647484,
      177.90474632690592,
      179.98391724174,
      182.4382340702991,
      180.3144248448395,
      180.63666089098115,
      180.0463047549096,
      177.18829244605135,
      176.96936110459168,
      178.25771397245154,
      181.50366089996967,
      178.59953595565747,
      179.7347506123675,
      181.29334626161796,
      179.38410122478345,
      182.67447344690078,
      179.04476647638904,
      180.82111033310878,
      182.61967060526206,
      181.18853546247368,
      181.46748887234,
      177.90706761602513,
      181.95060104646407,
      181.4312096517934,
      182.87981040667643,
      182.18279490160145
    ],
    "knee_angle_back": [
      184.73147643811657,
      181.27910718097812,
      177.4442201751043,
      178.25136935798218,
      178.4535056683659,
      181.32567541757538,
      178.75398632785408,
      179.10485119954606,
      167.8208854774408,
      152.48219996523963,
      141.04377493301496,
      130.18598955418994,
      117.59289957353664,
      103.47837634272479,
      90.20487131009345,
      88.70540859929812,
      86.26788131077382,
      89.92882906219788,
      90.10425959465925,
      87.94728835616321,
      90.22510163715155,
      90.52148049791252,
      106.53198046313354,
      114.49665746574581,
      127.50584581011942,
      141.57386937161866,
      155.31664776810663,
      168.9686264450419,
      89.66555642773642,
      102.66213183432062
    ],
    "back_angle": [
      25.28577575665735,
      22.44368138296418,
      28.776697012353505,
      22.444172586133096,
      31.051300103689933,
      21.28475489667649,
      17.861425631376434,
      26.76072788157558,
      15.765368965221983,
      33.665809983036674,
      29.90885232325315,
      14.664457714474729,
      18.195289492993382,
      25.852883554307077,
      21.25664658974113,
      25.940310743833,
      23.943509462608137,
      20.437691764349566,
      21.439689848966324,
      29.576001178463258,
      23.97502955660578,
      25.2667152498721,
      16.29431749806439,
      22.905022563924312,
      18.933308079120614,
      20.494759659703174,
      18.553406383585433,
      27.671977407160554,
      16.41788839081851,
      29.814073693806797
    ]
  },
  "num_frames": 30
}