{
  "exercise_type": "lunge",
  "form_score": 75.63059105886046,
  "form_quality": "good",
  "risk_factors": [],
  "recommendations": [],
  "joint_angles": {
    "hip_angle_front": [
      181.0713911494794,
      179.8379350853079,
      180.476479466615,
      179.25151955959043,
      177.77040751051334,
      177.8266233157486,
      179.93859980790722,
      179.5387637016833,
      165.28638748894807,
      152.20212594717495,
      141.25564915593463,
      127.43182437621842,
      114.5707813805782,
      104.18116829565754,
      89.92852365298107,
      89.34101280179192,
      89.4352393422125,
      89.86467088412216,
      90.44543921006284,
      93.0838425492222,
      89.89667325108768,
      88.75862330743568,
      98.71418355035364,
      117.00720222701848,
      125.41754767087599,
      142.5207833480197,
      155.64618555050637,
      167.82259324779733,
      89.78584260636693,
      104.62653114414812
    ],
    "knee_angle_front": [
      178.129357269874,
      180.2384678863505,
      181.51585684793895,
      179.11577677215672,
      179.17345305650164,
      179.11504174972262,
      180.19221778885336,
      183.36844228303354,
      165.58301505142643,
      153.08610469557985,
      142.50950061616555,
      131.4021291213982,
      116.20036151336868,
      103.75906439919265,
      91.95310780688402,
      89.84526516370029,
      90.56697597995412,
      89.48732912665389,
      90.14326553006266,
      90.92300433679972,
      90.60816617229858,
      90.45005372121807,
      102.66027000104195,
      118.39957637605043,
      128.2475466778012,
      143.68658352901488,
      155.45211028178144,
      167.22576483751095,
      91.85006141593946,
      99.12233871509987
    ],
    "hip_angle_back": [
      179.57098804200461,
      178.4987113689102,
      179.38744378719258,
      180.91411920460357,
      181.7730207606513,
      178.979131002714,
      180.6091181541672,
      179.58036591670316,
      181.39952323161498,
      181.59223759817016,
      180.229114419306,
      179.93472937379568,
      182.49932279554315,
      182.12325421464953,
      180.70420704342237,
      180.1555249834223,
      178.69353034601903,
      176.6404727859623,
      179.19537711343858,
      181.49224324646232,
      178.89757133642144,
      178.89614171617364,
      177.60596994042822,
      179.01871670878538,
      181.40030672142794,
      181.83411823539907,
      179.09171369812074,
      180.73112074756568,
      176.21807941104905,
      179.97623554891027
    ],
    "knee_angle_back": [
      180.6356556949212,
      182.60149962234505,
      181.2391020302015,
      179.32152222381612,
      178.07695531194963,
      179.93934483479813,
      177.84716462521763,
      182.6729580947665,
      164.7961054539693,
      155.08902096536502,
      142.42477248186555,
      126.64847866348768,
      113.52800373238034,
      100.85585154727862,
      86.30876159235986,
      91.46863804545373,
      92.7977881241639,
      88.38070451205671,
      92.01595264949314,
      88.95093472742374,
      87.67955420910718,
      87.18193925430734,
      100.37987384502064,
      118.33606016000441,
      129.80982658353287,
      140.96814413722166,
      156.78549497907085,
      166.93097521884934,
      87.95230306306334,
      105.49404673629925
    ],
    "back_angle": [
      -1.9107739288433856,
      0.9790965025667435,
      1.3199612073435447,
      -0.23838165454659632,
      -0.07753066453497913,
      -3.3771088703579544,
      -0.872261528887842,
      1.7116335964215157,
      -0.20433476662161043,
      -3.0360519705315014,
      3.3072472241400566,
      1.0940169025834954,
      1.2251650809500778,
      0.9205186368699686,
      -4.028405893060246,
      3.5551734510275974,
      0.6097435502840237,
      0.8157855737750491,
      -0.07546926192019238,
      0.551570451639233,
      0.6443489395109645,
      -2.4313286901136153,
      -1.0356122541425132,
      -0.36626093982495084,
      -0.5708820338627363,
      -1.7752457888981081,
      2.926180703493092,
      1.1473566054062962,
      1.2373092470735902,
      0.6742961992767358
    ]
  },
  "num_frames": 30
}