{
  "exercise_type": "deadlift",
  "form_score": 78.85158182507918,
  "form_quality": "good",
  "risk_factors": [],
  "recommendations": [],
  "joint_angles": {
    "hip_angle": [
      45.65749248641876,
      44.53807717170664,
      46.269357290259066,
      45.79492352770177,
      42.21042008386618,
      46.286954879196934,
      45.113485765481556,
      43.333407061271515,
      47.112379719710205,
      45.336795124286674,
      48.90365031196175,
      56.69103390713384,
      73.14491364314887,
      85.38523057545989,
      98.18020047069048,
      114.29205886772893,
      122.45433652701394,
      137.39121612640864,
      151.68129824641736,
      167.8494756806535,
      178.97510916536476,
      166.02128180518585,
      150.31429922739588,
      140.69162081059858,
      128.16546727442318,
      112.08756392064566,
      96.51478186721107,
      92.20176151915749,
      73.96007965107447,
      56.14461062680231
    ],
    "knee_angle": [
      90.40222397264563,
      90.4354602471604,
      90.40907742338007,
      88.26679627377366,
      86.21147159296142,
      90.22816080310095,
      87.51401266488786,
      89.83591458727643,
      91.67944591201271,
      90.405966837877,
      91.57222583062949,
      102.98649492853833,
      109.96518854512857,
      117.62296525600287,
      128.1365203259467,
      138.83930075459546,
      144.14248549333084,
      151.0493161221591,
      164.3299043489767,
      172.81120032753697,
      181.243231071439,
      170.31798218807083,
      164.78960628949977,
      149.8839490097332,
      142.08467381300395,
      141.21924488272873,
      128.92068280323653,
      112.95658236536363,
      108.39801417616229,
      100.24958819084469
    ],
    "ankle_angle": [
      90.30949264031035,
      87.86749512946638,
      91.3664104960382,
      92.00960620967999,
      87.68822577998142,
      88.8325572355474,
      93.68956258260701,
      87.38949455930766,
      90.3007966380725,
      92.15990694557209,
      90.20253760452155,
      90.6316531939708,
      88.26657762132655,
      90.79030602920034,
      89.90082541841394,
      90.24992775693157,
      86.16175507976425,
      89.87119812216989,
      92.4863531808927,
      91.49516140452414,
      88.58316626701108,
      92.44340747818546,
      87.86712505792146,
      92.2073897682198,
      89.63641459292053,
      88.3139321542961,
      87.62973915583689,
      89.12389627385889,
      87.14183170963267,
      92.92528994018038
    ],
    "back_angle": [
      2.39741503862145,
      10.935114540152302,
      -1.9936748206991024,
      -0.08966223312273444,
      0.06464013883057046,
      5.167354733418864,
      3.6941743506641553,
      7.548644857791661,
      1.7802136373078228,
      5.535678924860166,
      4.606858685758587,
      7.179235809726226,
      6.748197581747701,
      3.40936865573667,
      6.060180061096103,
      7.846511011796167,
      8.659554580338346,
      11.12556967968151,
      4.795841515671855,
      1.2514217968063353,
      8.893703728462611,
      1.6215728943158543,
      5.87590493460436,
      7.410386915297285,
      9.505183739209414,
      7.343651730165971,
      3.1067489202102,
      11.422731835534146,
      8.768663993588063,
      6.811986214738359
    ],
    "shoulder_angle": [
      90.25588321805948,
      89.01090454044596,
      88.34205801501682,
      92.06436032496673,
      90.49527991652289,
      89.26718892638027,
      88.1736807777095,
      90.68168455111945,
      89.49642458420409,
      87.23141624964327,
      90.41262434929902,
      90.1472195696627,
      89.93727508965584,
      88.09551132685777,
      90.20494913657731,
      89.57384079289359,
      90.3317434367292,
      90.30636867020019,
      94.15615186694384,
      91.67071038484225,
      89.57723786598876,
      97.03478980357336,
      87.59750674751716,
      93.13110937217398,
      90.69245360886927,
      89.46858965994439,
      91.70050101007716,
      90.73305750601519,
      90.85198148862543,
      91.18114783476562
    ]
  },
  "num_frames": 30
}