{
  "exercise_type": "bench_press",
  "form_score": 49.23599830131252,
  "form_quality": "poor",
  "risk_factors": [
    "excessive_forward_lean",
    "knee_valgus",
    "insufficient_depth"
  ],
  "recommendations": [
    "Keep your chest up and maintain a neutral spine",
    "Push your knees outward to prevent inward collapse",
    "Descend until thighs are parallel to the ground"
  ],
  "joint_angles": {
    "shoulder_angle": [
      88.51722657748951,
      87.54388357347037,
      88.64480572628247,
      90.9120760369053,
      90.07517508560807,
      94.66194286274512,
      88.97140092752666,
      91.30044853485337,
      88.97659913187675,
      91.29962832987594,
      90.3313155790576,
      88.57240829693339,
      88.73287218790833,
      89.2764974472363,
      88.72649491412317,
      90.15909842522612,
      83.784485456298,
      90.3124675015263,
      90.43196705580368,
      90.10869611973249,
      90.55959938367751,
      87.33493657932371,
      86.71328071762805,
      89.36146346369735,
      89.2324258340153,
      88.56071138721984,
      91.46129994904257,
      86.62578922507805,
      91.88216757672224,
      91.72726802060626
    ],
    "elbow_angle": [
      71.39246799053409,
      75.0345159896956,
      74.25058218170173,
      66.54276038959041,
      60.2934212993264,
      56.450255931091434,
      56.851947622590686,
      52.67653755404308,
      51.00184865182368,
      47.96094894267454,
      48.65678461570485,
      36.47831674740916,
      41.89587458912413,
      33.5935032664244,
      37.055584197971385,
      31.185644159918056,
      33.422242111836326,
      40.6698684027749,
      41.88836197099209,
      36.53677124939136,
      40.21297841708622,
      47.211766089251924,
      41.714562893197964,
      52.36269649828311,
      61.41824345396837,
      60.86696932726303,
      67.03046556046552,
      64.27955269672087,
      67.03614283406533,
      72.40544165291776
    ],
    "wrist_angle": [
      181.23692442705155,
      180.19577624825925,
      180.0749760695576,
      183.3430722068986,
      181.30478169249378,
      181.7508618528228,
      176.05405748277036,
      178.50813125091068,
      175.65807848386288,
      180.49927763447357,
      182.13420512323785,
      181.12970051496828,
      180.57380306432208,
      181.434970452849,
      179.54337521633664,
      181.5117376368178,
      180.10684441448538,
      179.3669231611649,
      178.69750660724503,
      179.2194334640424,
      182.18303759070147,
      180.61211979989386,
      182.84846665388824,
      179.3051775901337,
      184.24236385053126,
      176.59994312739914,
      176.82248350947015,
      181.57946149602108,
      178.19098500095035,
      181.6098729409868
    ],
    "back_angle": [
      23.273905207248372,
      16.274093021611975,
      25.931788955262352,
      18.404476327713034,
      21.189699524212827,
      20.276090495329115,
      27.372361837961396,
      22.142282078777693,
      32.251997233210844,
      28.345354601966516,
      14.935996652263322,
      22.31282383509138,
      17.03601627479238,
      27.202503969188857,
      18.36023237638273,
      19.622345215816626,
      21.76592043569247,
      20.041245473484103,
      24.222708758984034,
      30.235455858604656,
      29.154349923443576,
      24.52890736016404,
      30.896910065319474,
      19.167046914754234,
      17.1713961367237,
      30.950861262271843,
      28.207608835024008,
      19.191386173775538,
      25.19509313943098,
      33.755495258521414
    ],
    "hip_angle": [
      88.86282122012483,
      92.62293300560604,
      86.26493634926327,
      89.55680580348948,
      88.66579790277254,
      88.46518995702007,
      86.67806563816302,
      90.09339434036421,
      88.93684016159105,
      87.43300764954891,
      90.74983410435158,
      91.25194841299684,
      93.20607461906476,
      89.82702396061242,
      91.12802459005016,
      88.10716037785319,
      88.32455620350545,
      88.97752560489195,
      90.40077948184503,
      93.64761143380701,
      85.10703713242113,
      92.48722546536185,
      91.81014205670276,
      87.74975009548456,
      86.94175838433581,
      91.10264017815405,
      94.17875679667682,
      91.28895573627351,
      90.30103358428147,
      87.09133478573405
    ]
  },
  "num_frames": 30
}