{
  "exercise_type": "deadlift",
  "form_score": 99.30035481184103,
  "form_quality": "excellent",
  "risk_factors": [],
  "recommendations": [],
  "joint_angles": {
    "hip_angle": [
      46.74591126098099,
      45.22124076233808,
      46.15843580443137,
      47.287791209395536,
      43.076007911062575,
      42.37486988339009,
      46.15205422913934,
      47.91289261647566,
      43.65812851057615,
      47.3456099290248,
      46.58045681168382,
      53.91673467057718,
      70.55969313291723,
      86.12210813323135,
      97.01420297256334,
      112.50009610184962,
      126.87160180649359,
      138.71446716285598,
      152.11885720957235,
      161.88483400240906,
      178.03110841214982,
      169.015843888657,
      153.179226693588,
      138.4298320405397,
      126.53317821991315,
      113.8218535164464,
      100.24796597319536,
      85.11930503301896,
      72.2093564812003,
      58.166294599132925
    ],
    "knee_angle": [
      86.32028493311849,
      93.73528917841188,
      86.57721986444646,
      92.13727280327475,
      89.05462617250726,
      90.74569036139384,
      90.16120020186688,
      89.5589065043224,
      87.84108179867107,
      90.33598910896625,
      89.82506470311385,
      96.55510083912206,
      107.38684340796942,
      118.40013466526577,
      123.29367500268658,
      135.5158171202455,
      142.5063398223026,
      154.14646769651833,
      162.50085996781445,
      171.02480864901523,
      174.05888198218145,
      170.4075556855582,
      165.70032875141723,
      155.19525121218774,
      144.95771037501348,
      138.9259780319104,
      125.5587331873485,
      116.99377792789798,
      106.64109979241904,
      99.39074010075649
    ],
    "ankle_angle": [
      92.35340724276742,
      87.76226115641975,
      86.53317602798859,
      90.96167750588111,
      86.70213026135134,
      92.1094012945217,
      90.40532208711936,
      93.30903164771954,
      91.5414151936813,
      92.80700089501568,
      88.70718476811754,
      88.59042638208055,
      90.29738677409557,
      90.07204993756908,
      88.94253342213659,
      90.15995380042494,
      88.39913193811572,
      89.45048185967185,
      89.49432938695384,
      87.22960400816017,
      88.73677646336279,
      89.64421931035791,
      86.61256434215882,
      89.37412158275048,
      90.1168979401871,
      88.04302663541071,
      91.41865254711514,
      90.15835852055163,
      87.50867041007113,
      92.08995655784625
    ],
    "back_angle": [
      0.3473867850560574,
      -2.8706481918432765,
      -0.47540374956596687,
      0.6485278208195697,
      0.6293674393098693,
      2.616245900915396,
      -0.6932196167848744,
      4.899829128680607,
      -1.9958762422991732,
      -0.6957856076637222,
      -1.0510710232194007,
      0.476121107221714,
      -2.774823217852729,
      0.3730410391752212,
      -0.19162802014693622,
      -0.8833753786455688,
      2.0528116412065835,
      3.4427639449208223,
      3.3879144302320703,
      2.1107417565520383,
      -2.0761306019485843,
      1.6828960942317774,
      2.850354557388043,
      -2.6258395732875077,
      2.022632581669464,
      -2.5564626468899436,
      -2.0304414336925034,
      3.9395969890807727,
      1.1526226339948826,
      2.194939889066207
    ],
    "shoulder_angle": [
      87.75916062861094,
      86.13963727906797,
      90.05106736558892,
      88.45678621932387,
      87.86045709973271,
      88.3618742106853,
      88.45029655447838,
      87.17426323777411,
      90.02227952483956,
      85.4649713556776,
      90.0766112818683,
      89.6372872602693,
      89.08932510217069,
      92.75502953598992,
      91.03792999302607,
      92.7997490265972,
      89.67245241453286,
      86.76157756555766,
      91.08631714891727,
      91.10762465296766,
      88.09362224734292,
      89.7868053136983,
      92.26067524620417,
      91.47928658883943,
      90.00336173652026,
      94.02393868999691,
      95.2334130071731,
      90.14227130027565,
      87.74247422735183,
      91.00923526938614
    ]
  },
  "num_frames": 30
}