{
  "exercise_type": "deadlift",
  "form_score": 39.787000709093746,
  "form_quality": "poor",
  "risk_factors": [
    "excessive_forward_lean",
    "knee_valgus",
    "insufficient_depth"
  ],
  "recommendations": [
    "Keep your chest up and maintain a neutral spine",
    "Push your knees outward to prevent inward collapse",
    "Descend until thighs are parallel to the ground"
  ],
  "joint_angles": {
    "hip_angle": [
      41.35359745185443,
      47.363625504356364,
      43.53046166700488,
      47.0739789207549,
      42.87640493392155,
      47.240302811491446,
      44.57583752836124,
      45.79586693931518,
      44.277633011997686,
      44.65262519446213,
      44.98824129083397,
      60.327676896169216,
      73.91525130530383,
      85.77349041079948,
      97.89813757340849,
      108.07523520782888,
      125.25439094513827,
      140.88921790585704,
      152.81778317879156,
      169.00420050057016,
      181.78656103693504,
      169.73680272311915,
      151.80564887184934,
      143.7354434573821,
      127.0324805761581,
      111.64555163073805,
      100.77789280822525,
      85.32435731740065,
      72.5618084444236,
      59.86402941710769
    ],
    "knee_angle": [
      90.76133533910193,
      89.43175324076518,
      88.78821758183464,
      87.9866885836468,
      88.15486322273647,
      89.29478644010477,
      95.49345197682312,
      90.36338460924223,
      91.29813960941385,
      88.11087056963973,
      95.28132298227106,
      99.74178136630832,
      108.23994155098234,
      117.97782768186761,
      123.37722469428226,
      136.1998190756638,
      147.94465677923168,
      152.55206438034892,
      158.94155381665595,
      172.70820397823056,
      179.11426917024522,
      172.99192119625954,
      162.15104899745307,
      153.13185082349773,
      142.98638316606142,
      136.56982024006442,
      125.2125561948058,
      118.53852139466093,
      107.23174027772862,
      99.3440438448847
    ],
    "ankle_angle": [
      91.27315607381428,
      89.90328516856619,
      88.55604618710366,
      90.37562632843319,
      89.33347492115477,
      85.52532509727415,
      94.08190488177327,
      91.3804196211404,
      92.07503764023575,
      90.894186138302,
      92.19406501048995,
      88.44706158452092,
      91.07638168673675,
      91.178757885612,
      88.8742258983471,
      90.32082492202242,
      88.7153843410607,
      85.6259608409033,
      91.10821425367716,
      92.0097474039137,
      90.26063651470584,
      87.48979850804028,
      90.93572253848082,
      89.50034663572777,
      90.658932907864,
      91.25440925793667,
      89.16499360545018,
      90.08629990352992,
      87.91119066521935,
      90.0299526720722
    ],
    "back_angle": [
      20.76057093689881,
      19.38843684081991,
      37.114315609391284,
      28.322352142130452,
      38.168262833909935,
      28.955843725146245,
      29.379448812528576,
      22.40572303483982,
      33.8616032276692,
      36.14031778949561,
      28.94156417392213,
      42.26658672872086,
      30.110661046634718,
      24.214942247260375,
      38.830801821348594,
      30.31079129544652,
      26.435727084558003,
      28.680687191975974,
      35.32066471102855,
      39.428870248671856,
      24.704753012530094,
      37.925063057395114,
      25.752983757614157,
      38.440099834757014,
      38.66145190141467,
      38.603247509688096,
      27.19559225036803,
      29.24331224641098,
      24.53398845381869,
      35.39552236350766
    ],
    "shoulder_angle": [
      90.09864294028783,
      90.44177824545731,
      89.48508760916687,
      91.71672224310466,
      90.3032989726794,
      90.22037548743585,
      89.14159456848839,
      86.80484183319858,
      90.39471965634117,
      84.7062768115372,
      94.61004287274442,
      91.5141451555616,
      89.72075609726961,
      90.16285784781262,
      93.94737097945547,
      89.68877830063681,
      88.76446944480163,
      88.9445879333433,
      92.84897110919219,
      89.20444366543121,
      85.01945363895601,
      90.43261623134553,
      90.38277499882982,
      94.47576043508829,
      91.44513009603043,
      89.22159082677662,
      85.80610636705184,
      89.19415567292761,
      94.14456811982227,
      92.18257184956232
    ]
  },
  "num_frames": 30
}