{
  "exercise_type": "squat",
  "form_score": 57.93023094582344,
  "form_quality": "poor",
  "risk_factors": [
    "excessive_forward_lean",
    "knee_valgus",
    "insufficient_depth"
  ],
  "recommendations": [
    "Keep your chest up and maintain a neutral spine",
    "Push your knees outward to prevent inward collapse",
    "Descend until thighs are parallel to the ground"
  ],
  "joint_angles": {
    "hip_angle": [
      183.64994836400314,
      178.81216309872474,
      178.8895474290903,
      183.12448290617473,
      181.02078071863855,
      181.51564591050985,
      182.68769802168444,
      178.7678259019455,
      166.47228780821513,
      152.99020099953572,
      143.4999559073336,
      127.1203253199379,
      111.4993658404159,
      103.07876153438674,
      92.80783396986861,
      92.74631089961032,
      90.27438577389397,
      90.8683708552424,
      91.26309031288679,
      86.63275097556998,
      89.55835887158061,
      87.46085872096069,
      103.01762805090006,
      113.84249492630936,
      124.99406468647912,
      138.45060817026393,
      156.69030004963184,
      167.76432992128966,
      86.8881395041916,
      102.00933204058855
    ],
    "knee_angle": [
      169.2454005340349,
      168.21285227514628,
      174.15832452960183,
      172.58925693673137,
      164.77349506307613,
      170.00370864480246,
      166.0447992877522,
      172.2804636653405,
      155.6291648887476,
      143.30279165135755,
      134.28968842056926,
      123.36622288631814,
      100.82411670101776,
      95.1327071070838,
      74.74395346247391,
      80.39451552637307,
      80.25915831824886,
      83.34512757382471,
      73.0077496477827,
      80.14081726061247,
      76.71100727345095,
      82.74762838778898,
      97.53307876933913,
      102.80246416791599,
      123.51573346802168,
      130.49245934448936,
      146.16222671132033,
      162.56811901277294,
      78.39593603481828,
      90.5264998947219
    ],
    "ankle_angle": [
      86.49095101429651,
      86.34569433206028,
      90.67048605208068,
      87.59305682985884,
      91.26723581770001,
      91.32615511235984,
      90.74996828606423,
      89.43751910679532,
      85.51668553260289,
      82.74575818273772,
      84.59637812744933,
      75.89508046816057,
      76.37919120555416,
      74.73188236104765,
      72.24352419472525,
      68.2455242640782,
      71.0621362221147,
      70.30813810354537,
      72.84581885681246,
      69.71696560902613,
      69.0722571523008,
      71.41269177247031,
      69.82173597070387,
      77.05225130444136,
      77.0272306584387,
      79.18467915861363,
      81.33562025150016,
      91.03573954593148,
      68.19877849296601,
      75.85476772617275
    ],
    "back_angle": [
      15.007058265861648,
      29.13879391272617,
      17.350110331973653,
      17.5672304739856,
      15.629636988114362,
      12.907004213312185,
      12.898665713422632,
      10.13959930357346,
      29.782580745726655,
      10.770021852814269,
      28.57182355668026,
      10.861689036754067,
      19.221112530313885,
      21.400176509138934,
      14.976202797264632,
      9.185625552958046,
      17.531533758175886,
      9.348423656274578,
      14.320658860992314,
      18.65071936845743,
      20.00468631451158,
      21.260835374433128,
      20.051781962120895,
      15.711462345580093,
      20.487458630963058,
      21.602543496293592,
      23.39894634518624,
      18.1722384926871,
      23.966655753542298,
      16.3744128270887
    ],
    "shoulder_angle": [
      44.27758626069946,
      46.89755058308122,
      45.885545918388196,
      46.66616258115524,
      43.65733344727988,
      43.74485046735217,
      45.061552782162025,
      43.56613589017011,
      45.33716857793835,
      45.79162169663785,
      43.69892519926316,
      46.50354481560897,
      42.44220462742103,
      46.927806288803716,
      46.546726876660784,
      44.00818579372901,
      47.19409597760244,
      39.239103947134076,
      47.92204489598764,
      45.735741878189174,
      48.043117633850294,
      44.668383740732494,
      47.825405989947704,
      41.81431870563295,
      45.44300373714463,
      48.11589517396759,
      44.497244428580395,
      48.961904999192775,
      44.765139215603355,
      47.89004131095411
    ]
  },
  "num_frames": 30
}