{
  "exercise_type": "deadlift",
  "form_score": 97.35135191302821,
  "form_quality": "excellent",
  "risk_factors": [],
  "recommendations": [],
  "joint_angles": {
    "hip_angle": [
      48.23194079974174,
      48.82997221515395,
      43.41639436976189,
      44.311315750188506,
      46.30058533438255,
      43.21395283925101,
      45.26778897668443,
      39.10074940636424,
      42.071182779699804,
      43.85601836251371,
      47.691656874133564,
      61.51533412764587,
      70.57214102621947,
      86.47710664249308,
      97.54572047540131,
      111.31564702616879,
      122.33184577050801,
      139.51858080483126,
      154.6310008574619,
      163.2604109385667,
      179.75603345471927,
      163.07465691990123,
      148.09737506322395,
      137.17278297068802,
      124.53064278248729,
      106.26133718609984,
      97.87152126882845,
      83.78852966184176,
      72.98852743219047,
      60.954655881664294
    ],
    "knee_angle": [
      86.39135591848496,
      87.75336401984342,
      88.31776174522997,
      89.57960469271477,
      88.86015736259078,
      92.02259420385917,
      90.70369248142327,
      90.92370356076198,
      92.2834701678593,
      90.97865439169422,
      88.79853694327274,
      97.32372552007834,
      107.86006396428122,
      116.72793490939598,
      124.69591610006303,
      135.56226668690763,
      140.49416203098195,
      154.18793263736865,
      165.71637834422256,
      169.3225782793391,
      181.72088359756063,
      169.6818178132751,
      160.36775076637488,
      149.79996307357678,
      144.20885446105865,
      136.43962359872722,
      126.92507212182781,
      118.28932513653065,
      109.68628905732258,
      99.80672801855633
    ],
    "ankle_angle": [
      88.5009321651843,
      94.3580717547613,
      89.6293415035461,
      88.55446973856225,
      84.80478810356257,
      89.80831189008919,
      90.46420718211385,
      91.02141050254603,
      84.8361608446226,
      88.08027193762678,
      90.47450134971243,
      88.86213279601341,
      88.43269734797497,
      86.9605947170359,
      87.54597729041267,
      87.95827600108166,
      91.46296077909145,
      91.94752768012663,
      89.81516102010721,
      88.82461478698437,
      91.43342090945292,
      91.44168059191755,
      92.32811036899076,
      93.5837064056358,
      94.502076431826,
      86.77958177455075,
      91.55323118907376,
      89.45371900833548,
      89.67063129201749,
      89.13820886391703
    ],
    "back_angle": [
      0.9208986180348792,
      -0.3615107489364357,
      -2.142936272760706,
      0.5139396024316413,
      -2.8899329515788494,
      0.33009249654550044,
      1.2310935012126816,
      -2.084502090695745,
      1.1640850936589753,
      -0.5078676191018895,
      0.29887479796717237,
      -2.588253273137266,
      2.1996392952462616,
      3.9218656872669553,
      0.3825968239058,
      -1.0746513697410853,
      3.0833228153940144,
      1.0453249989364413,
      2.217093008661874,
      -1.6225802854861258,
      1.278379593803393,
      -0.5302679913999165,
      -1.6237096387165344,
      0.6511090952983658,
      1.7479946918238678,
      1.5645681483714506,
      -0.2865610295328843,
      -0.5435862540848861,
      -0.5651881181130007,
      1.8442604512041343
    ],
    "shoulder_angle": [
      89.00316367383948,
      87.08154263788164,
      89.2207429383073,
      90.27101234699285,
      92.12759120570726,
      89.10465243650489,
      88.3640217462838,
      92.16622626520567,
      93.95893230443887,
      91.84148529463133,
      88.13326530069097,
      91.3075894612578,
      92.03735791662614,
      88.99350953768658,
      90.15700569877454,
      89.804201896503,
      93.31756577178098,
      89.3823765467421,
      92.94591863495815,
      87.69261539514596,
      89.38862320926921,
      91.29499798595064,
      88.77058700045114,
      94.51960175349016,
      91.02332366381799,
      89.96128288632849,
      85.7352774372596,
      91.87936565783845,
      90.07594235568018,
      90.84490201810621
    ]
  },
  "num_frames": 30
}