{
  "exercise_type": "overhead_press",
  "form_score": 30.61271507273862,
  "form_quality": "poor",
  "risk_factors": [
    "excessive_forward_lean",
    "knee_valgus",
    "insufficient_depth"
  ],
  "recommendations": [
    "Keep your chest up and maintain a neutral spine",
    "Push your knees outward to prevent inward collapse",
    "Descend until thighs are parallel to the ground"
  ],
  "joint_angles": {
    "shoulder_angle": [
      88.78879465980718,
      97.17303589053992,
      103.6783645749494,
      111.27016833991776,
      112.39850729990899,
      122.1177861388061,
      127.45933195200087,
      126.72083788464039,
      139.88446045043952,
      143.73524278488998,
      147.26143570474318,
      157.0674435107651,
      164.2747184650264,
      166.05117349445482,
      172.46023968387345,
      183.19151303408913,
      176.32274243107724,
      168.71919227025816,
      162.9811430374926,
      155.5088841858594,
      148.08698687311895,
      141.9480693376777,
      135.56185262947437,
      132.90675301156696,
      123.6545129044469,
      120.25936933273343,
      113.38440847890973,
      106.9753510422281,
      102.7421747963003,
      95.60105973736192
    ],
    "elbow_angle": [
      93.58438365306587,
      93.21410556365149,
      102.98847777228747,
      108.56595779507026,
      113.68336416715886,
      121.52980718863617,
      123.88411693340434,
      131.4413530700001,
      138.93285335964796,
      142.9186015245514,
      149.6261182214106,
      155.1799132891586,
      160.03914727863832,
      167.99400373203505,
      173.0095182582406,
      178.98902331383815,
      173.32493340929256,
      167.61648328350174,
      162.67674176034998,
      158.32788794855966,
      147.3867432446787,
      147.88338850904154,
      140.06772913888298,
      133.56802146382438,
      126.58390574493025,
      122.04133275576778,
      113.4447747574933,
      106.12786218050508,
      101.35551446257342,
      95.34384233831389
    ],
    "wrist_angle": [
      179.18643697517757,
      180.15856948347619,
      178.62597029264546,
      179.17945383660907,
      180.1359451585931,
      181.8160041174253,
      180.97234657782496,
      182.467557204935,
      180.4892802554687,
      179.57819537373123,
      180.02568440047617,
      182.93238502884043,
      180.1220043847283,
      178.58855522263744,
      179.08375820309877,
      179.93808736545282,
      178.59380843065938,
      178.23852069499372,
      180.04944290816218,
      179.11662963718115,
      178.01773926322238,
      182.65953927836617,
      180.54020928588264,
      179.73666771940566,
      179.55765978817638,
      181.47345458857407,
      178.06758949049944,
      180.8203451967706,
      179.08981884374924,
      181.24682585921087
    ],
    "back_angle": [
      27.787435860290024,
      21.706581044502816,
      21.127694220900228,
      22.29148867210526,
      28.174460611213988,
      22.974741368351207,
      20.274659096811586,
      23.948217646401872,
      24.54666758651683,
      20.655023763143763,
      17.732341916606345,
      29.77163574140317,
      20.83596955596882,
      29.737383027688004,
      27.521333833627075,
      9.825789732718249,
      28.18209515736133,
      15.99972002916021,
      26.374563158346437,
      30.958687609330962,
      17.478419324479194,
      14.601164826281195,
      17.162061930485393,
      28.382218484447336,
      20.411270239938847,
      14.271092043255736,
      27.439813071475097,
      26.75747597726786,
      27.41295297399525,
      21.060928436889675
    ],
    "hip_angle": [
      181.70574500524737,
      179.68263005922398,
      180.81523455781394,
      179.06125138009222,
      179.38399295649205,
      183.0192595429676,
      180.30182817888002,
      177.6782327009554,
      180.17824512590167,
      178.17936794827952,
      182.59116255821218,
      180.876417142614,
      181.0902681793042,
      180.95528536416793,
      179.06380550078836,
      176.96926107868128,
      178.73924706443975,
      182.3212882941056,
      180.95783944914498,
      182.07705075336335,
      179.41075489966627,
      179.82814352445754,
      180.3634430943247,
      177.68523579562466,
      180.1252228245808,
      177.69742953435963,
      178.44148052118382,
      177.75002933689913,
      181.09744545662895,
      179.9024074442378
    ]
  },
  "num_frames": 30
}