{
  "exercise_type": "bench_press",
  "form_score": 98.35989509702756,
  "form_quality": "excellent",
  "risk_factors": [],
  "recommendations": [],
  "joint_angles": {
    "shoulder_angle": [
      91.98700809126956,
      91.27398935250751,
      90.97172531534989,
      88.65423722067965,
      90.89074030250724,
      88.18015844395661,
      95.18269183997702,
      91.9944783366655,
      88.61452072466919,
      92.41122410437914,
      90.62789645119877,
      87.26840721823817,
      93.29051819726078,
      87.4299974683396,
      86.23488177311654,
      88.84378871742405,
      87.92069348228375,
      89.38568134931056,
      89.2155787966986,
      94.42655309813775,
      91.26683543372505,
      92.19258003963597,
      89.27500414272275,
      88.12548594708798,
      88.54175840521272,
      91.08313992447147,
      90.33123003520983,
      87.06914252500624,
      87.7651791231555,
      91.70170117602764
    ],
    "elbow_angle": [
      88.29776589492954,
      90.95749891694466,
      84.5580508887722,
      81.88214323250534,
      78.19778026849944,
      76.82917290131823,
      75.74644739957184,
      69.09987553745367,
      67.29391574686521,
      62.51333379982905,
      58.58906731295609,
      58.579755452319304,
      52.97293678586221,
      51.508341890743374,
      49.883949146046476,
      45.95564772089961,
      52.30155765003099,
      53.64249403358455,
      54.69728269736539,
      57.25193378708714,
      58.68955645608825,
      62.153832027423775,
      66.24719696345292,
      71.27035694912263,
      69.02583872835856,
      74.68679950274705,
      78.65941996968324,
      84.00863052053334,
      84.10464932143616,
      81.94999118312231
    ],
    "wrist_angle": [
      179.88419071042588,
      180.0340572177521,
      182.00189707061224,
      181.5371138174356,
      180.49692745311665,
      179.3234867697792,
      179.64097536084205,
      182.51404360607467,
      177.61985449312607,
      180.49867217965473,
      181.41570668186367,
      175.49836246735305,
      182.60022922726952,
      182.82289654292725,
      181.04199242046488,
      178.86859911179874,
      179.04365912969652,
      181.342852819018,
      182.7165726248914,
      182.34645148322755,
      178.64025841421227,
      180.5032504563782,
      182.94425058452634,
      181.38332759302452,
      177.33898762805103,
      175.62751125003723,
      182.67026701005716,
      179.53574937498686,
      182.07254789811145,
      182.19013714406
    ],
    "back_angle": [
      0.9391412748466824,
      -0.5009320836479743,
      2.948957059604327,
      -0.16349232687149498,
      0.588714907878687,
      4.392495662694368,
      0.8675060726406703,
      -0.21930123871042875,
      0.7227034327822193,
      0.8745927802110499,
      -2.4980037881436297,
      -1.0978679777961842,
      -0.17525481409832835,
      2.009563211060956,
      -4.317520184616612,
      1.8406240349307605,
      -1.7139066085348234,
      1.3912880198512503,
      1.2644433945921678,
      0.8830177223823473,
      1.0593210073850985,
      -1.131429643531451,
      -0.8443791452446607,
      1.4201035424981823,
      -0.19748621651605708,
      2.242363988007496,
      0.21020882059296123,
      -1.005905443577654,
      0.6672864668517932,
      2.9946066314238986
    ],
    "hip_angle": [
      91.3287395611162,
      92.72803165331118,
      88.4010843250774,
      89.51744051316119,
      89.975774991377,
      90.5342634928421,
      89.56404044695965,
      88.11126866221316,
      90.0292825794083,
      92.89270650354989,
      87.4467569535094,
      88.74889634755472,
      85.1734570738864,
      84.63174276675538,
      88.14146108045075,
      86.1486939041015,
      90.30356750921705,
      91.25967037750388,
      90.72434086348929,
      90.70670612689291,
      89.1734507067049,
      89.71106577135379,
      88.2754369631924,
      87.8551735272633,
      87.68350633951242,
      87.9930400124812,
      86.44952599867882,
      90.11229710587178,
      89.7358596469076,
      89.21126029483175
    ]
  },
  "num_frames": 30
}