{
  "exercise_type": "lunge",
  "form_score": 88.5657800609372,
  "form_quality": "good",
  "risk_factors": [],
  "recommendations": [],
  "joint_angles": {
    "hip_angle_front": [
      177.8990269538913,
      179.84476948594582,
      178.95398829840465,
      178.61020711345165,
      182.0846732075957,
      180.62171245322037,
      179.70724143919048,
      181.52465001087822,
      169.5579939067817,
      152.33905197848398,
      142.82472007735464,
      128.60329547961314,
      114.46823787123022,
      103.83792922904283,
      96.67895333512472,
      85.56407162367182,
      90.77121881438306,
      90.15652104993322,
      89.92849576640721,
      91.44298375315442,
      90.80569106666445,
      87.89875144427222,
      101.60323376568228,
      111.97086221345792,
      128.35253460961528,
      140.06341244693382,
      156.46844432533294,
      169.26672787895387,
      89.31833284022301,
      101.87998655426723
    ],
    "knee_angle_front": [
      179.80841768149108,
      175.0237362287428,
      181.87776513616024,
      179.32623517660195,
      181.65722953497178,
      178.88503467015823,
      181.15644205566096,
      184.9174021089994,
      166.63908341402487,
      154.85346494577692,
      139.9936685637856,
      130.300631389814,
      115.59275643828852,
      101.36278703831096,
      91.58324976168494,
      89.39593059220843,
      91.24813470901091,
      88.92346885175299,
      87.21297249639842,
      89.09155219986049,
      94.15465779072156,
      91.06816094182044,
      104.63599863958271,
      116.97806427610622,
      127.18634249692987,
      138.91265169298163,
      155.39772001391103,
      168.3930408376437,
      90.27025768003725,
      106.37923233209223
    ],
    "hip_angle_back": [
      177.4223344967407,
      177.92153620006272,
      181.15745111673573,
      182.12492931905769,
      181.09002571793513,
      181.88942234029338,
      181.17983230190285,
      180.208844792996,
      177.50278113805578,
      182.52319420525276,
      179.84968106328347,
      181.03048516526977,
      178.38405342526136,
      182.76534038196203,
      181.52455118239124,
      179.8590218226257,
      180.8152473553365,
      182.26462520056393,
      174.84579305549406,
      178.8803923390318,
      179.31026942760116,
      176.69892584740398,
      183.42520341076306,
      175.78221952341795,
      183.2751510378727,
      180.40125602757212,
      179.26735251877602,
      178.12352240254205,
      181.81438261450654,
      181.8123297669728
    ],
    "knee_angle_back": [
      182.257006754944,
      183.9748135566712,
      177.74557651770724,
      179.5733001639039,
      181.42409837621864,
      178.34430252272784,
      179.82566609380737,
      178.34541780008493,
      161.67819674819197,
      155.2815564442692,
      141.24740680265344,
      127.53411957984756,
      112.65798376551176,
      105.49017027136222,
      89.57992566966975,
      92.60760976583798,
      87.98608385548292,
      89.78207711050035,
      93.47098752689271,
      90.47203985972392,
      93.3759241399099,
      90.53011475227046,
      102.71448472398187,
      113.55138878280424,
      128.55397474536784,
      140.60193805559143,
      153.12913008458926,
      168.18453238296797,
      90.13299318267048,
      99.71985567730479
    ],
    "back_angle": [
      1.6903490678705542,
      -1.3057270143377744,
      -0.6167314964072643,
      0.7343705608774052,
      1.196140577632432,
      -2.0565482897384944,
      3.186348135276939,
      -2.3534942752463004,
      -1.0375328985450412,
      3.369021176681097,
      1.3835213099545522,
      -0.05517949482597339,
      2.8454957692439895,
      -0.7472652841338673,
      -2.9565075521802107,
      -0.02965763815695224,
      2.1184784177755667,
      -0.4471328657268965,
      -0.9903033052075629,
      -0.7123067000749407,
      -0.7965157785580497,
      0.7433922692420316,
      -0.8412002530927006,
      -1.5636293302589275,
      1.7467736253490926,
      -1.124856601872196,
      2.9172993224410697,
      1.134778876310936,
      4.020355660273185,
      -2.7658714906897135
    ]
  },
  "num_frames": 30
}