{
  "exercise_type": "lunge",
  "form_score": 73.45548584408485,
  "form_quality": "fair",
  "risk_factors": [
    "moderate_forward_lean",
    "minor_form_deviation"
  ],
  "recommendations": [],
  "joint_angles": {
    "hip_angle_front": [
      180.416080229688,
      176.86587248737973,
      182.97572155645952,
      178.8737493333813,
      179.44476949084063,
      179.7198570945244,
      179.65670171705062,
      182.3464089740681,
      167.9066707142596,
      153.2542908167113,
      140.48938775398383,
      129.4755653371164,
      116.4171690492293,
      102.02989412122896,
      89.23732610274799,
      92.46827745176095,
      88.22905996288031,
      89.79709297527371,
      89.07406359249455,
      88.48741676998627,
      88.19505568891856,
      86.46532492451554,
      103.66478573382724,
      114.28106874202487,
      131.48116585851062,
      138.9773666207358,
      153.97970568279095,
      165.28028321178635,
      91.83392305815313,
      102.3741530178972
    ],
    "knee_angle_front": [
      179.6728847557381,
      181.16963278515982,
      178.3674754983529,
      178.27545039710375,
      180.81564225509638,
      178.01660806082404,
      180.45870478717993,
      180.66321542544338,
      167.58580952976249,
      153.9170273531269,
      142.83506211843658,
      127.89572439139889,
      114.19194009562054,
      100.3617666329614,
      88.0357874619937,
      89.03836558626504,
      92.50708602171271,
      87.92799741386719,
      90.68387014635574,
      89.93386203297915,
      89.71406878570663,
      90.00776070483509,
      106.01286349453058,
      116.91591199777827,
      129.42846508110824,
      141.52611846788528,
      156.84693440798847,
      162.71566094487437,
      90.68207605893107,
      104.30309080057313
    ],
    "hip_angle_back": [
      179.45434143513344,
      181.5985145586391,
      179.55392178066012,
      182.83019331037926,
      181.2859405426037,
      179.5987258138888,
      181.22750176482296,
      178.31216700874398,
      180.66974159143228,
      178.88209055537732,
      182.5423298452329,
      177.87004158231525,
      181.16008078648292,
      182.01810056665676,
      180.46800274658037,
      179.0859563805961,
      175.68266788585106,
      179.73806690261887,
      177.03866600050935,
      179.723872514339,
      179.30164511139282,
      178.643939473859,
      177.15058367695394,
      177.89169135755986,
      179.285383139521,
      179.79661861417165,
      178.86432851176752,
      176.97031007015175,
      181.8647051233333,
      176.87167262562286
    ],
    "knee_angle_back": [
      174.9837947014975,
      178.31614084418757,
      179.49836208962228,
      177.17344903471974,
      178.91453589627403,
      178.70213026115067,
      183.90908228098186,
      180.70187554226084,
      166.5685216112709,
      154.6374939532126,
      137.87109834530702,
      129.08517391130906,
      116.45616784939067,
      103.36929203486919,
      91.3214235227837,
      85.92812762712381,
      90.48721431319375,
      86.185052407783,
      86.23372348785287,
      89.50152008921381,
      86.72018576736204,
      93.44710274842157,
      103.57811611864152,
      116.54215568457818,
      130.8039821700187,
      139.2053801477662,
      156.96057591574942,
      166.39576682324864,
      89.41109579381005,
      103.716001919619
    ],
    "back_angle": [
      10.128983717457157,
      10.131633080191616,
      5.494159971856668,
      10.198588713095567,
      10.071578451184413,
      13.03824333598401,
      12.163881661480552,
      5.562992197996953,
      17.89056100739475,
      11.314003142611623,
      8.412360423388511,
      9.266750386201098,
      13.655690315921426,
      2.9256187405257714,
      10.591312024115442,
      13.064741586279215,
      12.925567069440332,
      8.769152581974303,
      5.277574768859193,
      8.081401990295822,
      16.352852403259007,
      6.974829050637799,
      8.324797643655515,
      9.786197202018734,
      7.884694265563599,
      11.412735149899332,
      7.78567906720363,
      11.72775657317958,
      4.201487133143575,
      12.359884784129465
    ]
  },
  "num_frames": 30
}