{
  "exercise_type": "lunge",
  "form_score": 82.58019036417508,
  "form_quality": "good",
  "risk_factors": [],
  "recommendations": [],
  "joint_angles": {
    "hip_angle_front": [
      180.93320366714678,
      178.1848652841958,
      176.65103157960758,
      177.25547971563412,
      178.30355964256609,
      183.99300008189218,
      181.31917859769135,
      177.8469994131312,
      170.91956252248676,
      157.21123125522507,
      145.15940190127338,
      127.65193030030558,
      114.24427866228883,
      99.23738018864489,
      88.21040120678794,
      89.74457692651796,
      93.29104241038459,
      91.3656007862519,
      91.59528298400396,
      85.20211962053271,
      89.92358283261949,
      88.91473357999783,
      99.52133214005717,
      114.98536713202235,
      126.49055769507056,
      143.14623631495348,
      157.38100173499865,
      168.84845604149612,
      90.8527910267905,
      100.50382713725236
    ],
    "knee_angle_front": [
      178.9617972233289,
      174.9696452103674,
      180.45458718345182,
      179.43910991401557,
      183.1009107390212,
      180.58191969364384,
      182.94045569747576,
      177.28317250160197,
      169.4910753628159,
      153.7342301581949,
      144.29808647527594,
      129.44820134979278,
      115.53379597840386,
      103.63151227240333,
      89.84793494937686,
      88.7895814705911,
      92.74650846427225,
      87.54285895916135,
      91.72477894916634,
      86.32529445287828,
      86.72116323232017,
      90.15425263274741,
      100.78591961000092,
      117.0827303443299,
      125.7297411000739,
      138.58593943746837,
      156.6998240478774,
      164.00265192986387,
      91.11056262489615,
      101.27850781124172
    ],
    "hip_angle_back": [
      179.9958098879933,
      180.21335212203118,
      179.22046003588818,
      182.81146303331815,
      180.90390657980143,
      181.28002764789733,
      181.44814052764085,
      178.1306415573866,
      180.35226973785046,
      180.3516820095829,
      180.0299276916482,
      178.23497115331025,
      181.61416767622552,
      179.2338296308799,
      178.02471912103516,
      178.54816849848837,
      184.25225693169128,
      178.91595130501696,
      177.2435145696034,
      182.24333339561508,
      175.26089159458283,
      181.5687127982617,
      181.40723930539454,
      181.12816779312823,
      178.95916540663748,
      179.93070241742905,
      179.93528845571572,
      179.82774109088737,
      177.3922020881373,
      181.18391893632736
    ],
    "knee_angle_back": [
      182.37426677536712,
      178.8944254970969,
      179.67038272788142,
      182.04437151938075,
      183.97808405364864,
      177.89758237540795,
      184.43101975990845,
      181.23187549387623,
      167.96322640562744,
      153.66236767040206,
      142.72153036968626,
      128.3004353090966,
      111.77662719622576,
      105.71834871904213,
      86.10816666680499,
      90.75231591288613,
      91.72720562213874,
      88.13767678934903,
      89.1404995842656,
      90.39113358180863,
      90.88454839709532,
      92.07424201478334,
      104.4933447825025,
      117.00837593511126,
      126.52755281356455,
      138.72031734998112,
      152.44998206516826,
      168.26663846955785,
      89.61961560198414,
      99.53237379526448
    ],
    "back_angle": [
      3.498377884406514,
      -1.2767031735826528,
      -3.783668429676877,
      -1.338511955572259,
      0.49252091596037945,
      -2.4220339048956294,
      0.012024343118472546,
      -1.243957253438649,
      -1.342931012877141,
      -2.8371153869678376,
      -1.8689012505956717,
      -0.8502503777602163,
      3.3619663352933866,
      -1.409754632323054,
      0.48705086099817485,
      -1.22849495954673,
      -0.1916476830394852,
      -2.528392169694556,
      1.0670765788622714,
      0.7971345115089528,
      -1.825296209934301,
      -1.158622411865993,
      -1.3414988432537744,
      3.9898416184248218,
      4.831325173231034,
      1.7363241688566469,
      1.9458685760367622,
      -1.206637259738097,
      -3.253579233199279,
      -3.9752892845997825
    ]
  },
  "num_frames": 30
}