{
  "exercise_type": "lunge",
  "form_score": 69.79209473674985,
  "form_quality": "fair",
  "risk_factors": [
    "moderate_forward_lean",
    "minor_form_deviation"
  ],
  "recommendations": [],
  "joint_angles": {
    "hip_angle_front": [
      182.6332598338202,
      178.3253320541699,
      181.26279917928036,
      174.1738010609036,
      182.04566528131312,
      178.17954647156907,
      181.37323764022952,
      179.74227010101407,
      168.53322893570586,
      150.6002384124618,
      142.57220105508367,
      132.18038081793154,
      112.98395056299547,
      98.80662126733111,
      91.9404122175218,
      85.92958861825534,
      87.77318087921729,
      91.14476150703506,
      90.86347753527707,
      88.25307415447602,
      87.19230421129195,
      89.7889799446808,
      105.39140590647169,
      115.48495203679104,
      129.0716071314778,
      141.92562441070166,
      151.71412089234326,
      167.19853468382314,
      97.78305793040374,
      102.666473403815
    ],
    "knee_angle_front": [
      180.7525194071992,
      181.26959957909204,
      177.82223870438875,
      180.26843810111555,
      181.49401541834658,
      185.8739827131634,
      180.58460839819512,
      175.63838200421606,
      164.99912651300264,
      154.52430121451803,
      140.6668429990304,
      128.00724234867766,
      113.61380798207293,
      102.38384149634085,
      84.63388494280366,
      90.17001870802558,
      89.36724750322388,
      90.35735342425929,
      89.15321364268522,
      89.22725930985663,
      88.66119044927459,
      88.48898537701754,
      106.02593556991104,
      114.59492730151057,
      131.44985792746542,
      140.86930646728683,
      151.24620620347218,
      164.91727124404773,
      88.26882517807122,
      101.44613049022206
    ],
    "hip_angle_back": [
      183.3537822822657,
      181.12799096595305,
      184.28793857055805,
      178.76831730925204,
      180.23490522973844,
      176.31817635372627,
      182.0822746953685,
      181.2979298920824,
      179.02495773672752,
      180.78108474365206,
      180.50053539917042,
      179.57792175014077,
      182.07397883808264,
      179.66489412367446,
      178.46447342485015,
      183.3714310395517,
      177.78035690651458,
      179.1390750835231,
      181.6832172805986,
      178.08241634980664,
      181.4378870233428,
      177.88668982597196,
      181.2579924926236,
      180.47115422295494,
      180.567410731279,
      180.19858740065564,
      179.87090737946258,
      182.18643355365776,
      177.13817079197617,
      179.46881231849915
    ],
    "knee_angle_back": [
      179.5186176622013,
      181.92206990274352,
      181.01217501340076,
      179.34788651222226,
      179.48686503944202,
      181.98467321397408,
      178.59606659438688,
      179.8120795345932,
      167.69843721145367,
      155.10081590417852,
      142.49439062998263,
      126.04267522905818,
      116.25396591607434,
      101.86947806669035,
      91.21659919892184,
      88.9107259314843,
      88.22212896584935,
      90.15136205065566,
      87.03647086587218,
      89.84462756853576,
      89.01758689799267,
      87.78296773337465,
      106.67955802383139,
      120.8901691875512,
      126.72442535290313,
      138.55717875360943,
      151.78580924405492,
      165.35703349091077,
      90.68481111474023,
      103.53909180348597
    ],
    "back_angle": [
      11.275537042729619,
      6.082094136104533,
      6.640470396175128,
      13.608307153393538,
      4.16975113126074,
      14.132814825335348,
      14.238108305370556,
      10.190377831946247,
      9.456949764161358,
      12.861420422036062,
      9.48854785250408,
      11.522046553238878,
      13.525860042916825,
      8.054836145025714,
      13.250938685495589,
      15.222054761397539,
      11.995492519373029,
      5.40632632684869,
      10.08173795430525,
      10.859896880251839,
      11.602880090772437,
      8.3555456712598,
      10.526839476908755,
      6.603563362631829,
      9.455312885697397,
      5.0897536664788605,
      8.698115295443134,
      3.8320553212227413,
      10.424417121160042,
      8.181929247263433
    ]
  },
  "num_frames": 30
}