{
  "exercise_type": "lunge",
  "form_score": 37.549991716587336,
  "form_quality": "poor",
  "risk_factors": [
    "excessive_forward_lean",
    "knee_valgus",
    "insufficient_depth"
  ],
  "recommendations": [
    "Keep your chest up and maintain a neutral spine",
    "Push your knees outward to prevent inward collapse",
    "Descend until thighs are parallel to the ground"
  ],
  "joint_angles": {
    "hip_angle_front": [
      181.61219188963744,
      179.69381645631884,
      179.86957552774697,
      177.74499665806727,
      180.58750923656768,
      178.3244465523976,
      179.14744412488068,
      181.56956629728396,
      168.80371145123988,
      155.56302628005773,
      137.3615146293674,
      129.68131079623168,
      116.2343315147062,
      102.81059322967512,
      87.9269093237251,
      89.85498582207391,
      91.85609167997293,
      90.7868515090709,
      92.50562628138034,
      90.02490332978833,
      90.4822231825281,
      85.35382755636115,
      103.18146841699443,
      110.98861377919962,
      127.6366872825379,
      140.62148045794638,
      157.10258969700504,
      166.89527881243617,
      90.43187166643855,
      103.78538793278096
    ],
    "knee_angle_front": [
      161.41726481159964,
      168.14513035642378,
      161.69657978287117,
      166.31104000569647,
      168.1883059997874,
      157.4288556789121,
      170.45258504500293,
      166.07808496740344,
      146.900737512992,
      144.0679142998793,
      127.50538066866139,
      112.47394513250406,
      104.43308686535727,
      84.13780020241353,
      77.73164540704987,
      73.25892791717402,
      74.69750622929094,
      81.00233357058553,
      68.78441115546323,
      76.25939916636491,
      79.04002431828668,
      75.36863655987591,
      80.65122531154023,
      108.89135327901126,
      121.02847421303308,
      129.33845054483157,
      142.48819886368796,
      151.2994425581943,
      72.3371313391092,
      95.05825469475096
    ],
    "hip_angle_back": [
      180.99583767491177,
      177.59490956028577,
      184.04446096775692,
      178.7164754157095,
      177.40587162488956,
      181.47353059897156,
      179.3842000872698,
      180.02094709567226,
      178.46975630248178,
      178.87903502505347,
      179.3566181446022,
      180.9541668095521,
      180.14304381091856,
      178.38506342947824,
      178.3663241131055,
      180.3305592995777,
      177.63208535282743,
      180.73779431291797,
      180.1310523583507,
      178.95398858409666,
      182.4102626297254,
      181.08117975250855,
      180.7735102136252,
      179.05792742848183,
      177.4910735642615,
      178.27718939606817,
      179.65797472617683,
      182.83598728755348,
      180.9217677113878,
      178.91605521402542
    ],
    "knee_angle_back": [
      181.85573731876048,
      179.6812900890268,
      180.60347776430436,
      181.20228053939584,
      177.64799418588453,
      178.61898991586168,
      177.97960527763217,
      182.67226549925817,
      165.42542175946133,
      155.52675142279392,
      140.59630900945078,
      127.60180000125042,
      118.28380224827161,
      104.1444464583304,
      90.3734762427451,
      90.12873449848838,
      87.59260381392673,
      89.22214442172111,
      88.47363672258508,
      89.21802710694851,
      89.10016335223978,
      89.22601089932378,
      103.10756311286241,
      117.8795522786803,
      128.2494177261533,
      139.22182015452367,
      155.54348717861842,
      166.7439582433401,
      87.33206659278937,
      103.31980360262315
    ],
    "back_angle": [
      16.78965388952955,
      22.583064736447998,
      20.60348759510436,
      18.521924908480546,
      25.478670733013836,
      24.124385030334594,
      25.613137377485245,
      25.428604372897222,
      28.83131751888688,
      17.358560509008925,
      22.40556308130526,
      19.22487070563277,
      31.87557276936103,
      18.928299707659196,
      14.144289884228453,
      32.98454593776025,
      18.9686333680076,
      21.591630750546223,
      26.391515564906523,
      20.96665000941889,
      17.075335435873065,
      23.232988586956214,
      22.014387621462014,
      20.89680488344136,
      17.544676892252244,
      18.454838604544193,
      17.81920440386476,
      29.94872186356048,
      18.043445699748787,
      24.517423590468432
    ]
  },
  "num_frames": 30
}