{
  "exercise_type": "lunge",
  "form_score": 72.72574190295974,
  "form_quality": "fair",
  "risk_factors": [
    "moderate_forward_lean",
    "minor_form_deviation"
  ],
  "recommendations": [],
  "joint_angles": {
    "hip_angle_front": [
      179.37380111454738,
      176.21699353416926,
      180.66714315263718,
      184.19342224155744,
      180.996610498755,
      179.1402063327519,
      179.11442077790238,
      178.44649959453767,
      164.96885195402163,
      155.97571710328162,
      142.65972309091407,
      122.7129047810191,
      118.12901150677014,
      104.16864041708806,
      89.45398671951898,
      89.0411067911381,
      90.46611913841845,
      92.06776096542687,
      94.03585746240117,
      89.08776013512043,
      91.07380373801699,
      88.63824594870223,
      104.16848788822341,
      115.0604349274914,
      125.01505602808136,
      141.55076279159164,
      155.02634057038154,
      168.18384433312767,
      92.2252513715523,
      104.19780736276347
    ],
    "knee_angle_front": [
      179.07834107273905,
      175.97632417083742,
      181.0206034481377,
      179.70813247591468,
      176.07154770708445,
      180.15058532096853,
      180.7674913974537,
      180.9292202415645,
      164.4263138056817,
      152.95986825791155,
      139.82705635469532,
      126.55954241058826,
      117.31513316115014,
      102.73192878659025,
      90.61261949900052,
      89.29334155323009,
      92.09652445185668,
      91.73257736961281,
      94.08776332021095,
      88.3370888925271,
      88.95123330726241,
      88.2643068927265,
      104.11300976230746,
      113.8354118187065,
      128.75957862311088,
      138.19222781865062,
      154.1145685794227,
      166.81171744830792,
      93.40570368731439,
      103.88054917752952
    ],
    "hip_angle_back": [
      182.93009628728282,
      182.85603098496193,
      181.52207385944402,
      178.71553905248615,
      178.8415404370666,
      179.56185513140133,
      177.98125926533524,
      179.9238096537112,
      183.65746809475243,
      176.92526800721578,
      179.61051882549904,
      179.95471912028614,
      182.741846308489,
      179.35543211119978,
      182.4756744584145,
      180.2594302466423,
      184.33512535510158,
      177.4247743165861,
      178.12759118058852,
      185.43440590620605,
      177.74346927521876,
      179.52809187774488,
      179.02731780493212,
      178.04287173536252,
      183.0917767329576,
      179.30782359206484,
      178.94832884962227,
      179.70214045940926,
      179.74764398059213,
      179.91538457356432
    ],
    "knee_angle_back": [
      177.41632701562781,
      179.99787473598084,
      177.35452211592957,
      179.5148815057111,
      181.5133766711637,
      178.6818530427286,
      179.41599930000928,
      178.92468424796937,
      165.40519615674768,
      154.92156438811375,
      142.61957541025174,
      127.08999559112469,
      114.13434930940778,
      101.14617913488523,
      90.37274556804567,
      89.49140746790937,
      90.27542469866987,
      88.66604465944162,
      89.05605786373307,
      91.57377076708933,
      86.7320900184954,
      92.3220427981473,
      102.4259080898789,
      115.4228778295338,
      130.21891051760414,
      140.23023543350746,
      154.42574816633623,
      164.71572164674862,
      90.0877195186226,
      102.95175987208094
    ],
    "back_angle": [
      12.330058580902774,
      12.057312608516899,
      15.078557899981,
      9.908597289095392,
      11.319046774019835,
      12.214707713131288,
      6.706718197367139,
      7.981328161096874,
      6.88691204361127,
      5.448539118079895,
      11.928389104316988,
      10.70217779554151,
      8.62482256591079,
      12.899946633116222,
      8.882634000185654,
      10.32216134904434,
      11.891953509163095,
      8.311960277980104,
      11.603616080449669,
      3.278358656252127,
      11.257772450800896,
      3.1979088081350353,
      17.944940250430545,
      15.496438157001524,
      8.24570987651278,
      7.018784940167554,
      8.659039297739024,
      7.705532753492019,
      4.615577695535439,
      16.60688851809901
    ]
  },
  "num_frames": 30
}