{
  "exercise_type": "deadlift",
  "form_score": 47.883957699995364,
  "form_quality": "poor",
  "risk_factors": [
    "excessive_forward_lean",
    "knee_valgus",
    "insufficient_depth"
  ],
  "recommendations": [
    "Keep your chest up and maintain a neutral spine",
    "Push your knees outward to prevent inward collapse",
    "Descend until thighs are parallel to the ground"
  ],
  "joint_angles": {
    "hip_angle": [
      46.24759843238551,
      42.974781039759335,
      39.576110040840305,
      44.287207593536536,
      44.08336000901156,
      45.12595248426571,
      45.9587443947561,
      47.34037705190151,
      46.841685326480935,
      47.223569866572404,
      44.24378420946679,
      61.4571598894983,
      72.41304597761665,
      83.6785950959009,
      98.2477408986949,
      114.54278594096866,
      125.59085613628383,
      142.87751664388284,
      154.03690965368182,
      166.13985376136003,
      180.68123056084175,
      166.89667521834446,
      154.83383241222728,
      142.35481451782866,
      124.84450175780086,
      111.92141670002503,
      100.13077519642283,
      84.30913604016371,
      71.97121123362601,
      57.0940950405158
    ],
    "knee_angle": [
      87.489351056369,
      89.75058305626482,
      91.21932033943412,
      87.30480228636456,
      91.16889152786358,
      90.7123976288571,
      91.75692978663331,
      86.15066645073631,
      90.5993066278034,
      91.68087409067239,
      91.25630087344999,
      99.53142788603398,
      106.39710106199672,
      115.44457424093532,
      123.34266993637623,
      134.29389225399552,
      144.91019780939274,
      155.66539450635102,
      162.98260591986306,
      169.96600161713715,
      181.39831359111764,
      169.56991077579556,
      165.80382643255675,
      152.99044448091567,
      141.64863725992015,
      134.52507891867253,
      122.6003092607127,
      117.1028944593859,
      110.06075023032473,
      103.6290727091391
    ],
    "ankle_angle": [
      89.8750198200322,
      87.24405241549435,
      86.64969447815534,
      89.52627644928872,
      91.99135022922334,
      85.76649800497678,
      88.96403686533809,
      92.63550901498148,
      90.31501420768316,
      91.24226496045316,
      88.60418009346897,
      89.57124058582434,
      88.43054382550581,
      91.34109141555734,
      90.4000476108087,
      90.3274238093805,
      93.16217699959813,
      87.47558165799629,
      92.81824566095838,
      89.84716931641381,
      90.02426923164505,
      91.17623820405473,
      88.94304064560588,
      89.71233094196592,
      90.04052029948242,
      89.9384653314934,
      92.81650231460918,
      89.81893713878593,
      89.70415309308753,
      92.84300447757958
    ],
    "back_angle": [
      31.49241689935744,
      34.99600570117606,
      25.705654828254424,
      39.52005649283471,
      21.37924163345631,
      26.658709914466726,
      21.22646682126605,
      31.719485870170022,
      28.82494462237584,
      33.939533993859214,
      25.01005322315584,
      28.692058651463405,
      31.535790742916685,
      26.23266321392702,
      30.438114410240054,
      24.040071438686567,
      32.44315705768961,
      22.714023395125228,
      28.376115325567017,
      24.367897168277054,
      36.49626268633691,
      40.75263768269152,
      40.550137149135324,
      40.741566472027614,
      20.993182243131653,
      27.520251233154713,
      31.854366515857386,
      38.51065800550835,
      26.409106626471026,
      33.06545597902708
    ],
    "shoulder_angle": [
      88.92101723827133,
      90.83727719208434,
      88.62727092055805,
      89.64620369288636,
      88.6580796570037,
      90.41603760767268,
      88.28395936365818,
      92.04255297775491,
      87.64903216666839,
      90.04091050350956,
      89.65798750163023,
      91.02363169694316,
      90.4442878832482,
      90.62965220374446,
      90.6690262068442,
      90.59944579437006,
      89.24351678941345,
      92.19910571298763,
      90.62374764865844,
      93.06634309975948,
      87.80190081378805,
      90.4765932636158,
      89.97290121354175,
      92.82157396766654,
      89.75649719952199,
      89.88106584683275,
      88.30450808664078,
      90.14169238611422,
      90.43544165641067,
      91.28502789408384
    ]
  },
  "num_frames": 30
}