{
  "exercise_type": "overhead_press",
  "form_score": 90.86353532464645,
  "form_quality": "excellent",
  "risk_factors": [],
  "recommendations": [],
  "joint_angles": {
    "shoulder_angle": [
      90.19631227872303,
      95.65223070664663,
      97.94032648192477,
      110.351448772671,
      113.68834356058821,
      119.59765712598467,
      125.49065042939387,
      129.56406638353403,
      137.78341858115448,
      144.2435111847556,
      150.26892312057538,
      156.7785661683798,
      161.70764879340885,
      167.70118366445828,
      173.99621980961462,
      177.61831517018945,
      174.07803461628836,
      166.9740427866146,
      160.0497822713485,
      158.11921760623144,
      151.55870414345165,
      142.65877914957812,
      142.34901799609702,
      133.93678528975778,
      125.16414118648184,
      122.51566815047487,
      115.00499251574551,
      106.7035025537436,
      99.53271141861359,
      96.4409860199388
    ],
    "elbow_angle": [
      89.73388595830399,
      94.74751535768503,
      101.72370448923601,
      107.34033905903935,
      113.73516806678842,
      118.2490903711991,
      125.18448604631683,
      135.6199247739397,
      136.81693249002916,
      144.94377862472268,
      149.82402365608368,
      155.68817166416792,
      166.0645265609107,
      165.47510373110893,
      171.1370703898799,
      176.44810176705815,
      174.61856758986207,
      168.23450676504356,
      162.17325339023134,
      157.42261806041705,
      148.63228472688397,
      144.16774564653204,
      136.13456521929274,
      134.6659878598367,
      126.48775533535373,
      120.01194429527665,
      110.12287645937423,
      106.91367296914936,
      101.39513617825361,
      98.61472245133055
    ],
    "wrist_angle": [
      181.14964936619873,
      181.44828380943306,
      182.54957302347387,
      179.83874171668938,
      178.6585939271072,
      180.0780926439472,
      175.79063523823544,
      178.98705285324303,
      175.0853216942792,
      181.3830305685597,
      182.60515638445358,
      185.93654913473057,
      178.69917313386338,
      184.3767100671322,
      179.88383019573152,
      177.40489537163296,
      178.6981279503751,
      178.47801902407852,
      181.09460901809754,
      179.81890748733406,
      178.6319165697706,
      179.34757041591845,
      179.79161573992732,
      181.17749136363543,
      177.41409019096295,
      176.98825315784524,
      182.97351023184407,
      179.30242253217597,
      181.31735067731833,
      179.63143571126835
    ],
    "back_angle": [
      -2.1732896610903176,
      -0.039771572879062134,
      -0.8140938249128066,
      0.6506020464367231,
      -3.6271902501351834,
      -0.48733786612531854,
      2.6658391048439727,
      -1.8124724956739553,
      -0.14822156577028106,
      1.2465572324931624,
      2.24355297276552,
      2.7928203619031513,
      0.4127145371533982,
      -4.482266334443431,
      1.6495696970649754,
      -2.0353293799950607,
      -3.190367924110496,
      -0.5009257114748271,
      -0.291959311268298,
      4.018173634248325,
      1.7427880779846323,
      -0.982404157937341,
      -0.3357055695949576,
      3.080755339809454,
      -1.5741466695196016,
      0.5620377584554799,
      0.5856470835491233,
      0.14870192615937203,
      -3.286239576884334,
      -0.4824536562196694
    ],
    "hip_angle": [
      179.11761111601908,
      177.4629902675791,
      178.53919071279174,
      178.07016878600217,
      181.56616340223673,
      181.04938304441006,
      184.7534934984485,
      179.42064524326673,
      181.4562320104409,
      179.34850682054403,
      182.51759515780967,
      180.75063740400853,
      175.85392448235393,
      177.56667913293467,
      180.03843948953644,
      175.9904291967215,
      180.87168484150382,
      180.8290475455478,
      180.50263488205698,
      179.87856705419128,
      181.16282571826548,
      181.88157300949788,
      178.68668822768916,
      177.15635732793487,
      184.00168663099345,
      177.05730636941396,
      178.04472654300525,
      184.07038708005894,
      181.98785871004947,
      179.0909640203436
    ]
  },
  "num_frames": 30
}