{
  "exercise_type": "deadlift",
  "form_score": 82.25293643481889,
  "form_quality": "good",
  "risk_factors": [],
  "recommendations": [],
  "joint_angles": {
    "hip_angle": [
      43.962591630434325,
      47.377658443447174,
      44.91861201269701,
      43.67115844216154,
      43.400864739246046,
      42.941173796081685,
      43.83114887548541,
      43.63213344069731,
      47.62010059800321,
      44.85506507549607,
      44.55557609298016,
      55.20275137315023,
      72.09420151311811,
      86.37405928559787,
      95.98343977808054,
      108.48166582169827,
      124.44157139682402,
      140.89756561260688,
      150.05309404804274,
      167.75486082281137,
      178.40527138821125,
      163.81240751365956,
      154.68744511673165,
      140.0389502579677,
      126.56864816417361,
      112.36668288062624,
      98.55161316265401,
      88.99788492390593,
      76.38826090977828,
      58.75844726835552
    ],
    "knee_angle": [
      89.79282576612204,
      90.13478641055588,
      86.56701981935913,
      89.20688078742708,
      85.15495001550146,
      87.95128469676925,
      91.11166037997627,
      88.02023850997458,
      88.4460051632442,
      92.73490019505348,
      91.38702248527272,
      101.59865063074079,
      104.0109888703579,
      116.27099199158485,
      126.22395040065177,
      137.29550041790716,
      144.36214123289696,
      155.09312037392687,
      163.05965483972935,
      174.00855030269685,
      181.5997081048866,
      173.44778559665758,
      159.2287048476654,
      154.52362379912805,
      142.82294436628447,
      132.25616609973562,
      123.64936281705755,
      118.60539542202747,
      108.87024884175527,
      100.31116264955661
    ],
    "ankle_angle": [
      93.8983167922964,
      91.46013761584065,
      92.120717574769,
      91.98546507997018,
      91.2440075334417,
      89.96406034854954,
      92.32471671255239,
      92.13861068457723,
      91.1002998492039,
      89.78368112655706,
      91.95565470504907,
      87.64463640579085,
      87.71125649704176,
      90.88649526067918,
      89.4679180777399,
      91.68220558505477,
      90.17429237790648,
      89.85477665852943,
      91.73974521817581,
      89.11244032163836,
      91.94694562410486,
      90.96953781180027,
      90.39757401532975,
      89.12201534518437,
      89.24698982953201,
      88.21250989397858,
      88.33050293996813,
      88.25043228758582,
      88.41209032555038,
      90.94406382278996
    ],
    "back_angle": [
      4.035786030328728,
      3.0540252938759247,
      7.924231304280372,
      3.5233015748651537,
      6.932354464446327,
      5.952281686249835,
      10.597629646491452,
      6.482559950943158,
      8.619908811219995,
      2.8688433393740733,
      6.121860376813712,
      14.169769292435054,
      4.966567704012413,
      0.664508520960542,
      1.5296695472632413,
      5.866122923356227,
      5.725304495299084,
      9.497983036926598,
      5.7219073934037,
      -2.564007931593284,
      0.8458139264012164,
      9.996740579666008,
      -0.6921761660757171,
      8.481122099462805,
      2.7495208238737403,
      5.9791518692333545,
      0.8410657885870096,
      5.344542593436941,
      2.814253445982254,
      6.0053281595665196
    ],
    "shoulder_angle": [
      89.99773411112974,
      87.2253054040195,
      88.99550562697047,
      90.27699707001874,
      87.08403775033223,
      93.38962420242399,
      89.56103383612614,
      89.41726314488363,
      91.66651883651,
      88.07616873719851,
      90.47969411655444,
      89.99134420787259,
      86.54909464076802,
      85.93341721671483,
      90.60883068794443,
      87.79898616250662,
      87.720957390182,
      89.29517551555286,
      93.67339461102102,
      93.50106590602196,
      85.87110507050777,
      88.47437276572445,
      90.51088438102258,
      92.6149399736837,
      90.46376816566116,
      89.01893904761296,
      89.10367678234321,
      95.3084495438005,
      93.98824571262152,
      87.77292011432358
    ]
  },
  "num_frames": 30
}