{
  "exercise_type": "overhead_press",
  "form_score": 55.85016875900139,
  "form_quality": "poor",
  "risk_factors": [
    "excessive_forward_lean",
    "knee_valgus",
    "insufficient_depth"
  ],
  "recommendations": [
    "Keep your chest up and maintain a neutral spine",
    "Push your knees outward to prevent inward collapse",
    "Descend until thighs are parallel to the ground"
  ],
  "joint_angles": {
    "shoulder_angle": [
      87.99831114730898,
      97.13294367982148,
      98.62237005914474,
      108.4457253127864,
      113.49773213868987,
      119.32903709614311,
      124.28385488135171,
      131.04104815753504,
      139.40635570265115,
      144.02826028130784,
      145.99307189674755,
      156.37558126660016,
      160.21324731021664,
      169.0863865217306,
      174.73326915001294,
      178.27825250567153,
      175.70050116424966,
      166.88580202568264,
      163.57717867396448,
      155.69537791334494,
      148.0634006469327,
      142.0423254526591,
      139.3476056519233,
      132.85082959876246,
      128.15500269141668,
      120.57273993898671,
      117.94330431071309,
      106.12547147529963,
      98.94874426584708,
      94.35833571966553
    ],
    "elbow_angle": [
      93.07221039670794,
      95.48618872232556,
      103.27666444845947,
      111.71299854370272,
      111.58761006003958,
      122.00414666719799,
      128.46756376957615,
      130.42209896846933,
      138.0287806152509,
      145.22723137966187,
      153.55523583544166,
      151.91337808524014,
      160.89054647228494,
      169.29403667301423,
      176.5514865373091,
      180.35389849806862,
      170.8455558743841,
      170.9877794348404,
      166.25067337614433,
      156.38196633816787,
      148.54076375840535,
      146.47981715252754,
      138.09956670124626,
      132.4130650122695,
      125.47048008520024,
      121.25943583997521,
      109.30910501841213,
      110.65286909690019,
      98.34806096626689,
      94.44890131905758
    ],
    "wrist_angle": [
      177.0745924171727,
      184.85148026696416,
      178.92730405922856,
      181.7097209128904,
      176.5112629130994,
      183.97415565184406,
      177.69234052137554,
      176.66040377263602,
      178.14119248987714,
      180.56663207661353,
      181.48183715895493,
      181.3323653056678,
      178.33499796365544,
      181.18169473120065,
      179.16531994751887,
      182.25124569627164,
      181.71219970554947,
      176.96471351059856,
      178.69054493794837,
      179.6963753674819,
      179.3456990828422,
      180.3757804970112,
      178.60891545574054,
      177.90285944298193,
      180.13912832684935,
      179.26632560657387,
      177.45999560657964,
      182.9245477783132,
      178.7776593342647,
      179.53728779192414
    ],
    "back_angle": [
      21.33171729624934,
      14.76090226265064,
      23.65863237467199,
      14.785665829960429,
      23.578857422309216,
      28.68493865284522,
      23.924050327569482,
      16.77597419831101,
      27.171414927294293,
      26.269163883941246,
      25.967055303420707,
      24.72297554529803,
      21.894699077783258,
      25.179681990985696,
      33.65068352435665,
      15.939611279130183,
      21.040988788188354,
      24.66433695915885,
      18.250306330478796,
      15.600999366451038,
      17.20980843003863,
      25.05595819085017,
      20.146779957149178,
      24.94026664092767,
      17.197923095747093,
      18.245332048451964,
      31.649036988529225,
      26.48101699915353,
      17.840083822497597,
      27.775819636482357
    ],
    "hip_angle": [
      182.8592416015247,
      181.2498142788074,
      181.79834460351913,
      180.33015274430724,
      181.88954409636688,
      179.7667144617991,
      177.31377375762165,
      179.28939951378382,
      179.55393401786753,
      181.30817119798195,
      181.02340811407643,
      180.50619923981145,
      181.0785728771499,
      182.71154075919375,
      181.17861720750602,
      177.66525089573904,
      181.50436970379565,
      178.96346772003352,
      180.98291041537595,
      178.73496876445813,
      181.4987923752115,
      180.1201853691678,
      179.87608028094064,
      178.7536874524736,
      182.55253554272352,
      182.47734569826892,
      181.69614008930088,
      178.60218411909116,
      178.47284729381124,
      178.95934220102984
    ]
  },
  "num_frames": 30
}