{
  "exercise_type": "bench_press",
  "form_score": 86.89662288063445,
  "form_quality": "good",
  "risk_factors": [],
  "recommendations": [],
  "joint_angles": {
    "shoulder_angle": [
      88.52650375750386,
      87.69352072239482,
      94.0143327021824,
      87.4709712311509,
      86.96896782174741,
      87.33673236528068,
      85.5968058388909,
      85.24337016096013,
      91.16993385046524,
      92.84821770440942,
      84.09223281730576,
      93.11448109413745,
      87.70489804762718,
      90.49069499958605,
      89.3837297716616,
      85.87572302695187,
      91.45370666669483,
      90.44616505555723,
      89.96792561077228,
      90.57642668731548,
      92.31116264750068,
      90.05543456454855,
      90.26178831792627,
      90.61094644720481,
      87.7766721156417,
      89.64536884370523,
      88.62237291170354,
      88.01840691157855,
      89.77704823627033,
      89.25146677291043
    ],
    "elbow_angle": [
      92.33405374173869,
      87.73214626800255,
      83.07635259158725,
      84.0012241027857,
      77.56296622291342,
      78.2692886286226,
      71.25382827586752,
      67.0957227839771,
      65.5649350129197,
      62.13562285134151,
      63.632264506838666,
      56.40141163247571,
      52.91269755505417,
      52.60603289029842,
      43.38770858292911,
      44.096115986430476,
      49.95742337409314,
      51.31026039047737,
      53.308123986092234,
      57.85690377432268,
      62.61194057479004,
      61.886325087584446,
      64.94536510937264,
      72.62499854618648,
      72.06492741074868,
      74.12078627707851,
      78.90138838929637,
      79.00159070996037,
      84.57039526567226,
      85.66099171942973
    ],
    "wrist_angle": [
      181.49918208640287,
      176.42186268314754,
      181.69091606662204,
      181.49431738370052,
      184.9879044693696,
      181.03802056591059,
      176.5047644415494,
      178.70459805360449,
      182.45729886521332,
      181.6041303597535,
      184.4449114777983,
      178.91636300005993,
      178.22795182120672,
      177.99245250122334,
      180.72380630689702,
      178.03483768746997,
      181.87821433395322,
      178.90838008508493,
      175.8997077634207,
      178.9095365686018,
      181.2069259755884,
      178.3835242617609,
      177.47800880847447,
      182.0888668310669,
      181.02192632272354,
      178.207530670222,
      178.1948354540117,
      182.45441110154215,
      175.49234801429103,
      178.30168899475828
    ],
    "back_angle": [
      0.9245666871891464,
      -2.2151693699388817,
      2.567722137872406,
      0.159281791038051,
      0.37740095454909134,
      1.9869408839885772,
      -2.4118295092225583,
      2.3699634260034657,
      -0.9529583081715957,
      2.6307095045537268,
      -1.5297978256899127,
      1.8700303496702817,
      1.673253472126284,
      2.2431830238116612,
      -1.0516719092730262,
      2.0704038088231567,
      -0.047282945749658654,
      -2.562977289507282,
      -1.0773898906594477,
      -0.4099813491447562,
      -0.20139515038862144,
      2.0765151166631037,
      0.5096479497514356,
      -1.3083612454336202,
      0.0936077661978795,
      -2.5451889045297804,
      1.8125880852382146,
      4.53467031063006,
      1.648224715392848,
      1.5852959604572232
    ],
    "hip_angle": [
      90.51794342288677,
      86.12235742731326,
      88.52212802441638,
      89.56489774918154,
      90.23612503161857,
      90.68435914598463,
      89.99050518697672,
      89.51081250445395,
      90.19709990235029,
      91.05138577688274,
      88.73335690047854,
      88.6522667892403,
      90.45115349684187,
      87.13389057977267,
      89.39828184506835,
      93.48909167440438,
      88.85868833289756,
      88.51482837739482,
      88.49997981903294,
      90.32301802321071,
      89.36151115726456,
      91.48668648237253,
      88.99971855070416,
      88.71643071388687,
      89.12006514289487,
      87.9242147663087,
      90.00153797606772,
      90.2878171571996,
      88.90638977045546,
      91.4518526200119
    ]
  },
  "num_frames": 30
}