{
  "exercise_type": "deadlift",
  "form_score": 60.57527213963408,
  "form_quality": "fair",
  "risk_factors": [
    "moderate_forward_lean",
    "minor_form_deviation"
  ],
  "recommendations": [],
  "joint_angles": {
    "hip_angle": [
      45.75495450052747,
      44.886130079595816,
      45.826080602125764,
      45.93378050387209,
      47.354103580175135,
      45.67653651144199,
      45.26372581466922,
      43.30270105104845,
      44.31040223613662,
      44.329736305435716,
      49.12074747241223,
      59.31396396547515,
      76.4995237553358,
      85.25522676207576,
      99.76041983001764,
      110.27550802746248,
      130.00774960033507,
      140.19428139126626,
      152.7202445337492,
      168.06288563586557,
      179.84064243444934,
      164.63490988768675,
      154.54569045804044,
      140.90768393615124,
      123.13832641117743,
      114.324866001153,
      98.31700719068924,
      86.46547399913,
      71.46996425978531,
      56.10346252887189
    ],
    "knee_angle": [
      91.96386405865356,
      88.48510845365763,
      88.74653935405127,
      91.19191713041818,
      94.03870180182032,
      89.27886071886674,
      90.73546903235314,
      90.69849747421866,
      91.27404349926934,
      88.21329062616331,
      88.50105949668816,
      99.31798761826126,
      103.48288778079416,
      116.02542062031502,
      123.99593521247411,
      132.76674236275227,
      141.67525283786503,
      150.05975359818177,
      164.3051760124677,
      171.08627910501977,
      177.9105279538082,
      167.96652321088374,
      158.57572755127745,
      150.5178592121172,
      144.44748254428356,
      140.3756605265712,
      126.46715025277113,
      116.32100204741639,
      107.05711954742046,
      99.37611287428463
    ],
    "ankle_angle": [
      85.93944966006258,
      90.82816490738537,
      92.58783577889389,
      91.18068825096482,
      89.31905404618325,
      95.86409258443412,
      88.7332813387087,
      87.81433226315,
      93.41077664586057,
      88.91566803232938,
      88.34413106879646,
      90.98375212238298,
      90.8301736049443,
      88.23100685085336,
      93.0110390196514,
      92.56173655143918,
      91.1630197609624,
      86.64158992585422,
      89.51165310135883,
      91.34024237823141,
      90.64865116589843,
      89.23230699953736,
      87.26030163185087,
      90.42653624146466,
      89.75902726147082,
      92.60986565090785,
      92.52132756319932,
      87.14722255543067,
      90.15746941180272,
      88.50521490695583
    ],
    "back_angle": [
      16.96936891811723,
      13.720414029645084,
      17.11030317907194,
      14.295471725719144,
      19.061147318522565,
      9.059818648159226,
      12.493763532399912,
      15.826685031728452,
      17.425194501420282,
      15.480168588141554,
      12.485449145348882,
      19.361859127213297,
      15.264540984880824,
      11.859191142461635,
      15.696251500085447,
      20.85921073440473,
      15.45888259284908,
      12.677298771099132,
      11.624612233976857,
      13.288774412236926,
      13.738016054342722,
      14.06911268014554,
      14.027692585144983,
      8.291186908901837,
      12.681434402082617,
      22.45768644715235,
      18.076138601341768,
      13.472372699552986,
      19.88774996529157,
      10.794181020874744
    ],
    "shoulder_angle": [
      88.83960364296897,
      88.15418140387261,
      92.69653316279981,
      90.60778830353705,
      90.3950209146311,
      93.23083931921775,
      87.09110795099824,
      90.98203847018127,
      93.2731608830232,
      90.42442142423725,
      88.13342519124348,
      91.39516490725194,
      89.20543219613874,
      87.29596981379055,
      89.28358823923747,
      89.02514890485065,
      89.39851858499142,
      88.5072799746535,
      87.92820579720926,
      87.9157189845262,
      89.14302540796179,
      86.7252559025526,
      90.66182788586896,
      87.04533399877369,
      88.71388949771422,
      87.15760164137035,
      91.14574753146726,
      87.6540082071258,
      83.4586698693324,
      86.08323284179866
    ]
  },
  "num_frames": 30
}