{
  "exercise_type": "squat",
  "form_score": 94.05650509680027,
  "form_quality": "excellent",
  "risk_factors": [],
  "recommendations": [],
  "joint_angles": {
    "hip_angle": [
      179.85683777168398,
      179.17418130704112,
      179.48651460586507,
      178.54711106997507,
      176.2715348895235,
      180.11346150416665,
      181.551145272327,
      181.31729574574197,
      168.2625491720306,
      153.26097895190446,
      141.88205720564105,
      127.45196287460796,
      115.45381631595978,
      104.2661568470141,
      87.37962249913136,
      88.10490576558468,
      88.74521970129966,
      87.00478225650227,
      85.74346844570822,
      88.32429897466159,
      90.90218611048745,
      87.6732609202194,
      104.30013594231684,
      117.91657314737895,
      130.72520964965634,
      140.7227646301284,
      160.15788226011676,
      171.65135471151194,
      90.11201360494395,
      102.17971553405738
    ],
    "knee_angle": [
      178.54641962399194,
      182.10931380723105,
      180.5838100379041,
      182.42947392815495,
      183.70748517604724,
      180.9157692652933,
      181.5754636535298,
      182.1084806248579,
      167.23128026391385,
      156.3805838710817,
      144.32072471498438,
      132.90968849719565,
      113.53655849953128,
      103.34805642062739,
      92.50630185728818,
      91.16280499249882,
      92.35260842527143,
      90.2828187451515,
      96.08235348932094,
      89.00536523964419,
      92.01960086909644,
      90.83169709276957,
      100.90553202867011,
      114.38553676200253,
      127.83132041739158,
      141.95809830288687,
      153.31926744166563,
      169.59767021808568,
      89.93849834743924,
      99.72414424356664
    ],
    "ankle_angle": [
      97.48864933376164,
      91.3786333337625,
      91.38104176581189,
      89.13397877208804,
      91.14748160269026,
      90.22859842646507,
      90.16086250728034,
      91.54666159737164,
      88.23573728448605,
      84.08968543101636,
      83.34661211262389,
      78.92264309895819,
      77.36887659330378,
      71.9567847432115,
      69.3197207474349,
      73.04928001112573,
      69.41451800390116,
      69.33590992517146,
      71.00607798456652,
      72.17433150500743,
      72.35221298836527,
      66.57934624753956,
      67.69937939034764,
      74.35173648913822,
      76.5927935870776,
      82.8863058419325,
      90.03979273139234,
      87.42776528334923,
      69.80499795927072,
      74.13319875205167
    ],
    "back_angle": [
      -2.0893891995442218,
      -1.4779335887745544,
      -0.29875098043187454,
      1.3109341885218513,
      -1.3024466542501272,
      0.06313337473996529,
      2.4759122056603347,
      -1.9739169286385907,
      0.03876692901371844,
      0.9277740907935154,
      0.4985170378469585,
      3.8644991052255713,
      -0.7087608993531475,
      -3.2594203932197914,
      1.6890882121246482,
      -0.34813865689470685,
      0.0354182911336743,
      2.1122466119469223,
      -1.5002737614216137,
      -0.6826180286663452,
      -2.0153268920711427,
      0.1769666491260701,
      -2.233691957076757,
      -2.1196957570457875,
      0.2526983239210152,
      0.9766226804268846,
      -2.5531956160946403,
      -1.2852710297393954,
      4.020107419334505,
      1.5564680008299252
    ],
    "shoulder_angle": [
      44.33079459444474,
      49.79195722977231,
      45.620045757311445,
      42.187302003894494,
      43.24967273564397,
      41.35819894617095,
      41.947988134950755,
      46.68306626607334,
      43.968563003932076,
      44.698605925253105,
      43.45012805821478,
      41.10143474384622,
      44.1464464088711,
      45.564147089659265,
      47.914559966244866,
      39.779920541197576,
      45.16887273619956,
      47.42403313382696,
      41.09106939419837,
      43.891242619857536,
      43.531300285744024,
      45.44762866501367,
      42.843900653361295,
      44.295567862755725,
      45.702790984061195,
      43.20701809997147,
      47.213109885175015,
      45.16542965697123,
      46.66072615001293,
      45.37015051354789
    ]
  },
  "num_frames": 30
}