{
  "exercise_type": "deadlift",
  "form_score": 70.29442754174983,
  "form_quality": "fair",
  "risk_factors": [
    "moderate_forward_lean",
    "minor_form_deviation"
  ],
  "recommendations": [],
  "joint_angles": {
    "hip_angle": [
      45.750479047067635,
      43.7615297177131,
      45.678939697532336,
      47.99939144954607,
      49.45832308857933,
      44.799574854398365,
      44.89251743964895,
      43.30997269043877,
      43.13120354137324,
      44.12940246189076,
      46.73058327591623,
      57.90774010537444,
      74.51327068190707,
      84.61970633449093,
      98.8109778588315,
      115.8981280992569,
      125.90192471165209,
      139.7872917705353,
      151.38563424314734,
      165.7492321544215,
      180.53500729557433,
      168.5128252684887,
      153.19457839600184,
      138.79305787193346,
      126.28548098552797,
      111.97751140703555,
      99.29275524730662,
      84.1867134983419,
      73.6311441688926,
      61.66784382151211
    ],
    "knee_angle": [
      92.5237374697044,
      88.6335108076026,
      84.51712250377048,
      91.44554464336146,
      89.51963516643768,
      89.52931573690698,
      87.16679117214571,
      91.11300659635762,
      87.42940332287482,
      89.92413493201738,
      88.61362277046089,
      98.20876699163611,
      107.32029064077241,
      117.11358784370233,
      125.8354535330365,
      134.84874094370653,
      143.4196590082536,
      154.97467227356242,
      162.51391971055364,
      171.35018312412217,
      180.69225160086685,
      172.3918446790279,
      160.8132061999606,
      153.16798526981367,
      145.31556766955697,
      133.53971629453127,
      126.49949477717311,
      119.55016140655216,
      108.5369693522847,
      99.30024187061773
    ],
    "ankle_angle": [
      87.74019952114521,
      88.56617617641305,
      92.41167584056312,
      93.8105197059031,
      86.73065607929198,
      88.797795634495,
      89.87033428548753,
      93.9215147417409,
      88.75274862010791,
      93.12769224072184,
      89.98817988017593,
      88.79049918298274,
      88.74491423888914,
      91.10925691466232,
      90.47380426000775,
      91.18120788772933,
      92.00747102184042,
      90.31186069579664,
      89.57832495712627,
      88.38683095503981,
      87.41925712984523,
      90.61751016345328,
      89.00295023866816,
      90.6809094719934,
      88.7276325942344,
      88.97934815848238,
      91.83392240869814,
      91.49062332965642,
      85.12318540842526,
      89.91437025923736
    ],
    "back_angle": [
      14.706898275540611,
      17.93294448006868,
      11.921703333431674,
      14.927262435117854,
      15.656555623550865,
      18.04373196918414,
      12.83125637394151,
      16.31112336881187,
      15.697922617156928,
      7.82767181034327,
      17.202555938699106,
      14.312504783595674,
      17.41752086853174,
      17.58257330675255,
      20.530466045547847,
      20.403814337421846,
      14.531765997798306,
      11.219408053409513,
      13.952612851608777,
      17.267405932014594,
      10.806559938854546,
      15.130177278786254,
      9.89767230846445,
      15.422950186844364,
      13.990168296799679,
      18.75242302648124,
      16.988207892910502,
      8.40942468499851,
      15.63111475966861,
      15.958237360441027
    ],
    "shoulder_angle": [
      92.30533939037174,
      87.29481039762125,
      88.98878712481115,
      87.08610689850681,
      92.43732735689223,
      88.76372910989984,
      92.35155783019708,
      87.2980655344863,
      93.58535529884428,
      87.7574734317054,
      90.03509388777707,
      87.64122336916365,
      94.24891931546227,
      88.49635971454579,
      88.84897699171975,
      90.42543017416965,
      88.4932241224098,
      90.07882771574066,
      88.81975363151832,
      88.5276066768508,
      91.94011679101803,
      92.51480996111367,
      88.80089079200178,
      87.85849745076602,
      86.99066339348539,
      88.91162907034837,
      89.37034448585563,
      90.67113589516195,
      85.98643692595232,
      88.11352705777323
    ]
  },
  "num_frames": 30
}