{
  "exercise_type": "overhead_press",
  "form_score": 90.8941214178395,
  "form_quality": "excellent",
  "risk_factors": [],
  "recommendations": [],
  "joint_angles": {
    "shoulder_angle": [
      88.80569766434412,
      97.42035392159312,
      101.82940304591105,
      110.27475545842896,
      114.72525531586449,
      122.49643837689774,
      126.86441366064501,
      133.33660224754277,
      138.08638099802502,
      145.64406302026455,
      148.46331206985815,
      158.11259324735735,
      159.88261747488576,
      165.36170318145528,
      177.62427115005477,
      178.44412815222535,
      173.42534509920998,
      170.1346662933613,
      159.85879470633307,
      155.74705324986957,
      147.92298876429638,
      145.31542790579775,
      136.3617321166703,
      133.21419095887296,
      127.89493882767167,
      120.00800994483501,
      113.5551092290585,
      107.15298415690889,
      102.35495156768765,
      94.67569197860824
    ],
    "elbow_angle": [
      90.04094226212455,
      97.65743308546041,
      105.70418374988358,
      111.53284348989831,
      112.24489876977763,
      119.07221033325438,
      123.5327030774363,
      130.2321116608898,
      139.30753637277488,
      147.63452190528116,
      149.1860343213531,
      155.78839321682264,
      160.91926219978575,
      167.93100704887232,
      172.40481900411285,
      182.07282764944037,
      176.3639958308354,
      171.51514113902223,
      163.44905852884372,
      156.61155076071205,
      154.5327184092238,
      144.29277578570975,
      140.01001250648625,
      130.31944393540292,
      126.9844522657828,
      123.191696024005,
      109.35262259010045,
      107.87801548262226,
      98.12333620782178,
      91.56205344908567
    ],
    "wrist_angle": [
      179.10321075886588,
      177.00173954555063,
      181.02442499479133,
      182.21360353908088,
      183.83914619399673,
      181.67984198475787,
      181.85643284246882,
      179.68164776011335,
      180.61236006896345,
      184.5026863051689,
      180.1600155984037,
      181.30614162349255,
      182.9425786121497,
      179.3382069079349,
      178.77332748755967,
      181.07918216092017,
      177.77158909963921,
      180.48045506747002,
      176.2919637068845,
      177.90243631022543,
      180.70790112372126,
      179.31806584607406,
      183.17812884874039,
      177.44679386554017,
      179.92597778207937,
      179.0298938165729,
      178.93555925490293,
      182.0317973078009,
      178.49156953239333,
      177.55581788349573
    ],
    "back_angle": [
      0.5814482014729584,
      1.9881025850103418,
      -0.6906128084312673,
      -2.191293297608198,
      -0.02491296267728951,
      -1.6694414268431352,
      1.4505035536297608,
      -3.596527836063333,
      -1.2541942540048092,
      4.701535884645906,
      -1.5676502902810192,
      0.9643608033928444,
      -1.2865321965908625,
      -0.21338156493410468,
      1.1075064070215632,
      -2.3533917479596678,
      -0.2694886358934927,
      -0.558980880773815,
      -1.0240641539478657,
      -1.9764063422324305,
      1.6557530554212867,
      -1.7240317577977582,
      -0.9765493177890409,
      -2.2063226160978204,
      -1.4112965794225683,
      4.405931454730009,
      2.2089092814995817,
      1.6474591062810482,
      -2.801202648840959,
      -2.220276769970056
    ],
    "hip_angle": [
      185.03282218591946,
      182.5826268056618,
      177.79581420504093,
      178.541021313205,
      176.78348181812197,
      182.56710072436192,
      180.01007727283073,
      179.35683277136675,
      179.79528885400958,
      180.38038328798044,
      180.66692727358753,
      178.7380912071646,
      181.21198781468323,
      178.28421536213222,
      179.24501901324552,
      180.20370279475222,
      180.06876707424982,
      180.65483266309718,
      178.0724374407422,
      182.41946263201555,
      181.9996054481797,
      178.7073373720275,
      179.93630512822446,
      178.98000604451656,
      181.9579266417925,
      176.93320591191244,
      179.94844448032845,
      175.0112887070991,
      181.60900360362893,
      181.37758427079962
    ]
  },
  "num_frames": 30
}