{
  "exercise_type": "squat",
  "form_score": 86.5660908993109,
  "form_quality": "good",
  "risk_factors": [],
  "recommendations": [],
  "joint_angles": {
    "hip_angle": [
      182.23304651008215,
      179.59451716335062,
      179.49482018451195,
      179.52489738921258,
      179.04820862953426,
      179.20921155833074,
      181.9625116945728,
      180.4771071265705,
      166.38044933063082,
      154.59242758858403,
      142.48850369971777,
      128.14670163668106,
      115.49052639197532,
      102.49516813402856,
      92.46398596772397,
      86.98868617314479,
      87.33837210196053,
      90.73636597963319,
      90.4462132132925,
      87.23330253008763,
      91.3338774377592,
      89.77199885315461,
      101.18051396859248,
      115.89106457844807,
      129.97375004125288,
      141.5204967661848,
      154.05522008077415,
      168.7178925559303,
      90.50171830767748,
      102.76744377818291
    ],
    "knee_angle": [
      183.166965955259,
      179.29170191066595,
      180.17589975846502,
      179.418488833031,
      180.36484263704196,
      178.60910045115847,
      178.74481690215137,
      177.90649856974173,
      166.5257754911879,
      156.2227688090254,
      140.47180062325086,
      130.11558976283928,
      113.59992011816668,
      101.77612898469108,
      90.35022742204919,
      88.96404971530492,
      86.43186044851835,
      89.0552949700269,
      90.13190318319441,
      91.55628858152629,
      90.44824508530257,
      91.7132630445348,
      106.16219564312993,
      118.11946045138104,
      129.52707432993503,
      141.08721504451464,
      157.57479916434917,
      164.71694817838824,
      85.64024518980226,
      100.48662050513957
    ],
    "ankle_angle": [
      84.30541358004764,
      90.19820514679249,
      89.52184048726238,
      88.66003076327766,
      88.81488113180224,
      91.81894784770049,
      87.99126850837543,
      91.01666850044923,
      85.42294837030644,
      84.58106739987802,
      82.3003092732087,
      78.87365158795458,
      76.06159455821363,
      70.68548461095547,
      69.24977430435082,
      68.42240197990832,
      71.73787782270132,
      72.14231165760675,
      68.77714875888188,
      67.86826723074535,
      72.53854614434067,
      70.66898834474664,
      71.29011361687321,
      71.04459840880956,
      78.0368570169484,
      84.18866274557026,
      84.39414510251429,
      81.13619895307714,
      68.30177898783475,
      72.95403872647651
    ],
    "back_angle": [
      1.8943213608288305,
      3.1044272978870167,
      4.904183819234536,
      4.5044719890506375,
      3.745717441301741,
      3.1068829133689753,
      2.9847086883317244,
      5.5428203929910165,
      4.8417896828299645,
      4.660238722517281,
      2.902216308970864,
      6.117055155688636,
      1.7576423900286644,
      1.9469566517958021,
      1.06756257401693,
      2.1841205233421284,
      3.3772069336330803,
      1.3930731426725684,
      0.09735301412372621,
      2.7895534449219044,
      4.116756299384192,
      4.4240011470741,
      0.4208409598300391,
      7.834452751787952,
      4.93067071525094,
      4.977681585453204,
      1.8856148577507366,
      6.280308679203397,
      2.7856012227185323,
      1.7997117135328058
    ],
    "shoulder_angle": [
      48.22940461658884,
      48.00065741900475,
      42.77592166327101,
      42.44404106854975,
      46.92833962961708,
      42.48141193041069,
      47.8725544881897,
      44.451981075988165,
      44.61284840219389,
      41.90642307260979,
      47.15088823135204,
      45.66659242526792,
      47.84113869567212,
      47.39493092228607,
      40.422535980284835,
      45.186205807129646,
      46.87242730543552,
      44.61531332732856,
      44.13744572249206,
      44.170239395429014,
      44.842444294427295,
      44.25427945014338,
      45.47612136807142,
      41.24192681152187,
      45.55767605345698,
      47.90247111169881,
      45.83641204473785,
      44.43882980827122,
      45.05496832818424,
      47.987100771146515
    ]
  },
  "num_frames": 30
}