{
  "exercise_type": "bench_press",
  "form_score": 32.71165370105756,
  "form_quality": "poor",
  "risk_factors": [
    "excessive_forward_lean",
    "knee_valgus",
    "insufficient_depth"
  ],
  "recommendations": [
    "Keep your chest up and maintain a neutral spine",
    "Push your knees outward to prevent inward collapse",
    "Descend until thighs are parallel to the ground"
  ],
  "joint_angles": {
    "shoulder_angle": [
      87.3884030206195,
      86.2135276474526,
      92.13580254789541,
      88.00752362042554,
      88.51683234701841,
      89.37249387877533,
      88.11665298984508,
      89.9037901541057,
      93.61838925873572,
      92.56977484233114,
      87.59857244317385,
      89.15876787864582,
      87.03845613338122,
      89.7154626109523,
      89.05356426472385,
      91.51783936853722,
      89.52696294523624,
      91.62120836812298,
      85.90944245791822,
      88.67248227014815,
      91.69395786351458,
      87.34821860703636,
      86.21277913777095,
      91.55342888030134,
      90.98836835490327,
      91.17652305879527,
      90.03490893852313,
      88.62406162986358,
      88.27765831780046,
      90.37315369782698
    ],
    "elbow_angle": [
      72.06549804015715,
      78.23354276082968,
      74.66126979958193,
      70.34322695997871,
      62.0435445095534,
      57.35313885521082,
      55.14869576187699,
      48.963684666522326,
      49.01425399663849,
      47.86571659915198,
      42.44619189031303,
      41.62254135505429,
      36.22840330077648,
      39.92586286887142,
      27.420595694489503,
      33.65706490979929,
      29.655621703167323,
      31.220844964497566,
      39.38662503649207,
      43.99608216500448,
      43.05281697505905,
      46.43541847360067,
      52.750931784396656,
      53.09406693785964,
      56.1807505148757,
      61.34027592907916,
      58.854367106446134,
      65.80077016544435,
      71.37148611856831,
      73.13154352089077
    ],
    "wrist_angle": [
      180.6413975313147,
      179.54634177312326,
      178.99315182706258,
      181.21384796383984,
      177.60920850366804,
      176.2845688990672,
      176.60591065924172,
      180.84008731091498,
      176.99637063179878,
      179.6438990584788,
      182.14553130903644,
      180.63110033014672,
      180.79687198374876,
      181.6857402800052,
      176.8440101519461,
      178.8897923069526,
      181.34534565549174,
      182.3826617504887,
      181.60995524812628,
      178.5755648919909,
      178.7971267165041,
      176.23103487993816,
      182.10292256354865,
      180.23892119926813,
      177.55265430904328,
      180.67286845071334,
      182.7001547333985,
      178.76189252265618,
      181.056959501837,
      176.94381026907382
    ],
    "back_angle": [
      28.360115475961788,
      14.82254758997892,
      21.976056974340352,
      26.711057044446992,
      13.069286725152477,
      20.985182649397675,
      23.346838665923215,
      16.55448754150904,
      16.789265443949162,
      25.80785431335508,
      11.989789991072845,
      17.28829354973774,
      16.515886255494433,
      20.434118596144707,
      16.342888693240862,
      17.237438061865973,
      25.46462775022172,
      18.592218679631753,
      27.63588311872275,
      21.894993808716325,
      25.43531068985432,
      13.951541126339801,
      25.63504977301285,
      17.735362828456516,
      22.705557312461465,
      17.489548688424648,
      16.797969010048174,
      28.465843412722545,
      21.303265904473072,
      21.626068094951133
    ],
    "hip_angle": [
      86.50503430212551,
      87.55851160972377,
      91.23388597194955,
      90.52167490634494,
      91.04531951003383,
      88.1080035161011,
      90.78997104306453,
      92.97356112867894,
      90.87909843214905,
      90.94673230399981,
      90.01416091292265,
      91.400891912121,
      93.433165756796,
      90.73691748497049,
      86.1741136188882,
      91.72632565152878,
      89.72386716497742,
      88.62971438374478,
      89.26330264405583,
      91.34916358905365,
      89.9454926642172,
      85.03993892437177,
      86.15705355188359,
      89.94740439713,
      91.62229526892705,
      90.81197898112511,
      90.691278510945,
      89.68315962216748,
      90.20094847015692,
      91.62294922106054
    ]
  },
  "num_frames": 30
}