{
  "exercise_type": "deadlift",
  "form_score": 63.26505810950706,
  "form_quality": "fair",
  "risk_factors": [
    "moderate_forward_lean",
    "minor_form_deviation"
  ],
  "recommendations": [],
  "joint_angles": {
    "hip_angle": [
      46.555457835505365,
      43.18327681597635,
      41.079435416776136,
      47.026060600470664,
      45.747308125599005,
      40.819598801174955,
      45.79157327348248,
      43.998411576084756,
      44.82343041058668,
      46.13858073731011,
      45.653746688592534,
      56.79691076156064,
      74.08218537802237,
      87.02772454238915,
      95.45524971036885,
      110.83890777310327,
      124.20054100576169,
      138.5918097080859,
      151.74422424762258,
      166.11164690093923,
      178.90248006370763,
      163.81117624852362,
      153.6039093061554,
      140.12012036093424,
      123.82153103467168,
      116.87206135205956,
      101.14469557799316,
      84.03681594541936,
      72.4037171209477,
      58.62763179799459
    ],
    "knee_angle": [
      87.37708938275638,
      88.90598273057076,
      89.34581325388831,
      88.60866673696819,
      92.07197887593793,
      90.51713039673322,
      93.08793033508246,
      90.21370416915494,
      89.61337935639892,
      90.23257439775973,
      90.82389006987046,
      100.3516088277565,
      109.45349845268318,
      119.27373089587196,
      127.78605348897436,
      134.8423403400449,
      142.52710175052448,
      153.95528517632428,
      162.71776433254962,
      170.72477010582784,
      179.0207896719392,
      172.56325725056632,
      160.571895850334,
      152.9842618196822,
      142.76362672117102,
      135.58064184832466,
      122.7939780741506,
      113.30230457148461,
      108.43259432257848,
      99.87367507352432
    ],
    "ankle_angle": [
      91.30919662819078,
      90.76699728669989,
      92.60843117941643,
      89.14825315193134,
      93.8223914859974,
      88.1063298960753,
      88.6162718536129,
      92.1197865347962,
      90.96340016126993,
      92.89809696365225,
      87.42003979842794,
      90.27155035930988,
      89.98750524125862,
      91.14413852896537,
      90.40325154047899,
      87.28501358491044,
      89.24501028744196,
      94.42439578163456,
      88.528896094726,
      89.0542059439035,
      87.68078289745276,
      92.5330583271828,
      88.53131620542895,
      90.32317161567495,
      89.28762842063435,
      93.8476807793646,
      88.54133802317632,
      92.01035979795383,
      90.75175164580908,
      94.11805743768168
    ],
    "back_angle": [
      11.003631663254433,
      15.931050131473109,
      20.466163976438732,
      18.138229566913683,
      14.014701045240368,
      14.549030081686716,
      13.85219779433773,
      10.050214043630694,
      12.128043311836947,
      12.69141298453122,
      11.124341592134364,
      18.948129068136705,
      15.81207459283635,
      18.187450789870383,
      13.17281809080794,
      14.43061088909541,
      14.891032959899785,
      5.256548691486525,
      9.329062813780581,
      14.352190473190156,
      11.169412533971894,
      14.375313523947327,
      19.969942184166946,
      16.25251172993337,
      12.397808746462909,
      19.27630637994916,
      15.52492564235665,
      18.360770888455775,
      13.787582043568571,
      13.576895822637383
    ],
    "shoulder_angle": [
      89.40358429517569,
      89.07853892419352,
      90.28086767114395,
      90.35967887218986,
      88.52928193874818,
      92.54643529429053,
      91.53997242332434,
      86.98499804344672,
      92.87159115885856,
      88.63025243936701,
      87.74609383268576,
      90.59863747288355,
      89.0788468982323,
      91.43761019524575,
      90.11437874418381,
      90.98379521666344,
      92.02245660703608,
      86.29738847471211,
      90.2362336454508,
      90.60681467121567,
      90.8282534944603,
      90.28144177205716,
      91.45176169962217,
      91.03801865975753,
      87.98258881042528,
      90.83898310013427,
      93.37125546599866,
      88.29277033802938,
      93.18237751229829,
      94.62499459318659
    ]
  },
  "num_frames": 30
}