{
  "exercise_type": "deadlift",
  "form_score": 85.63959015774161,
  "form_quality": "good",
  "risk_factors": [],
  "recommendations": [],
  "joint_angles": {
    "hip_angle": [
      42.57863601582475,
      41.689471268691804,
      49.33744815297183,
      46.48237718442678,
      44.98400421750012,
      46.314211812096985,
      44.44728825344257,
      44.906260422839374,
      47.79108533838564,
      45.722732288075,
      43.66146467877381,
      61.06415682244645,
      71.86589396324486,
      87.01267929223923,
      96.88646455709343,
      111.72316573436711,
      122.94754491212059,
      142.67824727881958,
      153.03282799420654,
      166.15913332576574,
      182.4633643282033,
      166.71490659013247,
      156.03356808176332,
      140.96156453490562,
      124.32049158734287,
      111.6595236145634,
      101.16053441199767,
      84.9740851206794,
      73.07556509155494,
      60.54434871515223
    ],
    "knee_angle": [
      88.81733199152265,
      93.23441012082814,
      88.35797558151069,
      91.51640774508164,
      88.06396433810383,
      89.85538497818412,
      91.25863242428525,
      86.54685423776111,
      86.17946413116276,
      88.854153515377,
      92.86501481330858,
      100.07225987503125,
      105.59404521082928,
      113.04743424428695,
      121.01829978223506,
      133.4467470663901,
      144.96100950475213,
      151.5058595871294,
      166.39733678795625,
      172.033311733978,
      179.57972990803225,
      169.41443221217165,
      162.77732681228898,
      151.12875552102932,
      146.0211242573185,
      134.29310254234116,
      130.49361385591368,
      116.99108959983928,
      105.99795383687209,
      97.55869090973974
    ],
    "ankle_angle": [
      87.08099926890702,
      88.89993654607137,
      88.17357222252055,
      87.4700629149512,
      92.82518974443605,
      88.59164874377221,
      90.78169570354908,
      89.33535796336584,
      89.3363393760834,
      84.80833743066334,
      88.49970518272028,
      92.64573835518709,
      91.80285466057006,
      92.04448537984467,
      89.73932147928217,
      88.24844914568263,
      89.97876444216129,
      92.34563117551345,
      90.57295635542458,
      86.77384216405368,
      93.0110995622919,
      89.61364854321295,
      91.99920827889298,
      91.5033022196415,
      91.4806737780622,
      90.679192803076,
      90.85758570690554,
      89.53767298668966,
      89.75551353758549,
      89.62486907492702
    ],
    "back_angle": [
      6.281766643919919,
      5.712207775892301,
      5.00366276076059,
      8.553439575066562,
      4.32257912527687,
      1.6183284717258846,
      2.772513242055819,
      6.415578429651214,
      6.994982651020094,
      9.220882147473963,
      8.309799781782585,
      2.9045657637065307,
      5.6969650958437015,
      2.1536867521166245,
      0.5893099889240483,
      10.798994646250032,
      -0.34030112013378866,
      5.9933914127615555,
      3.626808052861002,
      3.211959060004685,
      1.941754878235356,
      2.844616775338051,
      7.599479100817527,
      2.196001772127946,
      7.9859477478580425,
      3.8515489450994087,
      8.321735447586725,
      12.36591676021728,
      7.05408001593246,
      4.35491933567896
    ],
    "shoulder_angle": [
      88.07308979921741,
      90.62125998963327,
      91.0438668293171,
      90.72243477335576,
      89.24731713922887,
      88.87885843353297,
      88.62568514881683,
      89.96572669399411,
      86.8382620410682,
      90.49523011133053,
      89.93801633388131,
      87.70738588291454,
      87.21209802332447,
      91.00696546309955,
      89.49518316746,
      91.43540257860795,
      87.34680160703195,
      90.31990280333491,
      88.26775373043344,
      90.00163214027519,
      89.05697226257753,
      88.7447841603391,
      86.22557043879002,
      89.24965011422225,
      87.18523838990137,
      93.5297815109886,
      90.94161878160713,
      92.64727510301279,
      85.72839208014602,
      90.08014614805961
    ]
  },
  "num_frames": 30
}