{
  "exercise_type": "overhead_press",
  "form_score": 77.27233312372854,
  "form_quality": "good",
  "risk_factors": [],
  "recommendations": [],
  "joint_angles": {
    "shoulder_angle": [
      95.55977745581097,
      93.28258726017583,
      102.86592436466681,
      109.48873535927112,
      116.53437156109666,
      122.39635658161734,
      122.06670743333441,
      132.8097946835149,
      136.9386678252504,
      142.5153758550763,
      150.63328656223675,
      155.49648612420896,
      160.95206742370095,
      167.15933296140574,
      170.06422896280895,
      178.26595479634702,
      169.8475056838961,
      167.00793852310733,
      160.6044339028109,
      153.18143264457706,
      148.54291950099417,
      145.20718369981114,
      135.68247958080522,
      131.9964617082824,
      125.77845213433913,
      122.38357953621777,
      113.67243555484052,
      103.92504578474936,
      103.87111934726067,
      98.91096061573715
    ],
    "elbow_angle": [
      91.8003857551561,
      90.74065177836533,
      102.64470939993282,
      111.00410756907975,
      110.94796809911472,
      120.16057577973723,
      126.1256624544137,
      132.4165781104861,
      138.40382656202766,
      144.90623367476638,
      148.67997945853895,
      157.32850600689946,
      160.0817056312916,
      165.6248080100581,
      175.03193663143185,
      178.77639225514304,
      174.69855446605922,
      170.03093484559292,
      161.80414956909286,
      156.53354230478692,
      149.48088216597182,
      141.36614532333388,
      140.8519517285805,
      132.12734567938992,
      123.09409655000432,
      118.86557217956057,
      112.19326109433344,
      108.95076254877233,
      100.17242846974749,
      98.49801683638283
    ],
    "wrist_angle": [
      179.18232685825458,
      179.77943988353346,
      179.30991491951914,
      181.68926182025547,
      178.31463441915594,
      184.49685745474468,
      180.45463892450542,
      180.82754437385037,
      179.29366945889797,
      181.20587674145634,
      180.89501487838365,
      179.01273711285185,
      177.92439448805334,
      177.34211311899784,
      178.17420952874744,
      181.23345597567135,
      179.7967559295186,
      177.02732806388963,
      183.49364151522624,
      176.84553164329043,
      177.41239309574405,
      179.67969443584278,
      184.7695613003915,
      178.3002724660602,
      179.9007450354797,
      179.77315430042015,
      176.4107083294569,
      177.72832048875773,
      180.6132264158005,
      182.64765233207513
    ],
    "back_angle": [
      -0.3259108323271098,
      -0.8249406889039426,
      1.2213176007238686,
      1.0056839683129195,
      0.6436579301712982,
      0.46128346116400354,
      -1.5039711998798242,
      -0.08884233359067424,
      0.8611372607621437,
      0.0527088635853281,
      -0.13919588664108476,
      1.6307998891928077,
      -1.0255282467380529,
      -1.1748597957770335,
      2.4369733816353283,
      2.0679125786253323,
      0.9776765028914068,
      2.4057363241023895,
      -1.466667670004544,
      -1.094374059640168,
      1.9114237802103713,
      -0.9851256079660093,
      -1.8531022755473117,
      1.5697307563820022,
      -2.109988922149689,
      0.9359168355017707,
      -0.18013038454004268,
      1.5730671910217933,
      0.15559574261391282,
      -1.8106259138112986
    ],
    "hip_angle": [
      179.35112995914199,
      181.10068573818938,
      179.18929799614605,
      177.58568372501378,
      178.63732105360285,
      179.5130447744504,
      180.70788310094363,
      178.52696987259498,
      176.37481713997627,
      183.8584903482299,
      180.7275146471708,
      178.05705596408026,
      177.21628320640696,
      181.00479959552254,
      176.2417794034504,
      179.03233227882478,
      182.21391796088704,
      177.90474331350623,
      180.13023089176528,
      180.8287007985517,
      175.25932239427033,
      179.3631333697468,
      177.6628185506411,
      180.02536039036082,
      178.16812204388884,
      176.78444955263302,
      179.73970065058032,
      181.79619944754037,
      182.60896959309218,
      181.17820510725699
    ]
  },
  "num_frames": 30
}