{
  "exercise_type": "deadlift",
  "form_score": 92.58842761231665,
  "form_quality": "excellent",
  "risk_factors": [],
  "recommendations": [],
  "joint_angles": {
    "hip_angle": [
      42.42387665483328,
      45.27002056064446,
      45.00788513703612,
      42.846794869932175,
      45.396792639628835,
      42.88632295307805,
      47.8860892193626,
      47.12323982479909,
      43.62458807199007,
      46.03173252543255,
      46.570584908240235,
      57.318436414192185,
      70.56265899017082,
      86.44994005031133,
      98.97511126124299,
      113.4387136430188,
      124.58404774050067,
      138.45779241761983,
      151.84495367199196,
      167.72642004294937,
      179.85732150364097,
      166.13313430419583,
      152.91743731296046,
      138.9148340811666,
      125.85999407104988,
      115.77288723608432,
      100.34560071805187,
      84.07491458687552,
      73.95686825664028,
      56.239351524049844
    ],
    "knee_angle": [
      88.01244651089192,
      91.03338515190542,
      95.51771251263136,
      86.32336028125258,
      92.05142264536252,
      90.19898899295661,
      90.39572107322698,
      90.42269020457674,
      88.78966901146292,
      90.1822037273944,
      88.5733089833721,
      98.93106491141796,
      108.70137699080539,
      117.89326618926526,
      126.89437947750108,
      132.75919923184654,
      142.83387280087086,
      154.3281559637533,
      158.01261458404935,
      171.93581389825488,
      181.221624166469,
      173.42664654300413,
      162.790824481907,
      157.8168822186525,
      143.2408661897143,
      135.18566831224268,
      126.46112189234945,
      115.30897801751154,
      107.64442149377923,
      96.68699544325635
    ],
    "ankle_angle": [
      88.18788816688347,
      90.47592262338566,
      89.57468021772243,
      94.03713358783511,
      90.35542792523394,
      93.17338176690004,
      92.8984863294879,
      89.77849090089265,
      89.2921054958597,
      89.62035143700722,
      88.9747435269167,
      90.33084488955714,
      91.38133867708619,
      88.20304260124934,
      92.5424830727738,
      93.64461704573799,
      90.95394290314444,
      90.85365239303623,
      93.8205113264164,
      90.47718784228717,
      90.47586288246757,
      90.31541210343138,
      91.80567856923386,
      91.53937258338777,
      94.41284788231938,
      96.03738638529704,
      90.08919290165849,
      89.52869448407982,
      90.70740297855677,
      93.10780105628335
    ],
    "back_angle": [
      -0.1629922289994722,
      -0.3927497011153609,
      2.642774361625134,
      -1.211699840950963,
      3.7941263159354417,
      -0.0355723346107398,
      0.18163825967045236,
      -0.14412667546701574,
      -0.14483142279978828,
      -0.5337743796246504,
      -1.0668831097479978,
      -0.3788255861584552,
      -3.3119505915860463,
      2.0198214172165874,
      -0.8865553312306232,
      1.7426993286564443,
      -1.4326683871750336,
      3.487978526395442,
      0.42135627895426636,
      -1.6101020207134715,
      1.2829687545045965,
      0.21591098393895733,
      -0.8405378871134289,
      3.4514186172692063,
      -1.107110281158807,
      -0.03831379862278866,
      -2.491850598907098,
      -2.715071879041394,
      -1.9542150686758089,
      -1.1931115046772771
    ],
    "shoulder_angle": [
      89.83189951816762,
      93.0748756535746,
      89.32093598941094,
      91.62004658638907,
      84.41226809448573,
      90.66446504313592,
      92.35696813902408,
      89.26119935787956,
      90.81829581975438,
      88.84944491821422,
      89.08055830133158,
      92.51196386394315,
      87.91596138354296,
      92.25733301910353,
      89.48488600959405,
      88.78146691305477,
      89.28709082905094,
      90.267071015332,
      92.46555279737547,
      93.60542898056121,
      90.33216762802273,
      89.69236424168939,
      87.90440849539172,
      93.67459478304283,
      88.5157683368234,
      86.96628631992681,
      90.78654345830667,
      91.52053573183066,
      89.91995682244016,
      91.69195913369222
    ]
  },
  "num_frames": 30
}