{
  "exercise_type": "deadlift",
  "form_score": 73.88165992930183,
  "form_quality": "fair",
  "risk_factors": [
    "moderate_forward_lean",
    "minor_form_deviation"
  ],
  "recommendations": [],
  "joint_angles": {
    "hip_angle": [
      46.62693473412237,
      45.644023988340116,
      48.986749843154776,
      44.61563310623238,
      45.045804854092076,
      47.500269670769875,
      45.39553463278564,
      44.36752740890525,
      44.59225150449587,
      42.84561344770783,
      45.544009118639195,
      59.25830575825357,
      73.39596908164877,
      83.97711541017271,
      102.20136727534049,
      109.6106685385873,
      125.46005601095962,
      138.56137810380042,
      155.49777650805353,
      166.49772948335828,
      180.40877253671022,
      168.17179474459172,
      151.60826345610894,
      139.0302616581097,
      128.58909612047165,
      112.53244387868385,
      97.65598182234775,
      86.89962141394543,
      72.15612819517894,
      56.861226169411616
    ],
    "knee_angle": [
      88.97923003378904,
      88.94767636553068,
      91.35180021008918,
      90.01147746285443,
      89.35894336150521,
      87.57628053206085,
      89.64192579182563,
      89.02885628565889,
      89.60305679135331,
      87.18347290420839,
      89.1701704568706,
      95.01773330959713,
      106.2263310041936,
      116.25615628186857,
      124.54015347593037,
      135.73969261473144,
      144.35692870781514,
      151.54822442175768,
      161.57616203405985,
      171.63743649431436,
      181.18851757817822,
      170.39766734727846,
      164.4245232692153,
      152.11745882662564,
      143.06250460899787,
      136.82704438987318,
      122.17071665402597,
      117.98383956409629,
      109.58514382914657,
      98.74552440843128
    ],
    "ankle_angle": [
      85.43012250431204,
      93.20972582285665,
      88.8019980022893,
      91.33904107279689,
      88.74109202559896,
      88.11695292282857,
      91.48716300412775,
      95.52195364699016,
      91.79075275380414,
      91.91793354507013,
      91.37120272618928,
      88.24141711425511,
      90.64251224649266,
      90.05250543653709,
      90.49879843357823,
      92.30512990639637,
      91.2852152411417,
      87.66595628732392,
      89.8324298613477,
      90.08190088842802,
      86.40910680570376,
      88.20237216055925,
      93.64998087961334,
      87.23069081815837,
      90.78346548424172,
      88.97544312460617,
      93.51797941634545,
      90.56271780751358,
      90.79063828530803,
      87.95678250364094
    ],
    "back_angle": [
      17.980871678345896,
      12.364539785225071,
      17.190014244699373,
      20.292229768144175,
      14.50021227133207,
      11.714366910444635,
      12.063285031389947,
      12.916048054291753,
      13.395198462332942,
      18.69379732842975,
      11.580827608317591,
      20.17277138783239,
      21.734644920387698,
      11.892836045406053,
      19.52869914912965,
      17.640547114093053,
      12.789804366517085,
      9.024834984735092,
      11.500280503707524,
      19.670356181875693,
      10.502568236416387,
      16.394511612148445,
      10.571009644846104,
      11.997024394289358,
      11.316851129312184,
      9.325763067736387,
      17.42150717092428,
      17.70376926839125,
      14.14132079989199,
      19.400648363167207
    ],
    "shoulder_angle": [
      92.18607799841831,
      92.27845364776749,
      88.49847963995425,
      89.98146550630943,
      89.2530806369967,
      89.85217656542281,
      89.78041796616257,
      91.27901891132532,
      91.40685637387527,
      91.89956695010105,
      91.67367981275599,
      86.32444527504454,
      88.33263156609549,
      89.63799413646623,
      92.16098806261422,
      91.09401487480957,
      91.42121903743559,
      88.59575823282765,
      89.5215704827657,
      88.71829753830735,
      91.16623089592142,
      90.01500824655977,
      91.97290835521613,
      91.65573550174642,
      90.99892016276463,
      92.79066170677854,
      92.78909117414304,
      90.35544778029535,
      88.2054045098303,
      91.67572331012879
    ]
  },
  "num_frames": 30
}