{
  "exercise_type": "overhead_press",
  "form_score": 73.89794853237912,
  "form_quality": "fair",
  "risk_factors": [
    "moderate_forward_lean",
    "minor_form_deviation"
  ],
  "recommendations": [],
  "joint_angles": {
    "shoulder_angle": [
      89.35066261784166,
      99.32216507841088,
      99.16874156476719,
      106.99215560362288,
      117.31238382124157,
      123.55382231412936,
      126.06236042442896,
      132.46923449595536,
      139.4435905715906,
      144.21619094118853,
      152.313421954527,
      158.04939618235088,
      161.61456953520076,
      166.8581543654677,
      173.47416552107413,
      179.61460063322238,
      172.81636527169888,
      165.7839800741036,
      160.289832422678,
      154.724999234539,
      149.85510855687093,
      142.84025090449657,
      139.8913711599865,
      132.56798885606935,
      130.08152308164586,
      120.2559467469743,
      112.39211185585731,
      107.42684695523434,
      100.24404911259279,
      92.43306392672304
    ],
    "elbow_angle": [
      91.6424934465726,
      95.22954144705552,
      102.70151710163886,
      106.05350340764083,
      113.98733330479223,
      117.82215057703625,
      127.00402522529345,
      128.2539416514078,
      139.05944703316075,
      145.51424404631408,
      150.86286484763627,
      154.85412858792373,
      162.9748295579571,
      167.20116570720228,
      175.04006245128178,
      178.80902130542418,
      169.2317498111868,
      168.54865882452407,
      163.73033808699182,
      157.3571822966136,
      150.96292061772374,
      141.15275882862207,
      137.96260308306157,
      130.2807512870626,
      125.85439352939531,
      122.10377851975039,
      111.52885112178288,
      107.30203889022754,
      103.35635211249775,
      91.4844560573238
    ],
    "wrist_angle": [
      179.5854952141973,
      178.35483869450132,
      181.01139148814187,
      180.2270357428675,
      179.74201475565846,
      181.50074473545436,
      180.912398121662,
      181.35466044035294,
      179.02996339901824,
      179.77619386171418,
      179.2148171853272,
      182.10196718965742,
      182.7205496183087,
      179.19363321017389,
      180.6954634965688,
      176.60274636716753,
      180.37189441420568,
      182.02237289520386,
      178.37368105426933,
      179.97379721216737,
      179.8973292845779,
      179.99571198625867,
      184.47549428741027,
      181.02436960523178,
      178.2124953644583,
      182.23109959042304,
      178.83671302669276,
      178.51282153160446,
      182.64458827169167,
      178.7793708963837
    ],
    "back_angle": [
      13.181489935610138,
      6.957064702087935,
      13.776593215565375,
      11.669097377621908,
      14.277790021552562,
      11.470042886972056,
      11.216812341824577,
      5.850920963149007,
      8.739185314263732,
      4.064542504743546,
      5.652745538139739,
      7.910301453148967,
      8.244157597543563,
      8.877308558327906,
      7.035630641509691,
      14.120794459903045,
      8.09441077382179,
      6.497913419819669,
      5.339533916919285,
      6.8924065246675585,
      15.05054743647209,
      15.637651358200646,
      11.63104534258665,
      4.251150489998826,
      12.622282490398362,
      9.527600286553193,
      12.334152054716046,
      1.047243871798421,
      6.8699627611520775,
      11.554171159229753
    ],
    "hip_angle": [
      176.34336652062345,
      182.51100225028827,
      176.66294529958967,
      182.57921972722158,
      181.99474563569373,
      179.88804580853156,
      178.34384681413954,
      179.27700979786107,
      177.86945628921544,
      181.9382971093442,
      178.0045047631444,
      179.17270255957985,
      180.50733403535276,
      180.7321215046911,
      179.8105394945845,
      176.32295194096733,
      176.36816115340514,
      180.50384158971994,
      178.5023341642215,
      177.96978541573418,
      177.01807955119395,
      181.29279527912172,
      179.86590657473468,
      181.77540393895373,
      179.71047169956734,
      180.38033992267682,
      180.426826673909,
      179.719263437039,
      183.17056145422674,
      179.42788777408816
    ]
  },
  "num_frames": 30
}