{
  "exercise_type": "squat",
  "form_score": 51.25143399064172,
  "form_quality": "poor",
  "risk_factors": [
    "excessive_forward_lean",
    "knee_valgus",
    "insufficient_depth"
  ],
  "recommendations": [
    "Keep your chest up and maintain a neutral spine",
    "Push your knees outward to prevent inward collapse",
    "Descend until thighs are parallel to the ground"
  ],
  "joint_angles": {
    "hip_angle": [
      181.49611184177328,
      176.0746564369302,
      179.38148882324734,
      180.25196507637355,
      180.72538297935856,
      178.47990718455188,
      181.97565377292153,
      181.59791130527756,
      170.13587708207822,
      153.42933023741446,
      141.7836068663009,
      129.0435438198192,
      113.71969049886467,
      104.72168428535387,
      92.06924042304536,
      88.98957479363854,
      91.92411114164798,
      91.7691946007703,
      89.14140699420673,
      91.2635725487682,
      91.13758657409595,
      91.4961653411853,
      101.26241842166523,
      114.25571811497284,
      130.03481883164494,
      141.06215131014267,
      153.36990735125357,
      166.56009625188634,
      87.09393803156271,
      101.30685873878512
    ],
    "knee_angle": [
      174.15910331734713,
      174.4502529617028,
      175.13669749503035,
      165.95957791503383,
      168.19275918616367,
      168.17232691889268,
      171.78169963474537,
      171.91392226520483,
      149.5500800746424,
      138.03527308665366,
      134.92412503922276,
      123.30846278413938,
      103.58839120321079,
      91.88658764193778,
      77.18897330520494,
      77.7211885880828,
      80.15164106619856,
      85.78052748688042,
      82.70445555882979,
      78.98725145057463,
      84.38789744211323,
      78.34680852994823,
      93.58440528462538,
      106.77276586589319,
      120.47041224524027,
      127.15866214822299,
      143.84252093220562,
      158.93468944838617,
      85.51607676170062,
      94.70360275261872
    ],
    "ankle_angle": [
      93.7827499435417,
      90.90791174013097,
      89.22088888050153,
      89.50215474722224,
      88.20457596263635,
      89.38992213149842,
      88.54547693666372,
      87.58908978428816,
      87.9088918426888,
      88.8692352634466,
      82.14844871060718,
      77.41868177963242,
      78.37203008374037,
      72.19686925611296,
      69.99391778111978,
      68.70539199777615,
      73.49805486199082,
      67.57868099517245,
      70.42391797395737,
      70.07532973577067,
      67.28561271869494,
      68.82412696627782,
      72.49513338754207,
      76.91664127325765,
      76.59273438090179,
      83.14122463308543,
      85.75818706883433,
      86.01758722966375,
      69.79176972608025,
      74.6476442731648
    ],
    "back_angle": [
      24.085976705744823,
      12.681140991458944,
      21.6167845631022,
      19.0388262991884,
      14.69198800517939,
      18.701657985791016,
      11.396542388035204,
      19.080775114550196,
      24.927953154208897,
      22.03154314964899,
      16.349588058722656,
      21.0442716218535,
      22.722378649762554,
      18.373356741328745,
      29.806181761281564,
      12.674295768817935,
      17.6078467299179,
      25.547615848914806,
      22.183864625062405,
      26.326031403272353,
      16.448119148598185,
      28.073617289544394,
      12.49263679212251,
      26.375428102123802,
      10.410819749395722,
      23.21454456805167,
      9.271694171823253,
      23.542823705193996,
      22.459034110662667,
      27.072409334519868
    ],
    "shoulder_angle": [
      47.940330362658955,
      45.80562270649791,
      47.67855075248479,
      43.7959741159895,
      45.8196982656533,
      42.89060751108131,
      45.45842444924405,
      44.09699021353754,
      46.71502500271453,
      47.41309233922652,
      47.04792494941589,
      47.33518422896023,
      47.83809551960725,
      47.089653024965656,
      44.31796851686178,
      45.97831757496397,
      43.99980794650089,
      47.509682749270105,
      44.41874639385611,
      46.103088410474086,
      44.181046641559576,
      41.15535636614839,
      44.71360037950483,
      48.86055055359141,
      42.62348556556585,
      47.00116887321697,
      47.060561879793354,
      45.416097567425815,
      44.42046286658913,
      45.67954377272074
    ]
  },
  "num_frames": 30
}