{
  "exercise_type": "overhead_press",
  "form_score": 66.23168804188029,
  "form_quality": "fair",
  "risk_factors": [
    "moderate_forward_lean",
    "minor_form_deviation"
  ],
  "recommendations": [],
  "joint_angles": {
    "shoulder_angle": [
      85.35925106039569,
      97.46975514028807,
      102.26445540350103,
      105.95722160897496,
      111.05183795354577,
      116.51189680024204,
      124.81753021776353,
      130.58531779160262,
      134.02542443553097,
      143.28080398783692,
      147.34645836065081,
      156.10871995582545,
      162.71938730629608,
      166.29010711388537,
      172.25653286056095,
      178.53371262859037,
      174.24416095292236,
      166.50765434866463,
      162.20739206712716,
      156.62383845024004,
      154.31030384548563,
      142.92450719247103,
      138.53737813995062,
      136.26433376716312,
      130.81814037372607,
      118.29422011545333,
      113.9972739246407,
      111.48814614312671,
      98.77772900824121,
      96.79298466945987
    ],
    "elbow_angle": [
      88.95408781945311,
      93.95371091669084,
      103.9362929979132,
      109.69490015090425,
      116.36588234269416,
      120.04252036274318,
      126.8014891314083,
      133.88096534903178,
      141.30445360141604,
      145.50662597500272,
      151.16418048041083,
      155.2914492713953,
      162.30862440453305,
      169.93413245249525,
      175.06196356976966,
      178.9725748364003,
      172.80285958543325,
      167.62489296523165,
      160.63527958769103,
      153.8541025983777,
      149.6028413192596,
      144.7460405595563,
      136.61558239250394,
      132.31364764959696,
      125.85709108218971,
      118.27512485137169,
      113.19871630382504,
      105.95563568997349,
      103.20463925058836,
      94.05401604426007
    ],
    "wrist_angle": [
      179.15933524638191,
      182.2462571841211,
      180.567765395379,
      177.97108472185027,
      179.73298301359662,
      175.66090423693896,
      182.15901914706825,
      180.45519162456566,
      179.5467360319178,
      181.75263692455042,
      179.96233197218012,
      182.50138322122768,
      180.9913111194904,
      180.68426295376173,
      180.72636818182406,
      176.0867237181139,
      180.26752976471056,
      178.58079542899037,
      178.33589444067096,
      179.7616359478026,
      183.0811292311443,
      183.8606101752726,
      180.12037876644695,
      177.32321473700696,
      180.32548185527298,
      177.48884486840456,
      180.21369466467797,
      182.53273876583316,
      181.50094579767492,
      177.66450265004394
    ],
    "back_angle": [
      9.474778249453456,
      15.682653421012972,
      12.715706143688104,
      15.327011464863357,
      14.52862162875991,
      14.754071067170116,
      7.1646102895931705,
      11.124436547517602,
      13.619213566381598,
      3.6373305929774666,
      12.871997103663166,
      5.089267219732208,
      14.21481730222245,
      12.3960763512492,
      15.556748391171284,
      9.7057312965913,
      6.722076625854123,
      13.064477258799773,
      3.8372155666711105,
      9.99626031551941,
      10.607943080477463,
      12.371215976873344,
      6.98991683458908,
      4.05093738099304,
      8.48693215882929,
      11.427240198817614,
      14.369389099863248,
      6.308592736570419,
      7.886774292296275,
      12.09507801559194
    ],
    "hip_angle": [
      178.06188999090276,
      183.39285326434575,
      180.57882230713656,
      180.0621406149108,
      177.9372647721288,
      180.5279424274291,
      179.96726288897997,
      178.81997633862701,
      179.1218313887642,
      177.5804246494799,
      180.15647132588524,
      180.46406597193592,
      182.57626756044698,
      177.40066278047493,
      177.22873375325037,
      178.6657742784194,
      182.1078412069246,
      180.3669621342766,
      178.4485586715335,
      181.72828898054624,
      181.14590350174768,
      179.85708334813378,
      179.34679664958443,
      177.82389971805685,
      182.6921587892289,
      178.20714343942984,
      179.6321611178547,
      179.37295897475136,
      178.02563703214255,
      178.75181922540375
    ]
  },
  "num_frames": 30
}