{
  "exercise_type": "squat",
  "form_score": 69.19591919944035,
  "form_quality": "fair",
  "risk_factors": [
    "moderate_forward_lean",
    "minor_form_deviation"
  ],
  "recommendations": [],
  "joint_angles": {
    "hip_angle": [
      181.42695823951897,
      181.03826832503626,
      176.39939735744792,
      180.43189159422124,
      180.47912629510844,
      183.8136826068927,
      180.4989757523038,
      178.6926708965515,
      168.6535465282138,
      152.469256220157,
      139.8455231142568,
      129.35631773035044,
      114.26455444263529,
      101.33107810965295,
      88.83342411152815,
      86.12386466805624,
      92.24985349228845,
      91.04383620737507,
      88.4023738413755,
      90.90898082944742,
      90.24733485374396,
      91.09937888852484,
      103.46328541711829,
      114.60278855133907,
      128.1894197489579,
      142.2213674029576,
      154.4492034297327,
      166.31289738386243,
      89.01712987964035,
      104.3289402970177
    ],
    "knee_angle": [
      175.74789543390608,
      171.19062824904628,
      173.79724728435122,
      178.27425627858543,
      176.17582622040266,
      173.06957925474958,
      179.35465849052625,
      174.08336718758662,
      155.042910167289,
      145.41617023012373,
      134.86310850582794,
      125.71450461797528,
      110.36059365435621,
      94.94814877889638,
      89.99317789135628,
      86.83084853531803,
      90.027892018348,
      85.55341448251447,
      89.36702479346263,
      85.66366834404408,
      83.95649121838495,
      82.29922297609873,
      95.49088844769689,
      108.20802371992451,
      128.15140494976254,
      140.19021051167664,
      153.7142653936722,
      163.7428795313483,
      85.15221794253588,
      96.05148304555541
    ],
    "ankle_angle": [
      83.3562856066712,
      91.61520157623045,
      93.78230377616929,
      89.81933812726808,
      90.4289009505219,
      88.21544770679216,
      90.53249905363879,
      92.45582278830673,
      88.84260973022587,
      82.1895395352996,
      80.24630688124606,
      80.03331321613814,
      78.86554373453413,
      69.23139555690271,
      68.77546665266904,
      68.43557016158618,
      71.01807333727277,
      69.74430547079898,
      72.08766766459418,
      72.53081991435646,
      70.4279834892051,
      67.75297742792569,
      71.40345690089066,
      79.92045282060046,
      79.16280471200793,
      83.2272243946962,
      82.36482465553479,
      86.85651595933153,
      64.24735972040695,
      72.43087367776565
    ],
    "back_angle": [
      13.272058595295263,
      12.606986996322608,
      8.390429161462325,
      6.932964217452213,
      13.066394402880809,
      6.078182474392739,
      10.868369797259497,
      10.704738606862364,
      11.080447848054764,
      9.742935428628224,
      7.19355972777648,
      9.667679324138689,
      10.360706151514067,
      15.271189360819005,
      13.952080992131124,
      9.0927183501813,
      9.91926394115915,
      9.783410454777083,
      9.715015336639091,
      5.963183728276276,
      14.207180099505104,
      14.186199530118099,
      8.201421100085904,
      15.179859272397653,
      11.261989911103417,
      15.381507669470036,
      11.967202601327937,
      9.314304038875445,
      14.240063757765805,
      7.428715309606353
    ],
    "shoulder_angle": [
      49.25425243074196,
      41.78146246650701,
      42.35197140915744,
      46.53264390676724,
      46.503437028676004,
      47.06594973020836,
      43.78752949828444,
      46.25379095996173,
      42.61785183279805,
      45.97982911720591,
      45.61009338179233,
      47.067946882829354,
      41.071505092748204,
      46.623161784589676,
      47.08816308286399,
      46.28933511847963,
      45.14563310006832,
      44.49407993283131,
      43.59738641013402,
      47.28574067979053,
      43.58544487361847,
      46.36672368865775,
      47.138142937367256,
      43.9794207323874,
      44.6110935521045,
      41.80660307289105,
      47.883141018769265,
      43.31633502157268,
      48.04008638353496,
      45.097933279385245
    ]
  },
  "num_frames": 30
}