{
  "exercise_type": "overhead_press",
  "form_score": 79.07020129884242,
  "form_quality": "good",
  "risk_factors": [],
  "recommendations": [],
  "joint_angles": {
    "shoulder_angle": [
      89.75416604407856,
      94.43115236045493,
      104.72232931630879,
      108.99845595995824,
      114.83184867996098,
      116.77683869345839,
      121.85844193852982,
      128.06890179550675,
      137.05564733221232,
      143.27754838418142,
      148.6491990566935,
      158.94959250031428,
      165.74162184231076,
      169.43862787735517,
      172.82310440150673,
      179.78077296192797,
      171.99577765964256,
      167.04679836952963,
      162.2551473160462,
      155.23820001626302,
      147.5884296173803,
      141.82971102850334,
      137.04983000565835,
      134.49497344229854,
      123.94318799847979,
      118.02827115690471,
      112.73991664700537,
      106.49536633272007,
      107.00177298467794,
      97.2855701262531
    ],
    "elbow_angle": [
      96.49740886701132,
      95.70110818909592,
      105.17852173195976,
      110.02948195390944,
      116.89969672646727,
      119.83042233364063,
      125.86118154087625,
      131.60892805387059,
      136.49188376671,
      141.89377696020034,
      150.36660860415677,
      154.88615673916235,
      162.00159497234856,
      170.80627693078816,
      174.0743056374557,
      179.49431483889882,
      174.90931357580808,
      169.18991417957943,
      158.89982528547097,
      158.0855774083327,
      150.2046142067744,
      141.5362468713845,
      139.15805761399645,
      132.61607779036078,
      127.63804914688181,
      119.97001142311971,
      111.89501888281615,
      107.15908823724648,
      99.88010163218644,
      97.87398734732525
    ],
    "wrist_angle": [
      179.86969281148674,
      180.44263840461798,
      180.97469495023662,
      177.10774160183544,
      182.6579998010862,
      178.30012078660977,
      180.77069103213213,
      181.62341239915818,
      180.9186842460628,
      176.16298877766832,
      177.88270684557008,
      179.92876513610526,
      178.35052736240524,
      182.46325204244587,
      181.47418412971157,
      181.12876322997172,
      180.6809309457191,
      176.22219788316212,
      178.11031211895835,
      179.79899282241044,
      180.02232201614578,
      183.48039626584267,
      181.62975751858562,
      177.8543873843578,
      176.29966897711697,
      179.8425242090798,
      177.8670384190333,
      181.27533311181006,
      179.4465912688628,
      182.10080935210956
    ],
    "back_angle": [
      1.0311436481712557,
      -0.80840785964333,
      0.48388500056537326,
      1.2096068858244133,
      1.6725940942309392,
      0.8592005614902799,
      -2.2284553096002635,
      -3.0475575650702504,
      0.7282521324269613,
      1.3783491757089825,
      0.14901266750089828,
      1.5000263158174278,
      1.694508635561403,
      -2.8271180527189346,
      -0.34834138876793924,
      -3.114575529015085,
      -2.485776157493384,
      1.8157079166012942,
      -0.30694331217954485,
      -2.4872420784877383,
      1.5969834536093512,
      -0.31841906479475945,
      -0.11768508423544949,
      3.605435182365372,
      3.407169157579608,
      2.037490850798558,
      -1.8698737521608386,
      -1.8803599736888745,
      0.27132726573735894,
      0.25896443769336885
    ],
    "hip_angle": [
      180.9699584790329,
      180.3316239408222,
      177.80654601359777,
      173.48418819778215,
      179.61034510524698,
      179.4834593885386,
      180.73751501689003,
      180.8718123519298,
      179.41283172668244,
      182.007897863116,
      177.91230309952638,
      178.9285877592713,
      180.53380314786233,
      180.70340006663196,
      181.2205999724751,
      181.7771614333313,
      184.24803055790716,
      179.90321525525124,
      180.42430461018452,
      177.99983948178865,
      179.9885980985723,
      182.8161620288926,
      181.4754533217235,
      177.6163381432718,
      182.99605742267656,
      178.5640841009078,
      177.69120258727793,
      178.63953074350962,
      181.05998591571048,
      181.24491909073834
    ]
  },
  "num_frames": 30
}