{
  "exercise_type": "squat",
  "form_score": 47.72084855070402,
  "form_quality": "poor",
  "risk_factors": [
    "excessive_forward_lean",
    "knee_valgus",
    "insufficient_depth"
  ],
  "recommendations": [
    "Keep your chest up and maintain a neutral spine",
    "Push your knees outward to prevent inward collapse",
    "Descend until thighs are parallel to the ground"
  ],
  "joint_angles": {
    "hip_angle": [
      183.3818768742874,
      179.96979328734955,
      177.6308189177935,
      179.1748103145644,
      182.87760880756258,
      176.51351208151922,
      180.9423635457458,
      176.78866135890786,
      166.5334020137513,
      154.92570593708444,
      141.44031984277086,
      131.16593977831772,
      112.77655368710101,
      104.5179871546689,
      89.16435859865004,
      85.74339192240848,
      95.16039488333291,
      91.99507411632388,
      90.95651493605696,
      86.32151151836544,
      89.91602242599213,
      88.45362660492518,
      103.8654458195228,
      114.6223907141435,
      130.55272999478294,
      144.04437283625035,
      154.4216741103704,
      168.51348155362476,
      90.20153208857697,
      100.25627088868062
    ],
    "knee_angle": [
      165.07785724091494,
      171.94928512084448,
      168.50635328627052,
      169.69773075128174,
      176.60262527063708,
      170.41003795620466,
      169.02115055405125,
      172.59302332107916,
      162.4755710575849,
      142.14475444619805,
      130.38415656999888,
      124.28564914950988,
      102.00153243896285,
      90.14784609470028,
      79.25286517573873,
      75.18726960368426,
      77.26186651816919,
      83.34998648963416,
      80.36383004999693,
      81.90629427877063,
      82.09292716178217,
      84.30036504397529,
      92.23396547201709,
      107.64491415028415,
      114.60853660211454,
      127.60949000556785,
      143.5925730062511,
      158.98596931661993,
      74.20068167424652,
      93.65531373395413
    ],
    "ankle_angle": [
      93.50398436257476,
      93.12450553146763,
      89.51099248076746,
      85.37301762326838,
      87.04323161152094,
      87.6971902029552,
      89.99037279450945,
      88.73875290230224,
      87.14905621133404,
      84.43451735848966,
      79.34419274639627,
      78.68067590784236,
      75.32873034308344,
      72.6483407187098,
      72.90730165990959,
      70.27980860092667,
      71.0206601963272,
      70.10291041925241,
      67.99898782853532,
      67.20317525071539,
      69.31246392291233,
      70.0506995363796,
      74.92432156653238,
      76.90077205950966,
      76.24626595669702,
      81.727175991236,
      84.61893819589905,
      88.0302145900135,
      69.03611902131553,
      73.04263472736623
    ],
    "back_angle": [
      15.573911461964128,
      30.891213320704285,
      21.826361606231313,
      20.553536317267124,
      18.930778250708393,
      14.923053387791294,
      18.76112891309318,
      12.804429074742664,
      25.407525583615566,
      25.058705370241768,
      20.837131716819957,
      30.305199610472986,
      20.296733927135318,
      24.128431753459108,
      17.45690235364812,
      16.61937387775508,
      15.844611311084009,
      22.425324130580524,
      24.73246187036137,
      28.727059295240544,
      23.09476676335882,
      21.195781055334965,
      31.7764537195065,
      25.101392053857822,
      12.089096196796167,
      14.890056128145323,
      24.06753226890554,
      11.0799454070266,
      13.520083997434753,
      16.519354595668656
    ],
    "shoulder_angle": [
      46.73418842467099,
      45.91666367086289,
      43.14788243222747,
      43.839639477877135,
      46.25012829999886,
      42.803119162823386,
      45.87429047105705,
      42.48285482248482,
      42.99288786712971,
      45.59233572883613,
      47.44575034773648,
      43.22827081501981,
      43.877698302545994,
      49.91880376228986,
      46.78232592266221,
      42.17058995272691,
      42.17523391962089,
      43.078223444554745,
      46.242109403328044,
      44.666360293272405,
      46.261604550563234,
      46.63426949552618,
      46.68606013143918,
      42.47768743201781,
      45.01076449051768,
      43.39231179209256,
      47.06476911238619,
      44.199332893928606,
      42.77494880815938,
      41.775305155276314
    ]
  },
  "num_frames": 30
}