{
  "exercise_type": "squat",
  "form_score": 84.75258747350877,
  "form_quality": "good",
  "risk_factors": [],
  "recommendations": [],
  "joint_angles": {
    "hip_angle": [
      181.12950861287277,
      181.32030811753054,
      178.82998506820812,
      181.3310209082741,
      179.1319184620876,
      178.81989353839217,
      180.2849332594654,
      175.8081110691442,
      165.56401092074535,
      151.66670503918334,
      142.20473971873878,
      126.3484767060982,
      115.57438042670834,
      103.6113226932542,
      92.24264564072301,
      87.42504236423385,
      95.6129557804961,
      89.60668970973026,
      93.9520387535528,
      89.67056693002208,
      89.5618866318783,
      88.32708031719218,
      101.84103061872742,
      116.64659489966206,
      128.87211866455198,
      137.4706422622678,
      151.21559855229683,
      165.25917636937672,
      88.624295423294,
      103.69881696314539
    ],
    "knee_angle": [
      179.11547108401948,
      179.1627525432201,
      177.17243034510093,
      182.0344096533922,
      179.37354095739107,
      179.9934618895351,
      180.93682074882454,
      180.23041448642434,
      169.15257192778213,
      151.8727084165895,
      144.83906556485235,
      128.72779337038781,
      116.4475760282497,
      101.84637542017994,
      91.12569505690641,
      91.44047732734793,
      90.50545329744557,
      90.85959788199645,
      88.24066092649377,
      92.19397851657962,
      90.25700246752471,
      89.02318371904362,
      106.84616857506097,
      115.02171021938126,
      128.3929921147703,
      139.91127864331418,
      156.22374398183197,
      165.2711226177617,
      86.38756840814547,
      104.89972879992101
    ],
    "ankle_angle": [
      90.72795457158094,
      91.14148357926545,
      88.80912582316087,
      87.98711161093577,
      89.64075708709682,
      90.71690089804817,
      89.16347484595991,
      87.28794280000042,
      88.93996203070536,
      85.56821441758181,
      80.89668234056384,
      78.73296342265643,
      75.14122894144745,
      73.58462013663824,
      72.77610739015157,
      65.7577715673991,
      61.247143325050466,
      66.66398257580131,
      71.58206617940748,
      69.46414041782712,
      68.399927395968,
      69.48458158067241,
      70.26557774079244,
      71.46111643336542,
      75.54088148353654,
      81.53309571695881,
      82.07215447793911,
      90.67111441551391,
      71.24491633662319,
      73.38703572313172
    ],
    "back_angle": [
      -2.50096563715776,
      4.348052583402866,
      0.5629601014551806,
      2.816814005475372,
      4.565428675759898,
      3.6376323705169202,
      0.17141337448905747,
      0.6081500610904205,
      3.9745567539025863,
      4.942133938085897,
      8.237498418743263,
      -4.195416942439558,
      2.1549333801008674,
      0.2933343633043711,
      -0.18508548611156406,
      6.718771092645749,
      2.72865094755843,
      2.604344200785468,
      1.455478115588388,
      -0.821207650331707,
      2.8928573716569495,
      0.04490408990811501,
      2.0849784825174607,
      2.8158994806020288,
      5.011842453449456,
      2.531595279728128,
      -0.7593747332843619,
      3.19139988471564,
      -1.388220270131199,
      3.472544348446567
    ],
    "shoulder_angle": [
      42.818830208120374,
      48.021214409489595,
      44.76745024035095,
      45.69769536606203,
      42.72301086797623,
      44.19159780455287,
      44.46326720854503,
      44.096015523051406,
      44.07380747727038,
      41.35643905173542,
      40.54327074763724,
      48.695922017496365,
      43.5908390549531,
      42.516366666935305,
      42.76282757834969,
      41.39931519228786,
      45.242728000348144,
      44.85013235055826,
      43.61442093078053,
      45.97347937227985,
      47.262447816101165,
      46.78428277834293,
      41.47710366759753,
      45.966428999397316,
      46.1869071724843,
      44.275792521742346,
      42.41495945948051,
      45.907340510120044,
      44.62588840681224,
      45.14271246359236
    ]
  },
  "num_frames": 30
}