{
  "exercise_type": "deadlift",
  "form_score": 73.7815275952008,
  "form_quality": "fair",
  "risk_factors": [
    "moderate_forward_lean",
    "minor_form_deviation"
  ],
  "recommendations": [],
  "joint_angles": {
    "hip_angle": [
      44.15475367726304,
      44.25814695708603,
      42.642077990098265,
      47.24026250694728,
      48.03622630657335,
      44.51415068247525,
      44.228821133766374,
      42.42383440510552,
      45.38093465796593,
      44.69846157646364,
      43.33062674152349,
      60.15039803030285,
      72.52800651924646,
      82.74117164389776,
      97.71100661876854,
      112.17726896977601,
      126.77440310299751,
      138.95340710761408,
      153.38805687160533,
      168.40435548393293,
      181.2024021572817,
      165.57235104059916,
      153.89922003035727,
      138.3318348233264,
      128.0066700366404,
      113.23988175769674,
      102.51117542044483,
      85.69413928863595,
      77.42274628694602,
      57.402669844025134
    ],
    "knee_angle": [
      92.19421233622468,
      88.81735476164735,
      88.8155997120621,
      88.87417900530085,
      91.53745282191927,
      89.33633813665918,
      90.88797212853702,
      89.90135688974645,
      89.73619078376774,
      89.67913158627091,
      91.51310413855592,
      97.7322378708869,
      109.878757027343,
      112.97058170739146,
      127.52193914116783,
      136.41335247987394,
      143.32963696505865,
      152.17425529489321,
      160.99713119908643,
      172.6358463209408,
      181.23850961854833,
      170.8867947492186,
      158.95860239754936,
      148.35079088832626,
      145.75109734364358,
      134.29022031012275,
      126.23554466160049,
      116.4922472029379,
      107.04244675877277,
      100.53121836632693
    ],
    "ankle_angle": [
      91.1733140429913,
      93.45857422974866,
      88.32681917862197,
      90.60129718092604,
      89.00097013136703,
      88.11246899814223,
      88.8048536729945,
      88.93304120395378,
      88.37206049493815,
      89.1437608657028,
      90.2614041539403,
      90.53112478578055,
      90.69936178874134,
      91.43609646133743,
      93.00196392936499,
      90.57045071276848,
      93.98428749684969,
      90.91772601861403,
      85.32556502128541,
      90.20475938589578,
      86.60647963440846,
      90.82430201043421,
      87.29272157319619,
      90.68177026713956,
      94.081737371144,
      92.1001551461584,
      90.21679354647833,
      90.4891828648311,
      92.00304052042033,
      85.54750637786405
    ],
    "back_angle": [
      13.823374338803731,
      10.665655451913764,
      13.226130000856495,
      13.573742908633895,
      7.587973928702034,
      19.58314944413592,
      14.908604076976276,
      16.430256833244222,
      13.890512110504522,
      18.68415850838104,
      10.626308626181315,
      17.816970459798405,
      11.50828685689126,
      20.839308022260617,
      10.177577806524122,
      19.588669213488245,
      18.694833086229238,
      10.936444310528346,
      13.707685597493404,
      11.37773462764659,
      19.05540449336054,
      13.82963737557148,
      19.403409917198523,
      16.13785911204006,
      19.765527652366195,
      9.480484074243897,
      11.266232547950118,
      11.497804919568628,
      11.68565146199392,
      11.485708256537029
    ],
    "shoulder_angle": [
      87.81104410767216,
      89.53097776614656,
      87.7166451422344,
      90.75499966163933,
      86.63807231889717,
      90.00887244610006,
      93.43171606381235,
      90.23260004197479,
      91.15825429474278,
      92.2816713628105,
      90.73166288360903,
      91.36223163430836,
      91.58491475894049,
      88.03135301656621,
      92.21432764775598,
      89.0840027024027,
      89.5313060526902,
      89.12254298095431,
      90.95582373560956,
      91.91034019804846,
      88.26046780782028,
      91.42235596256143,
      89.52742304927109,
      90.34300431166007,
      89.86435744955853,
      88.01394083679585,
      86.75377502897288,
      88.22870027933594,
      88.52096125175163,
      90.58361638349373
    ]
  },
  "num_frames": 30
}