{
  "exercise_type": "overhead_press",
  "form_score": 39.50930877102718,
  "form_quality": "poor",
  "risk_factors": [
    "excessive_forward_lean",
    "knee_valgus",
    "insufficient_depth"
  ],
  "recommendations": [
    "Keep your chest up and maintain a neutral spine",
    "Push your knees outward to prevent inward collapse",
    "Descend until thighs are parallel to the ground"
  ],
  "joint_angles": {
    "shoulder_angle": [
      91.09157061116221,
      97.87294559722548,
      102.65069677242732,
      110.0687736503904,
      114.7947826679578,
      123.29971685335272,
      125.72344530143619,
      131.7978510650415,
      140.8507131189031,
      145.41748462029898,
      149.97819419500502,
      154.49490887865878,
      165.5265067338286,
      166.26127279437364,
      172.60278181632643,
      180.35765964576726,
      173.99761959733715,
      166.98087440959614,
      160.85042173012397,
      155.43860275462367,
      151.31307836696806,
      144.96980301226296,
      137.29539053091406,
      131.38385962856674,
      125.13403042690952,
      116.74301076354854,
      113.83323895963682,
      110.41500129001723,
      101.30089274960682,
      93.96235009273147
    ],
    "elbow_angle": [
      93.48146453946006,
      93.34719562422084,
      102.30771331142583,
      106.4801945218376,
      118.30990236129212,
      119.4248502136359,
      124.00630083253289,
      134.04053937803303,
      138.19315155554108,
      143.44671146010504,
      149.99650609045224,
      158.64890808650708,
      166.65908280724335,
      166.64867376138338,
      172.70079804492323,
      178.58623320315888,
      176.426905748618,
      170.84691685991686,
      162.88501731443984,
      155.43819702757014,
      150.0498373758896,
      143.60963077153048,
      139.72465938295318,
      131.1800613520801,
      124.74652706371404,
      117.5141829478486,
      109.61828039257654,
      110.13526796402047,
      102.74724203597677,
      95.80015133041128
    ],
    "wrist_angle": [
      177.4841201304121,
      180.88170019597885,
      181.84769889859143,
      177.96966353426615,
      180.73229307472442,
      178.19310430891687,
      179.89371990278454,
      177.65840607241154,
      181.09085650077424,
      182.6900483831913,
      183.24762059418134,
      179.97172295667536,
      183.4089858832928,
      178.44595581111702,
      181.51315287710648,
      181.37978965078673,
      180.66704205736457,
      179.98927958912168,
      183.21078453249964,
      184.26392254589615,
      182.4003553350806,
      177.13186764944928,
      181.47902147722763,
      182.82335118519896,
      181.60583481436558,
      179.83947325495765,
      182.50018473016098,
      179.97367496984847,
      179.83145769879465,
      180.33608370644694
    ],
    "back_angle": [
      17.48549883746244,
      18.774947867197085,
      23.987956097282023,
      21.88399685470701,
      20.167249898480918,
      25.899553517522392,
      23.61382332693636,
      25.384828639047768,
      21.638222647825753,
      26.587626529639195,
      26.79409433340052,
      27.091289020109592,
      29.639741330159943,
      27.159931570780646,
      23.89299923386742,
      15.73069280682526,
      20.200542115511958,
      29.104005464084395,
      20.231460241113872,
      21.07673309391121,
      21.806974144740302,
      24.350811157203996,
      21.07105646121643,
      14.706523713209359,
      22.756302633106554,
      26.271585477280347,
      17.361306543864583,
      24.31592193052825,
      24.35099264066572,
      18.562599442655873
    ],
    "hip_angle": [
      177.23139179074346,
      178.67948655942777,
      185.66641296476888,
      179.91959665067017,
      177.3802143554788,
      176.84999174167245,
      180.3733165260336,
      179.94108679870473,
      180.3774222011186,
      177.32279343068342,
      183.15254025964205,
      181.82800601640568,
      178.13623123221228,
      180.52062752849082,
      180.90999384918752,
      181.87848089137015,
      182.54115569147748,
      179.010655634581,
      181.6483386525219,
      187.09718815678895,
      178.03765848307418,
      181.2284736790189,
      179.72311522955022,
      178.94100972997697,
      179.66773855427067,
      183.53056221009487,
      181.2584553819026,
      181.56668956527773,
      181.43701610375496,
      179.46392241521497
    ]
  },
  "num_frames": 30
}