{
  "exercise_type": "squat",
  "form_score": 78.01589743141047,
  "form_quality": "good",
  "risk_factors": [],
  "recommendations": [],
  "joint_angles": {
    "hip_angle": [
      178.55191824786465,
      182.9154122120869,
      179.02611528910015,
      179.92245185273597,
      179.76998074571938,
      177.68784462505226,
      179.8683236321579,
      180.42399922215475,
      170.04854332718375,
      155.98865264535766,
      139.28359404584043,
      129.53533106702577,
      117.11171519566763,
      101.68389822757504,
      88.48041075153054,
      91.07955429336569,
      90.09683213372226,
      91.95073045063026,
      87.66715987431031,
      87.8326592913128,
      93.36776759188031,
      89.7223232008254,
      104.34188828965434,
      112.08368446992652,
      130.02175765640823,
      141.6428917147792,
      154.79420207856288,
      165.9255189411832,
      91.45726125885417,
      101.800840781282
    ],
    "knee_angle": [
      179.5234620441195,
      179.98869785164337,
      176.38128452893017,
      179.62701344289616,
      179.37471768539783,
      179.7636092988108,
      181.3995046930518,
      179.9513955833247,
      165.23676464500986,
      156.13288923728183,
      146.1076642884979,
      126.12860656478972,
      113.37666564238758,
      107.11492841706115,
      92.39951892662083,
      90.93932948364659,
      91.21286927011094,
      87.53011682036974,
      89.85993752560323,
      88.87627696293461,
      90.0237213823321,
      91.20729454522865,
      100.90134973104446,
      115.36745177720704,
      127.95448730627281,
      138.16767636207868,
      154.87362389325904,
      170.48679400267554,
      92.22319868473703,
      102.1414385393351
    ],
    "ankle_angle": [
      89.21028685535543,
      94.04809375839031,
      91.89629639968948,
      90.64438748850063,
      89.29622349145447,
      89.16450580550276,
      89.3141368793705,
      89.03397583099762,
      90.07083802464354,
      86.03775725844271,
      81.66410480671661,
      77.7219393045201,
      73.50528407067827,
      72.91821840095344,
      67.21600874392864,
      70.04330387536399,
      69.92225934565671,
      70.96220200416103,
      68.68553752488205,
      73.28640700447309,
      74.53652165930198,
      73.38881837133943,
      69.37658692993725,
      74.28396646825752,
      79.84927678790618,
      78.59961894164107,
      83.73710581240486,
      86.34107449622104,
      71.10179386030768,
      72.79156432047121
    ],
    "back_angle": [
      0.34351124628384366,
      2.9698520191650095,
      5.296960070169379,
      -0.18708672816507022,
      0.7348628701404264,
      2.166191005301565,
      6.318883924817685,
      3.5130049170929634,
      2.664410408016507,
      3.1147882478038538,
      1.8571197991144794,
      4.035750333304362,
      3.7243482007681874,
      3.7047100757683356,
      4.589566301136469,
      2.073683360755083,
      1.9114011830472193,
      6.90713082004692,
      0.9079508901655203,
      1.7677258099978954,
      2.7429494491362987,
      -1.0280626081938573,
      4.331966471225019,
      4.6499483843201475,
      2.905303301590454,
      2.686754014157386,
      5.905266841117211,
      0.18437595936797524,
      5.242034191753611,
      3.3572919328056727
    ],
    "shoulder_angle": [
      43.557640125099155,
      43.154789622315626,
      43.63067579907806,
      45.90967220988733,
      45.75986614576252,
      46.93597313823196,
      44.06117240311311,
      44.57434768468708,
      43.89427423919706,
      46.830507243368025,
      47.25539409138681,
      44.2842573129715,
      45.73460830387259,
      44.53520343781845,
      40.51602509766636,
      45.01302076897119,
      43.217961920069904,
      46.898105916841956,
      44.26248958728589,
      46.99088977842723,
      46.53578512555773,
      43.90320734089275,
      43.179337936300996,
      46.76428409235991,
      45.82563835434972,
      45.88450982947447,
      44.19393853721838,
      48.671341356753295,
      44.074681531939525,
      40.85576236149469
    ]
  },
  "num_frames": 30
}