{
  "exercise_type": "overhead_press",
  "form_score": 65.18844426300919,
  "form_quality": "fair",
  "risk_factors": [
    "moderate_forward_lean",
    "minor_form_deviation"
  ],
  "recommendations": [],
  "joint_angles": {
    "shoulder_angle": [
      89.19202132001102,
      96.55815699542745,
      100.12876134580176,
      106.93791004865058,
      113.27051549410204,
      120.65004853594071,
      124.80920439979944,
      131.65926806546605,
      140.5964984922939,
      144.30421482659943,
      151.7854612382143,
      154.438482668274,
      164.55165301167474,
      168.68159040374917,
      174.82580595186067,
      176.34779339844823,
      171.4251296965323,
      171.45804539184775,
      161.8772938149418,
      155.60630985700126,
      149.08483851010834,
      144.73022075434875,
      138.33035333349184,
      133.96507267571832,
      128.8515410806087,
      116.16785453766914,
      116.25060747506323,
      107.86769412114134,
      104.82832666170908,
      92.27834135256174
    ],
    "elbow_angle": [
      91.23305443415029,
      98.63742971474086,
      104.97041517744915,
      105.37035193270953,
      114.8519264154907,
      120.32435556262017,
      128.45631203992124,
      136.12053552914244,
      140.35194894367976,
      148.10271227217513,
      150.60895289444107,
      158.40558034098262,
      162.94544286142215,
      167.61277682807935,
      174.38515613546275,
      180.160901390892,
      174.49072441227187,
      166.78282336727713,
      163.36944557568913,
      158.31285477118098,
      151.51193945891774,
      140.71086985531446,
      137.83124730254247,
      136.13176578572154,
      126.47140130539307,
      120.45086993846778,
      113.40104778635792,
      107.55872400601599,
      100.49669610563869,
      96.9828123886536
    ],
    "wrist_angle": [
      182.02482549237652,
      181.2090070518682,
      177.7198072146348,
      179.76490148148986,
      183.84796841096352,
      180.0594466108214,
      180.35654153457884,
      184.29061065336163,
      182.4741219739169,
      180.78232562281804,
      182.92996843462998,
      181.20348715125365,
      182.00859911013254,
      177.38406315665887,
      178.33347365085652,
      178.38747696656992,
      178.89584973964088,
      177.5850320612539,
      177.8904204629917,
      180.00722187542257,
      177.98542631188332,
      183.40264319642787,
      179.46154053046078,
      183.30422427293576,
      180.40660574244328,
      177.2289965150863,
      179.72316337267034,
      178.667831999223,
      177.5500605808476,
      179.69526413913195
    ],
    "back_angle": [
      13.097261882106846,
      11.564152968717247,
      13.276814614346256,
      13.086097991019447,
      5.4069101635773835,
      4.480141771861186,
      9.756737531222507,
      7.103490480831537,
      7.630640512433398,
      12.891899085263802,
      9.549649440497248,
      14.99923051773777,
      13.836150199424377,
      3.7245258953647498,
      11.479641934500897,
      8.041332250388479,
      8.565218370292534,
      8.798692878710641,
      12.285025060671448,
      6.913234355288095,
      13.572320666643172,
      10.873948402929901,
      9.947008139273496,
      11.403444659871434,
      9.13133654010142,
      9.627823173181973,
      7.4376338958234705,
      7.280124478165751,
      12.322329315029098,
      10.298321152221762
    ],
    "hip_angle": [
      178.76424118551975,
      181.94566076031924,
      176.00221645880558,
      182.6152528803053,
      177.3256922232957,
      179.6168998635619,
      179.78398127571347,
      180.24624782483883,
      178.86857847151975,
      179.40572405552834,
      183.3065338543978,
      179.56863758418655,
      178.6985635018922,
      181.8367646807624,
      177.75815692694948,
      180.1372184075209,
      181.12870622137842,
      180.17385192508974,
      178.8146908851543,
      180.51517862876904,
      179.73612824667032,
      179.8614825154394,
      179.4295906733665,
      180.4359264479447,
      176.87279540868488,
      177.68525015035993,
      184.76824583027883,
      181.72615900754047,
      181.33977463265032,
      178.8649643384519
    ]
  },
  "num_frames": 30
}