{
  "exercise_type": "deadlift",
  "form_score": 69.24207050916603,
  "form_quality": "fair",
  "risk_factors": [
    "moderate_forward_lean",
    "minor_form_deviation"
  ],
  "recommendations": [],
  "joint_angles": {
    "hip_angle": [
      48.90015890113734,
      44.17445173122515,
      48.25024803081635,
      43.168280546928656,
      44.21583973856246,
      46.19912115666337,
      44.30938193629394,
      45.039073460791315,
      43.658583266549996,
      40.62601304683941,
      46.20276544700779,
      56.835450938176436,
      71.76454367209452,
      85.30100277495615,
      98.85193953458463,
      108.4093656834151,
      126.20622452407353,
      138.17482551189454,
      148.57668147720474,
      164.57791542278588,
      180.61302929144898,
      163.20839355433438,
      154.64654113591226,
      137.24959893864482,
      125.70953563833326,
      113.59403902693907,
      100.73322951102531,
      90.88983463803703,
      71.39836938619901,
      54.736231175054066
    ],
    "knee_angle": [
      92.04954415585684,
      91.92164553840094,
      88.66397263036322,
      93.90580307430578,
      90.87710981205008,
      86.12031278421703,
      87.73204532407591,
      87.86930035840889,
      91.54136252737518,
      89.59140530642885,
      89.8290418344841,
      99.11547325354829,
      108.55792648578787,
      112.06657894590516,
      127.44606935771226,
      134.39433300229462,
      142.28298116806343,
      153.5780614258863,
      159.52137557991645,
      168.90983152332285,
      178.57733550015044,
      169.93820815487024,
      163.2191839054142,
      150.83508366477085,
      143.751072291183,
      130.3537845952616,
      125.15159063387904,
      116.32266022555163,
      106.97000254687549,
      99.97470136277666
    ],
    "ankle_angle": [
      89.13547620900296,
      89.97538149963799,
      88.65473894850844,
      86.45418856463615,
      90.92208834368239,
      91.06726631469041,
      92.59766500387063,
      89.72044609137862,
      89.35571584195243,
      90.26059042128178,
      91.03100793711347,
      88.21961232111714,
      89.8184094280755,
      90.25291150696745,
      87.26749006324276,
      89.02928423787309,
      84.31365471758636,
      91.07785653246948,
      90.37496345139431,
      88.97611808232415,
      91.29843692234772,
      91.32922002170484,
      90.29644272331763,
      89.46438051514458,
      91.58460395923022,
      89.83076131550655,
      87.57421795902289,
      89.17972908118566,
      89.79952735964812,
      87.03131437797174
    ],
    "back_angle": [
      19.57128922803787,
      9.96785725928425,
      14.431012512255776,
      13.981781653105655,
      15.15717630824704,
      11.077293211948378,
      19.296788324676143,
      17.652206990606075,
      17.5350179353364,
      17.478289472516927,
      17.961610137763454,
      11.815518985158842,
      14.269336120029967,
      18.676512797319837,
      16.592554713547806,
      16.847492558437132,
      16.73364689490524,
      10.058864016680516,
      13.312693365604037,
      12.998710639184786,
      14.09956345550929,
      16.42513091237752,
      15.980271431356256,
      15.176841661514102,
      18.4619424043404,
      16.787570675423577,
      18.522542538231885,
      16.618684289556704,
      21.407081105941256,
      11.701268639050681
    ],
    "shoulder_angle": [
      88.18260639962325,
      90.19103704742548,
      87.12005132399494,
      90.47187815470426,
      93.66340450653598,
      90.10435382246727,
      87.28353223237418,
      86.62345014268654,
      87.3831161063007,
      88.63501708525517,
      88.43042677151234,
      89.32368145537373,
      85.63369671465841,
      84.40728366564373,
      89.9608292711716,
      90.32829763858402,
      88.37140087969385,
      89.17079610178531,
      87.07878247542607,
      90.13154980322463,
      90.89833944740954,
      91.25556273117381,
      93.38911708155992,
      86.99622552171554,
      88.06918442978952,
      90.11216288286995,
      86.21676682906521,
      89.4212632670616,
      88.0414702977134,
      89.16719418110134
    ]
  },
  "num_frames": 30
}