{
  "exercise_type": "bench_press",
  "form_score": 81.07789361501942,
  "form_quality": "good",
  "risk_factors": [],
  "recommendations": [],
  "joint_angles": {
    "shoulder_angle": [
      88.71459819734683,
      91.245821561291,
      91.00438005878647,
      86.55647813517845,
      94.8613632846853,
      92.11450202182364,
      90.41766528746668,
      87.64926001722718,
      90.186013003608,
      87.47619252802184,
      91.6050552487289,
      88.71547720710602,
      91.04655057255947,
      86.32420027938471,
      88.80574410993752,
      91.88524178995272,
      88.96637555091623,
      85.83717244275502,
      89.29102882822332,
      87.1848545306888,
      88.47236977833572,
      91.7925077621154,
      91.9494142720138,
      89.48261421418958,
      89.99412867410592,
      88.92899658393213,
      90.19956161993144,
      93.41753634276954,
      89.41781534281603,
      88.3094764033685
    ],
    "elbow_angle": [
      95.07916471459993,
      89.80432221496002,
      83.68455265795487,
      82.98987344807475,
      78.99547741373017,
      77.76459890063435,
      73.85390088073379,
      69.49576720627785,
      66.05280585559531,
      62.10833803739103,
      59.03505325878304,
      56.98768763814836,
      56.61361321772111,
      56.047632002075225,
      47.19045067692107,
      47.20928941453043,
      50.726858146480254,
      51.02629885325168,
      55.87329878406872,
      56.738883318202134,
      64.05516022849858,
      63.72484265326483,
      66.60768439092955,
      68.46139724744134,
      74.18703447230618,
      71.77372391607419,
      77.56612169428672,
      81.67929410902516,
      87.03222167815069,
      88.50578117911071
    ],
    "wrist_angle": [
      178.15688322510684,
      179.84510861259946,
      180.99901136447374,
      181.20887084452124,
      178.1631267109738,
      180.22938707896122,
      183.40291600122646,
      174.4232011683796,
      178.96198827777116,
      180.20757619394286,
      181.71647542690252,
      180.554617359603,
      181.52493175555003,
      180.97514651334643,
      181.03764494247667,
      183.03545277742623,
      180.22641860554398,
      180.5530850110526,
      180.93999252463013,
      181.19119738363642,
      181.6825525412632,
      180.17759199804834,
      177.4869181651955,
      180.8652475418648,
      179.32885985182926,
      183.26491888320083,
      181.0642494904331,
      180.58679983571855,
      177.60263340215596,
      182.42353778145042
    ],
    "back_angle": [
      2.586888549969449,
      -0.721140759537926,
      2.8598397913857836,
      -1.7260562831953592,
      -5.2240159903474055,
      -1.1635292235604313,
      -4.8256530258556225,
      -0.6032408605441082,
      -1.0684276840988747,
      3.499661825530768,
      1.446136671528053,
      -1.0862417579153993,
      -1.290739054938327,
      -1.2427295219336,
      2.0965317142998794,
      1.3307863885182352,
      -0.460799699232251,
      4.403057465935039,
      -1.6968132586225657,
      1.7219786141540876,
      -2.488973639175044,
      -1.5530173075754963,
      2.101643301604026,
      -1.587595984475341,
      0.9839877201364088,
      4.344469090503206,
      1.738137425061271,
      1.8934663501180533,
      -3.26279171123158,
      0.24459571886989928
    ],
    "hip_angle": [
      91.16179631398002,
      90.83523842798297,
      90.4911536417628,
      85.961326218927,
      88.1498910083447,
      92.1675042042637,
      86.79070667924857,
      90.56661706859286,
      87.56642526355353,
      90.99564733919996,
      89.46452881138845,
      89.97345496817876,
      88.88059748627244,
      90.53519801621553,
      91.30802924112291,
      88.7288590356461,
      87.35724570097716,
      91.27465026377779,
      85.97689139845772,
      86.4304204445655,
      87.02182229599266,
      90.02966624242545,
      93.88551133346515,
      91.5469111405001,
      89.95498558940004,
      88.10379548166435,
      89.89105813978944,
      89.4768363508864,
      89.85030810874561,
      91.90151217665208
    ]
  },
  "num_frames": 30
}