{
  "exercise_type": "deadlift",
  "form_score": 33.97961864945468,
  "form_quality": "poor",
  "risk_factors": [
    "excessive_forward_lean",
    "knee_valgus",
    "insufficient_depth"
  ],
  "recommendations": [
    "Keep your chest up and maintain a neutral spine",
    "Push your knees outward to prevent inward collapse",
    "Descend until thighs are parallel to the ground"
  ],
  "joint_angles": {
    "hip_angle": [
      42.68665365134908,
      46.320331559286814,
      45.2930627617372,
      48.59970174833614,
      41.58981653203477,
      40.59618077292275,
      44.82232051797669,
      44.27329535868076,
      45.63942417522736,
      43.33810895886539,
      43.087544632291035,
      58.45606755566939,
      73.99873840563629,
      86.8137966413884,
      99.1488071169883,
      113.45639037419164,
      125.44373995433139,
      141.95742692604583,
      151.7495911568684,
      168.08141739407463,
      178.23653142730987,
      164.07997315482498,
      153.2005828785406,
      139.54130849191608,
      124.73963461278798,
      111.90726123613898,
      99.48546883645284,
      82.21200820464583,
      71.3847214446498,
      61.235257087377875
    ],
    "knee_angle": [
      87.00506236373097,
      86.14814944060092,
      88.21970532341585,
      90.78542097958358,
      86.9055235925743,
      92.57705897019085,
      90.6358704038045,
      90.91239573925625,
      86.65658271887449,
      91.14792320125963,
      88.2078863185626,
      100.80310976589823,
      106.9309737653933,
      118.18188432918052,
      123.35034107759977,
      136.86922587443684,
      142.4002486680469,
      149.71658454335488,
      163.5595495285833,
      168.9692551556133,
      181.97766716774947,
      169.49585890382068,
      162.50275056952842,
      151.51442855544465,
      141.58291216457312,
      137.26241328689005,
      129.63892846386904,
      116.95961600125526,
      106.60760804325518,
      98.05025087904565
    ],
    "ankle_angle": [
      90.53609056441844,
      90.80337363112442,
      89.91407241307743,
      94.34397394402725,
      89.95121852744074,
      92.22989043274573,
      89.75951167834504,
      91.12729236995132,
      87.64515090478174,
      87.45333548594002,
      92.34383947620128,
      88.64903906321538,
      91.56161014216937,
      90.66407630574115,
      91.79421323350552,
      89.88310019424017,
      88.95541999715014,
      88.82809782961291,
      88.31396087695248,
      89.10996426953285,
      88.64262654564368,
      86.57298775932085,
      90.22876936569266,
      91.92443702644509,
      87.6166186059143,
      92.1801561698367,
      90.05615196634078,
      87.92053182690766,
      91.127998339815,
      91.47238496299335
    ],
    "back_angle": [
      24.909094089634316,
      39.42970396448176,
      27.03801641823193,
      35.30707921108327,
      35.04847832377505,
      27.127928619904715,
      27.14396079325457,
      23.37909656020515,
      30.74911177037297,
      19.945484339257487,
      24.802901218284752,
      19.99154484379796,
      25.647188077722973,
      38.354117611859536,
      23.38188307868633,
      24.753722580071404,
      35.84230881576949,
      24.463746216339743,
      39.11060771436626,
      34.47868886300302,
      38.5240597159293,
      30.889927477530815,
      21.531991376147534,
      35.39110349988541,
      21.068132181126046,
      33.17733197103544,
      32.520925600243714,
      34.51228392745564,
      34.678088690898576,
      38.05502171873267
    ],
    "shoulder_angle": [
      89.25509532918036,
      89.01996268185138,
      89.76983876022402,
      89.77181004287009,
      93.0004033077545,
      87.71181153984097,
      88.06212317080745,
      90.99910837940202,
      87.20895547815374,
      88.5698390224353,
      89.55675424327967,
      89.132264040295,
      86.78076177128847,
      89.2720751671485,
      93.17011293383425,
      89.89838762467387,
      88.70348321957552,
      87.28920635049262,
      88.22098928811337,
      86.58063291934059,
      92.55450462759826,
      91.5050510119273,
      86.61056075332816,
      90.68805309122838,
      89.2126477739038,
      87.18715710970079,
      91.7214149422919,
      89.17713114373157,
      89.4872922759738,
      94.73394583895426
    ]
  },
  "num_frames": 30
}