{
  "exercise_type": "squat",
  "form_score": 65.0736662618884,
  "form_quality": "fair",
  "risk_factors": [
    "moderate_forward_lean",
    "minor_form_deviation"
  ],
  "recommendations": [],
  "joint_angles": {
    "hip_angle": [
      177.91754886229577,
      179.75710141211525,
      177.56502493138126,
      180.08335019045163,
      179.78005399826552,
      175.85080075626695,
      175.84788368278427,
      178.8113125259565,
      163.79786262572955,
      152.69072870274746,
      141.0956026972995,
      129.80545683982058,
      115.6235222248259,
      102.80808145498214,
      88.36688785808467,
      91.93006314899166,
      90.39315201946947,
      89.09407893919862,
      88.36157873844012,
      88.42622559601473,
      91.71590818023483,
      90.99252995833635,
      100.81481352642047,
      115.10595757149919,
      132.1359850466379,
      139.73827904797432,
      155.11046233663862,
      165.85939620425313,
      91.39268685759954,
      105.19749701490029
    ],
    "knee_angle": [
      174.83241292803567,
      173.6622695300281,
      172.44980080900774,
      173.51511492614188,
      171.43894920757003,
      176.88469108460308,
      174.46600131255073,
      175.14475904999497,
      166.11359494696472,
      149.03553101514248,
      133.27547381874862,
      124.41492547776653,
      113.66349191679875,
      94.40016820408339,
      83.17793707472333,
      84.09815145127918,
      82.79416989867741,
      90.66097580502745,
      87.90954946850114,
      88.81082847140614,
      83.26835143543555,
      86.5420513539622,
      98.03079926261447,
      111.38721750784526,
      123.43973459177816,
      134.58731368676962,
      147.1006104029374,
      160.88149366756355,
      80.4995579953613,
      101.62187385249912
    ],
    "ankle_angle": [
      90.99179995721883,
      87.66071970415352,
      88.95846559137871,
      90.80670496255041,
      88.05248131003361,
      85.47332584293807,
      89.4904859821449,
      83.73323097343402,
      87.59613900895367,
      83.44394840609553,
      81.6390741565376,
      79.01480058886769,
      77.99724068802865,
      70.09022692703354,
      72.081621262358,
      72.28644290900927,
      68.83844294129652,
      70.83195290287979,
      71.02151519177067,
      69.67941587307921,
      71.20338622819932,
      66.88943853819478,
      70.55258763783911,
      73.49245090472785,
      76.6760905321052,
      80.67611050344433,
      84.5096796704807,
      85.35268201623718,
      66.49221783546113,
      74.52529060812476
    ],
    "back_angle": [
      14.203736307471534,
      9.472439619620424,
      15.09413447116863,
      6.062959269652148,
      11.98390111197297,
      8.92007901248994,
      12.628352619733212,
      6.7528146133162625,
      13.040133904189943,
      6.85626353799808,
      15.355068475358163,
      10.657874370481798,
      6.0691706871736155,
      6.374201314316116,
      15.74358961685124,
      5.4044326846021455,
      12.812575174679225,
      13.516518282137456,
      12.046728018075024,
      10.156869577771703,
      7.536141616184585,
      16.198612426649778,
      15.160268477621957,
      15.766399077351874,
      4.844631529393772,
      8.59766781831049,
      4.605470637843506,
      14.289501924955145,
      13.161868813173754,
      16.10483534715225
    ],
    "shoulder_angle": [
      45.00526563943434,
      43.2248259231848,
      46.83385085937093,
      46.30808754385158,
      45.721435313838015,
      44.30012564102101,
      44.897255075614815,
      44.47419473161715,
      45.746043605294965,
      44.77988668940319,
      43.67879603646481,
      44.42447712117929,
      45.459972137762726,
      45.81942673338595,
      42.85243430270776,
      43.23085803621425,
      46.34253635067318,
      47.279495039505136,
      43.8333715819421,
      49.0467136105837,
      43.9722050512758,
      45.04951674579765,
      43.19940787257079,
      43.756120995617124,
      44.30873134244413,
      47.34563323991664,
      46.94090674821711,
      40.8911344548781,
      43.29034102904453,
      42.14738455771147
    ]
  },
  "num_frames": 30
}